product_id,warehouse_id,time_period,inventory_fluctuation,inventory_ceiling,inventory_floor,created_at
P0095,WH01,1,-8,109,50,2024-01-01 00:00:00
P0095,WH01,2,-5,105,45,2024-01-01 00:00:00
P0095,WH01,3,-16,98,42,2024-01-01 00:00:00
P0095,WH01,4,-13,108,48,2024-01-01 00:00:00
P0095,WH01,5,-12,99,49,2024-01-01 00:00:00
P0095,WH01,6,-5,101,41,2024-01-01 00:00:00
P0095,WH01,7,-8,105,47,2024-01-01 00:00:00
P0095,WH01,8,-5,103,47,2024-01-01 00:00:00
P0095,WH01,9,-8,92,43,2024-01-01 00:00:00
P0095,WH01,10,-3,94,43,2024-01-01 00:00:00
P0095,WH03,1,-9,97,50,2024-01-01 00:00:00
P0095,WH03,2,-7,106,49,2024-01-01 00:00:00
P0095,WH03,3,-14,107,55,2024-01-01 00:00:00
P0095,WH03,4,-17,105,49,2024-01-01 00:00:00
P0095,WH03,5,-16,109,47,2024-01-01 00:00:00
P0095,WH03,6,-13,99,46,2024-01-01 00:00:00
P0095,WH03,7,-7,102,50,2024-01-01 00:00:00
P0095,WH03,8,2,103,55,2024-01-01 00:00:00
P0095,WH03,9,-3,103,53,2024-01-01 00:00:00
P0095,WH03,10,-7,101,53,2024-01-01 00:00:00
P0095,WH04,1,-8,106,58,2024-01-01 00:00:00
P0095,WH04,2,-13,113,54,2024-01-01 00:00:00
P0095,WH04,3,-11,109,47,2024-01-01 00:00:00
P0095,WH04,4,-18,116,56,2024-01-01 00:00:00
P0095,WH04,5,-17,111,49,2024-01-01 00:00:00
P0095,WH04,6,-13,114,54,2024-01-01 00:00:00
P0095,WH04,7,-8,105,53,2024-01-01 00:00:00
P0095,WH04,8,4,117,57,2024-01-01 00:00:00
P0095,WH04,9,-6,112,54,2024-01-01 00:00:00
P0095,WH04,10,-8,97,49,2024-01-01 00:00:00
P0095,WH05,1,-14,113,61,2024-01-01 00:00:00
P0095,WH05,2,-10,127,65,2024-01-01 00:00:00
P0095,WH05,3,-9,108,56,2024-01-01 00:00:00
P0095,WH05,4,-19,112,62,2024-01-01 00:00:00
P0095,WH05,5,-12,118,62,2024-01-01 00:00:00
P0095,WH05,6,-11,110,62,2024-01-01 00:00:00
P0095,WH05,7,-6,109,62,2024-01-01 00:00:00
P0095,WH05,8,-2,115,54,2024-01-01 00:00:00
P0095,WH05,9,-8,116,55,2024-01-01 00:00:00
P0095,WH05,10,-6,116,63,2024-01-01 00:00:00
P0095,WH06,1,-8,289,22,2024-01-01 00:00:00
P0095,WH06,2,-8,297,26,2024-01-01 00:00:00
P0095,WH06,3,-2,297,22,2024-01-01 00:00:00
P0095,WH06,4,-4,288,26,2024-01-01 00:00:00
P0095,WH06,5,-9,286,26,2024-01-01 00:00:00
P0095,WH06,6,-9,293,24,2024-01-01 00:00:00
P0095,WH06,7,2,282,22,2024-01-01 00:00:00
P0095,WH06,8,-7,280,22,2024-01-01 00:00:00
P0095,WH06,9,-10,283,22,2024-01-01 00:00:00
P0095,WH06,10,0,293,22,2024-01-01 00:00:00
P0115,WH01,1,-11,100,49,2024-01-01 00:00:00
P0115,WH01,2,-11,95,47,2024-01-01 00:00:00
P0115,WH01,3,-10,102,54,2024-01-01 00:00:00
P0115,WH01,4,-9,106,48,2024-01-01 00:00:00
P0115,WH01,5,-15,94,42,2024-01-01 00:00:00
P0115,WH01,6,-5,115,54,2024-01-01 00:00:00
P0115,WH01,7,-8,95,47,2024-01-01 00:00:00
P0115,WH01,8,-5,100,49,2024-01-01 00:00:00
P0115,WH01,9,-8,104,43,2024-01-01 00:00:00
P0115,WH01,10,-2,93,45,2024-01-01 00:00:00
P0115,WH03,1,-11,101,48,2024-01-01 00:00:00
P0115,WH03,2,-9,118,57,2024-01-01 00:00:00
P0115,WH03,3,-10,104,49,2024-01-01 00:00:00
P0115,WH03,4,-16,106,53,2024-01-01 00:00:00
P0115,WH03,5,-12,110,54,2024-01-01 00:00:00
P0115,WH03,6,-6,108,49,2024-01-01 00:00:00
P0115,WH03,7,-8,109,52,2024-01-01 00:00:00
P0115,WH03,8,3,106,48,2024-01-01 00:00:00
P0115,WH03,9,-4,109,59,2024-01-01 00:00:00
P0115,WH03,10,-6,110,49,2024-01-01 00:00:00
P0115,WH04,1,-10,102,51,2024-01-01 00:00:00
P0115,WH04,2,-13,103,52,2024-01-01 00:00:00
P0115,WH04,3,-11,107,52,2024-01-01 00:00:00
P0115,WH04,4,-14,108,57,2024-01-01 00:00:00
P0115,WH04,5,-13,120,61,2024-01-01 00:00:00
P0115,WH04,6,-15,107,58,2024-01-01 00:00:00
P0115,WH04,7,-15,109,58,2024-01-01 00:00:00
P0115,WH04,8,5,113,60,2024-01-01 00:00:00
P0115,WH04,9,-3,106,52,2024-01-01 00:00:00
P0115,WH04,10,-3,108,51,2024-01-01 00:00:00
P0115,WH05,1,-13,120,60,2024-01-01 00:00:00
P0115,WH05,2,-11,126,65,2024-01-01 00:00:00
P0115,WH05,3,-19,128,66,2024-01-01 00:00:00
P0115,WH05,4,-18,106,58,2024-01-01 00:00:00
P0115,WH05,5,-22,120,61,2024-01-01 00:00:00
P0115,WH05,6,-5,107,58,2024-01-01 00:00:00
P0115,WH05,7,-10,120,63,2024-01-01 00:00:00
P0115,WH05,8,-6,112,60,2024-01-01 00:00:00
P0115,WH05,9,-4,113,66,2024-01-01 00:00:00
P0115,WH05,10,-8,118,57,2024-01-01 00:00:00
P0115,WH06,1,-10,281,18,2024-01-01 00:00:00
P0115,WH06,2,-11,278,17,2024-01-01 00:00:00
P0115,WH06,3,-4,272,22,2024-01-01 00:00:00
P0115,WH06,4,12,281,23,2024-01-01 00:00:00
P0115,WH06,5,-7,292,19,2024-01-01 00:00:00
P0115,WH06,6,-7,274,17,2024-01-01 00:00:00
P0115,WH06,7,0,280,21,2024-01-01 00:00:00
P0115,WH06,8,-4,277,17,2024-01-01 00:00:00
P0115,WH06,9,-11,273,17,2024-01-01 00:00:00
P0115,WH06,10,-2,288,17,2024-01-01 00:00:00
P0222,WH01,1,-5,102,51,2024-01-01 00:00:00
P0222,WH01,2,-4,104,55,2024-01-01 00:00:00
P0222,WH01,3,-12,99,43,2024-01-01 00:00:00
P0222,WH01,4,-15,98,46,2024-01-01 00:00:00
P0222,WH01,5,-12,105,53,2024-01-01 00:00:00
P0222,WH01,6,-10,107,45,2024-01-01 00:00:00
P0222,WH01,7,-10,93,43,2024-01-01 00:00:00
P0222,WH01,8,-3,105,45,2024-01-01 00:00:00
P0222,WH01,9,-8,105,53,2024-01-01 00:00:00
P0222,WH01,10,-7,103,48,2024-01-01 00:00:00
P0222,WH03,1,-12,107,57,2024-01-01 00:00:00
P0222,WH03,2,-13,105,58,2024-01-01 00:00:00
P0222,WH03,3,-16,106,53,2024-01-01 00:00:00
P0222,WH03,4,-14,116,55,2024-01-01 00:00:00
P0222,WH03,5,-12,119,57,2024-01-01 00:00:00
P0222,WH03,6,-9,109,56,2024-01-01 00:00:00
P0222,WH03,7,-13,118,56,2024-01-01 00:00:00
P0222,WH03,8,-2,117,61,2024-01-01 00:00:00
P0222,WH03,9,-8,112,56,2024-01-01 00:00:00
P0222,WH03,10,-8,108,53,2024-01-01 00:00:00
P0222,WH04,1,-15,105,53,2024-01-01 00:00:00
P0222,WH04,2,-8,120,62,2024-01-01 00:00:00
P0222,WH04,3,-13,116,63,2024-01-01 00:00:00
P0222,WH04,4,-13,109,62,2024-01-01 00:00:00
P0222,WH04,5,-15,116,60,2024-01-01 00:00:00
P0222,WH04,6,-12,104,57,2024-01-01 00:00:00
P0222,WH04,7,-15,122,63,2024-01-01 00:00:00
P0222,WH04,8,1,103,56,2024-01-01 00:00:00
P0222,WH04,9,-3,110,62,2024-01-01 00:00:00
P0222,WH04,10,-8,112,52,2024-01-01 00:00:00
P0222,WH05,1,-17,115,60,2024-01-01 00:00:00
P0222,WH05,2,-17,122,62,2024-01-01 00:00:00
P0222,WH05,3,-19,122,65,2024-01-01 00:00:00
P0222,WH05,4,-15,120,65,2024-01-01 00:00:00
P0222,WH05,5,-16,130,71,2024-01-01 00:00:00
P0222,WH05,6,-8,118,67,2024-01-01 00:00:00
P0222,WH05,7,-5,113,60,2024-01-01 00:00:00
P0222,WH05,8,-3,110,58,2024-01-01 00:00:00
P0222,WH05,9,-2,113,60,2024-01-01 00:00:00
P0222,WH05,10,-6,114,61,2024-01-01 00:00:00
P0222,WH06,1,-2,280,22,2024-01-01 00:00:00
P0222,WH06,2,-10,300,21,2024-01-01 00:00:00
P0222,WH06,3,-2,298,22,2024-01-01 00:00:00
P0222,WH06,4,6,291,17,2024-01-01 00:00:00
P0222,WH06,5,0,293,19,2024-01-01 00:00:00
P0222,WH06,6,-6,283,21,2024-01-01 00:00:00
P0222,WH06,7,6,295,22,2024-01-01 00:00:00
P0222,WH06,8,-9,293,18,2024-01-01 00:00:00
P0222,WH06,9,-11,299,22,2024-01-01 00:00:00
P0222,WH06,10,-9,292,18,2024-01-01 00:00:00
P0254,WH01,1,-9,108,58,2024-01-01 00:00:00
P0254,WH01,2,-8,111,61,2024-01-01 00:00:00
P0254,WH01,3,-15,99,52,2024-01-01 00:00:00
P0254,WH01,4,-16,111,52,2024-01-01 00:00:00
P0254,WH01,5,-11,123,63,2024-01-01 00:00:00
P0254,WH01,6,-9,116,67,2024-01-01 00:00:00
P0254,WH01,7,-10,117,58,2024-01-01 00:00:00
P0254,WH01,8,-6,102,54,2024-01-01 00:00:00
P0254,WH01,9,-4,102,52,2024-01-01 00:00:00
P0254,WH01,10,-4,106,55,2024-01-01 00:00:00
P0254,WH03,1,-9,114,66,2024-01-01 00:00:00
P0254,WH03,2,-13,110,58,2024-01-01 00:00:00
P0254,WH03,3,-19,115,58,2024-01-01 00:00:00
P0254,WH03,4,-12,110,63,2024-01-01 00:00:00
P0254,WH03,5,-13,120,72,2024-01-01 00:00:00
P0254,WH03,6,-12,131,72,2024-01-01 00:00:00
P0254,WH03,7,-12,117,66,2024-01-01 00:00:00
P0254,WH03,8,1,121,67,2024-01-01 00:00:00
P0254,WH03,9,-5,118,67,2024-01-01 00:00:00
P0254,WH03,10,-3,107,58,2024-01-01 00:00:00
P0254,WH04,1,-14,121,72,2024-01-01 00:00:00
P0254,WH04,2,-8,129,67,2024-01-01 00:00:00
P0254,WH04,3,-13,118,67,2024-01-01 00:00:00
P0254,WH04,4,-22,126,70,2024-01-01 00:00:00
P0254,WH04,5,-11,129,74,2024-01-01 00:00:00
P0254,WH04,6,-13,112,64,2024-01-01 00:00:00
P0254,WH04,7,-12,120,63,2024-01-01 00:00:00
P0254,WH04,8,4,119,66,2024-01-01 00:00:00
P0254,WH04,9,-5,123,74,2024-01-01 00:00:00
P0254,WH04,10,-2,124,69,2024-01-01 00:00:00
P0254,WH05,1,-14,145,85,2024-01-01 00:00:00
P0254,WH05,2,-8,132,82,2024-01-01 00:00:00
P0254,WH05,3,-21,130,79,2024-01-01 00:00:00
P0254,WH05,4,-20,138,79,2024-01-01 00:00:00
P0254,WH05,5,-23,130,73,2024-01-01 00:00:00
P0254,WH05,6,-9,138,79,2024-01-01 00:00:00
P0254,WH05,7,-5,136,83,2024-01-01 00:00:00
P0254,WH05,8,-6,132,83,2024-01-01 00:00:00
P0254,WH05,9,-8,135,76,2024-01-01 00:00:00
P0254,WH05,10,-6,143,83,2024-01-01 00:00:00
P0254,WH06,1,-3,336,21,2024-01-01 00:00:00
P0254,WH06,2,-12,338,21,2024-01-01 00:00:00
P0254,WH06,3,3,331,22,2024-01-01 00:00:00
P0254,WH06,4,5,349,20,2024-01-01 00:00:00
P0254,WH06,5,-4,332,21,2024-01-01 00:00:00
P0254,WH06,6,-3,344,22,2024-01-01 00:00:00
P0254,WH06,7,3,350,22,2024-01-01 00:00:00
P0254,WH06,8,-6,348,23,2024-01-01 00:00:00
P0254,WH06,9,3,349,20,2024-01-01 00:00:00
P0254,WH06,10,-12,339,20,2024-01-01 00:00:00
P0302,WH01,1,-7,103,51,2024-01-01 00:00:00
P0302,WH01,2,-5,107,48,2024-01-01 00:00:00
P0302,WH01,3,-14,109,51,2024-01-01 00:00:00
P0302,WH01,4,-15,117,58,2024-01-01 00:00:00
P0302,WH01,5,-17,118,62,2024-01-01 00:00:00
P0302,WH01,6,-5,110,57,2024-01-01 00:00:00
P0302,WH01,7,-8,110,62,2024-01-01 00:00:00
P0302,WH01,8,-7,98,50,2024-01-01 00:00:00
P0302,WH01,9,-6,110,48,2024-01-01 00:00:00
P0302,WH01,10,-3,109,51,2024-01-01 00:00:00
P0302,WH03,1,-10,111,59,2024-01-01 00:00:00
P0302,WH03,2,-10,106,59,2024-01-01 00:00:00
P0302,WH03,3,-14,119,66,2024-01-01 00:00:00
P0302,WH03,4,-11,101,54,2024-01-01 00:00:00
P0302,WH03,5,-15,126,68,2024-01-01 00:00:00
P0302,WH03,6,-14,115,68,2024-01-01 00:00:00
P0302,WH03,7,-8,121,59,2024-01-01 00:00:00
P0302,WH03,8,0,109,59,2024-01-01 00:00:00
P0302,WH03,9,-8,105,57,2024-01-01 00:00:00
P0302,WH03,10,-8,118,65,2024-01-01 00:00:00
P0302,WH04,1,-14,110,59,2024-01-01 00:00:00
P0302,WH04,2,-15,121,66,2024-01-01 00:00:00
P0302,WH04,3,-18,119,62,2024-01-01 00:00:00
P0302,WH04,4,-16,122,65,2024-01-01 00:00:00
P0302,WH04,5,-11,115,62,2024-01-01 00:00:00
P0302,WH04,6,-8,120,61,2024-01-01 00:00:00
P0302,WH04,7,-10,113,58,2024-01-01 00:00:00
P0302,WH04,8,2,118,65,2024-01-01 00:00:00
P0302,WH04,9,-2,130,68,2024-01-01 00:00:00
P0302,WH04,10,-3,122,62,2024-01-01 00:00:00
P0302,WH05,1,-14,120,65,2024-01-01 00:00:00
P0302,WH05,2,-8,131,72,2024-01-01 00:00:00
P0302,WH05,3,-15,126,79,2024-01-01 00:00:00
P0302,WH05,4,-11,141,79,2024-01-01 00:00:00
P0302,WH05,5,-22,113,66,2024-01-01 00:00:00
P0302,WH05,6,-15,135,76,2024-01-01 00:00:00
P0302,WH05,7,-10,117,65,2024-01-01 00:00:00
P0302,WH05,8,-3,118,71,2024-01-01 00:00:00
P0302,WH05,9,-8,130,69,2024-01-01 00:00:00
P0302,WH05,10,-8,132,79,2024-01-01 00:00:00
P0302,WH06,1,-7,311,18,2024-01-01 00:00:00
P0302,WH06,2,-10,319,17,2024-01-01 00:00:00
P0302,WH06,3,-11,304,23,2024-01-01 00:00:00
P0302,WH06,4,3,313,17,2024-01-01 00:00:00
P0302,WH06,5,-3,312,17,2024-01-01 00:00:00
P0302,WH06,6,0,320,19,2024-01-01 00:00:00
P0302,WH06,7,6,313,21,2024-01-01 00:00:00
P0302,WH06,8,-3,323,18,2024-01-01 00:00:00
P0302,WH06,9,-11,317,19,2024-01-01 00:00:00
P0302,WH06,10,-8,314,17,2024-01-01 00:00:00
P0396,WH01,1,-5,123,65,2024-01-01 00:00:00
P0396,WH01,2,-6,114,56,2024-01-01 00:00:00
P0396,WH01,3,-7,101,53,2024-01-01 00:00:00
P0396,WH01,4,-11,101,51,2024-01-01 00:00:00
P0396,WH01,5,-8,109,61,2024-01-01 00:00:00
P0396,WH01,6,-4,112,52,2024-01-01 00:00:00
P0396,WH01,7,-11,126,64,2024-01-01 00:00:00
P0396,WH01,8,-5,119,61,2024-01-01 00:00:00
P0396,WH01,9,-2,119,58,2024-01-01 00:00:00
P0396,WH01,10,-5,110,52,2024-01-01 00:00:00
P0396,WH03,1,-6,115,64,2024-01-01 00:00:00
P0396,WH03,2,-6,108,61,2024-01-01 00:00:00
P0396,WH03,3,-16,123,62,2024-01-01 00:00:00
P0396,WH03,4,-13,129,68,2024-01-01 00:00:00
P0396,WH03,5,-17,108,56,2024-01-01 00:00:00
P0396,WH03,6,-8,114,58,2024-01-01 00:00:00
P0396,WH03,7,-11,110,62,2024-01-01 00:00:00
P0396,WH03,8,7,104,56,2024-01-01 00:00:00
P0396,WH03,9,-5,120,69,2024-01-01 00:00:00
P0396,WH03,10,-8,125,64,2024-01-01 00:00:00
P0396,WH04,1,-7,125,69,2024-01-01 00:00:00
P0396,WH04,2,-7,120,59,2024-01-01 00:00:00
P0396,WH04,3,-19,121,62,2024-01-01 00:00:00
P0396,WH04,4,-16,116,65,2024-01-01 00:00:00
P0396,WH04,5,-14,132,71,2024-01-01 00:00:00
P0396,WH04,6,-8,117,69,2024-01-01 00:00:00
P0396,WH04,7,-9,117,66,2024-01-01 00:00:00
P0396,WH04,8,4,124,68,2024-01-01 00:00:00
P0396,WH04,9,-5,130,69,2024-01-01 00:00:00
P0396,WH04,10,-7,126,74,2024-01-01 00:00:00
P0396,WH05,1,-7,122,75,2024-01-01 00:00:00
P0396,WH05,2,-10,124,74,2024-01-01 00:00:00
P0396,WH05,3,-16,130,76,2024-01-01 00:00:00
P0396,WH05,4,-23,135,76,2024-01-01 00:00:00
P0396,WH05,5,-18,132,78,2024-01-01 00:00:00
P0396,WH05,6,-6,129,76,2024-01-01 00:00:00
P0396,WH05,7,-17,135,79,2024-01-01 00:00:00
P0396,WH05,8,-8,117,68,2024-01-01 00:00:00
P0396,WH05,9,-3,130,79,2024-01-01 00:00:00
P0396,WH05,10,-4,130,76,2024-01-01 00:00:00
P0396,WH06,1,3,354,14,2024-01-01 00:00:00
P0396,WH06,2,3,342,15,2024-01-01 00:00:00
P0396,WH06,3,-3,354,20,2024-01-01 00:00:00
P0396,WH06,4,-2,357,15,2024-01-01 00:00:00
P0396,WH06,5,-12,346,14,2024-01-01 00:00:00
P0396,WH06,6,-12,340,18,2024-01-01 00:00:00
P0396,WH06,7,-6,357,15,2024-01-01 00:00:00
P0396,WH06,8,-13,338,14,2024-01-01 00:00:00
P0396,WH06,9,-3,357,15,2024-01-01 00:00:00
P0396,WH06,10,3,350,19,2024-01-01 00:00:00
P0694,WH01,1,-10,119,64,2024-01-01 00:00:00
P0694,WH01,2,-7,121,61,2024-01-01 00:00:00
P0694,WH01,3,-10,112,61,2024-01-01 00:00:00
P0694,WH01,4,-11,109,55,2024-01-01 00:00:00
P0694,WH01,5,-11,116,62,2024-01-01 00:00:00
P0694,WH01,6,-11,107,55,2024-01-01 00:00:00
P0694,WH01,7,-4,107,56,2024-01-01 00:00:00
P0694,WH01,8,-3,126,67,2024-01-01 00:00:00
P0694,WH01,9,-4,121,64,2024-01-01 00:00:00
P0694,WH01,10,-2,110,53,2024-01-01 00:00:00
P0694,WH03,1,-13,126,68,2024-01-01 00:00:00
P0694,WH03,2,-9,110,58,2024-01-01 00:00:00
P0694,WH03,3,-18,131,71,2024-01-01 00:00:00
P0694,WH03,4,-14,121,64,2024-01-01 00:00:00
P0694,WH03,5,-16,109,58,2024-01-01 00:00:00
P0694,WH03,6,-12,120,64,2024-01-01 00:00:00
P0694,WH03,7,-10,117,70,2024-01-01 00:00:00
P0694,WH03,8,5,126,68,2024-01-01 00:00:00
P0694,WH03,9,-4,119,65,2024-01-01 00:00:00
P0694,WH03,10,-8,128,67,2024-01-01 00:00:00
P0694,WH04,1,-10,114,67,2024-01-01 00:00:00
P0694,WH04,2,-13,109,61,2024-01-01 00:00:00
P0694,WH04,3,-14,129,74,2024-01-01 00:00:00
P0694,WH04,4,-14,132,74,2024-01-01 00:00:00
P0694,WH04,5,-11,130,74,2024-01-01 00:00:00
P0694,WH04,6,-8,129,70,2024-01-01 00:00:00
P0694,WH04,7,-11,116,64,2024-01-01 00:00:00
P0694,WH04,8,4,130,70,2024-01-01 00:00:00
P0694,WH04,9,-3,124,74,2024-01-01 00:00:00
P0694,WH04,10,-4,113,61,2024-01-01 00:00:00
P0694,WH05,1,-8,133,77,2024-01-01 00:00:00
P0694,WH05,2,-8,139,83,2024-01-01 00:00:00
P0694,WH05,3,-15,138,82,2024-01-01 00:00:00
P0694,WH05,4,-15,134,80,2024-01-01 00:00:00
P0694,WH05,5,-13,125,71,2024-01-01 00:00:00
P0694,WH05,6,-14,140,83,2024-01-01 00:00:00
P0694,WH05,7,-8,119,71,2024-01-01 00:00:00
P0694,WH05,8,-6,131,70,2024-01-01 00:00:00
P0694,WH05,9,-3,136,77,2024-01-01 00:00:00
P0694,WH05,10,-4,136,79,2024-01-01 00:00:00
P0694,WH06,1,0,336,20,2024-01-01 00:00:00
P0694,WH06,2,-9,337,16,2024-01-01 00:00:00
P0694,WH06,3,-3,335,16,2024-01-01 00:00:00
P0694,WH06,4,3,336,19,2024-01-01 00:00:00
P0694,WH06,5,3,335,17,2024-01-01 00:00:00
P0694,WH06,6,-4,343,17,2024-01-01 00:00:00
P0694,WH06,7,5,336,20,2024-01-01 00:00:00
P0694,WH06,8,-13,351,15,2024-01-01 00:00:00
P0694,WH06,9,-12,345,18,2024-01-01 00:00:00
P0694,WH06,10,-3,347,21,2024-01-01 00:00:00
P0741,WH01,1,-10,123,68,2024-01-01 00:00:00
P0741,WH01,2,-5,116,68,2024-01-01 00:00:00
P0741,WH01,3,-12,109,59,2024-01-01 00:00:00
P0741,WH01,4,-19,109,60,2024-01-01 00:00:00
P0741,WH01,5,-12,109,54,2024-01-01 00:00:00
P0741,WH01,6,-5,112,57,2024-01-01 00:00:00
P0741,WH01,7,-7,124,66,2024-01-01 00:00:00
P0741,WH01,8,-8,108,57,2024-01-01 00:00:00
P0741,WH01,9,-3,112,60,2024-01-01 00:00:00
P0741,WH01,10,-6,121,66,2024-01-01 00:00:00
P0741,WH03,1,-9,129,72,2024-01-01 00:00:00
P0741,WH03,2,-7,126,66,2024-01-01 00:00:00
P0741,WH03,3,-13,124,65,2024-01-01 00:00:00
P0741,WH03,4,-13,112,63,2024-01-01 00:00:00
P0741,WH03,5,-13,124,66,2024-01-01 00:00:00
P0741,WH03,6,-14,116,62,2024-01-01 00:00:00
P0741,WH03,7,-9,119,65,2024-01-01 00:00:00
P0741,WH03,8,3,128,66,2024-01-01 00:00:00
P0741,WH03,9,-6,129,69,2024-01-01 00:00:00
P0741,WH03,10,-3,121,71,2024-01-01 00:00:00
P0741,WH04,1,-7,122,72,2024-01-01 00:00:00
P0741,WH04,2,-8,121,66,2024-01-01 00:00:00
P0741,WH04,3,-18,128,77,2024-01-01 00:00:00
P0741,WH04,4,-12,110,63,2024-01-01 00:00:00
P0741,WH04,5,-19,138,76,2024-01-01 00:00:00
P0741,WH04,6,-12,121,68,2024-01-01 00:00:00
P0741,WH04,7,-15,124,72,2024-01-01 00:00:00
P0741,WH04,8,-3,138,77,2024-01-01 00:00:00
P0741,WH04,9,-4,129,76,2024-01-01 00:00:00
P0741,WH04,10,-3,127,79,2024-01-01 00:00:00
P0741,WH05,1,-6,142,83,2024-01-01 00:00:00
P0741,WH05,2,-15,143,83,2024-01-01 00:00:00
P0741,WH05,3,-21,142,82,2024-01-01 00:00:00
P0741,WH05,4,-18,130,80,2024-01-01 00:00:00
P0741,WH05,5,-20,135,83,2024-01-01 00:00:00
P0741,WH05,6,-12,137,83,2024-01-01 00:00:00
P0741,WH05,7,-12,134,83,2024-01-01 00:00:00
P0741,WH05,8,-8,139,88,2024-01-01 00:00:00
P0741,WH05,9,-3,124,72,2024-01-01 00:00:00
P0741,WH05,10,-7,142,88,2024-01-01 00:00:00
P0741,WH06,1,3,361,20,2024-01-01 00:00:00
P0741,WH06,2,-14,361,20,2024-01-01 00:00:00
P0741,WH06,3,-11,364,21,2024-01-01 00:00:00
P0741,WH06,4,-8,361,20,2024-01-01 00:00:00
P0741,WH06,5,-14,372,20,2024-01-01 00:00:00
P0741,WH06,6,-12,361,25,2024-01-01 00:00:00
P0741,WH06,7,-3,366,26,2024-01-01 00:00:00
P0741,WH06,8,-8,364,21,2024-01-01 00:00:00
P0741,WH06,9,-8,366,26,2024-01-01 00:00:00
P0741,WH06,10,-5,368,21,2024-01-01 00:00:00
P1055,WH01,1,-8,108,46,2024-01-01 00:00:00
P1055,WH01,2,-8,97,41,2024-01-01 00:00:00
P1055,WH01,3,-18,87,40,2024-01-01 00:00:00
P1055,WH01,4,-12,95,40,2024-01-01 00:00:00
P1055,WH01,5,-8,88,39,2024-01-01 00:00:00
P1055,WH01,6,-9,106,48,2024-01-01 00:00:00
P1055,WH01,7,-5,101,44,2024-01-01 00:00:00
P1055,WH01,8,-4,89,42,2024-01-01 00:00:00
P1055,WH01,9,-2,97,39,2024-01-01 00:00:00
P1055,WH01,10,-7,95,39,2024-01-01 00:00:00
P1055,WH03,1,-7,104,42,2024-01-01 00:00:00
P1055,WH03,2,-12,98,51,2024-01-01 00:00:00
P1055,WH03,3,-18,99,43,2024-01-01 00:00:00
P1055,WH03,4,-20,102,46,2024-01-01 00:00:00
P1055,WH03,5,-11,90,42,2024-01-01 00:00:00
P1055,WH03,6,-10,97,50,2024-01-01 00:00:00
P1055,WH03,7,-6,103,46,2024-01-01 00:00:00
P1055,WH03,8,2,109,50,2024-01-01 00:00:00
P1055,WH03,9,-3,101,46,2024-01-01 00:00:00
P1055,WH03,10,-6,108,52,2024-01-01 00:00:00
P1055,WH04,1,-14,101,50,2024-01-01 00:00:00
P1055,WH04,2,-12,94,44,2024-01-01 00:00:00
P1055,WH04,3,-17,108,54,2024-01-01 00:00:00
P1055,WH04,4,-14,97,46,2024-01-01 00:00:00
P1055,WH04,5,-13,111,50,2024-01-01 00:00:00
P1055,WH04,6,-11,115,53,2024-01-01 00:00:00
P1055,WH04,7,-7,93,44,2024-01-01 00:00:00
P1055,WH04,8,4,98,49,2024-01-01 00:00:00
P1055,WH04,9,-7,108,49,2024-01-01 00:00:00
P1055,WH04,10,-8,115,53,2024-01-01 00:00:00
P1055,WH05,1,-11,108,54,2024-01-01 00:00:00
P1055,WH05,2,-15,115,61,2024-01-01 00:00:00
P1055,WH05,3,-18,112,60,2024-01-01 00:00:00
P1055,WH05,4,-13,114,57,2024-01-01 00:00:00
P1055,WH05,5,-13,109,53,2024-01-01 00:00:00
P1055,WH05,6,-12,116,55,2024-01-01 00:00:00
P1055,WH05,7,-10,110,62,2024-01-01 00:00:00
P1055,WH05,8,-6,118,61,2024-01-01 00:00:00
P1055,WH05,9,-7,118,60,2024-01-01 00:00:00
P1055,WH05,10,-3,101,53,2024-01-01 00:00:00
P1055,WH06,1,0,276,24,2024-01-01 00:00:00
P1055,WH06,2,-10,285,24,2024-01-01 00:00:00
P1055,WH06,3,-2,269,18,2024-01-01 00:00:00
P1055,WH06,4,2,283,24,2024-01-01 00:00:00
P1055,WH06,5,-9,274,22,2024-01-01 00:00:00
P1055,WH06,6,-4,282,24,2024-01-01 00:00:00
P1055,WH06,7,2,273,24,2024-01-01 00:00:00
P1055,WH06,8,-3,278,19,2024-01-01 00:00:00
P1055,WH06,9,-9,276,20,2024-01-01 00:00:00
P1055,WH06,10,-2,272,23,2024-01-01 00:00:00
P1087,WH01,1,-6,104,45,2024-01-01 00:00:00
P1087,WH01,2,-8,103,47,2024-01-01 00:00:00
P1087,WH01,3,-9,104,42,2024-01-01 00:00:00
P1087,WH01,4,-9,104,45,2024-01-01 00:00:00
P1087,WH01,5,-16,98,50,2024-01-01 00:00:00
P1087,WH01,6,-11,107,51,2024-01-01 00:00:00
P1087,WH01,7,-9,104,42,2024-01-01 00:00:00
P1087,WH01,8,-7,102,46,2024-01-01 00:00:00
P1087,WH01,9,-8,109,47,2024-01-01 00:00:00
P1087,WH01,10,-7,94,46,2024-01-01 00:00:00
P1087,WH03,1,-14,110,54,2024-01-01 00:00:00
P1087,WH03,2,-13,101,46,2024-01-01 00:00:00
P1087,WH03,3,-17,102,51,2024-01-01 00:00:00
P1087,WH03,4,-16,104,48,2024-01-01 00:00:00
P1087,WH03,5,-13,101,46,2024-01-01 00:00:00
P1087,WH03,6,-8,102,53,2024-01-01 00:00:00
P1087,WH03,7,-9,98,48,2024-01-01 00:00:00
P1087,WH03,8,-3,103,53,2024-01-01 00:00:00
P1087,WH03,9,-8,106,45,2024-01-01 00:00:00
P1087,WH03,10,-3,109,56,2024-01-01 00:00:00
P1087,WH04,1,-12,104,47,2024-01-01 00:00:00
P1087,WH04,2,-14,99,47,2024-01-01 00:00:00
P1087,WH04,3,-18,104,51,2024-01-01 00:00:00
P1087,WH04,4,-13,102,53,2024-01-01 00:00:00
P1087,WH04,5,-20,114,58,2024-01-01 00:00:00
P1087,WH04,6,-10,110,49,2024-01-01 00:00:00
P1087,WH04,7,-13,97,47,2024-01-01 00:00:00
P1087,WH04,8,6,112,54,2024-01-01 00:00:00
P1087,WH04,9,-3,105,51,2024-01-01 00:00:00
P1087,WH04,10,-6,106,48,2024-01-01 00:00:00
P1087,WH05,1,-15,116,65,2024-01-01 00:00:00
P1087,WH05,2,-11,112,61,2024-01-01 00:00:00
P1087,WH05,3,-23,108,55,2024-01-01 00:00:00
P1087,WH05,4,-16,103,56,2024-01-01 00:00:00
P1087,WH05,5,-15,116,56,2024-01-01 00:00:00
P1087,WH05,6,-8,118,63,2024-01-01 00:00:00
P1087,WH05,7,-14,116,61,2024-01-01 00:00:00
P1087,WH05,8,-8,118,63,2024-01-01 00:00:00
P1087,WH05,9,-2,118,64,2024-01-01 00:00:00
P1087,WH05,10,-6,119,57,2024-01-01 00:00:00
P1087,WH06,1,-10,265,23,2024-01-01 00:00:00
P1087,WH06,2,-8,276,21,2024-01-01 00:00:00
P1087,WH06,3,-7,268,25,2024-01-01 00:00:00
P1087,WH06,4,8,282,24,2024-01-01 00:00:00
P1087,WH06,5,2,262,24,2024-01-01 00:00:00
P1087,WH06,6,0,281,23,2024-01-01 00:00:00
P1087,WH06,7,3,281,23,2024-01-01 00:00:00
P1087,WH06,8,-7,265,24,2024-01-01 00:00:00
P1087,WH06,9,-9,264,23,2024-01-01 00:00:00
P1087,WH06,10,0,276,23,2024-01-01 00:00:00
P1296,WH01,1,-8,104,54,2024-01-01 00:00:00
P1296,WH01,2,-6,101,46,2024-01-01 00:00:00
P1296,WH01,3,-14,102,54,2024-01-01 00:00:00
P1296,WH01,4,-13,100,52,2024-01-01 00:00:00
P1296,WH01,5,-8,95,48,2024-01-01 00:00:00
P1296,WH01,6,-7,109,49,2024-01-01 00:00:00
P1296,WH01,7,-5,105,45,2024-01-01 00:00:00
P1296,WH01,8,-7,111,54,2024-01-01 00:00:00
P1296,WH01,9,-3,105,53,2024-01-01 00:00:00
P1296,WH01,10,-3,109,53,2024-01-01 00:00:00
P1296,WH03,1,-8,105,55,2024-01-01 00:00:00
P1296,WH03,2,-9,120,58,2024-01-01 00:00:00
P1296,WH03,3,-16,111,51,2024-01-01 00:00:00
P1296,WH03,4,-15,109,52,2024-01-01 00:00:00
P1296,WH03,5,-16,111,49,2024-01-01 00:00:00
P1296,WH03,6,-8,107,47,2024-01-01 00:00:00
P1296,WH03,7,-14,105,52,2024-01-01 00:00:00
P1296,WH03,8,-2,110,58,2024-01-01 00:00:00
P1296,WH03,9,-3,109,53,2024-01-01 00:00:00
P1296,WH03,10,-4,111,54,2024-01-01 00:00:00
P1296,WH04,1,-14,108,53,2024-01-01 00:00:00
P1296,WH04,2,-15,121,61,2024-01-01 00:00:00
P1296,WH04,3,-18,116,58,2024-01-01 00:00:00
P1296,WH04,4,-13,111,54,2024-01-01 00:00:00
P1296,WH04,5,-15,109,58,2024-01-01 00:00:00
P1296,WH04,6,-8,121,61,2024-01-01 00:00:00
P1296,WH04,7,-12,111,51,2024-01-01 00:00:00
P1296,WH04,8,-1,99,52,2024-01-01 00:00:00
P1296,WH04,9,-7,107,59,2024-01-01 00:00:00
P1296,WH04,10,-4,118,61,2024-01-01 00:00:00
P1296,WH05,1,-6,123,69,2024-01-01 00:00:00
P1296,WH05,2,-17,121,61,2024-01-01 00:00:00
P1296,WH05,3,-14,112,65,2024-01-01 00:00:00
P1296,WH05,4,-19,122,60,2024-01-01 00:00:00
P1296,WH05,5,-10,119,64,2024-01-01 00:00:00
P1296,WH05,6,-13,116,67,2024-01-01 00:00:00
P1296,WH05,7,-16,118,58,2024-01-01 00:00:00
P1296,WH05,8,-3,126,64,2024-01-01 00:00:00
P1296,WH05,9,-4,108,58,2024-01-01 00:00:00
P1296,WH05,10,-6,114,64,2024-01-01 00:00:00
P1296,WH06,1,0,297,25,2024-01-01 00:00:00
P1296,WH06,2,-8,305,23,2024-01-01 00:00:00
P1296,WH06,3,-2,294,22,2024-01-01 00:00:00
P1296,WH06,4,0,287,27,2024-01-01 00:00:00
P1296,WH06,5,-10,295,23,2024-01-01 00:00:00
P1296,WH06,6,-10,296,24,2024-01-01 00:00:00
P1296,WH06,7,-3,292,23,2024-01-01 00:00:00
P1296,WH06,8,-10,301,23,2024-01-01 00:00:00
P1296,WH06,9,-11,292,24,2024-01-01 00:00:00
P1296,WH06,10,2,302,24,2024-01-01 00:00:00
P1313,WH01,1,-8,106,55,2024-01-01 00:00:00
P1313,WH01,2,-5,111,54,2024-01-01 00:00:00
P1313,WH01,3,-10,100,51,2024-01-01 00:00:00
P1313,WH01,4,-13,105,54,2024-01-01 00:00:00
P1313,WH01,5,-14,105,57,2024-01-01 00:00:00
P1313,WH01,6,-5,105,47,2024-01-01 00:00:00
P1313,WH01,7,-7,105,48,2024-01-01 00:00:00
P1313,WH01,8,-4,116,54,2024-01-01 00:00:00
P1313,WH01,9,-3,111,51,2024-01-01 00:00:00
P1313,WH01,10,-3,112,52,2024-01-01 00:00:00
P1313,WH03,1,-8,104,56,2024-01-01 00:00:00
P1313,WH03,2,-11,117,57,2024-01-01 00:00:00
P1313,WH03,3,-14,114,56,2024-01-01 00:00:00
P1313,WH03,4,-10,104,57,2024-01-01 00:00:00
P1313,WH03,5,-19,109,51,2024-01-01 00:00:00
P1313,WH03,6,-8,110,54,2024-01-01 00:00:00
P1313,WH03,7,-8,123,64,2024-01-01 00:00:00
P1313,WH03,8,6,116,59,2024-01-01 00:00:00
P1313,WH03,9,-5,115,55,2024-01-01 00:00:00
P1313,WH03,10,-7,116,57,2024-01-01 00:00:00
P1313,WH04,1,-7,105,55,2024-01-01 00:00:00
P1313,WH04,2,-15,121,59,2024-01-01 00:00:00
P1313,WH04,3,-18,117,56,2024-01-01 00:00:00
P1313,WH04,4,-15,122,60,2024-01-01 00:00:00
P1313,WH04,5,-15,110,55,2024-01-01 00:00:00
P1313,WH04,6,-8,122,61,2024-01-01 00:00:00
P1313,WH04,7,-15,104,57,2024-01-01 00:00:00
P1313,WH04,8,1,113,60,2024-01-01 00:00:00
P1313,WH04,9,-3,104,54,2024-01-01 00:00:00
P1313,WH04,10,-3,104,56,2024-01-01 00:00:00
P1313,WH05,1,-12,119,70,2024-01-01 00:00:00
P1313,WH05,2,-10,121,74,2024-01-01 00:00:00
P1313,WH05,3,-20,116,61,2024-01-01 00:00:00
P1313,WH05,4,-12,126,74,2024-01-01 00:00:00
P1313,WH05,5,-13,124,73,2024-01-01 00:00:00
P1313,WH05,6,-14,126,72,2024-01-01 00:00:00
P1313,WH05,7,-8,118,69,2024-01-01 00:00:00
P1313,WH05,8,-8,128,69,2024-01-01 00:00:00
P1313,WH05,9,-8,116,63,2024-01-01 00:00:00
P1313,WH05,10,-8,118,61,2024-01-01 00:00:00
P1313,WH06,1,-9,303,23,2024-01-01 00:00:00
P1313,WH06,2,3,297,20,2024-01-01 00:00:00
P1313,WH06,3,-3,313,21,2024-01-01 00:00:00
P1313,WH06,4,6,312,24,2024-01-01 00:00:00
P1313,WH06,5,-10,310,19,2024-01-01 00:00:00
P1313,WH06,6,-7,301,20,2024-01-01 00:00:00
P1313,WH06,7,11,311,21,2024-01-01 00:00:00
P1313,WH06,8,-5,297,25,2024-01-01 00:00:00
P1313,WH06,9,-8,299,24,2024-01-01 00:00:00
P1313,WH06,10,-10,315,25,2024-01-01 00:00:00
P1390,WH01,1,-9,102,48,2024-01-01 00:00:00
P1390,WH01,2,-6,115,54,2024-01-01 00:00:00
P1390,WH01,3,-7,101,53,2024-01-01 00:00:00
P1390,WH01,4,-13,98,48,2024-01-01 00:00:00
P1390,WH01,5,-14,108,54,2024-01-01 00:00:00
P1390,WH01,6,-9,107,52,2024-01-01 00:00:00
P1390,WH01,7,-6,105,46,2024-01-01 00:00:00
P1390,WH01,8,-3,113,57,2024-01-01 00:00:00
P1390,WH01,9,-3,112,52,2024-01-01 00:00:00
P1390,WH01,10,-5,111,53,2024-01-01 00:00:00
P1390,WH03,1,-8,106,52,2024-01-01 00:00:00
P1390,WH03,2,-13,116,62,2024-01-01 00:00:00
P1390,WH03,3,-13,119,64,2024-01-01 00:00:00
P1390,WH03,4,-15,110,61,2024-01-01 00:00:00
P1390,WH03,5,-10,107,57,2024-01-01 00:00:00
P1390,WH03,6,-11,105,57,2024-01-01 00:00:00
P1390,WH03,7,-7,100,53,2024-01-01 00:00:00
P1390,WH03,8,-4,113,61,2024-01-01 00:00:00
P1390,WH03,9,-8,115,62,2024-01-01 00:00:00
P1390,WH03,10,-7,117,64,2024-01-01 00:00:00
P1390,WH04,1,-15,121,66,2024-01-01 00:00:00
P1390,WH04,2,-8,123,65,2024-01-01 00:00:00
P1390,WH04,3,-20,116,60,2024-01-01 00:00:00
P1390,WH04,4,-12,103,56,2024-01-01 00:00:00
P1390,WH04,5,-14,108,60,2024-01-01 00:00:00
P1390,WH04,6,-13,113,64,2024-01-01 00:00:00
P1390,WH04,7,-7,108,58,2024-01-01 00:00:00
P1390,WH04,8,9,120,65,2024-01-01 00:00:00
P1390,WH04,9,-8,107,57,2024-01-01 00:00:00
P1390,WH04,10,-5,119,61,2024-01-01 00:00:00
P1390,WH05,1,-12,118,71,2024-01-01 00:00:00
P1390,WH05,2,-16,122,75,2024-01-01 00:00:00
P1390,WH05,3,-17,119,65,2024-01-01 00:00:00
P1390,WH05,4,-12,128,74,2024-01-01 00:00:00
P1390,WH05,5,-16,121,70,2024-01-01 00:00:00
P1390,WH05,6,-14,115,65,2024-01-01 00:00:00
P1390,WH05,7,-5,127,70,2024-01-01 00:00:00
P1390,WH05,8,-7,120,62,2024-01-01 00:00:00
P1390,WH05,9,-7,122,75,2024-01-01 00:00:00
P1390,WH05,10,-2,112,64,2024-01-01 00:00:00
P1390,WH06,1,-4,323,23,2024-01-01 00:00:00
P1390,WH06,2,-12,317,27,2024-01-01 00:00:00
P1390,WH06,3,3,323,27,2024-01-01 00:00:00
P1390,WH06,4,-2,336,22,2024-01-01 00:00:00
P1390,WH06,5,-8,317,25,2024-01-01 00:00:00
P1390,WH06,6,-5,329,27,2024-01-01 00:00:00
P1390,WH06,7,-2,318,27,2024-01-01 00:00:00
P1390,WH06,8,-8,329,23,2024-01-01 00:00:00
P1390,WH06,9,-12,317,22,2024-01-01 00:00:00
P1390,WH06,10,3,320,21,2024-01-01 00:00:00
P1511,WH01,1,-11,95,48,2024-01-01 00:00:00
P1511,WH01,2,-6,115,53,2024-01-01 00:00:00
P1511,WH01,3,-15,107,50,2024-01-01 00:00:00
P1511,WH01,4,-13,121,61,2024-01-01 00:00:00
P1511,WH01,5,-8,114,55,2024-01-01 00:00:00
P1511,WH01,6,-11,112,59,2024-01-01 00:00:00
P1511,WH01,7,-8,99,50,2024-01-01 00:00:00
P1511,WH01,8,-3,113,53,2024-01-01 00:00:00
P1511,WH01,9,-8,119,59,2024-01-01 00:00:00
P1511,WH01,10,-6,95,48,2024-01-01 00:00:00
P1511,WH03,1,-8,110,55,2024-01-01 00:00:00
P1511,WH03,2,-8,120,61,2024-01-01 00:00:00
P1511,WH03,3,-12,113,58,2024-01-01 00:00:00
P1511,WH03,4,-17,126,65,2024-01-01 00:00:00
P1511,WH03,5,-17,126,66,2024-01-01 00:00:00
P1511,WH03,6,-11,105,57,2024-01-01 00:00:00
P1511,WH03,7,-14,113,65,2024-01-01 00:00:00
P1511,WH03,8,-2,124,66,2024-01-01 00:00:00
P1511,WH03,9,-5,105,54,2024-01-01 00:00:00
P1511,WH03,10,-3,121,64,2024-01-01 00:00:00
P1511,WH04,1,-12,120,68,2024-01-01 00:00:00
P1511,WH04,2,-9,112,57,2024-01-01 00:00:00
P1511,WH04,3,-17,123,69,2024-01-01 00:00:00
P1511,WH04,4,-18,113,57,2024-01-01 00:00:00
P1511,WH04,5,-18,113,59,2024-01-01 00:00:00
P1511,WH04,6,-7,120,62,2024-01-01 00:00:00
P1511,WH04,7,-9,124,71,2024-01-01 00:00:00
P1511,WH04,8,3,111,59,2024-01-01 00:00:00
P1511,WH04,9,-3,116,58,2024-01-01 00:00:00
P1511,WH04,10,-3,126,65,2024-01-01 00:00:00
P1511,WH05,1,-14,129,69,2024-01-01 00:00:00
P1511,WH05,2,-17,120,65,2024-01-01 00:00:00
P1511,WH05,3,-13,124,66,2024-01-01 00:00:00
P1511,WH05,4,-19,131,72,2024-01-01 00:00:00
P1511,WH05,5,-15,126,75,2024-01-01 00:00:00
P1511,WH05,6,-5,132,79,2024-01-01 00:00:00
P1511,WH05,7,-11,133,75,2024-01-01 00:00:00
P1511,WH05,8,-8,128,77,2024-01-01 00:00:00
P1511,WH05,9,-8,124,66,2024-01-01 00:00:00
P1511,WH05,10,-8,130,79,2024-01-01 00:00:00
P1511,WH06,1,3,322,21,2024-01-01 00:00:00
P1511,WH06,2,-10,314,22,2024-01-01 00:00:00
P1511,WH06,3,-11,317,20,2024-01-01 00:00:00
P1511,WH06,4,10,322,20,2024-01-01 00:00:00
P1511,WH06,5,-7,332,24,2024-01-01 00:00:00
P1511,WH06,6,-4,330,22,2024-01-01 00:00:00
P1511,WH06,7,-4,314,22,2024-01-01 00:00:00
P1511,WH06,8,-8,332,19,2024-01-01 00:00:00
P1511,WH06,9,-12,330,21,2024-01-01 00:00:00
P1511,WH06,10,-4,321,23,2024-01-01 00:00:00
P1521,WH01,1,-11,113,56,2024-01-01 00:00:00
P1521,WH01,2,-8,113,53,2024-01-01 00:00:00
P1521,WH01,3,-11,114,53,2024-01-01 00:00:00
P1521,WH01,4,-14,117,61,2024-01-01 00:00:00
P1521,WH01,5,-14,122,64,2024-01-01 00:00:00
P1521,WH01,6,-5,115,56,2024-01-01 00:00:00
P1521,WH01,7,-5,115,62,2024-01-01 00:00:00
P1521,WH01,8,-8,106,59,2024-01-01 00:00:00
P1521,WH01,9,-3,124,64,2024-01-01 00:00:00
P1521,WH01,10,-7,111,53,2024-01-01 00:00:00
P1521,WH03,1,-9,122,71,2024-01-01 00:00:00
P1521,WH03,2,-12,125,69,2024-01-01 00:00:00
P1521,WH03,3,-12,111,58,2024-01-01 00:00:00
P1521,WH03,4,-18,116,61,2024-01-01 00:00:00
P1521,WH03,5,-19,106,59,2024-01-01 00:00:00
P1521,WH03,6,-12,119,58,2024-01-01 00:00:00
P1521,WH03,7,-6,110,58,2024-01-01 00:00:00
P1521,WH03,8,8,113,65,2024-01-01 00:00:00
P1521,WH03,9,-8,126,71,2024-01-01 00:00:00
P1521,WH03,10,-2,119,62,2024-01-01 00:00:00
P1521,WH04,1,-8,117,64,2024-01-01 00:00:00
P1521,WH04,2,-9,124,66,2024-01-01 00:00:00
P1521,WH04,3,-13,122,68,2024-01-01 00:00:00
P1521,WH04,4,-16,123,64,2024-01-01 00:00:00
P1521,WH04,5,-15,118,64,2024-01-01 00:00:00
P1521,WH04,6,-14,117,64,2024-01-01 00:00:00
P1521,WH04,7,-9,122,72,2024-01-01 00:00:00
P1521,WH04,8,10,123,69,2024-01-01 00:00:00
P1521,WH04,9,-8,122,68,2024-01-01 00:00:00
P1521,WH04,10,-3,129,74,2024-01-01 00:00:00
P1521,WH05,1,-7,128,68,2024-01-01 00:00:00
P1521,WH05,2,-13,115,68,2024-01-01 00:00:00
P1521,WH05,3,-21,131,76,2024-01-01 00:00:00
P1521,WH05,4,-9,127,68,2024-01-01 00:00:00
P1521,WH05,5,-19,123,71,2024-01-01 00:00:00
P1521,WH05,6,-8,137,75,2024-01-01 00:00:00
P1521,WH05,7,-11,134,79,2024-01-01 00:00:00
P1521,WH05,8,-2,130,82,2024-01-01 00:00:00
P1521,WH05,9,-7,137,82,2024-01-01 00:00:00
P1521,WH05,10,-8,120,69,2024-01-01 00:00:00
P1521,WH06,1,-9,350,22,2024-01-01 00:00:00
P1521,WH06,2,-10,360,24,2024-01-01 00:00:00
P1521,WH06,3,-13,356,22,2024-01-01 00:00:00
P1521,WH06,4,11,344,26,2024-01-01 00:00:00
P1521,WH06,5,-10,360,24,2024-01-01 00:00:00
P1521,WH06,6,-3,345,20,2024-01-01 00:00:00
P1521,WH06,7,-6,358,20,2024-01-01 00:00:00
P1521,WH06,8,-9,351,22,2024-01-01 00:00:00
P1521,WH06,9,-12,343,26,2024-01-01 00:00:00
P1521,WH06,10,-6,351,20,2024-01-01 00:00:00
P1599,WH01,1,-10,121,62,2024-01-01 00:00:00
P1599,WH01,2,-8,123,65,2024-01-01 00:00:00
P1599,WH01,3,-13,119,65,2024-01-01 00:00:00
P1599,WH01,4,-15,110,62,2024-01-01 00:00:00
P1599,WH01,5,-11,116,59,2024-01-01 00:00:00
P1599,WH01,6,-6,107,56,2024-01-01 00:00:00
P1599,WH01,7,-8,122,68,2024-01-01 00:00:00
P1599,WH01,8,-8,108,53,2024-01-01 00:00:00
P1599,WH01,9,-3,112,59,2024-01-01 00:00:00
P1599,WH01,10,-3,116,60,2024-01-01 00:00:00
P1599,WH03,1,-11,120,65,2024-01-01 00:00:00
P1599,WH03,2,-11,111,63,2024-01-01 00:00:00
P1599,WH03,3,-15,114,62,2024-01-01 00:00:00
P1599,WH03,4,-21,123,62,2024-01-01 00:00:00
P1599,WH03,5,-18,115,66,2024-01-01 00:00:00
P1599,WH03,6,-9,121,66,2024-01-01 00:00:00
P1599,WH03,7,-13,121,74,2024-01-01 00:00:00
P1599,WH03,8,-3,116,60,2024-01-01 00:00:00
P1599,WH03,9,-8,120,72,2024-01-01 00:00:00
P1599,WH03,10,-7,127,71,2024-01-01 00:00:00
P1599,WH04,1,-12,119,65,2024-01-01 00:00:00
P1599,WH04,2,-10,133,77,2024-01-01 00:00:00
P1599,WH04,3,-15,131,72,2024-01-01 00:00:00
P1599,WH04,4,-16,121,66,2024-01-01 00:00:00
P1599,WH04,5,-15,130,68,2024-01-01 00:00:00
P1599,WH04,6,-7,129,72,2024-01-01 00:00:00
P1599,WH04,7,-10,120,72,2024-01-01 00:00:00
P1599,WH04,8,3,123,74,2024-01-01 00:00:00
P1599,WH04,9,-2,113,65,2024-01-01 00:00:00
P1599,WH04,10,-8,113,63,2024-01-01 00:00:00
P1599,WH05,1,-17,129,71,2024-01-01 00:00:00
P1599,WH05,2,-11,132,80,2024-01-01 00:00:00
P1599,WH05,3,-8,130,81,2024-01-01 00:00:00
P1599,WH05,4,-9,120,72,2024-01-01 00:00:00
P1599,WH05,5,-21,135,75,2024-01-01 00:00:00
P1599,WH05,6,-11,119,71,2024-01-01 00:00:00
P1599,WH05,7,-8,145,86,2024-01-01 00:00:00
P1599,WH05,8,-4,130,78,2024-01-01 00:00:00
P1599,WH05,9,-5,131,75,2024-01-01 00:00:00
P1599,WH05,10,-2,147,86,2024-01-01 00:00:00
P1599,WH06,1,-14,324,22,2024-01-01 00:00:00
P1599,WH06,2,-12,320,23,2024-01-01 00:00:00
P1599,WH06,3,-5,322,19,2024-01-01 00:00:00
P1599,WH06,4,0,320,23,2024-01-01 00:00:00
P1599,WH06,5,-14,335,22,2024-01-01 00:00:00
P1599,WH06,6,0,340,24,2024-01-01 00:00:00
P1599,WH06,7,13,321,24,2024-01-01 00:00:00
P1599,WH06,8,-11,320,19,2024-01-01 00:00:00
P1599,WH06,9,-6,337,24,2024-01-01 00:00:00
P1599,WH06,10,-8,325,19,2024-01-01 00:00:00
P1969,WH01,1,-7,126,70,2024-01-01 00:00:00
P1969,WH01,2,-4,116,63,2024-01-01 00:00:00
P1969,WH01,3,-10,109,58,2024-01-01 00:00:00
P1969,WH01,4,-18,119,69,2024-01-01 00:00:00
P1969,WH01,5,-18,119,66,2024-01-01 00:00:00
P1969,WH01,6,-5,121,67,2024-01-01 00:00:00
P1969,WH01,7,-7,120,64,2024-01-01 00:00:00
P1969,WH01,8,-4,112,55,2024-01-01 00:00:00
P1969,WH01,9,-5,118,63,2024-01-01 00:00:00
P1969,WH01,10,-8,127,69,2024-01-01 00:00:00
P1969,WH03,1,-10,127,75,2024-01-01 00:00:00
P1969,WH03,2,-14,120,63,2024-01-01 00:00:00
P1969,WH03,3,-11,116,67,2024-01-01 00:00:00
P1969,WH03,4,-15,110,63,2024-01-01 00:00:00
P1969,WH03,5,-12,119,72,2024-01-01 00:00:00
P1969,WH03,6,-9,122,67,2024-01-01 00:00:00
P1969,WH03,7,-7,126,73,2024-01-01 00:00:00
P1969,WH03,8,1,127,72,2024-01-01 00:00:00
P1969,WH03,9,-5,117,61,2024-01-01 00:00:00
P1969,WH03,10,-5,122,75,2024-01-01 00:00:00
P1969,WH04,1,-14,132,80,2024-01-01 00:00:00
P1969,WH04,2,-9,129,70,2024-01-01 00:00:00
P1969,WH04,3,-14,120,73,2024-01-01 00:00:00
P1969,WH04,4,-19,122,66,2024-01-01 00:00:00
P1969,WH04,5,-13,128,70,2024-01-01 00:00:00
P1969,WH04,6,-10,137,80,2024-01-01 00:00:00
P1969,WH04,7,-10,129,69,2024-01-01 00:00:00
P1969,WH04,8,-1,132,77,2024-01-01 00:00:00
P1969,WH04,9,-5,114,66,2024-01-01 00:00:00
P1969,WH04,10,-8,131,80,2024-01-01 00:00:00
P1969,WH05,1,-11,151,89,2024-01-01 00:00:00
P1969,WH05,2,-15,131,77,2024-01-01 00:00:00
P1969,WH05,3,-17,136,75,2024-01-01 00:00:00
P1969,WH05,4,-15,144,84,2024-01-01 00:00:00
P1969,WH05,5,-23,122,73,2024-01-01 00:00:00
P1969,WH05,6,-16,133,81,2024-01-01 00:00:00
P1969,WH05,7,-11,143,81,2024-01-01 00:00:00
P1969,WH05,8,-5,146,88,2024-01-01 00:00:00
P1969,WH05,9,-5,138,86,2024-01-01 00:00:00
P1969,WH05,10,-7,144,88,2024-01-01 00:00:00
P1969,WH06,1,-11,356,20,2024-01-01 00:00:00
P1969,WH06,2,-11,355,21,2024-01-01 00:00:00
P1969,WH06,3,-11,363,18,2024-01-01 00:00:00
P1969,WH06,4,5,364,22,2024-01-01 00:00:00
P1969,WH06,5,-5,360,19,2024-01-01 00:00:00
P1969,WH06,6,3,350,19,2024-01-01 00:00:00
P1969,WH06,7,-6,346,19,2024-01-01 00:00:00
P1969,WH06,8,-13,356,18,2024-01-01 00:00:00
P1969,WH06,9,-5,364,16,2024-01-01 00:00:00
P1969,WH06,10,0,363,18,2024-01-01 00:00:00
P1998,WH01,1,-5,99,51,2024-01-01 00:00:00
P1998,WH01,2,-4,98,47,2024-01-01 00:00:00
P1998,WH01,3,-15,95,46,2024-01-01 00:00:00
P1998,WH01,4,-17,101,47,2024-01-01 00:00:00
P1998,WH01,5,-9,99,48,2024-01-01 00:00:00
P1998,WH01,6,-8,102,47,2024-01-01 00:00:00
P1998,WH01,7,-11,101,50,2024-01-01 00:00:00
P1998,WH01,8,-8,106,47,2024-01-01 00:00:00
P1998,WH01,9,-2,95,48,2024-01-01 00:00:00
P1998,WH01,10,-8,93,43,2024-01-01 00:00:00
P1998,WH03,1,-11,115,54,2024-01-01 00:00:00
P1998,WH03,2,-9,105,53,2024-01-01 00:00:00
P1998,WH03,3,-12,113,55,2024-01-01 00:00:00
P1998,WH03,4,-12,101,53,2024-01-01 00:00:00
P1998,WH03,5,-17,101,52,2024-01-01 00:00:00
P1998,WH03,6,-11,103,52,2024-01-01 00:00:00
P1998,WH03,7,-12,103,45,2024-01-01 00:00:00
P1998,WH03,8,0,95,45,2024-01-01 00:00:00
P1998,WH03,9,-2,111,53,2024-01-01 00:00:00
P1998,WH03,10,-3,104,52,2024-01-01 00:00:00
P1998,WH04,1,-7,108,50,2024-01-01 00:00:00
P1998,WH04,2,-14,106,46,2024-01-01 00:00:00
P1998,WH04,3,-14,109,56,2024-01-01 00:00:00
P1998,WH04,4,-19,111,57,2024-01-01 00:00:00
P1998,WH04,5,-18,99,50,2024-01-01 00:00:00
P1998,WH04,6,-10,106,51,2024-01-01 00:00:00
P1998,WH04,7,-15,98,51,2024-01-01 00:00:00
P1998,WH04,8,6,105,46,2024-01-01 00:00:00
P1998,WH04,9,-4,112,52,2024-01-01 00:00:00
P1998,WH04,10,-8,102,47,2024-01-01 00:00:00
P1998,WH05,1,-11,106,58,2024-01-01 00:00:00
P1998,WH05,2,-14,112,60,2024-01-01 00:00:00
P1998,WH05,3,-13,125,63,2024-01-01 00:00:00
P1998,WH05,4,-19,110,54,2024-01-01 00:00:00
P1998,WH05,5,-19,103,56,2024-01-01 00:00:00
P1998,WH05,6,-6,123,62,2024-01-01 00:00:00
P1998,WH05,7,-12,111,57,2024-01-01 00:00:00
P1998,WH05,8,-5,121,61,2024-01-01 00:00:00
P1998,WH05,9,-4,115,54,2024-01-01 00:00:00
P1998,WH05,10,-7,108,56,2024-01-01 00:00:00
P1998,WH06,1,-10,277,23,2024-01-01 00:00:00
P1998,WH06,2,-3,272,24,2024-01-01 00:00:00
P1998,WH06,3,-9,270,26,2024-01-01 00:00:00
P1998,WH06,4,0,271,24,2024-01-01 00:00:00
P1998,WH06,5,-2,267,21,2024-01-01 00:00:00
P1998,WH06,6,-7,279,22,2024-01-01 00:00:00
P1998,WH06,7,5,280,22,2024-01-01 00:00:00
P1998,WH06,8,2,263,23,2024-01-01 00:00:00
P1998,WH06,9,2,278,25,2024-01-01 00:00:00
P1998,WH06,10,-10,282,25,2024-01-01 00:00:00
P2002,WH01,1,-7,100,40,2024-01-01 00:00:00
P2002,WH01,2,-4,104,42,2024-01-01 00:00:00
P2002,WH01,3,-9,108,46,2024-01-01 00:00:00
P2002,WH01,4,-16,92,43,2024-01-01 00:00:00
P2002,WH01,5,-9,94,43,2024-01-01 00:00:00
P2002,WH01,6,-6,104,48,2024-01-01 00:00:00
P2002,WH01,7,-11,100,49,2024-01-01 00:00:00
P2002,WH01,8,-4,93,46,2024-01-01 00:00:00
P2002,WH01,9,-8,110,51,2024-01-01 00:00:00
P2002,WH01,10,-8,98,49,2024-01-01 00:00:00
P2002,WH03,1,-10,98,50,2024-01-01 00:00:00
P2002,WH03,2,-11,106,47,2024-01-01 00:00:00
P2002,WH03,3,-9,96,48,2024-01-01 00:00:00
P2002,WH03,4,-13,105,55,2024-01-01 00:00:00
P2002,WH03,5,-18,97,49,2024-01-01 00:00:00
P2002,WH03,6,-12,112,51,2024-01-01 00:00:00
P2002,WH03,7,-8,101,47,2024-01-01 00:00:00
P2002,WH03,8,-4,106,55,2024-01-01 00:00:00
P2002,WH03,9,-7,106,46,2024-01-01 00:00:00
P2002,WH03,10,-3,110,51,2024-01-01 00:00:00
P2002,WH04,1,-10,97,50,2024-01-01 00:00:00
P2002,WH04,2,-12,104,55,2024-01-01 00:00:00
P2002,WH04,3,-18,107,50,2024-01-01 00:00:00
P2002,WH04,4,-15,114,57,2024-01-01 00:00:00
P2002,WH04,5,-19,101,53,2024-01-01 00:00:00
P2002,WH04,6,-8,100,48,2024-01-01 00:00:00
P2002,WH04,7,-10,101,51,2024-01-01 00:00:00
P2002,WH04,8,4,112,57,2024-01-01 00:00:00
P2002,WH04,9,-4,95,47,2024-01-01 00:00:00
P2002,WH04,10,-8,105,55,2024-01-01 00:00:00
P2002,WH05,1,-6,114,57,2024-01-01 00:00:00
P2002,WH05,2,-15,113,54,2024-01-01 00:00:00
P2002,WH05,3,-21,127,65,2024-01-01 00:00:00
P2002,WH05,4,-9,116,65,2024-01-01 00:00:00
P2002,WH05,5,-12,124,65,2024-01-01 00:00:00
P2002,WH05,6,-13,102,54,2024-01-01 00:00:00
P2002,WH05,7,-7,117,55,2024-01-01 00:00:00
P2002,WH05,8,-7,111,57,2024-01-01 00:00:00
P2002,WH05,9,-2,115,59,2024-01-01 00:00:00
P2002,WH05,10,-7,114,56,2024-01-01 00:00:00
P2002,WH06,1,2,282,26,2024-01-01 00:00:00
P2002,WH06,2,-9,271,26,2024-01-01 00:00:00
P2002,WH06,3,-3,280,24,2024-01-01 00:00:00
P2002,WH06,4,-3,283,21,2024-01-01 00:00:00
P2002,WH06,5,-10,270,26,2024-01-01 00:00:00
P2002,WH06,6,0,280,26,2024-01-01 00:00:00
P2002,WH06,7,4,271,21,2024-01-01 00:00:00
P2002,WH06,8,2,269,22,2024-01-01 00:00:00
P2002,WH06,9,-7,284,20,2024-01-01 00:00:00
P2002,WH06,10,-10,285,24,2024-01-01 00:00:00
P2158,WH01,1,-8,99,45,2024-01-01 00:00:00
P2158,WH01,2,-4,100,45,2024-01-01 00:00:00
P2158,WH01,3,-16,113,56,2024-01-01 00:00:00
P2158,WH01,4,-13,96,44,2024-01-01 00:00:00
P2158,WH01,5,-14,104,54,2024-01-01 00:00:00
P2158,WH01,6,-11,106,55,2024-01-01 00:00:00
P2158,WH01,7,-8,103,44,2024-01-01 00:00:00
P2158,WH01,8,-5,104,54,2024-01-01 00:00:00
P2158,WH01,9,-3,102,50,2024-01-01 00:00:00
P2158,WH01,10,-5,97,47,2024-01-01 00:00:00
P2158,WH03,1,-8,113,57,2024-01-01 00:00:00
P2158,WH03,2,-14,120,61,2024-01-01 00:00:00
P2158,WH03,3,-19,116,57,2024-01-01 00:00:00
P2158,WH03,4,-14,99,49,2024-01-01 00:00:00
P2158,WH03,5,-17,99,49,2024-01-01 00:00:00
P2158,WH03,6,-10,118,60,2024-01-01 00:00:00
P2158,WH03,7,-9,119,60,2024-01-01 00:00:00
P2158,WH03,8,0,119,57,2024-01-01 00:00:00
P2158,WH03,9,-7,119,59,2024-01-01 00:00:00
P2158,WH03,10,-2,117,60,2024-01-01 00:00:00
P2158,WH04,1,-14,113,57,2024-01-01 00:00:00
P2158,WH04,2,-12,108,51,2024-01-01 00:00:00
P2158,WH04,3,-17,117,59,2024-01-01 00:00:00
P2158,WH04,4,-18,112,61,2024-01-01 00:00:00
P2158,WH04,5,-11,112,55,2024-01-01 00:00:00
P2158,WH04,6,-10,107,51,2024-01-01 00:00:00
P2158,WH04,7,-11,104,54,2024-01-01 00:00:00
P2158,WH04,8,1,112,63,2024-01-01 00:00:00
P2158,WH04,9,-6,122,62,2024-01-01 00:00:00
P2158,WH04,10,-3,114,59,2024-01-01 00:00:00
P2158,WH05,1,-13,117,61,2024-01-01 00:00:00
P2158,WH05,2,-8,126,68,2024-01-01 00:00:00
P2158,WH05,3,-23,123,68,2024-01-01 00:00:00
P2158,WH05,4,-17,115,62,2024-01-01 00:00:00
P2158,WH05,5,-17,117,59,2024-01-01 00:00:00
P2158,WH05,6,-11,116,60,2024-01-01 00:00:00
P2158,WH05,7,-12,123,62,2024-01-01 00:00:00
P2158,WH05,8,-3,111,60,2024-01-01 00:00:00
P2158,WH05,9,-6,107,59,2024-01-01 00:00:00
P2158,WH05,10,-8,119,66,2024-01-01 00:00:00
P2158,WH06,1,-6,302,16,2024-01-01 00:00:00
P2158,WH06,2,-5,295,18,2024-01-01 00:00:00
P2158,WH06,3,-4,304,20,2024-01-01 00:00:00
P2158,WH06,4,6,297,22,2024-01-01 00:00:00
P2158,WH06,5,-5,310,18,2024-01-01 00:00:00
P2158,WH06,6,-11,296,18,2024-01-01 00:00:00
P2158,WH06,7,2,296,20,2024-01-01 00:00:00
P2158,WH06,8,2,294,21,2024-01-01 00:00:00
P2158,WH06,9,-7,303,21,2024-01-01 00:00:00
P2158,WH06,10,-10,295,20,2024-01-01 00:00:00
P2189,WH01,1,-11,114,53,2024-01-01 00:00:00
P2189,WH01,2,-4,102,44,2024-01-01 00:00:00
P2189,WH01,3,-7,108,57,2024-01-01 00:00:00
P2189,WH01,4,-15,110,49,2024-01-01 00:00:00
P2189,WH01,5,-16,94,45,2024-01-01 00:00:00
P2189,WH01,6,-10,109,51,2024-01-01 00:00:00
P2189,WH01,7,-9,99,48,2024-01-01 00:00:00
P2189,WH01,8,-6,104,44,2024-01-01 00:00:00
P2189,WH01,9,-2,109,54,2024-01-01 00:00:00
P2189,WH01,10,-7,114,54,2024-01-01 00:00:00
P2189,WH03,1,-7,104,52,2024-01-01 00:00:00
P2189,WH03,2,-8,108,49,2024-01-01 00:00:00
P2189,WH03,3,-17,110,52,2024-01-01 00:00:00
P2189,WH03,4,-14,116,62,2024-01-01 00:00:00
P2189,WH03,5,-14,113,51,2024-01-01 00:00:00
P2189,WH03,6,-6,109,53,2024-01-01 00:00:00
P2189,WH03,7,-8,107,57,2024-01-01 00:00:00
P2189,WH03,8,6,106,52,2024-01-01 00:00:00
P2189,WH03,9,-7,109,57,2024-01-01 00:00:00
P2189,WH03,10,-5,122,61,2024-01-01 00:00:00
P2189,WH04,1,-9,105,52,2024-01-01 00:00:00
P2189,WH04,2,-7,122,61,2024-01-01 00:00:00
P2189,WH04,3,-15,112,58,2024-01-01 00:00:00
P2189,WH04,4,-17,114,63,2024-01-01 00:00:00
P2189,WH04,5,-20,111,56,2024-01-01 00:00:00
P2189,WH04,6,-8,117,58,2024-01-01 00:00:00
P2189,WH04,7,-10,99,52,2024-01-01 00:00:00
P2189,WH04,8,5,117,62,2024-01-01 00:00:00
P2189,WH04,9,-6,111,58,2024-01-01 00:00:00
P2189,WH04,10,-2,114,54,2024-01-01 00:00:00
P2189,WH05,1,-11,123,67,2024-01-01 00:00:00
P2189,WH05,2,-7,121,71,2024-01-01 00:00:00
P2189,WH05,3,-20,108,61,2024-01-01 00:00:00
P2189,WH05,4,-22,121,66,2024-01-01 00:00:00
P2189,WH05,5,-20,122,63,2024-01-01 00:00:00
P2189,WH05,6,-17,121,63,2024-01-01 00:00:00
P2189,WH05,7,-8,128,66,2024-01-01 00:00:00
P2189,WH05,8,-6,120,68,2024-01-01 00:00:00
P2189,WH05,9,-2,107,59,2024-01-01 00:00:00
P2189,WH05,10,-8,116,68,2024-01-01 00:00:00
P2189,WH06,1,-11,303,18,2024-01-01 00:00:00
P2189,WH06,2,-9,319,16,2024-01-01 00:00:00
P2189,WH06,3,-11,300,21,2024-01-01 00:00:00
P2189,WH06,4,-5,308,19,2024-01-01 00:00:00
P2189,WH06,5,-3,319,20,2024-01-01 00:00:00
P2189,WH06,6,-6,307,15,2024-01-01 00:00:00
P2189,WH06,7,7,310,19,2024-01-01 00:00:00
P2189,WH06,8,-4,303,17,2024-01-01 00:00:00
P2189,WH06,9,-9,310,15,2024-01-01 00:00:00
P2189,WH06,10,-5,305,21,2024-01-01 00:00:00
P2194,WH01,1,-7,101,53,2024-01-01 00:00:00
P2194,WH01,2,-9,116,56,2024-01-01 00:00:00
P2194,WH01,3,-13,97,48,2024-01-01 00:00:00
P2194,WH01,4,-15,103,48,2024-01-01 00:00:00
P2194,WH01,5,-14,115,60,2024-01-01 00:00:00
P2194,WH01,6,-10,119,60,2024-01-01 00:00:00
P2194,WH01,7,-9,102,48,2024-01-01 00:00:00
P2194,WH01,8,-8,104,52,2024-01-01 00:00:00
P2194,WH01,9,-8,115,54,2024-01-01 00:00:00
P2194,WH01,10,-3,99,50,2024-01-01 00:00:00
P2194,WH03,1,-11,119,65,2024-01-01 00:00:00
P2194,WH03,2,-14,125,65,2024-01-01 00:00:00
P2194,WH03,3,-11,123,65,2024-01-01 00:00:00
P2194,WH03,4,-19,118,58,2024-01-01 00:00:00
P2194,WH03,5,-10,110,57,2024-01-01 00:00:00
P2194,WH03,6,-11,107,53,2024-01-01 00:00:00
P2194,WH03,7,-7,116,61,2024-01-01 00:00:00
P2194,WH03,8,2,115,56,2024-01-01 00:00:00
P2194,WH03,9,-8,105,56,2024-01-01 00:00:00
P2194,WH03,10,-8,113,62,2024-01-01 00:00:00
P2194,WH04,1,-8,125,64,2024-01-01 00:00:00
P2194,WH04,2,-8,114,64,2024-01-01 00:00:00
P2194,WH04,3,-16,124,67,2024-01-01 00:00:00
P2194,WH04,4,-17,106,56,2024-01-01 00:00:00
P2194,WH04,5,-17,111,64,2024-01-01 00:00:00
P2194,WH04,6,-11,122,65,2024-01-01 00:00:00
P2194,WH04,7,-13,109,61,2024-01-01 00:00:00
P2194,WH04,8,0,122,66,2024-01-01 00:00:00
P2194,WH04,9,-8,119,57,2024-01-01 00:00:00
P2194,WH04,10,-8,118,66,2024-01-01 00:00:00
P2194,WH05,1,-13,116,62,2024-01-01 00:00:00
P2194,WH05,2,-5,121,64,2024-01-01 00:00:00
P2194,WH05,3,-9,124,69,2024-01-01 00:00:00
P2194,WH05,4,-13,121,67,2024-01-01 00:00:00
P2194,WH05,5,-16,128,73,2024-01-01 00:00:00
P2194,WH05,6,-17,120,73,2024-01-01 00:00:00
P2194,WH05,7,-8,113,62,2024-01-01 00:00:00
P2194,WH05,8,-5,117,62,2024-01-01 00:00:00
P2194,WH05,9,-5,119,69,2024-01-01 00:00:00
P2194,WH05,10,-2,125,75,2024-01-01 00:00:00
P2194,WH06,1,-4,324,23,2024-01-01 00:00:00
P2194,WH06,2,-7,325,21,2024-01-01 00:00:00
P2194,WH06,3,-3,311,25,2024-01-01 00:00:00
P2194,WH06,4,4,307,22,2024-01-01 00:00:00
P2194,WH06,5,-12,316,24,2024-01-01 00:00:00
P2194,WH06,6,-11,312,20,2024-01-01 00:00:00
P2194,WH06,7,-2,311,24,2024-01-01 00:00:00
P2194,WH06,8,-4,324,20,2024-01-01 00:00:00
P2194,WH06,9,-11,318,25,2024-01-01 00:00:00
P2194,WH06,10,-5,322,25,2024-01-01 00:00:00
P2195,WH01,1,-6,117,59,2024-01-01 00:00:00
P2195,WH01,2,-5,118,58,2024-01-01 00:00:00
P2195,WH01,3,-9,107,48,2024-01-01 00:00:00
P2195,WH01,4,-14,121,60,2024-01-01 00:00:00
P2195,WH01,5,-15,95,48,2024-01-01 00:00:00
P2195,WH01,6,-8,102,48,2024-01-01 00:00:00
P2195,WH01,7,-4,105,47,2024-01-01 00:00:00
P2195,WH01,8,-6,109,59,2024-01-01 00:00:00
P2195,WH01,9,-8,113,54,2024-01-01 00:00:00
P2195,WH01,10,-4,108,60,2024-01-01 00:00:00
P2195,WH03,1,-8,106,58,2024-01-01 00:00:00
P2195,WH03,2,-14,121,66,2024-01-01 00:00:00
P2195,WH03,3,-11,106,59,2024-01-01 00:00:00
P2195,WH03,4,-17,111,64,2024-01-01 00:00:00
P2195,WH03,5,-16,99,52,2024-01-01 00:00:00
P2195,WH03,6,-13,113,56,2024-01-01 00:00:00
P2195,WH03,7,-6,105,52,2024-01-01 00:00:00
P2195,WH03,8,6,107,58,2024-01-01 00:00:00
P2195,WH03,9,-3,108,54,2024-01-01 00:00:00
P2195,WH03,10,-3,107,60,2024-01-01 00:00:00
P2195,WH04,1,-12,112,64,2024-01-01 00:00:00
P2195,WH04,2,-14,126,68,2024-01-01 00:00:00
P2195,WH04,3,-16,108,59,2024-01-01 00:00:00
P2195,WH04,4,-22,109,55,2024-01-01 00:00:00
P2195,WH04,5,-18,123,67,2024-01-01 00:00:00
P2195,WH04,6,-11,126,66,2024-01-01 00:00:00
P2195,WH04,7,-15,116,66,2024-01-01 00:00:00
P2195,WH04,8,2,113,63,2024-01-01 00:00:00
P2195,WH04,9,-6,117,60,2024-01-01 00:00:00
P2195,WH04,10,-5,120,64,2024-01-01 00:00:00
P2195,WH05,1,-14,125,74,2024-01-01 00:00:00
P2195,WH05,2,-10,133,71,2024-01-01 00:00:00
P2195,WH05,3,-9,116,67,2024-01-01 00:00:00
P2195,WH05,4,-20,122,67,2024-01-01 00:00:00
P2195,WH05,5,-9,118,71,2024-01-01 00:00:00
P2195,WH05,6,-17,128,72,2024-01-01 00:00:00
P2195,WH05,7,-8,116,63,2024-01-01 00:00:00
P2195,WH05,8,-6,130,75,2024-01-01 00:00:00
P2195,WH05,9,-3,114,66,2024-01-01 00:00:00
P2195,WH05,10,-3,124,74,2024-01-01 00:00:00
P2195,WH06,1,-11,339,19,2024-01-01 00:00:00
P2195,WH06,2,-5,327,19,2024-01-01 00:00:00
P2195,WH06,3,3,345,19,2024-01-01 00:00:00
P2195,WH06,4,5,329,20,2024-01-01 00:00:00
P2195,WH06,5,-11,334,18,2024-01-01 00:00:00
P2195,WH06,6,0,336,21,2024-01-01 00:00:00
P2195,WH06,7,10,329,15,2024-01-01 00:00:00
P2195,WH06,8,-7,333,16,2024-01-01 00:00:00
P2195,WH06,9,-7,337,15,2024-01-01 00:00:00
P2195,WH06,10,3,328,18,2024-01-01 00:00:00
P2232,WH01,1,-4,114,61,2024-01-01 00:00:00
P2232,WH01,2,-7,116,62,2024-01-01 00:00:00
P2232,WH01,3,-14,105,51,2024-01-01 00:00:00
P2232,WH01,4,-14,109,55,2024-01-01 00:00:00
P2232,WH01,5,-14,118,58,2024-01-01 00:00:00
P2232,WH01,6,-7,109,53,2024-01-01 00:00:00
P2232,WH01,7,-7,104,52,2024-01-01 00:00:00
P2232,WH01,8,-4,126,65,2024-01-01 00:00:00
P2232,WH01,9,-4,109,59,2024-01-01 00:00:00
P2232,WH01,10,-2,113,65,2024-01-01 00:00:00
P2232,WH03,1,-9,113,62,2024-01-01 00:00:00
P2232,WH03,2,-7,109,62,2024-01-01 00:00:00
P2232,WH03,3,-15,122,65,2024-01-01 00:00:00
P2232,WH03,4,-17,107,58,2024-01-01 00:00:00
P2232,WH03,5,-15,110,62,2024-01-01 00:00:00
P2232,WH03,6,-8,121,69,2024-01-01 00:00:00
P2232,WH03,7,-12,113,59,2024-01-01 00:00:00
P2232,WH03,8,5,120,69,2024-01-01 00:00:00
P2232,WH03,9,-3,115,65,2024-01-01 00:00:00
P2232,WH03,10,-5,128,69,2024-01-01 00:00:00
P2232,WH04,1,-8,124,65,2024-01-01 00:00:00
P2232,WH04,2,-8,123,72,2024-01-01 00:00:00
P2232,WH04,3,-18,116,68,2024-01-01 00:00:00
P2232,WH04,4,-15,130,68,2024-01-01 00:00:00
P2232,WH04,5,-14,131,71,2024-01-01 00:00:00
P2232,WH04,6,-9,115,59,2024-01-01 00:00:00
P2232,WH04,7,-11,123,72,2024-01-01 00:00:00
P2232,WH04,8,2,114,65,2024-01-01 00:00:00
P2232,WH04,9,-2,121,74,2024-01-01 00:00:00
P2232,WH04,10,-5,120,59,2024-01-01 00:00:00
P2232,WH05,1,-17,130,78,2024-01-01 00:00:00
P2232,WH05,2,-11,120,69,2024-01-01 00:00:00
P2232,WH05,3,-17,120,71,2024-01-01 00:00:00
P2232,WH05,4,-14,131,71,2024-01-01 00:00:00
P2232,WH05,5,-11,120,72,2024-01-01 00:00:00
P2232,WH05,6,-6,130,76,2024-01-01 00:00:00
P2232,WH05,7,-14,132,79,2024-01-01 00:00:00
P2232,WH05,8,-3,128,81,2024-01-01 00:00:00
P2232,WH05,9,-2,128,72,2024-01-01 00:00:00
P2232,WH05,10,-3,136,76,2024-01-01 00:00:00
P2232,WH06,1,-9,334,23,2024-01-01 00:00:00
P2232,WH06,2,-6,336,18,2024-01-01 00:00:00
P2232,WH06,3,-9,336,19,2024-01-01 00:00:00
P2232,WH06,4,-2,346,22,2024-01-01 00:00:00
P2232,WH06,5,-4,337,17,2024-01-01 00:00:00
P2232,WH06,6,0,345,20,2024-01-01 00:00:00
P2232,WH06,7,-6,335,20,2024-01-01 00:00:00
P2232,WH06,8,-13,348,21,2024-01-01 00:00:00
P2232,WH06,9,-10,352,19,2024-01-01 00:00:00
P2232,WH06,10,0,350,19,2024-01-01 00:00:00
P2237,WH01,1,-9,115,63,2024-01-01 00:00:00
P2237,WH01,2,-10,106,57,2024-01-01 00:00:00
P2237,WH01,3,-8,115,63,2024-01-01 00:00:00
P2237,WH01,4,-13,118,61,2024-01-01 00:00:00
P2237,WH01,5,-11,117,64,2024-01-01 00:00:00
P2237,WH01,6,-11,101,51,2024-01-01 00:00:00
P2237,WH01,7,-11,123,66,2024-01-01 00:00:00
P2237,WH01,8,-8,113,60,2024-01-01 00:00:00
P2237,WH01,9,-8,103,54,2024-01-01 00:00:00
P2237,WH01,10,-7,98,51,2024-01-01 00:00:00
P2237,WH03,1,-8,110,61,2024-01-01 00:00:00
P2237,WH03,2,-12,124,66,2024-01-01 00:00:00
P2237,WH03,3,-20,114,57,2024-01-01 00:00:00
P2237,WH03,4,-15,114,61,2024-01-01 00:00:00
P2237,WH03,5,-13,107,58,2024-01-01 00:00:00
P2237,WH03,6,-10,106,58,2024-01-01 00:00:00
P2237,WH03,7,-14,119,61,2024-01-01 00:00:00
P2237,WH03,8,5,121,67,2024-01-01 00:00:00
P2237,WH03,9,-5,116,64,2024-01-01 00:00:00
P2237,WH03,10,-3,114,67,2024-01-01 00:00:00
P2237,WH04,1,-11,130,69,2024-01-01 00:00:00
P2237,WH04,2,-14,114,61,2024-01-01 00:00:00
P2237,WH04,3,-18,117,60,2024-01-01 00:00:00
P2237,WH04,4,-14,124,70,2024-01-01 00:00:00
P2237,WH04,5,-18,125,69,2024-01-01 00:00:00
P2237,WH04,6,-7,125,75,2024-01-01 00:00:00
P2237,WH04,7,-10,122,63,2024-01-01 00:00:00
P2237,WH04,8,2,129,72,2024-01-01 00:00:00
P2237,WH04,9,-5,119,61,2024-01-01 00:00:00
P2237,WH04,10,-7,115,63,2024-01-01 00:00:00
P2237,WH05,1,-13,138,77,2024-01-01 00:00:00
P2237,WH05,2,-10,135,79,2024-01-01 00:00:00
P2237,WH05,3,-21,127,72,2024-01-01 00:00:00
P2237,WH05,4,-21,125,70,2024-01-01 00:00:00
P2237,WH05,5,-16,120,70,2024-01-01 00:00:00
P2237,WH05,6,-10,133,77,2024-01-01 00:00:00
P2237,WH05,7,-8,129,80,2024-01-01 00:00:00
P2237,WH05,8,-2,130,70,2024-01-01 00:00:00
P2237,WH05,9,-5,128,80,2024-01-01 00:00:00
P2237,WH05,10,-3,142,82,2024-01-01 00:00:00
P2237,WH06,1,-4,333,23,2024-01-01 00:00:00
P2237,WH06,2,-4,339,22,2024-01-01 00:00:00
P2237,WH06,3,-10,338,19,2024-01-01 00:00:00
P2237,WH06,4,-4,336,22,2024-01-01 00:00:00
P2237,WH06,5,-3,344,19,2024-01-01 00:00:00
P2237,WH06,6,-13,346,18,2024-01-01 00:00:00
P2237,WH06,7,1,344,18,2024-01-01 00:00:00
P2237,WH06,8,-9,343,22,2024-01-01 00:00:00
P2237,WH06,9,-10,338,18,2024-01-01 00:00:00
P2237,WH06,10,-9,331,22,2024-01-01 00:00:00
P0119,WH01,1,-8,128,74,2024-01-01 00:00:00
P0119,WH01,2,-6,115,68,2024-01-01 00:00:00
P0119,WH01,3,-16,131,72,2024-01-01 00:00:00
P0119,WH01,4,-14,119,65,2024-01-01 00:00:00
P0119,WH01,5,-15,119,68,2024-01-01 00:00:00
P0119,WH01,6,-5,131,69,2024-01-01 00:00:00
P0119,WH01,7,-5,129,68,2024-01-01 00:00:00
P0119,WH01,8,-10,130,74,2024-01-01 00:00:00
P0119,WH01,9,-3,132,76,2024-01-01 00:00:00
P0119,WH01,10,-10,127,72,2024-01-01 00:00:00
P0119,WH03,1,-8,138,82,2024-01-01 00:00:00
P0119,WH03,2,-9,132,71,2024-01-01 00:00:00
P0119,WH03,3,-16,134,82,2024-01-01 00:00:00
P0119,WH03,4,-16,132,79,2024-01-01 00:00:00
P0119,WH03,5,-21,142,83,2024-01-01 00:00:00
P0119,WH03,6,-7,131,77,2024-01-01 00:00:00
P0119,WH03,7,-10,140,82,2024-01-01 00:00:00
P0119,WH03,8,3,122,71,2024-01-01 00:00:00
P0119,WH03,9,-5,120,72,2024-01-01 00:00:00
P0119,WH03,10,-2,128,77,2024-01-01 00:00:00
P0119,WH04,1,-17,136,86,2024-01-01 00:00:00
P0119,WH04,2,-9,121,72,2024-01-01 00:00:00
P0119,WH04,3,-21,123,76,2024-01-01 00:00:00
P0119,WH04,4,-18,138,80,2024-01-01 00:00:00
P0119,WH04,5,-16,134,76,2024-01-01 00:00:00
P0119,WH04,6,-16,128,72,2024-01-01 00:00:00
P0119,WH04,7,-14,137,83,2024-01-01 00:00:00
P0119,WH04,8,2,126,72,2024-01-01 00:00:00
P0119,WH04,9,-4,137,76,2024-01-01 00:00:00
P0119,WH04,10,-7,138,76,2024-01-01 00:00:00
P0119,WH05,1,-17,144,88,2024-01-01 00:00:00
P0119,WH05,2,-11,156,94,2024-01-01 00:00:00
P0119,WH05,3,-20,146,96,2024-01-01 00:00:00
P0119,WH05,4,-19,150,93,2024-01-01 00:00:00
P0119,WH05,5,-25,158,97,2024-01-01 00:00:00
P0119,WH05,6,-15,152,96,2024-01-01 00:00:00
P0119,WH05,7,-7,136,89,2024-01-01 00:00:00
P0119,WH05,8,-9,130,83,2024-01-01 00:00:00
P0119,WH05,9,-4,141,86,2024-01-01 00:00:00
P0119,WH05,10,-10,142,89,2024-01-01 00:00:00
P0119,WH06,1,3,388,30,2024-01-01 00:00:00
P0119,WH06,2,-5,390,31,2024-01-01 00:00:00
P0119,WH06,3,-3,376,31,2024-01-01 00:00:00
P0119,WH06,4,1,386,26,2024-01-01 00:00:00
P0119,WH06,5,3,383,27,2024-01-01 00:00:00
P0119,WH06,6,3,383,30,2024-01-01 00:00:00
P0119,WH06,7,9,380,31,2024-01-01 00:00:00
P0119,WH06,8,-3,375,26,2024-01-01 00:00:00
P0119,WH06,9,-3,388,29,2024-01-01 00:00:00
P0119,WH06,10,3,387,29,2024-01-01 00:00:00
P0120,WH01,1,-11,103,54,2024-01-01 00:00:00
P0120,WH01,2,-10,100,47,2024-01-01 00:00:00
P0120,WH01,3,-11,100,45,2024-01-01 00:00:00
P0120,WH01,4,-18,101,46,2024-01-01 00:00:00
P0120,WH01,5,-17,101,44,2024-01-01 00:00:00
P0120,WH01,6,-6,104,52,2024-01-01 00:00:00
P0120,WH01,7,-7,107,49,2024-01-01 00:00:00
P0120,WH01,8,-3,114,53,2024-01-01 00:00:00
P0120,WH01,9,-8,109,49,2024-01-01 00:00:00
P0120,WH01,10,-7,95,46,2024-01-01 00:00:00
P0120,WH03,1,-12,107,56,2024-01-01 00:00:00
P0120,WH03,2,-9,102,54,2024-01-01 00:00:00
P0120,WH03,3,-14,111,53,2024-01-01 00:00:00
P0120,WH03,4,-12,106,54,2024-01-01 00:00:00
P0120,WH03,5,-11,118,56,2024-01-01 00:00:00
P0120,WH03,6,-15,108,58,2024-01-01 00:00:00
P0120,WH03,7,-13,110,51,2024-01-01 00:00:00
P0120,WH03,8,9,114,58,2024-01-01 00:00:00
P0120,WH03,9,-10,119,57,2024-01-01 00:00:00
P0120,WH03,10,-5,115,58,2024-01-01 00:00:00
P0120,WH04,1,-9,112,56,2024-01-01 00:00:00
P0120,WH04,2,-16,110,60,2024-01-01 00:00:00
P0120,WH04,3,-17,117,57,2024-01-01 00:00:00
P0120,WH04,4,-21,105,55,2024-01-01 00:00:00
P0120,WH04,5,-19,114,61,2024-01-01 00:00:00
P0120,WH04,6,-8,112,54,2024-01-01 00:00:00
P0120,WH04,7,-10,106,52,2024-01-01 00:00:00
P0120,WH04,8,1,113,57,2024-01-01 00:00:00
P0120,WH04,9,-4,114,61,2024-01-01 00:00:00
P0120,WH04,10,-8,101,50,2024-01-01 00:00:00
P0120,WH05,1,-17,106,56,2024-01-01 00:00:00
P0120,WH05,2,-15,121,62,2024-01-01 00:00:00
P0120,WH05,3,-11,118,57,2024-01-01 00:00:00
P0120,WH05,4,-22,111,64,2024-01-01 00:00:00
P0120,WH05,5,-14,119,63,2024-01-01 00:00:00
P0120,WH05,6,-9,116,56,2024-01-01 00:00:00
P0120,WH05,7,-14,117,64,2024-01-01 00:00:00
P0120,WH05,8,-2,128,67,2024-01-01 00:00:00
P0120,WH05,9,-2,113,62,2024-01-01 00:00:00
P0120,WH05,10,-5,119,62,2024-01-01 00:00:00
P0120,WH06,1,-6,334,23,2024-01-01 00:00:00
P0120,WH06,2,-8,338,26,2024-01-01 00:00:00
P0120,WH06,3,-5,336,25,2024-01-01 00:00:00
P0120,WH06,4,5,340,23,2024-01-01 00:00:00
P0120,WH06,5,-3,340,29,2024-01-01 00:00:00
P0120,WH06,6,-3,340,26,2024-01-01 00:00:00
P0120,WH06,7,2,345,28,2024-01-01 00:00:00
P0120,WH06,8,-5,327,29,2024-01-01 00:00:00
P0120,WH06,9,-6,336,28,2024-01-01 00:00:00
P0120,WH06,10,-2,340,25,2024-01-01 00:00:00
P0165,WH01,1,-8,106,57,2024-01-01 00:00:00
P0165,WH01,2,-6,115,54,2024-01-01 00:00:00
P0165,WH01,3,-14,110,48,2024-01-01 00:00:00
P0165,WH01,4,-11,110,53,2024-01-01 00:00:00
P0165,WH01,5,-19,94,47,2024-01-01 00:00:00
P0165,WH01,6,-9,113,51,2024-01-01 00:00:00
P0165,WH01,7,-5,111,51,2024-01-01 00:00:00
P0165,WH01,8,-8,95,48,2024-01-01 00:00:00
P0165,WH01,9,-5,107,53,2024-01-01 00:00:00
P0165,WH01,10,-5,102,52,2024-01-01 00:00:00
P0165,WH03,1,-13,108,52,2024-01-01 00:00:00
P0165,WH03,2,-10,113,53,2024-01-01 00:00:00
P0165,WH03,3,-19,117,58,2024-01-01 00:00:00
P0165,WH03,4,-19,102,55,2024-01-01 00:00:00
P0165,WH03,5,-19,106,51,2024-01-01 00:00:00
P0165,WH03,6,-16,111,62,2024-01-01 00:00:00
P0165,WH03,7,-13,108,54,2024-01-01 00:00:00
P0165,WH03,8,4,106,57,2024-01-01 00:00:00
P0165,WH03,9,-4,102,54,2024-01-01 00:00:00
P0165,WH03,10,-2,108,55,2024-01-01 00:00:00
P0165,WH04,1,-13,106,56,2024-01-01 00:00:00
P0165,WH04,2,-8,120,61,2024-01-01 00:00:00
P0165,WH04,3,-22,118,63,2024-01-01 00:00:00
P0165,WH04,4,-27,107,55,2024-01-01 00:00:00
P0165,WH04,5,-12,115,56,2024-01-01 00:00:00
P0165,WH04,6,-9,108,55,2024-01-01 00:00:00
P0165,WH04,7,-18,116,62,2024-01-01 00:00:00
P0165,WH04,8,5,113,64,2024-01-01 00:00:00
P0165,WH04,9,-7,120,59,2024-01-01 00:00:00
P0165,WH04,10,-8,116,63,2024-01-01 00:00:00
P0165,WH05,1,-11,109,59,2024-01-01 00:00:00
P0165,WH05,2,-7,121,59,2024-01-01 00:00:00
P0165,WH05,3,-14,121,71,2024-01-01 00:00:00
P0165,WH05,4,-27,117,63,2024-01-01 00:00:00
P0165,WH05,5,-23,126,66,2024-01-01 00:00:00
P0165,WH05,6,-11,121,66,2024-01-01 00:00:00
P0165,WH05,7,-8,119,66,2024-01-01 00:00:00
P0165,WH05,8,-6,124,66,2024-01-01 00:00:00
P0165,WH05,9,-8,123,67,2024-01-01 00:00:00
P0165,WH05,10,-5,124,71,2024-01-01 00:00:00
P0165,WH06,1,-7,341,32,2024-01-01 00:00:00
P0165,WH06,2,-3,330,28,2024-01-01 00:00:00
P0165,WH06,3,0,337,34,2024-01-01 00:00:00
P0165,WH06,4,3,346,33,2024-01-01 00:00:00
P0165,WH06,5,0,344,32,2024-01-01 00:00:00
P0165,WH06,6,-9,335,30,2024-01-01 00:00:00
P0165,WH06,7,0,331,32,2024-01-01 00:00:00
P0165,WH06,8,-3,332,29,2024-01-01 00:00:00
P0165,WH06,9,-3,331,31,2024-01-01 00:00:00
P0165,WH06,10,-8,336,31,2024-01-01 00:00:00
P0178,WH01,1,-7,118,58,2024-01-01 00:00:00
P0178,WH01,2,-10,105,56,2024-01-01 00:00:00
P0178,WH01,3,-17,104,52,2024-01-01 00:00:00
P0178,WH01,4,-13,120,60,2024-01-01 00:00:00
P0178,WH01,5,-9,112,53,2024-01-01 00:00:00
P0178,WH01,6,-13,112,51,2024-01-01 00:00:00
P0178,WH01,7,-10,117,56,2024-01-01 00:00:00
P0178,WH01,8,-4,121,60,2024-01-01 00:00:00
P0178,WH01,9,-8,98,50,2024-01-01 00:00:00
P0178,WH01,10,-5,113,59,2024-01-01 00:00:00
P0178,WH03,1,-14,124,63,2024-01-01 00:00:00
P0178,WH03,2,-15,115,61,2024-01-01 00:00:00
P0178,WH03,3,-13,119,65,2024-01-01 00:00:00
P0178,WH03,4,-20,119,60,2024-01-01 00:00:00
P0178,WH03,5,-18,120,59,2024-01-01 00:00:00
P0178,WH03,6,-8,113,56,2024-01-01 00:00:00
P0178,WH03,7,-12,105,56,2024-01-01 00:00:00
P0178,WH03,8,5,115,65,2024-01-01 00:00:00
P0178,WH03,9,-4,108,61,2024-01-01 00:00:00
P0178,WH03,10,-10,113,53,2024-01-01 00:00:00
P0178,WH04,1,-16,119,64,2024-01-01 00:00:00
P0178,WH04,2,-9,108,61,2024-01-01 00:00:00
P0178,WH04,3,-16,116,65,2024-01-01 00:00:00
P0178,WH04,4,-23,127,65,2024-01-01 00:00:00
P0178,WH04,5,-27,123,66,2024-01-01 00:00:00
P0178,WH04,6,-18,104,57,2024-01-01 00:00:00
P0178,WH04,7,-15,125,65,2024-01-01 00:00:00
P0178,WH04,8,5,110,57,2024-01-01 00:00:00
P0178,WH04,9,-3,121,66,2024-01-01 00:00:00
P0178,WH04,10,-9,104,56,2024-01-01 00:00:00
P0178,WH05,1,-19,118,63,2024-01-01 00:00:00
P0178,WH05,2,-18,125,64,2024-01-01 00:00:00
P0178,WH05,3,-15,116,67,2024-01-01 00:00:00
P0178,WH05,4,-11,118,71,2024-01-01 00:00:00
P0178,WH05,5,-26,131,74,2024-01-01 00:00:00
P0178,WH05,6,-10,114,66,2024-01-01 00:00:00
P0178,WH05,7,-8,117,66,2024-01-01 00:00:00
P0178,WH05,8,-8,119,69,2024-01-01 00:00:00
P0178,WH05,9,-9,128,70,2024-01-01 00:00:00
P0178,WH05,10,-3,134,74,2024-01-01 00:00:00
P0178,WH06,1,0,312,27,2024-01-01 00:00:00
P0178,WH06,2,-4,310,33,2024-01-01 00:00:00
P0178,WH06,3,-4,309,32,2024-01-01 00:00:00
P0178,WH06,4,6,320,31,2024-01-01 00:00:00
P0178,WH06,5,-4,309,32,2024-01-01 00:00:00
P0178,WH06,6,-4,310,32,2024-01-01 00:00:00
P0178,WH06,7,7,313,27,2024-01-01 00:00:00
P0178,WH06,8,2,325,31,2024-01-01 00:00:00
P0178,WH06,9,-11,323,28,2024-01-01 00:00:00
P0178,WH06,10,-9,311,32,2024-01-01 00:00:00
P0235,WH01,1,-8,123,62,2024-01-01 00:00:00
P0235,WH01,2,-11,116,55,2024-01-01 00:00:00
P0235,WH01,3,-14,109,60,2024-01-01 00:00:00
P0235,WH01,4,-17,106,57,2024-01-01 00:00:00
P0235,WH01,5,-21,117,61,2024-01-01 00:00:00
P0235,WH01,6,-9,110,52,2024-01-01 00:00:00
P0235,WH01,7,-11,118,58,2024-01-01 00:00:00
P0235,WH01,8,-8,104,56,2024-01-01 00:00:00
P0235,WH01,9,-4,124,63,2024-01-01 00:00:00
P0235,WH01,10,-2,100,52,2024-01-01 00:00:00
P0235,WH03,1,-11,125,68,2024-01-01 00:00:00
P0235,WH03,2,-9,103,56,2024-01-01 00:00:00
P0235,WH03,3,-17,106,58,2024-01-01 00:00:00
P0235,WH03,4,-15,118,65,2024-01-01 00:00:00
P0235,WH03,5,-21,110,60,2024-01-01 00:00:00
P0235,WH03,6,-9,113,66,2024-01-01 00:00:00
P0235,WH03,7,-9,121,67,2024-01-01 00:00:00
P0235,WH03,8,7,104,57,2024-01-01 00:00:00
P0235,WH03,9,-8,122,68,2024-01-01 00:00:00
P0235,WH03,10,-9,110,57,2024-01-01 00:00:00
P0235,WH04,1,-13,118,65,2024-01-01 00:00:00
P0235,WH04,2,-12,113,62,2024-01-01 00:00:00
P0235,WH04,3,-13,123,67,2024-01-01 00:00:00
P0235,WH04,4,-16,117,67,2024-01-01 00:00:00
P0235,WH04,5,-25,120,61,2024-01-01 00:00:00
P0235,WH04,6,-17,114,67,2024-01-01 00:00:00
P0235,WH04,7,-14,114,65,2024-01-01 00:00:00
P0235,WH04,8,0,113,58,2024-01-01 00:00:00
P0235,WH04,9,-2,119,63,2024-01-01 00:00:00
P0235,WH04,10,-4,115,62,2024-01-01 00:00:00
P0235,WH05,1,-20,134,72,2024-01-01 00:00:00
P0235,WH05,2,-12,130,77,2024-01-01 00:00:00
P0235,WH05,3,-26,123,67,2024-01-01 00:00:00
P0235,WH05,4,-28,131,72,2024-01-01 00:00:00
P0235,WH05,5,-26,135,78,2024-01-01 00:00:00
P0235,WH05,6,-9,123,75,2024-01-01 00:00:00
P0235,WH05,7,-13,131,72,2024-01-01 00:00:00
P0235,WH05,8,-4,130,73,2024-01-01 00:00:00
P0235,WH05,9,-4,130,72,2024-01-01 00:00:00
P0235,WH05,10,-3,130,71,2024-01-01 00:00:00
P0235,WH06,1,-5,346,26,2024-01-01 00:00:00
P0235,WH06,2,-4,356,22,2024-01-01 00:00:00
P0235,WH06,3,-5,352,20,2024-01-01 00:00:00
P0235,WH06,4,4,343,26,2024-01-01 00:00:00
P0235,WH06,5,-2,358,20,2024-01-01 00:00:00
P0235,WH06,6,-10,349,24,2024-01-01 00:00:00
P0235,WH06,7,-2,347,20,2024-01-01 00:00:00
P0235,WH06,8,-6,358,26,2024-01-01 00:00:00
P0235,WH06,9,-6,359,20,2024-01-01 00:00:00
P0235,WH06,10,-5,350,24,2024-01-01 00:00:00
P0289,WH01,1,-9,121,64,2024-01-01 00:00:00
P0289,WH01,2,-5,115,58,2024-01-01 00:00:00
P0289,WH01,3,-18,123,67,2024-01-01 00:00:00
P0289,WH01,4,-12,110,54,2024-01-01 00:00:00
P0289,WH01,5,-13,122,64,2024-01-01 00:00:00
P0289,WH01,6,-8,118,60,2024-01-01 00:00:00
P0289,WH01,7,-11,114,54,2024-01-01 00:00:00
P0289,WH01,8,-10,111,54,2024-01-01 00:00:00
P0289,WH01,9,-10,112,60,2024-01-01 00:00:00
P0289,WH01,10,-8,119,57,2024-01-01 00:00:00
P0289,WH03,1,-8,131,70,2024-01-01 00:00:00
P0289,WH03,2,-11,132,73,2024-01-01 00:00:00
P0289,WH03,3,-15,120,62,2024-01-01 00:00:00
P0289,WH03,4,-20,108,61,2024-01-01 00:00:00
P0289,WH03,5,-17,127,70,2024-01-01 00:00:00
P0289,WH03,6,-7,120,71,2024-01-01 00:00:00
P0289,WH03,7,-12,119,71,2024-01-01 00:00:00
P0289,WH03,8,0,116,67,2024-01-01 00:00:00
P0289,WH03,9,-10,119,65,2024-01-01 00:00:00
P0289,WH03,10,-5,127,67,2024-01-01 00:00:00
P0289,WH04,1,-14,117,66,2024-01-01 00:00:00
P0289,WH04,2,-11,132,73,2024-01-01 00:00:00
P0289,WH04,3,-20,124,69,2024-01-01 00:00:00
P0289,WH04,4,-21,127,71,2024-01-01 00:00:00
P0289,WH04,5,-18,136,74,2024-01-01 00:00:00
P0289,WH04,6,-8,135,73,2024-01-01 00:00:00
P0289,WH04,7,-11,121,71,2024-01-01 00:00:00
P0289,WH04,8,4,122,62,2024-01-01 00:00:00
P0289,WH04,9,-3,123,73,2024-01-01 00:00:00
P0289,WH04,10,-8,123,69,2024-01-01 00:00:00
P0289,WH05,1,-11,129,75,2024-01-01 00:00:00
P0289,WH05,2,-15,141,83,2024-01-01 00:00:00
P0289,WH05,3,-14,138,77,2024-01-01 00:00:00
P0289,WH05,4,-16,138,82,2024-01-01 00:00:00
P0289,WH05,5,-25,125,71,2024-01-01 00:00:00
P0289,WH05,6,-7,139,79,2024-01-01 00:00:00
P0289,WH05,7,-14,132,77,2024-01-01 00:00:00
P0289,WH05,8,-7,124,70,2024-01-01 00:00:00
P0289,WH05,9,-3,121,73,2024-01-01 00:00:00
P0289,WH05,10,-5,131,75,2024-01-01 00:00:00
P0289,WH06,1,-3,355,29,2024-01-01 00:00:00
P0289,WH06,2,-4,358,31,2024-01-01 00:00:00
P0289,WH06,3,3,362,29,2024-01-01 00:00:00
P0289,WH06,4,4,363,30,2024-01-01 00:00:00
P0289,WH06,5,-4,367,26,2024-01-01 00:00:00
P0289,WH06,6,-11,359,31,2024-01-01 00:00:00
P0289,WH06,7,7,366,28,2024-01-01 00:00:00
P0289,WH06,8,-4,365,26,2024-01-01 00:00:00
P0289,WH06,9,-12,363,25,2024-01-01 00:00:00
P0289,WH06,10,-8,350,28,2024-01-01 00:00:00
P0477,WH01,1,-6,123,71,2024-01-01 00:00:00
P0477,WH01,2,-12,108,61,2024-01-01 00:00:00
P0477,WH01,3,-15,119,65,2024-01-01 00:00:00
P0477,WH01,4,-20,120,66,2024-01-01 00:00:00
P0477,WH01,5,-15,121,59,2024-01-01 00:00:00
P0477,WH01,6,-9,114,62,2024-01-01 00:00:00
P0477,WH01,7,-12,120,61,2024-01-01 00:00:00
P0477,WH01,8,-3,117,59,2024-01-01 00:00:00
P0477,WH01,9,-3,122,66,2024-01-01 00:00:00
P0477,WH01,10,-6,119,65,2024-01-01 00:00:00
P0477,WH03,1,-10,115,65,2024-01-01 00:00:00
P0477,WH03,2,-10,125,76,2024-01-01 00:00:00
P0477,WH03,3,-16,132,72,2024-01-01 00:00:00
P0477,WH03,4,-17,128,66,2024-01-01 00:00:00
P0477,WH03,5,-12,112,64,2024-01-01 00:00:00
P0477,WH03,6,-8,125,68,2024-01-01 00:00:00
P0477,WH03,7,-9,135,73,2024-01-01 00:00:00
P0477,WH03,8,8,114,65,2024-01-01 00:00:00
P0477,WH03,9,-9,118,62,2024-01-01 00:00:00
P0477,WH03,10,-2,125,75,2024-01-01 00:00:00
P0477,WH04,1,-18,132,77,2024-01-01 00:00:00
P0477,WH04,2,-18,135,79,2024-01-01 00:00:00
P0477,WH04,3,-19,122,73,2024-01-01 00:00:00
P0477,WH04,4,-24,122,66,2024-01-01 00:00:00
P0477,WH04,5,-20,126,77,2024-01-01 00:00:00
P0477,WH04,6,-15,120,68,2024-01-01 00:00:00
P0477,WH04,7,-17,130,73,2024-01-01 00:00:00
P0477,WH04,8,-4,123,73,2024-01-01 00:00:00
P0477,WH04,9,-6,129,79,2024-01-01 00:00:00
P0477,WH04,10,-5,126,77,2024-01-01 00:00:00
P0477,WH05,1,-9,138,76,2024-01-01 00:00:00
P0477,WH05,2,-9,133,80,2024-01-01 00:00:00
P0477,WH05,3,-25,141,87,2024-01-01 00:00:00
P0477,WH05,4,-25,133,82,2024-01-01 00:00:00
P0477,WH05,5,-13,130,75,2024-01-01 00:00:00
P0477,WH05,6,-19,135,86,2024-01-01 00:00:00
P0477,WH05,7,-8,132,84,2024-01-01 00:00:00
P0477,WH05,8,-4,132,75,2024-01-01 00:00:00
P0477,WH05,9,-3,123,75,2024-01-01 00:00:00
P0477,WH05,10,-10,121,73,2024-01-01 00:00:00
P0477,WH06,1,-8,363,22,2024-01-01 00:00:00
P0477,WH06,2,-11,376,24,2024-01-01 00:00:00
P0477,WH06,3,-4,358,20,2024-01-01 00:00:00
P0477,WH06,4,10,358,26,2024-01-01 00:00:00
P0477,WH06,5,0,358,22,2024-01-01 00:00:00
P0477,WH06,6,-7,377,24,2024-01-01 00:00:00
P0477,WH06,7,13,374,24,2024-01-01 00:00:00
P0477,WH06,8,-6,358,20,2024-01-01 00:00:00
P0477,WH06,9,-8,375,22,2024-01-01 00:00:00
P0477,WH06,10,-10,375,22,2024-01-01 00:00:00
P0549,WH01,1,-9,127,71,2024-01-01 00:00:00
P0549,WH01,2,-5,122,71,2024-01-01 00:00:00
P0549,WH01,3,-17,121,66,2024-01-01 00:00:00
P0549,WH01,4,-19,133,74,2024-01-01 00:00:00
P0549,WH01,5,-16,120,59,2024-01-01 00:00:00
P0549,WH01,6,-12,124,69,2024-01-01 00:00:00
P0549,WH01,7,-5,118,66,2024-01-01 00:00:00
P0549,WH01,8,-6,117,65,2024-01-01 00:00:00
P0549,WH01,9,-9,115,59,2024-01-01 00:00:00
P0549,WH01,10,-8,117,69,2024-01-01 00:00:00
P0549,WH03,1,-13,128,68,2024-01-01 00:00:00
P0549,WH03,2,-9,120,68,2024-01-01 00:00:00
P0549,WH03,3,-11,119,71,2024-01-01 00:00:00
P0549,WH03,4,-14,126,65,2024-01-01 00:00:00
P0549,WH03,5,-22,119,71,2024-01-01 00:00:00
P0549,WH03,6,-13,132,76,2024-01-01 00:00:00
P0549,WH03,7,-9,123,71,2024-01-01 00:00:00
P0549,WH03,8,-4,130,71,2024-01-01 00:00:00
P0549,WH03,9,-6,127,79,2024-01-01 00:00:00
P0549,WH03,10,-7,131,71,2024-01-01 00:00:00
P0549,WH04,1,-10,132,72,2024-01-01 00:00:00
P0549,WH04,2,-10,134,74,2024-01-01 00:00:00
P0549,WH04,3,-21,127,71,2024-01-01 00:00:00
P0549,WH04,4,-15,130,68,2024-01-01 00:00:00
P0549,WH04,5,-26,128,76,2024-01-01 00:00:00
P0549,WH04,6,-11,132,81,2024-01-01 00:00:00
P0549,WH04,7,-12,127,79,2024-01-01 00:00:00
P0549,WH04,8,2,130,81,2024-01-01 00:00:00
P0549,WH04,9,-9,125,78,2024-01-01 00:00:00
P0549,WH04,10,-5,128,71,2024-01-01 00:00:00
P0549,WH05,1,-17,151,89,2024-01-01 00:00:00
P0549,WH05,2,-12,142,91,2024-01-01 00:00:00
P0549,WH05,3,-25,132,79,2024-01-01 00:00:00
P0549,WH05,4,-23,143,85,2024-01-01 00:00:00
P0549,WH05,5,-10,137,89,2024-01-01 00:00:00
P0549,WH05,6,-7,133,84,2024-01-01 00:00:00
P0549,WH05,7,-12,153,91,2024-01-01 00:00:00
P0549,WH05,8,-4,137,88,2024-01-01 00:00:00
P0549,WH05,9,-2,144,87,2024-01-01 00:00:00
P0549,WH05,10,-3,148,91,2024-01-01 00:00:00
P0549,WH06,1,3,369,27,2024-01-01 00:00:00
P0549,WH06,2,-12,382,23,2024-01-01 00:00:00
P0549,WH06,3,-6,385,25,2024-01-01 00:00:00
P0549,WH06,4,7,368,22,2024-01-01 00:00:00
P0549,WH06,5,-10,381,21,2024-01-01 00:00:00
P0549,WH06,6,-3,386,24,2024-01-01 00:00:00
P0549,WH06,7,1,380,25,2024-01-01 00:00:00
P0549,WH06,8,-3,374,27,2024-01-01 00:00:00
P0549,WH06,9,-3,382,21,2024-01-01 00:00:00
P0549,WH06,10,-6,373,26,2024-01-01 00:00:00
P0839,WH01,1,-8,123,69,2024-01-01 00:00:00
P0839,WH01,2,-10,134,74,2024-01-01 00:00:00
P0839,WH01,3,-20,127,77,2024-01-01 00:00:00
P0839,WH01,4,-16,127,71,2024-01-01 00:00:00
P0839,WH01,5,-18,119,63,2024-01-01 00:00:00
P0839,WH01,6,-10,128,77,2024-01-01 00:00:00
P0839,WH01,7,-11,123,71,2024-01-01 00:00:00
P0839,WH01,8,-7,120,62,2024-01-01 00:00:00
P0839,WH01,9,-4,124,63,2024-01-01 00:00:00
P0839,WH01,10,-7,133,71,2024-01-01 00:00:00
P0839,WH03,1,-9,135,80,2024-01-01 00:00:00
P0839,WH03,2,-8,116,68,2024-01-01 00:00:00
P0839,WH03,3,-17,116,69,2024-01-01 00:00:00
P0839,WH03,4,-16,129,68,2024-01-01 00:00:00
P0839,WH03,5,-15,128,74,2024-01-01 00:00:00
P0839,WH03,6,-10,130,69,2024-01-01 00:00:00
P0839,WH03,7,-13,125,71,2024-01-01 00:00:00
P0839,WH03,8,1,129,75,2024-01-01 00:00:00
P0839,WH03,9,-10,143,83,2024-01-01 00:00:00
P0839,WH03,10,-5,130,80,2024-01-01 00:00:00
P0839,WH04,1,-9,126,72,2024-01-01 00:00:00
P0839,WH04,2,-15,125,74,2024-01-01 00:00:00
P0839,WH04,3,-20,121,72,2024-01-01 00:00:00
P0839,WH04,4,-27,133,86,2024-01-01 00:00:00
P0839,WH04,5,-15,133,75,2024-01-01 00:00:00
P0839,WH04,6,-18,137,80,2024-01-01 00:00:00
P0839,WH04,7,-12,141,80,2024-01-01 00:00:00
P0839,WH04,8,2,144,86,2024-01-01 00:00:00
P0839,WH04,9,-9,143,81,2024-01-01 00:00:00
P0839,WH04,10,-10,136,83,2024-01-01 00:00:00
P0839,WH05,1,-9,152,95,2024-01-01 00:00:00
P0839,WH05,2,-20,137,80,2024-01-01 00:00:00
P0839,WH05,3,-23,144,86,2024-01-01 00:00:00
P0839,WH05,4,-25,136,89,2024-01-01 00:00:00
P0839,WH05,5,-20,134,87,2024-01-01 00:00:00
P0839,WH05,6,-20,140,93,2024-01-01 00:00:00
P0839,WH05,7,-20,132,81,2024-01-01 00:00:00
P0839,WH05,8,-7,147,95,2024-01-01 00:00:00
P0839,WH05,9,-2,131,84,2024-01-01 00:00:00
P0839,WH05,10,-10,139,87,2024-01-01 00:00:00
P0839,WH06,1,-8,373,20,2024-01-01 00:00:00
P0839,WH06,2,0,364,23,2024-01-01 00:00:00
P0839,WH06,3,-3,367,23,2024-01-01 00:00:00
P0839,WH06,4,-6,361,22,2024-01-01 00:00:00
P0839,WH06,5,-6,363,22,2024-01-01 00:00:00
P0839,WH06,6,-12,361,26,2024-01-01 00:00:00
P0839,WH06,7,5,377,21,2024-01-01 00:00:00
P0839,WH06,8,0,376,23,2024-01-01 00:00:00
P0839,WH06,9,3,364,26,2024-01-01 00:00:00
P0839,WH06,10,-6,373,20,2024-01-01 00:00:00
P0852,WH01,1,-9,115,66,2024-01-01 00:00:00
P0852,WH01,2,-6,114,67,2024-01-01 00:00:00
P0852,WH01,3,-13,130,69,2024-01-01 00:00:00
P0852,WH01,4,-9,137,75,2024-01-01 00:00:00
P0852,WH01,5,-10,118,70,2024-01-01 00:00:00
P0852,WH01,6,-12,127,75,2024-01-01 00:00:00
P0852,WH01,7,-8,122,75,2024-01-01 00:00:00
P0852,WH01,8,-8,118,69,2024-01-01 00:00:00
P0852,WH01,9,-2,118,67,2024-01-01 00:00:00
P0852,WH01,10,-5,113,64,2024-01-01 00:00:00
P0852,WH03,1,-12,131,78,2024-01-01 00:00:00
P0852,WH03,2,-10,145,86,2024-01-01 00:00:00
P0852,WH03,3,-16,123,70,2024-01-01 00:00:00
P0852,WH03,4,-21,129,75,2024-01-01 00:00:00
P0852,WH03,5,-17,134,83,2024-01-01 00:00:00
P0852,WH03,6,-12,127,73,2024-01-01 00:00:00
P0852,WH03,7,-15,143,83,2024-01-01 00:00:00
P0852,WH03,8,-1,124,72,2024-01-01 00:00:00
P0852,WH03,9,-9,134,73,2024-01-01 00:00:00
P0852,WH03,10,-8,140,84,2024-01-01 00:00:00
P0852,WH04,1,-12,135,77,2024-01-01 00:00:00
P0852,WH04,2,-8,145,88,2024-01-01 00:00:00
P0852,WH04,3,-20,142,83,2024-01-01 00:00:00
P0852,WH04,4,-17,140,81,2024-01-01 00:00:00
P0852,WH04,5,-18,137,86,2024-01-01 00:00:00
P0852,WH04,6,-11,137,84,2024-01-01 00:00:00
P0852,WH04,7,-13,135,84,2024-01-01 00:00:00
P0852,WH04,8,0,135,77,2024-01-01 00:00:00
P0852,WH04,9,-3,143,89,2024-01-01 00:00:00
P0852,WH04,10,-6,133,75,2024-01-01 00:00:00
P0852,WH05,1,-7,151,89,2024-01-01 00:00:00
P0852,WH05,2,-6,142,84,2024-01-01 00:00:00
P0852,WH05,3,-28,139,92,2024-01-01 00:00:00
P0852,WH05,4,-14,137,84,2024-01-01 00:00:00
P0852,WH05,5,-20,151,92,2024-01-01 00:00:00
P0852,WH05,6,-15,137,83,2024-01-01 00:00:00
P0852,WH05,7,-13,141,89,2024-01-01 00:00:00
P0852,WH05,8,-8,157,97,2024-01-01 00:00:00
P0852,WH05,9,-4,142,86,2024-01-01 00:00:00
P0852,WH05,10,-10,144,84,2024-01-01 00:00:00
P0852,WH06,1,-9,373,21,2024-01-01 00:00:00
P0852,WH06,2,-8,382,24,2024-01-01 00:00:00
P0852,WH06,3,-13,385,26,2024-01-01 00:00:00
P0852,WH06,4,-8,376,23,2024-01-01 00:00:00
P0852,WH06,5,-11,384,26,2024-01-01 00:00:00
P0852,WH06,6,-13,380,24,2024-01-01 00:00:00
P0852,WH06,7,7,388,22,2024-01-01 00:00:00
P0852,WH06,8,-13,376,26,2024-01-01 00:00:00
P0852,WH06,9,-6,386,21,2024-01-01 00:00:00
P0852,WH06,10,0,383,25,2024-01-01 00:00:00
P0927,WH01,1,-6,99,46,2024-01-01 00:00:00
P0927,WH01,2,-7,103,53,2024-01-01 00:00:00
P0927,WH01,3,-17,95,47,2024-01-01 00:00:00
P0927,WH01,4,-12,100,52,2024-01-01 00:00:00
P0927,WH01,5,-20,99,45,2024-01-01 00:00:00
P0927,WH01,6,-7,104,47,2024-01-01 00:00:00
P0927,WH01,7,-10,107,49,2024-01-01 00:00:00
P0927,WH01,8,-4,114,53,2024-01-01 00:00:00
P0927,WH01,9,-3,106,50,2024-01-01 00:00:00
P0927,WH01,10,-5,99,43,2024-01-01 00:00:00
P0927,WH03,1,-14,106,53,2024-01-01 00:00:00
P0927,WH03,2,-9,103,54,2024-01-01 00:00:00
P0927,WH03,3,-21,96,49,2024-01-01 00:00:00
P0927,WH03,4,-15,106,51,2024-01-01 00:00:00
P0927,WH03,5,-20,108,56,2024-01-01 00:00:00
P0927,WH03,6,-9,114,54,2024-01-01 00:00:00
P0927,WH03,7,-16,110,52,2024-01-01 00:00:00
P0927,WH03,8,-3,104,57,2024-01-01 00:00:00
P0927,WH03,9,-8,111,56,2024-01-01 00:00:00
P0927,WH03,10,-8,115,53,2024-01-01 00:00:00
P0927,WH04,1,-16,113,58,2024-01-01 00:00:00
P0927,WH04,2,-8,109,52,2024-01-01 00:00:00
P0927,WH04,3,-22,110,51,2024-01-01 00:00:00
P0927,WH04,4,-21,106,59,2024-01-01 00:00:00
P0927,WH04,5,-19,100,50,2024-01-01 00:00:00
P0927,WH04,6,-16,105,53,2024-01-01 00:00:00
P0927,WH04,7,-12,101,54,2024-01-01 00:00:00
P0927,WH04,8,3,117,56,2024-01-01 00:00:00
P0927,WH04,9,-10,118,59,2024-01-01 00:00:00
P0927,WH04,10,-6,107,58,2024-01-01 00:00:00
P0927,WH05,1,-17,116,57,2024-01-01 00:00:00
P0927,WH05,2,-8,119,64,2024-01-01 00:00:00
P0927,WH05,3,-26,117,66,2024-01-01 00:00:00
P0927,WH05,4,-17,104,57,2024-01-01 00:00:00
P0927,WH05,5,-18,113,60,2024-01-01 00:00:00
P0927,WH05,6,-9,113,59,2024-01-01 00:00:00
P0927,WH05,7,-8,108,61,2024-01-01 00:00:00
P0927,WH05,8,-5,111,58,2024-01-01 00:00:00
P0927,WH05,9,-10,107,56,2024-01-01 00:00:00
P0927,WH05,10,-8,122,65,2024-01-01 00:00:00
P0927,WH06,1,-6,309,25,2024-01-01 00:00:00
P0927,WH06,2,-8,317,25,2024-01-01 00:00:00
P0927,WH06,3,-3,301,25,2024-01-01 00:00:00
P0927,WH06,4,6,310,23,2024-01-01 00:00:00
P0927,WH06,5,-9,306,23,2024-01-01 00:00:00
P0927,WH06,6,-8,316,27,2024-01-01 00:00:00
P0927,WH06,7,8,314,28,2024-01-01 00:00:00
P0927,WH06,8,2,303,27,2024-01-01 00:00:00
P0927,WH06,9,-4,317,23,2024-01-01 00:00:00
P0927,WH06,10,-6,319,23,2024-01-01 00:00:00
P1001,WH01,1,-10,114,55,2024-01-01 00:00:00
P1001,WH01,2,-6,106,56,2024-01-01 00:00:00
P1001,WH01,3,-12,115,56,2024-01-01 00:00:00
P1001,WH01,4,-18,97,50,2024-01-01 00:00:00
P1001,WH01,5,-13,102,54,2024-01-01 00:00:00
P1001,WH01,6,-6,99,50,2024-01-01 00:00:00
P1001,WH01,7,-9,98,47,2024-01-01 00:00:00
P1001,WH01,8,-9,109,50,2024-01-01 00:00:00
P1001,WH01,9,-3,95,48,2024-01-01 00:00:00
P1001,WH01,10,-6,94,47,2024-01-01 00:00:00
P1001,WH03,1,-16,119,57,2024-01-01 00:00:00
P1001,WH03,2,-11,107,56,2024-01-01 00:00:00
P1001,WH03,3,-17,103,53,2024-01-01 00:00:00
P1001,WH03,4,-22,106,56,2024-01-01 00:00:00
P1001,WH03,5,-15,120,62,2024-01-01 00:00:00
P1001,WH03,6,-16,111,62,2024-01-01 00:00:00
P1001,WH03,7,-12,104,55,2024-01-01 00:00:00
P1001,WH03,8,2,106,58,2024-01-01 00:00:00
P1001,WH03,9,-2,117,58,2024-01-01 00:00:00
P1001,WH03,10,-4,114,58,2024-01-01 00:00:00
P1001,WH04,1,-12,118,57,2024-01-01 00:00:00
P1001,WH04,2,-17,113,57,2024-01-01 00:00:00
P1001,WH04,3,-16,108,59,2024-01-01 00:00:00
P1001,WH04,4,-16,113,58,2024-01-01 00:00:00
P1001,WH04,5,-13,114,57,2024-01-01 00:00:00
P1001,WH04,6,-13,101,54,2024-01-01 00:00:00
P1001,WH04,7,-11,114,65,2024-01-01 00:00:00
P1001,WH04,8,9,112,56,2024-01-01 00:00:00
P1001,WH04,9,-7,109,57,2024-01-01 00:00:00
P1001,WH04,10,-7,106,55,2024-01-01 00:00:00
P1001,WH05,1,-16,123,63,2024-01-01 00:00:00
P1001,WH05,2,-17,112,61,2024-01-01 00:00:00
P1001,WH05,3,-17,124,62,2024-01-01 00:00:00
P1001,WH05,4,-25,120,69,2024-01-01 00:00:00
P1001,WH05,5,-16,119,67,2024-01-01 00:00:00
P1001,WH05,6,-17,109,62,2024-01-01 00:00:00
P1001,WH05,7,-18,117,69,2024-01-01 00:00:00
P1001,WH05,8,-7,108,61,2024-01-01 00:00:00
P1001,WH05,9,-8,123,63,2024-01-01 00:00:00
P1001,WH05,10,-7,123,72,2024-01-01 00:00:00
P1001,WH06,1,-6,325,31,2024-01-01 00:00:00
P1001,WH06,2,-8,326,27,2024-01-01 00:00:00
P1001,WH06,3,0,336,31,2024-01-01 00:00:00
P1001,WH06,4,6,334,30,2024-01-01 00:00:00
P1001,WH06,5,-10,320,30,2024-01-01 00:00:00
P1001,WH06,6,-7,327,28,2024-01-01 00:00:00
P1001,WH06,7,2,326,27,2024-01-01 00:00:00
P1001,WH06,8,0,327,31,2024-01-01 00:00:00
P1001,WH06,9,-3,322,26,2024-01-01 00:00:00
P1001,WH06,10,-6,337,28,2024-01-01 00:00:00
P1109,WH01,1,-7,103,53,2024-01-01 00:00:00
P1109,WH01,2,-5,111,49,2024-01-01 00:00:00
P1109,WH01,3,-18,110,55,2024-01-01 00:00:00
P1109,WH01,4,-9,113,60,2024-01-01 00:00:00
P1109,WH01,5,-16,111,57,2024-01-01 00:00:00
P1109,WH01,6,-7,111,49,2024-01-01 00:00:00
P1109,WH01,7,-8,98,51,2024-01-01 00:00:00
P1109,WH01,8,-8,96,49,2024-01-01 00:00:00
P1109,WH01,9,-7,108,51,2024-01-01 00:00:00
P1109,WH01,10,-7,116,58,2024-01-01 00:00:00
P1109,WH03,1,-15,114,58,2024-01-01 00:00:00
P1109,WH03,2,-9,113,59,2024-01-01 00:00:00
P1109,WH03,3,-16,115,60,2024-01-01 00:00:00
P1109,WH03,4,-20,118,63,2024-01-01 00:00:00
P1109,WH03,5,-19,122,61,2024-01-01 00:00:00
P1109,WH03,6,-10,116,55,2024-01-01 00:00:00
P1109,WH03,7,-12,117,59,2024-01-01 00:00:00
P1109,WH03,8,0,119,65,2024-01-01 00:00:00
P1109,WH03,9,-7,115,58,2024-01-01 00:00:00
P1109,WH03,10,-4,107,59,2024-01-01 00:00:00
P1109,WH04,1,-11,124,67,2024-01-01 00:00:00
P1109,WH04,2,-14,117,58,2024-01-01 00:00:00
P1109,WH04,3,-21,111,57,2024-01-01 00:00:00
P1109,WH04,4,-12,126,65,2024-01-01 00:00:00
P1109,WH04,5,-14,108,60,2024-01-01 00:00:00
P1109,WH04,6,-18,122,69,2024-01-01 00:00:00
P1109,WH04,7,-10,127,69,2024-01-01 00:00:00
P1109,WH04,8,8,111,63,2024-01-01 00:00:00
P1109,WH04,9,-5,119,66,2024-01-01 00:00:00
P1109,WH04,10,-2,124,63,2024-01-01 00:00:00
P1109,WH05,1,-13,131,71,2024-01-01 00:00:00
P1109,WH05,2,-16,118,70,2024-01-01 00:00:00
P1109,WH05,3,-23,117,66,2024-01-01 00:00:00
P1109,WH05,4,-19,131,73,2024-01-01 00:00:00
P1109,WH05,5,-19,131,72,2024-01-01 00:00:00
P1109,WH05,6,-6,120,64,2024-01-01 00:00:00
P1109,WH05,7,-14,127,76,2024-01-01 00:00:00
P1109,WH05,8,-4,125,71,2024-01-01 00:00:00
P1109,WH05,9,-2,127,76,2024-01-01 00:00:00
P1109,WH05,10,-2,129,76,2024-01-01 00:00:00
P1109,WH06,1,0,348,32,2024-01-01 00:00:00
P1109,WH06,2,-10,345,32,2024-01-01 00:00:00
P1109,WH06,3,-4,334,31,2024-01-01 00:00:00
P1109,WH06,4,-1,333,29,2024-01-01 00:00:00
P1109,WH06,5,-7,331,28,2024-01-01 00:00:00
P1109,WH06,6,-5,334,32,2024-01-01 00:00:00
P1109,WH06,7,3,331,29,2024-01-01 00:00:00
P1109,WH06,8,-5,338,32,2024-01-01 00:00:00
P1109,WH06,9,-7,334,31,2024-01-01 00:00:00
P1109,WH06,10,0,333,33,2024-01-01 00:00:00
P1225,WH01,1,-11,107,51,2024-01-01 00:00:00
P1225,WH01,2,-8,120,61,2024-01-01 00:00:00
P1225,WH01,3,-14,112,60,2024-01-01 00:00:00
P1225,WH01,4,-18,110,63,2024-01-01 00:00:00
P1225,WH01,5,-15,102,52,2024-01-01 00:00:00
P1225,WH01,6,-5,104,53,2024-01-01 00:00:00
P1225,WH01,7,-13,111,51,2024-01-01 00:00:00
P1225,WH01,8,-5,111,60,2024-01-01 00:00:00
P1225,WH01,9,-8,123,61,2024-01-01 00:00:00
P1225,WH01,10,-3,103,51,2024-01-01 00:00:00
P1225,WH03,1,-13,111,57,2024-01-01 00:00:00
P1225,WH03,2,-9,116,61,2024-01-01 00:00:00
P1225,WH03,3,-22,122,62,2024-01-01 00:00:00
P1225,WH03,4,-17,128,68,2024-01-01 00:00:00
P1225,WH03,5,-22,109,60,2024-01-01 00:00:00
P1225,WH03,6,-10,117,57,2024-01-01 00:00:00
P1225,WH03,7,-14,108,58,2024-01-01 00:00:00
P1225,WH03,8,0,117,57,2024-01-01 00:00:00
P1225,WH03,9,-6,109,58,2024-01-01 00:00:00
P1225,WH03,10,-10,105,58,2024-01-01 00:00:00
P1225,WH04,1,-10,127,70,2024-01-01 00:00:00
P1225,WH04,2,-15,120,62,2024-01-01 00:00:00
P1225,WH04,3,-25,113,62,2024-01-01 00:00:00
P1225,WH04,4,-18,119,60,2024-01-01 00:00:00
P1225,WH04,5,-17,128,66,2024-01-01 00:00:00
P1225,WH04,6,-10,115,62,2024-01-01 00:00:00
P1225,WH04,7,-10,107,60,2024-01-01 00:00:00
P1225,WH04,8,3,122,61,2024-01-01 00:00:00
P1225,WH04,9,-7,114,65,2024-01-01 00:00:00
P1225,WH04,10,-8,110,63,2024-01-01 00:00:00
P1225,WH05,1,-18,133,71,2024-01-01 00:00:00
P1225,WH05,2,-7,129,68,2024-01-01 00:00:00
P1225,WH05,3,-12,125,68,2024-01-01 00:00:00
P1225,WH05,4,-10,125,70,2024-01-01 00:00:00
P1225,WH05,5,-20,118,68,2024-01-01 00:00:00
P1225,WH05,6,-19,115,66,2024-01-01 00:00:00
P1225,WH05,7,-9,119,71,2024-01-01 00:00:00
P1225,WH05,8,-5,139,78,2024-01-01 00:00:00
P1225,WH05,9,-6,119,68,2024-01-01 00:00:00
P1225,WH05,10,-3,126,72,2024-01-01 00:00:00
P1225,WH06,1,-7,335,32,2024-01-01 00:00:00
P1225,WH06,2,-4,332,28,2024-01-01 00:00:00
P1225,WH06,3,-11,321,26,2024-01-01 00:00:00
P1225,WH06,4,-5,322,27,2024-01-01 00:00:00
P1225,WH06,5,-6,325,27,2024-01-01 00:00:00
P1225,WH06,6,-4,327,31,2024-01-01 00:00:00
P1225,WH06,7,0,325,30,2024-01-01 00:00:00
P1225,WH06,8,-6,338,32,2024-01-01 00:00:00
P1225,WH06,9,-11,330,26,2024-01-01 00:00:00
P1225,WH06,10,-5,327,27,2024-01-01 00:00:00
P1235,WH01,1,-12,117,65,2024-01-01 00:00:00
P1235,WH01,2,-11,109,60,2024-01-01 00:00:00
P1235,WH01,3,-22,122,62,2024-01-01 00:00:00
P1235,WH01,4,-19,113,65,2024-01-01 00:00:00
P1235,WH01,5,-17,126,66,2024-01-01 00:00:00
P1235,WH01,6,-13,121,61,2024-01-01 00:00:00
P1235,WH01,7,-5,114,57,2024-01-01 00:00:00
P1235,WH01,8,-7,111,61,2024-01-01 00:00:00
P1235,WH01,9,-7,119,65,2024-01-01 00:00:00
P1235,WH01,10,-6,114,57,2024-01-01 00:00:00
P1235,WH03,1,-16,123,67,2024-01-01 00:00:00
P1235,WH03,2,-8,123,69,2024-01-01 00:00:00
P1235,WH03,3,-15,124,67,2024-01-01 00:00:00
P1235,WH03,4,-17,128,69,2024-01-01 00:00:00
P1235,WH03,5,-20,122,65,2024-01-01 00:00:00
P1235,WH03,6,-14,120,73,2024-01-01 00:00:00
P1235,WH03,7,-16,121,65,2024-01-01 00:00:00
P1235,WH03,8,3,118,71,2024-01-01 00:00:00
P1235,WH03,9,-5,120,62,2024-01-01 00:00:00
P1235,WH03,10,-9,117,66,2024-01-01 00:00:00
P1235,WH04,1,-10,134,75,2024-01-01 00:00:00
P1235,WH04,2,-14,136,75,2024-01-01 00:00:00
P1235,WH04,3,-14,117,70,2024-01-01 00:00:00
P1235,WH04,4,-22,135,74,2024-01-01 00:00:00
P1235,WH04,5,-11,124,64,2024-01-01 00:00:00
P1235,WH04,6,-16,109,62,2024-01-01 00:00:00
P1235,WH04,7,-16,124,66,2024-01-01 00:00:00
P1235,WH04,8,2,109,62,2024-01-01 00:00:00
P1235,WH04,9,-9,128,75,2024-01-01 00:00:00
P1235,WH04,10,-8,125,73,2024-01-01 00:00:00
P1235,WH05,1,-18,117,70,2024-01-01 00:00:00
P1235,WH05,2,-8,128,73,2024-01-01 00:00:00
P1235,WH05,3,-21,140,78,2024-01-01 00:00:00
P1235,WH05,4,-20,125,71,2024-01-01 00:00:00
P1235,WH05,5,-22,137,77,2024-01-01 00:00:00
P1235,WH05,6,-18,137,77,2024-01-01 00:00:00
P1235,WH05,7,-9,134,82,2024-01-01 00:00:00
P1235,WH05,8,-6,125,73,2024-01-01 00:00:00
P1235,WH05,9,-4,136,77,2024-01-01 00:00:00
P1235,WH05,10,-6,136,77,2024-01-01 00:00:00
P1235,WH06,1,0,348,30,2024-01-01 00:00:00
P1235,WH06,2,-8,355,27,2024-01-01 00:00:00
P1235,WH06,3,3,355,26,2024-01-01 00:00:00
P1235,WH06,4,6,350,30,2024-01-01 00:00:00
P1235,WH06,5,-4,354,31,2024-01-01 00:00:00
P1235,WH06,6,-11,358,30,2024-01-01 00:00:00
P1235,WH06,7,-2,357,29,2024-01-01 00:00:00
P1235,WH06,8,-5,350,30,2024-01-01 00:00:00
P1235,WH06,9,-11,358,28,2024-01-01 00:00:00
P1235,WH06,10,-8,352,31,2024-01-01 00:00:00
P1318,WH01,1,-6,113,63,2024-01-01 00:00:00
P1318,WH01,2,-8,118,60,2024-01-01 00:00:00
P1318,WH01,3,-16,128,73,2024-01-01 00:00:00
P1318,WH01,4,-11,115,60,2024-01-01 00:00:00
P1318,WH01,5,-15,121,61,2024-01-01 00:00:00
P1318,WH01,6,-8,116,60,2024-01-01 00:00:00
P1318,WH01,7,-6,122,70,2024-01-01 00:00:00
P1318,WH01,8,-3,119,71,2024-01-01 00:00:00
P1318,WH01,9,-8,108,61,2024-01-01 00:00:00
P1318,WH01,10,-6,126,70,2024-01-01 00:00:00
P1318,WH03,1,-9,129,77,2024-01-01 00:00:00
P1318,WH03,2,-10,139,77,2024-01-01 00:00:00
P1318,WH03,3,-21,120,64,2024-01-01 00:00:00
P1318,WH03,4,-16,136,77,2024-01-01 00:00:00
P1318,WH03,5,-15,130,73,2024-01-01 00:00:00
P1318,WH03,6,-8,139,78,2024-01-01 00:00:00
P1318,WH03,7,-12,134,76,2024-01-01 00:00:00
P1318,WH03,8,-1,134,77,2024-01-01 00:00:00
P1318,WH03,9,-4,129,73,2024-01-01 00:00:00
P1318,WH03,10,-5,132,70,2024-01-01 00:00:00
P1318,WH04,1,-14,116,68,2024-01-01 00:00:00
P1318,WH04,2,-12,136,81,2024-01-01 00:00:00
P1318,WH04,3,-24,136,80,2024-01-01 00:00:00
P1318,WH04,4,-19,130,76,2024-01-01 00:00:00
P1318,WH04,5,-17,125,70,2024-01-01 00:00:00
P1318,WH04,6,-11,127,74,2024-01-01 00:00:00
P1318,WH04,7,-18,120,70,2024-01-01 00:00:00
P1318,WH04,8,-1,127,76,2024-01-01 00:00:00
P1318,WH04,9,-10,137,76,2024-01-01 00:00:00
P1318,WH04,10,-7,122,73,2024-01-01 00:00:00
P1318,WH05,1,-15,130,83,2024-01-01 00:00:00
P1318,WH05,2,-13,137,86,2024-01-01 00:00:00
P1318,WH05,3,-10,131,78,2024-01-01 00:00:00
P1318,WH05,4,-18,135,77,2024-01-01 00:00:00
P1318,WH05,5,-11,144,90,2024-01-01 00:00:00
P1318,WH05,6,-15,124,77,2024-01-01 00:00:00
P1318,WH05,7,-13,134,80,2024-01-01 00:00:00
P1318,WH05,8,-3,131,76,2024-01-01 00:00:00
P1318,WH05,9,-2,127,80,2024-01-01 00:00:00
P1318,WH05,10,-7,124,76,2024-01-01 00:00:00
P1318,WH06,1,-11,378,27,2024-01-01 00:00:00
P1318,WH06,2,-3,386,29,2024-01-01 00:00:00
P1318,WH06,3,-6,392,28,2024-01-01 00:00:00
P1318,WH06,4,-3,374,30,2024-01-01 00:00:00
P1318,WH06,5,-9,376,28,2024-01-01 00:00:00
P1318,WH06,6,-3,378,31,2024-01-01 00:00:00
P1318,WH06,7,6,379,26,2024-01-01 00:00:00
P1318,WH06,8,-13,382,30,2024-01-01 00:00:00
P1318,WH06,9,-11,390,30,2024-01-01 00:00:00
P1318,WH06,10,-9,390,28,2024-01-01 00:00:00
P1598,WH01,1,-5,117,66,2024-01-01 00:00:00
P1598,WH01,2,-11,127,66,2024-01-01 00:00:00
P1598,WH01,3,-17,121,65,2024-01-01 00:00:00
P1598,WH01,4,-15,121,71,2024-01-01 00:00:00
P1598,WH01,5,-16,126,64,2024-01-01 00:00:00
P1598,WH01,6,-10,117,61,2024-01-01 00:00:00
P1598,WH01,7,-9,117,69,2024-01-01 00:00:00
P1598,WH01,8,-3,120,71,2024-01-01 00:00:00
P1598,WH01,9,-9,106,59,2024-01-01 00:00:00
P1598,WH01,10,-2,122,64,2024-01-01 00:00:00
P1598,WH03,1,-9,132,71,2024-01-01 00:00:00
P1598,WH03,2,-12,129,69,2024-01-01 00:00:00
P1598,WH03,3,-17,125,68,2024-01-01 00:00:00
P1598,WH03,4,-12,129,74,2024-01-01 00:00:00
P1598,WH03,5,-14,135,74,2024-01-01 00:00:00
P1598,WH03,6,-13,128,79,2024-01-01 00:00:00
P1598,WH03,7,-16,126,69,2024-01-01 00:00:00
P1598,WH03,8,0,120,69,2024-01-01 00:00:00
P1598,WH03,9,-9,117,66,2024-01-01 00:00:00
P1598,WH03,10,-6,130,76,2024-01-01 00:00:00
P1598,WH04,1,-11,131,76,2024-01-01 00:00:00
P1598,WH04,2,-14,131,74,2024-01-01 00:00:00
P1598,WH04,3,-18,128,81,2024-01-01 00:00:00
P1598,WH04,4,-19,137,79,2024-01-01 00:00:00
P1598,WH04,5,-19,136,76,2024-01-01 00:00:00
P1598,WH04,6,-12,125,69,2024-01-01 00:00:00
P1598,WH04,7,-9,144,82,2024-01-01 00:00:00
P1598,WH04,8,3,129,76,2024-01-01 00:00:00
P1598,WH04,9,-8,126,76,2024-01-01 00:00:00
P1598,WH04,10,-3,136,82,2024-01-01 00:00:00
P1598,WH05,1,-11,131,78,2024-01-01 00:00:00
P1598,WH05,2,-15,148,91,2024-01-01 00:00:00
P1598,WH05,3,-16,129,76,2024-01-01 00:00:00
P1598,WH05,4,-17,138,84,2024-01-01 00:00:00
P1598,WH05,5,-14,144,82,2024-01-01 00:00:00
P1598,WH05,6,-10,138,82,2024-01-01 00:00:00
P1598,WH05,7,-18,129,82,2024-01-01 00:00:00
P1598,WH05,8,-4,132,78,2024-01-01 00:00:00
P1598,WH05,9,-3,136,79,2024-01-01 00:00:00
P1598,WH05,10,-10,130,81,2024-01-01 00:00:00
P1598,WH06,1,-10,395,27,2024-01-01 00:00:00
P1598,WH06,2,3,393,32,2024-01-01 00:00:00
P1598,WH06,3,-6,398,32,2024-01-01 00:00:00
P1598,WH06,4,1,384,26,2024-01-01 00:00:00
P1598,WH06,5,-13,390,28,2024-01-01 00:00:00
P1598,WH06,6,-4,387,32,2024-01-01 00:00:00
P1598,WH06,7,-5,384,28,2024-01-01 00:00:00
P1598,WH06,8,-13,397,28,2024-01-01 00:00:00
P1598,WH06,9,-13,394,28,2024-01-01 00:00:00
P1598,WH06,10,-7,391,31,2024-01-01 00:00:00
P1797,WH01,1,-8,129,73,2024-01-01 00:00:00
P1797,WH01,2,-10,120,61,2024-01-01 00:00:00
P1797,WH01,3,-16,111,64,2024-01-01 00:00:00
P1797,WH01,4,-16,112,62,2024-01-01 00:00:00
P1797,WH01,5,-11,111,62,2024-01-01 00:00:00
P1797,WH01,6,-6,121,71,2024-01-01 00:00:00
P1797,WH01,7,-6,125,67,2024-01-01 00:00:00
P1797,WH01,8,-4,126,76,2024-01-01 00:00:00
P1797,WH01,9,-4,124,71,2024-01-01 00:00:00
P1797,WH01,10,-4,119,64,2024-01-01 00:00:00
P1797,WH03,1,-9,131,82,2024-01-01 00:00:00
P1797,WH03,2,-11,126,68,2024-01-01 00:00:00
P1797,WH03,3,-11,136,80,2024-01-01 00:00:00
P1797,WH03,4,-25,127,74,2024-01-01 00:00:00
P1797,WH03,5,-14,129,77,2024-01-01 00:00:00
P1797,WH03,6,-12,128,70,2024-01-01 00:00:00
P1797,WH03,7,-13,125,77,2024-01-01 00:00:00
P1797,WH03,8,8,119,68,2024-01-01 00:00:00
P1797,WH03,9,-5,123,74,2024-01-01 00:00:00
P1797,WH03,10,-9,126,67,2024-01-01 00:00:00
P1797,WH04,1,-10,125,74,2024-01-01 00:00:00
P1797,WH04,2,-14,128,79,2024-01-01 00:00:00
P1797,WH04,3,-13,135,74,2024-01-01 00:00:00
P1797,WH04,4,-25,126,77,2024-01-01 00:00:00
P1797,WH04,5,-13,124,71,2024-01-01 00:00:00
P1797,WH04,6,-10,129,77,2024-01-01 00:00:00
P1797,WH04,7,-18,127,70,2024-01-01 00:00:00
P1797,WH04,8,7,132,82,2024-01-01 00:00:00
P1797,WH04,9,-5,139,79,2024-01-01 00:00:00
P1797,WH04,10,-10,136,74,2024-01-01 00:00:00
P1797,WH05,1,-7,144,93,2024-01-01 00:00:00
P1797,WH05,2,-8,136,87,2024-01-01 00:00:00
P1797,WH05,3,-16,130,82,2024-01-01 00:00:00
P1797,WH05,4,-16,133,80,2024-01-01 00:00:00
P1797,WH05,5,-25,135,80,2024-01-01 00:00:00
P1797,WH05,6,-6,138,85,2024-01-01 00:00:00
P1797,WH05,7,-13,145,86,2024-01-01 00:00:00
P1797,WH05,8,-9,144,85,2024-01-01 00:00:00
P1797,WH05,9,-7,136,80,2024-01-01 00:00:00
P1797,WH05,10,-2,131,83,2024-01-01 00:00:00
P1797,WH06,1,-13,388,25,2024-01-01 00:00:00
P1797,WH06,2,-4,396,23,2024-01-01 00:00:00
P1797,WH06,3,-3,379,26,2024-01-01 00:00:00
P1797,WH06,4,2,395,27,2024-01-01 00:00:00
P1797,WH06,5,-13,385,24,2024-01-01 00:00:00
P1797,WH06,6,-4,380,22,2024-01-01 00:00:00
P1797,WH06,7,5,380,21,2024-01-01 00:00:00
P1797,WH06,8,-6,392,22,2024-01-01 00:00:00
P1797,WH06,9,-12,381,21,2024-01-01 00:00:00
P1797,WH06,10,-10,385,23,2024-01-01 00:00:00
P1808,WH01,1,-12,124,77,2024-01-01 00:00:00
P1808,WH01,2,-10,130,79,2024-01-01 00:00:00
P1808,WH01,3,-9,129,68,2024-01-01 00:00:00
P1808,WH01,4,-20,126,69,2024-01-01 00:00:00
P1808,WH01,5,-11,114,65,2024-01-01 00:00:00
P1808,WH01,6,-11,119,72,2024-01-01 00:00:00
P1808,WH01,7,-7,114,63,2024-01-01 00:00:00
P1808,WH01,8,-5,122,63,2024-01-01 00:00:00
P1808,WH01,9,-6,118,69,2024-01-01 00:00:00
P1808,WH01,10,-10,132,77,2024-01-01 00:00:00
P1808,WH03,1,-12,138,83,2024-01-01 00:00:00
P1808,WH03,2,-16,142,83,2024-01-01 00:00:00
P1808,WH03,3,-15,127,79,2024-01-01 00:00:00
P1808,WH03,4,-20,139,82,2024-01-01 00:00:00
P1808,WH03,5,-15,135,76,2024-01-01 00:00:00
P1808,WH03,6,-8,123,69,2024-01-01 00:00:00
P1808,WH03,7,-10,141,80,2024-01-01 00:00:00
P1808,WH03,8,0,134,72,2024-01-01 00:00:00
P1808,WH03,9,-8,141,82,2024-01-01 00:00:00
P1808,WH03,10,-4,134,76,2024-01-01 00:00:00
P1808,WH04,1,-10,144,83,2024-01-01 00:00:00
P1808,WH04,2,-8,135,77,2024-01-01 00:00:00
P1808,WH04,3,-14,141,85,2024-01-01 00:00:00
P1808,WH04,4,-19,124,74,2024-01-01 00:00:00
P1808,WH04,5,-22,132,74,2024-01-01 00:00:00
P1808,WH04,6,-18,134,79,2024-01-01 00:00:00
P1808,WH04,7,-13,140,86,2024-01-01 00:00:00
P1808,WH04,8,9,139,83,2024-01-01 00:00:00
P1808,WH04,9,-7,141,79,2024-01-01 00:00:00
P1808,WH04,10,-6,137,85,2024-01-01 00:00:00
P1808,WH05,1,-7,137,89,2024-01-01 00:00:00
P1808,WH05,2,-6,142,89,2024-01-01 00:00:00
P1808,WH05,3,-16,141,91,2024-01-01 00:00:00
P1808,WH05,4,-10,143,82,2024-01-01 00:00:00
P1808,WH05,5,-12,143,89,2024-01-01 00:00:00
P1808,WH05,6,-6,135,85,2024-01-01 00:00:00
P1808,WH05,7,-6,146,86,2024-01-01 00:00:00
P1808,WH05,8,-5,132,82,2024-01-01 00:00:00
P1808,WH05,9,-10,149,97,2024-01-01 00:00:00
P1808,WH05,10,-10,143,96,2024-01-01 00:00:00
P1808,WH06,1,0,394,24,2024-01-01 00:00:00
P1808,WH06,2,-14,398,27,2024-01-01 00:00:00
P1808,WH06,3,-9,389,27,2024-01-01 00:00:00
P1808,WH06,4,7,387,26,2024-01-01 00:00:00
P1808,WH06,5,-3,393,24,2024-01-01 00:00:00
P1808,WH06,6,-6,392,24,2024-01-01 00:00:00
P1808,WH06,7,-1,386,25,2024-01-01 00:00:00
P1808,WH06,8,3,397,26,2024-01-01 00:00:00
P1808,WH06,9,-3,385,24,2024-01-01 00:00:00
P1808,WH06,10,0,399,30,2024-01-01 00:00:00
P1968,WH01,1,-13,98,47,2024-01-01 00:00:00
P1968,WH01,2,-12,104,55,2024-01-01 00:00:00
P1968,WH01,3,-12,107,50,2024-01-01 00:00:00
P1968,WH01,4,-15,105,52,2024-01-01 00:00:00
P1968,WH01,5,-15,106,47,2024-01-01 00:00:00
P1968,WH01,6,-8,104,55,2024-01-01 00:00:00
P1968,WH01,7,-10,117,55,2024-01-01 00:00:00
P1968,WH01,8,-3,99,48,2024-01-01 00:00:00
P1968,WH01,9,-10,106,46,2024-01-01 00:00:00
P1968,WH01,10,-4,108,46,2024-01-01 00:00:00
P1968,WH03,1,-15,109,58,2024-01-01 00:00:00
P1968,WH03,2,-15,102,49,2024-01-01 00:00:00
P1968,WH03,3,-18,113,51,2024-01-01 00:00:00
P1968,WH03,4,-15,116,56,2024-01-01 00:00:00
P1968,WH03,5,-16,104,49,2024-01-01 00:00:00
P1968,WH03,6,-10,105,52,2024-01-01 00:00:00
P1968,WH03,7,-8,117,57,2024-01-01 00:00:00
P1968,WH03,8,-1,104,54,2024-01-01 00:00:00
P1968,WH03,9,-6,106,57,2024-01-01 00:00:00
P1968,WH03,10,-2,111,60,2024-01-01 00:00:00
P1968,WH04,1,-11,112,60,2024-01-01 00:00:00
P1968,WH04,2,-8,103,53,2024-01-01 00:00:00
P1968,WH04,3,-15,118,61,2024-01-01 00:00:00
P1968,WH04,4,-16,114,60,2024-01-01 00:00:00
P1968,WH04,5,-17,118,56,2024-01-01 00:00:00
P1968,WH04,6,-14,118,62,2024-01-01 00:00:00
P1968,WH04,7,-9,114,57,2024-01-01 00:00:00
P1968,WH04,8,-5,112,60,2024-01-01 00:00:00
P1968,WH04,9,-5,115,61,2024-01-01 00:00:00
P1968,WH04,10,-8,113,62,2024-01-01 00:00:00
P1968,WH05,1,-13,111,63,2024-01-01 00:00:00
P1968,WH05,2,-12,112,62,2024-01-01 00:00:00
P1968,WH05,3,-24,105,58,2024-01-01 00:00:00
P1968,WH05,4,-12,115,60,2024-01-01 00:00:00
P1968,WH05,5,-19,123,68,2024-01-01 00:00:00
P1968,WH05,6,-10,117,63,2024-01-01 00:00:00
P1968,WH05,7,-17,111,63,2024-01-01 00:00:00
P1968,WH05,8,-4,119,68,2024-01-01 00:00:00
P1968,WH05,9,-7,126,65,2024-01-01 00:00:00
P1968,WH05,10,-2,117,60,2024-01-01 00:00:00
P1968,WH06,1,-4,313,31,2024-01-01 00:00:00
P1968,WH06,2,-4,310,28,2024-01-01 00:00:00
P1968,WH06,3,-9,314,25,2024-01-01 00:00:00
P1968,WH06,4,8,311,25,2024-01-01 00:00:00
P1968,WH06,5,-2,299,27,2024-01-01 00:00:00
P1968,WH06,6,-6,319,26,2024-01-01 00:00:00
P1968,WH06,7,-4,302,27,2024-01-01 00:00:00
P1968,WH06,8,0,315,29,2024-01-01 00:00:00
P1968,WH06,9,-9,300,29,2024-01-01 00:00:00
P1968,WH06,10,0,312,29,2024-01-01 00:00:00
P2113,WH01,1,-6,113,58,2024-01-01 00:00:00
P2113,WH01,2,-12,111,57,2024-01-01 00:00:00
P2113,WH01,3,-15,102,50,2024-01-01 00:00:00
P2113,WH01,4,-21,115,53,2024-01-01 00:00:00
P2113,WH01,5,-12,116,57,2024-01-01 00:00:00
P2113,WH01,6,-5,106,48,2024-01-01 00:00:00
P2113,WH01,7,-11,111,55,2024-01-01 00:00:00
P2113,WH01,8,-8,113,54,2024-01-01 00:00:00
P2113,WH01,9,-9,104,47,2024-01-01 00:00:00
P2113,WH01,10,-6,111,51,2024-01-01 00:00:00
P2113,WH03,1,-14,115,56,2024-01-01 00:00:00
P2113,WH03,2,-9,113,55,2024-01-01 00:00:00
P2113,WH03,3,-18,116,56,2024-01-01 00:00:00
P2113,WH03,4,-19,124,63,2024-01-01 00:00:00
P2113,WH03,5,-14,109,61,2024-01-01 00:00:00
P2113,WH03,6,-7,111,51,2024-01-01 00:00:00
P2113,WH03,7,-16,104,53,2024-01-01 00:00:00
P2113,WH03,8,-1,124,63,2024-01-01 00:00:00
P2113,WH03,9,-3,105,55,2024-01-01 00:00:00
P2113,WH03,10,-2,108,56,2024-01-01 00:00:00
P2113,WH04,1,-13,105,56,2024-01-01 00:00:00
P2113,WH04,2,-14,119,57,2024-01-01 00:00:00
P2113,WH04,3,-14,114,61,2024-01-01 00:00:00
P2113,WH04,4,-18,121,64,2024-01-01 00:00:00
P2113,WH04,5,-21,118,56,2024-01-01 00:00:00
P2113,WH04,6,-8,111,57,2024-01-01 00:00:00
P2113,WH04,7,-9,112,65,2024-01-01 00:00:00
P2113,WH04,8,-5,119,57,2024-01-01 00:00:00
P2113,WH04,9,-7,110,55,2024-01-01 00:00:00
P2113,WH04,10,-7,117,64,2024-01-01 00:00:00
P2113,WH05,1,-14,124,72,2024-01-01 00:00:00
P2113,WH05,2,-8,125,70,2024-01-01 00:00:00
P2113,WH05,3,-12,113,66,2024-01-01 00:00:00
P2113,WH05,4,-17,121,71,2024-01-01 00:00:00
P2113,WH05,5,-22,133,71,2024-01-01 00:00:00
P2113,WH05,6,-16,123,71,2024-01-01 00:00:00
P2113,WH05,7,-15,117,67,2024-01-01 00:00:00
P2113,WH05,8,-7,126,69,2024-01-01 00:00:00
P2113,WH05,9,-2,113,63,2024-01-01 00:00:00
P2113,WH05,10,-5,121,67,2024-01-01 00:00:00
P2113,WH06,1,0,346,21,2024-01-01 00:00:00
P2113,WH06,2,2,338,25,2024-01-01 00:00:00
P2113,WH06,3,-2,355,26,2024-01-01 00:00:00
P2113,WH06,4,3,344,24,2024-01-01 00:00:00
P2113,WH06,5,-6,357,21,2024-01-01 00:00:00
P2113,WH06,6,-7,341,21,2024-01-01 00:00:00
P2113,WH06,7,-2,349,23,2024-01-01 00:00:00
P2113,WH06,8,-2,350,21,2024-01-01 00:00:00
P2113,WH06,9,-5,340,26,2024-01-01 00:00:00
P2113,WH06,10,2,352,22,2024-01-01 00:00:00
P2156,WH01,1,-10,123,63,2024-01-01 00:00:00
P2156,WH01,2,-6,119,59,2024-01-01 00:00:00
P2156,WH01,3,-18,121,62,2024-01-01 00:00:00
P2156,WH01,4,-16,118,61,2024-01-01 00:00:00
P2156,WH01,5,-17,108,52,2024-01-01 00:00:00
P2156,WH01,6,-5,115,60,2024-01-01 00:00:00
P2156,WH01,7,-6,123,61,2024-01-01 00:00:00
P2156,WH01,8,-9,114,57,2024-01-01 00:00:00
P2156,WH01,9,-8,116,63,2024-01-01 00:00:00
P2156,WH01,10,-7,111,51,2024-01-01 00:00:00
P2156,WH03,1,-13,124,62,2024-01-01 00:00:00
P2156,WH03,2,-7,116,62,2024-01-01 00:00:00
P2156,WH03,3,-15,113,65,2024-01-01 00:00:00
P2156,WH03,4,-25,120,59,2024-01-01 00:00:00
P2156,WH03,5,-18,123,62,2024-01-01 00:00:00
P2156,WH03,6,-10,124,67,2024-01-01 00:00:00
P2156,WH03,7,-12,125,66,2024-01-01 00:00:00
P2156,WH03,8,4,116,63,2024-01-01 00:00:00
P2156,WH03,9,-7,123,66,2024-01-01 00:00:00
P2156,WH03,10,-3,119,66,2024-01-01 00:00:00
P2156,WH04,1,-10,117,59,2024-01-01 00:00:00
P2156,WH04,2,-9,115,65,2024-01-01 00:00:00
P2156,WH04,3,-19,115,59,2024-01-01 00:00:00
P2156,WH04,4,-20,119,71,2024-01-01 00:00:00
P2156,WH04,5,-24,130,70,2024-01-01 00:00:00
P2156,WH04,6,-18,110,62,2024-01-01 00:00:00
P2156,WH04,7,-10,126,66,2024-01-01 00:00:00
P2156,WH04,8,2,113,59,2024-01-01 00:00:00
P2156,WH04,9,-7,124,65,2024-01-01 00:00:00
P2156,WH04,10,-7,116,61,2024-01-01 00:00:00
P2156,WH05,1,-13,138,76,2024-01-01 00:00:00
P2156,WH05,2,-11,115,67,2024-01-01 00:00:00
P2156,WH05,3,-21,122,75,2024-01-01 00:00:00
P2156,WH05,4,-19,123,73,2024-01-01 00:00:00
P2156,WH05,5,-15,135,76,2024-01-01 00:00:00
P2156,WH05,6,-19,124,76,2024-01-01 00:00:00
P2156,WH05,7,-20,124,76,2024-01-01 00:00:00
P2156,WH05,8,-5,125,68,2024-01-01 00:00:00
P2156,WH05,9,-8,136,78,2024-01-01 00:00:00
P2156,WH05,10,-7,129,78,2024-01-01 00:00:00
P2156,WH06,1,-10,343,29,2024-01-01 00:00:00
P2156,WH06,2,-2,325,25,2024-01-01 00:00:00
P2156,WH06,3,-2,339,29,2024-01-01 00:00:00
P2156,WH06,4,-1,327,30,2024-01-01 00:00:00
P2156,WH06,5,-7,325,24,2024-01-01 00:00:00
P2156,WH06,6,-6,341,27,2024-01-01 00:00:00
P2156,WH06,7,6,332,27,2024-01-01 00:00:00
P2156,WH06,8,-5,340,27,2024-01-01 00:00:00
P2156,WH06,9,-6,326,26,2024-01-01 00:00:00
P2156,WH06,10,-7,337,30,2024-01-01 00:00:00
P2157,WH01,1,-8,111,60,2024-01-01 00:00:00
P2157,WH01,2,-8,108,59,2024-01-01 00:00:00
P2157,WH01,3,-13,107,59,2024-01-01 00:00:00
P2157,WH01,4,-11,113,61,2024-01-01 00:00:00
P2157,WH01,5,-12,110,61,2024-01-01 00:00:00
P2157,WH01,6,-5,109,60,2024-01-01 00:00:00
P2157,WH01,7,-12,117,64,2024-01-01 00:00:00
P2157,WH01,8,-9,113,56,2024-01-01 00:00:00
P2157,WH01,9,-10,114,65,2024-01-01 00:00:00
P2157,WH01,10,-4,112,56,2024-01-01 00:00:00
P2157,WH03,1,-10,128,67,2024-01-01 00:00:00
P2157,WH03,2,-16,126,67,2024-01-01 00:00:00
P2157,WH03,3,-12,108,60,2024-01-01 00:00:00
P2157,WH03,4,-17,125,69,2024-01-01 00:00:00
P2157,WH03,5,-18,126,70,2024-01-01 00:00:00
P2157,WH03,6,-7,110,60,2024-01-01 00:00:00
P2157,WH03,7,-8,119,63,2024-01-01 00:00:00
P2157,WH03,8,-2,127,69,2024-01-01 00:00:00
P2157,WH03,9,-6,121,72,2024-01-01 00:00:00
P2157,WH03,10,-5,110,61,2024-01-01 00:00:00
P2157,WH04,1,-11,120,65,2024-01-01 00:00:00
P2157,WH04,2,-14,124,65,2024-01-01 00:00:00
P2157,WH04,3,-21,116,63,2024-01-01 00:00:00
P2157,WH04,4,-15,132,73,2024-01-01 00:00:00
P2157,WH04,5,-16,115,65,2024-01-01 00:00:00
P2157,WH04,6,-12,116,69,2024-01-01 00:00:00
P2157,WH04,7,-14,122,69,2024-01-01 00:00:00
P2157,WH04,8,1,121,68,2024-01-01 00:00:00
P2157,WH04,9,-5,119,65,2024-01-01 00:00:00
P2157,WH04,10,-5,124,74,2024-01-01 00:00:00
P2157,WH05,1,-17,136,76,2024-01-01 00:00:00
P2157,WH05,2,-13,130,82,2024-01-01 00:00:00
P2157,WH05,3,-10,124,74,2024-01-01 00:00:00
P2157,WH05,4,-9,123,76,2024-01-01 00:00:00
P2157,WH05,5,-13,126,73,2024-01-01 00:00:00
P2157,WH05,6,-10,139,78,2024-01-01 00:00:00
P2157,WH05,7,-9,131,69,2024-01-01 00:00:00
P2157,WH05,8,-7,128,70,2024-01-01 00:00:00
P2157,WH05,9,-2,129,74,2024-01-01 00:00:00
P2157,WH05,10,-9,130,80,2024-01-01 00:00:00
P2157,WH06,1,0,332,26,2024-01-01 00:00:00
P2157,WH06,2,0,334,28,2024-01-01 00:00:00
P2157,WH06,3,-8,347,27,2024-01-01 00:00:00
P2157,WH06,4,2,330,24,2024-01-01 00:00:00
P2157,WH06,5,-8,347,27,2024-01-01 00:00:00
P2157,WH06,6,0,334,24,2024-01-01 00:00:00
P2157,WH06,7,-1,346,25,2024-01-01 00:00:00
P2157,WH06,8,-4,345,27,2024-01-01 00:00:00
P2157,WH06,9,-7,333,27,2024-01-01 00:00:00
P2157,WH06,10,-12,342,27,2024-01-01 00:00:00
P2159,WH01,1,-10,125,63,2024-01-01 00:00:00
P2159,WH01,2,-10,127,66,2024-01-01 00:00:00
P2159,WH01,3,-11,116,56,2024-01-01 00:00:00
P2159,WH01,4,-11,124,67,2024-01-01 00:00:00
P2159,WH01,5,-19,123,66,2024-01-01 00:00:00
P2159,WH01,6,-12,115,63,2024-01-01 00:00:00
P2159,WH01,7,-9,107,60,2024-01-01 00:00:00
P2159,WH01,8,-2,119,68,2024-01-01 00:00:00
P2159,WH01,9,-2,132,70,2024-01-01 00:00:00
P2159,WH01,10,-4,104,57,2024-01-01 00:00:00
P2159,WH03,1,-16,119,66,2024-01-01 00:00:00
P2159,WH03,2,-8,117,64,2024-01-01 00:00:00
P2159,WH03,3,-18,130,75,2024-01-01 00:00:00
P2159,WH03,4,-14,119,67,2024-01-01 00:00:00
P2159,WH03,5,-16,122,72,2024-01-01 00:00:00
P2159,WH03,6,-14,121,63,2024-01-01 00:00:00
P2159,WH03,7,-12,128,68,2024-01-01 00:00:00
P2159,WH03,8,9,126,75,2024-01-01 00:00:00
P2159,WH03,9,-6,118,66,2024-01-01 00:00:00
P2159,WH03,10,-10,133,74,2024-01-01 00:00:00
P2159,WH04,1,-11,113,64,2024-01-01 00:00:00
P2159,WH04,2,-9,116,66,2024-01-01 00:00:00
P2159,WH04,3,-16,119,72,2024-01-01 00:00:00
P2159,WH04,4,-20,131,70,2024-01-01 00:00:00
P2159,WH04,5,-23,128,78,2024-01-01 00:00:00
P2159,WH04,6,-14,123,71,2024-01-01 00:00:00
P2159,WH04,7,-13,114,66,2024-01-01 00:00:00
P2159,WH04,8,2,125,70,2024-01-01 00:00:00
P2159,WH04,9,-2,135,75,2024-01-01 00:00:00
P2159,WH04,10,-6,111,64,2024-01-01 00:00:00
P2159,WH05,1,-6,127,79,2024-01-01 00:00:00
P2159,WH05,2,-12,137,82,2024-01-01 00:00:00
P2159,WH05,3,-14,137,82,2024-01-01 00:00:00
P2159,WH05,4,-16,131,75,2024-01-01 00:00:00
P2159,WH05,5,-14,136,78,2024-01-01 00:00:00
P2159,WH05,6,-19,121,72,2024-01-01 00:00:00
P2159,WH05,7,-6,129,79,2024-01-01 00:00:00
P2159,WH05,8,-10,130,74,2024-01-01 00:00:00
P2159,WH05,9,-5,132,79,2024-01-01 00:00:00
P2159,WH05,10,-8,131,79,2024-01-01 00:00:00
P2159,WH06,1,-10,378,34,2024-01-01 00:00:00
P2159,WH06,2,-10,375,32,2024-01-01 00:00:00
P2159,WH06,3,-7,371,31,2024-01-01 00:00:00
P2159,WH06,4,-6,374,33,2024-01-01 00:00:00
P2159,WH06,5,-7,366,30,2024-01-01 00:00:00
P2159,WH06,6,-7,378,32,2024-01-01 00:00:00
P2159,WH06,7,7,382,30,2024-01-01 00:00:00
P2159,WH06,8,-5,376,30,2024-01-01 00:00:00
P2159,WH06,9,-3,374,34,2024-01-01 00:00:00
P2159,WH06,10,-11,370,34,2024-01-01 00:00:00
P2184,WH01,1,-5,114,67,2024-01-01 00:00:00
P2184,WH01,2,-11,111,59,2024-01-01 00:00:00
P2184,WH01,3,-20,130,68,2024-01-01 00:00:00
P2184,WH01,4,-20,130,68,2024-01-01 00:00:00
P2184,WH01,5,-12,124,68,2024-01-01 00:00:00
P2184,WH01,6,-12,116,67,2024-01-01 00:00:00
P2184,WH01,7,-12,118,59,2024-01-01 00:00:00
P2184,WH01,8,-3,123,61,2024-01-01 00:00:00
P2184,WH01,9,-2,120,64,2024-01-01 00:00:00
P2184,WH01,10,-8,119,69,2024-01-01 00:00:00
P2184,WH03,1,-13,120,67,2024-01-01 00:00:00
P2184,WH03,2,-11,124,63,2024-01-01 00:00:00
P2184,WH03,3,-21,127,74,2024-01-01 00:00:00
P2184,WH03,4,-22,115,63,2024-01-01 00:00:00
P2184,WH03,5,-19,128,67,2024-01-01 00:00:00
P2184,WH03,6,-7,123,63,2024-01-01 00:00:00
P2184,WH03,7,-8,134,72,2024-01-01 00:00:00
P2184,WH03,8,6,123,75,2024-01-01 00:00:00
P2184,WH03,9,-4,136,74,2024-01-01 00:00:00
P2184,WH03,10,-5,128,68,2024-01-01 00:00:00
P2184,WH04,1,-12,121,71,2024-01-01 00:00:00
P2184,WH04,2,-12,128,67,2024-01-01 00:00:00
P2184,WH04,3,-19,130,68,2024-01-01 00:00:00
P2184,WH04,4,-25,117,67,2024-01-01 00:00:00
P2184,WH04,5,-17,123,67,2024-01-01 00:00:00
P2184,WH04,6,-11,130,75,2024-01-01 00:00:00
P2184,WH04,7,-10,120,68,2024-01-01 00:00:00
P2184,WH04,8,2,132,71,2024-01-01 00:00:00
P2184,WH04,9,-2,125,67,2024-01-01 00:00:00
P2184,WH04,10,-9,125,69,2024-01-01 00:00:00
P2184,WH05,1,-13,148,86,2024-01-01 00:00:00
P2184,WH05,2,-17,125,74,2024-01-01 00:00:00
P2184,WH05,3,-15,139,83,2024-01-01 00:00:00
P2184,WH05,4,-18,131,78,2024-01-01 00:00:00
P2184,WH05,5,-24,130,83,2024-01-01 00:00:00
P2184,WH05,6,-9,138,78,2024-01-01 00:00:00
P2184,WH05,7,-8,138,82,2024-01-01 00:00:00
P2184,WH05,8,-10,127,74,2024-01-01 00:00:00
P2184,WH05,9,-2,125,78,2024-01-01 00:00:00
P2184,WH05,10,-5,136,75,2024-01-01 00:00:00
P2184,WH06,1,-8,374,30,2024-01-01 00:00:00
P2184,WH06,2,0,372,25,2024-01-01 00:00:00
P2184,WH06,3,-5,377,27,2024-01-01 00:00:00
P2184,WH06,4,-2,388,29,2024-01-01 00:00:00
P2184,WH06,5,-10,382,28,2024-01-01 00:00:00
P2184,WH06,6,-10,371,28,2024-01-01 00:00:00
P2184,WH06,7,8,390,25,2024-01-01 00:00:00
P2184,WH06,8,-4,374,24,2024-01-01 00:00:00
P2184,WH06,9,-5,377,28,2024-01-01 00:00:00
P2184,WH06,10,-12,381,25,2024-01-01 00:00:00
P0118,WH01,1,-7,119,71,2024-01-01 00:00:00
P0118,WH01,2,-13,130,74,2024-01-01 00:00:00
P0118,WH01,3,-13,132,85,2024-01-01 00:00:00
P0118,WH01,4,-19,119,71,2024-01-01 00:00:00
P0118,WH01,5,-19,134,73,2024-01-01 00:00:00
P0118,WH01,6,-15,128,79,2024-01-01 00:00:00
P0118,WH01,7,-7,133,82,2024-01-01 00:00:00
P0118,WH01,8,-10,132,71,2024-01-01 00:00:00
P0118,WH01,9,-3,141,80,2024-01-01 00:00:00
P0118,WH01,10,-9,127,73,2024-01-01 00:00:00
P0118,WH03,1,-18,137,89,2024-01-01 00:00:00
P0118,WH03,2,-16,134,83,2024-01-01 00:00:00
P0118,WH03,3,-23,131,82,2024-01-01 00:00:00
P0118,WH03,4,-18,128,76,2024-01-01 00:00:00
P0118,WH03,5,-21,124,76,2024-01-01 00:00:00
P0118,WH03,6,-14,131,83,2024-01-01 00:00:00
P0118,WH03,7,-14,145,91,2024-01-01 00:00:00
P0118,WH03,8,4,136,85,2024-01-01 00:00:00
P0118,WH03,9,-6,143,86,2024-01-01 00:00:00
P0118,WH03,10,-8,126,79,2024-01-01 00:00:00
P0118,WH04,1,-12,144,94,2024-01-01 00:00:00
P0118,WH04,2,-17,142,85,2024-01-01 00:00:00
P0118,WH04,3,-27,147,88,2024-01-01 00:00:00
P0118,WH04,4,-27,146,92,2024-01-01 00:00:00
P0118,WH04,5,-18,144,83,2024-01-01 00:00:00
P0118,WH04,6,-9,145,91,2024-01-01 00:00:00
P0118,WH04,7,-10,128,80,2024-01-01 00:00:00
P0118,WH04,8,7,133,80,2024-01-01 00:00:00
P0118,WH04,9,-2,147,86,2024-01-01 00:00:00
P0118,WH04,10,-8,130,80,2024-01-01 00:00:00
P0118,WH05,1,-23,151,92,2024-01-01 00:00:00
P0118,WH05,2,-17,138,91,2024-01-01 00:00:00
P0118,WH05,3,-21,150,102,2024-01-01 00:00:00
P0118,WH05,4,-19,163,101,2024-01-01 00:00:00
P0118,WH05,5,-20,145,92,2024-01-01 00:00:00
P0118,WH05,6,-22,143,92,2024-01-01 00:00:00
P0118,WH05,7,-18,149,97,2024-01-01 00:00:00
P0118,WH05,8,-3,159,102,2024-01-01 00:00:00
P0118,WH05,9,-10,150,95,2024-01-01 00:00:00
P0118,WH05,10,-5,139,88,2024-01-01 00:00:00
P0118,WH06,1,3,407,25,2024-01-01 00:00:00
P0118,WH06,2,-10,398,30,2024-01-01 00:00:00
P0118,WH06,3,-6,402,27,2024-01-01 00:00:00
P0118,WH06,4,4,401,29,2024-01-01 00:00:00
P0118,WH06,5,-7,400,26,2024-01-01 00:00:00
P0118,WH06,6,-12,398,31,2024-01-01 00:00:00
P0118,WH06,7,-3,400,30,2024-01-01 00:00:00
P0118,WH06,8,-9,415,29,2024-01-01 00:00:00
P0118,WH06,9,-3,417,26,2024-01-01 00:00:00
P0118,WH06,10,-9,415,27,2024-01-01 00:00:00
P0140,WH01,1,-15,132,80,2024-01-01 00:00:00
P0140,WH01,2,-7,132,76,2024-01-01 00:00:00
P0140,WH01,3,-18,126,79,2024-01-01 00:00:00
P0140,WH01,4,-20,128,73,2024-01-01 00:00:00
P0140,WH01,5,-10,143,82,2024-01-01 00:00:00
P0140,WH01,6,-12,132,82,2024-01-01 00:00:00
P0140,WH01,7,-6,125,76,2024-01-01 00:00:00
P0140,WH01,8,-10,123,74,2024-01-01 00:00:00
P0140,WH01,9,-2,150,88,2024-01-01 00:00:00
P0140,WH01,10,-7,148,88,2024-01-01 00:00:00
P0140,WH03,1,-16,132,80,2024-01-01 00:00:00
P0140,WH03,2,-13,149,94,2024-01-01 00:00:00
P0140,WH03,3,-15,141,87,2024-01-01 00:00:00
P0140,WH03,4,-20,135,80,2024-01-01 00:00:00
P0140,WH03,5,-19,144,94,2024-01-01 00:00:00
P0140,WH03,6,-13,143,88,2024-01-01 00:00:00
P0140,WH03,7,-8,140,80,2024-01-01 00:00:00
P0140,WH03,8,5,136,85,2024-01-01 00:00:00
P0140,WH03,9,-5,143,83,2024-01-01 00:00:00
P0140,WH03,10,-12,135,80,2024-01-01 00:00:00
P0140,WH04,1,-21,137,87,2024-01-01 00:00:00
P0140,WH04,2,-12,146,90,2024-01-01 00:00:00
P0140,WH04,3,-23,143,83,2024-01-01 00:00:00
P0140,WH04,4,-28,139,90,2024-01-01 00:00:00
P0140,WH04,5,-23,144,87,2024-01-01 00:00:00
P0140,WH04,6,-10,143,91,2024-01-01 00:00:00
P0140,WH04,7,-18,134,85,2024-01-01 00:00:00
P0140,WH04,8,-2,148,91,2024-01-01 00:00:00
P0140,WH04,9,-5,141,90,2024-01-01 00:00:00
P0140,WH04,10,-10,134,82,2024-01-01 00:00:00
P0140,WH05,1,-18,157,104,2024-01-01 00:00:00
P0140,WH05,2,-18,158,105,2024-01-01 00:00:00
P0140,WH05,3,-15,155,105,2024-01-01 00:00:00
P0140,WH05,4,-24,142,94,2024-01-01 00:00:00
P0140,WH05,5,-14,166,105,2024-01-01 00:00:00
P0140,WH05,6,-23,143,96,2024-01-01 00:00:00
P0140,WH05,7,-9,149,94,2024-01-01 00:00:00
P0140,WH05,8,-5,147,93,2024-01-01 00:00:00
P0140,WH05,9,-5,143,91,2024-01-01 00:00:00
P0140,WH05,10,-3,148,99,2024-01-01 00:00:00
P0140,WH06,1,-9,452,31,2024-01-01 00:00:00
P0140,WH06,2,0,454,34,2024-01-01 00:00:00
P0140,WH06,3,-6,443,33,2024-01-01 00:00:00
P0140,WH06,4,5,436,32,2024-01-01 00:00:00
P0140,WH06,5,-12,438,35,2024-01-01 00:00:00
P0140,WH06,6,-8,444,34,2024-01-01 00:00:00
P0140,WH06,7,-1,435,30,2024-01-01 00:00:00
P0140,WH06,8,-5,447,29,2024-01-01 00:00:00
P0140,WH06,9,-11,435,35,2024-01-01 00:00:00
P0140,WH06,10,0,445,33,2024-01-01 00:00:00
P0155,WH01,1,-7,134,82,2024-01-01 00:00:00
P0155,WH01,2,-13,126,72,2024-01-01 00:00:00
P0155,WH01,3,-9,136,77,2024-01-01 00:00:00
P0155,WH01,4,-17,125,76,2024-01-01 00:00:00
P0155,WH01,5,-13,132,77,2024-01-01 00:00:00
P0155,WH01,6,-14,136,82,2024-01-01 00:00:00
P0155,WH01,7,-15,136,77,2024-01-01 00:00:00
P0155,WH01,8,-9,144,82,2024-01-01 00:00:00
P0155,WH01,9,-7,131,82,2024-01-01 00:00:00
P0155,WH01,10,-3,139,82,2024-01-01 00:00:00
P0155,WH03,1,-18,148,89,2024-01-01 00:00:00
P0155,WH03,2,-10,131,83,2024-01-01 00:00:00
P0155,WH03,3,-23,146,88,2024-01-01 00:00:00
P0155,WH03,4,-16,150,88,2024-01-01 00:00:00
P0155,WH03,5,-20,154,93,2024-01-01 00:00:00
P0155,WH03,6,-17,145,94,2024-01-01 00:00:00
P0155,WH03,7,-9,148,86,2024-01-01 00:00:00
P0155,WH03,8,7,146,85,2024-01-01 00:00:00
P0155,WH03,9,-7,140,79,2024-01-01 00:00:00
P0155,WH03,10,-3,143,82,2024-01-01 00:00:00
P0155,WH04,1,-21,147,94,2024-01-01 00:00:00
P0155,WH04,2,-16,142,83,2024-01-01 00:00:00
P0155,WH04,3,-23,145,93,2024-01-01 00:00:00
P0155,WH04,4,-21,146,89,2024-01-01 00:00:00
P0155,WH04,5,-14,139,88,2024-01-01 00:00:00
P0155,WH04,6,-10,133,86,2024-01-01 00:00:00
P0155,WH04,7,-14,150,96,2024-01-01 00:00:00
P0155,WH04,8,-2,159,97,2024-01-01 00:00:00
P0155,WH04,9,-10,156,96,2024-01-01 00:00:00
P0155,WH04,10,-9,143,88,2024-01-01 00:00:00
P0155,WH05,1,-7,155,99,2024-01-01 00:00:00
P0155,WH05,2,-21,158,102,2024-01-01 00:00:00
P0155,WH05,3,-20,161,106,2024-01-01 00:00:00
P0155,WH05,4,-27,153,93,2024-01-01 00:00:00
P0155,WH05,5,-26,151,99,2024-01-01 00:00:00
P0155,WH05,6,-22,162,102,2024-01-01 00:00:00
P0155,WH05,7,-20,153,99,2024-01-01 00:00:00
P0155,WH05,8,-12,152,103,2024-01-01 00:00:00
P0155,WH05,9,-7,146,94,2024-01-01 00:00:00
P0155,WH05,10,-10,147,93,2024-01-01 00:00:00
P0155,WH06,1,-11,416,32,2024-01-01 00:00:00
P0155,WH06,2,-5,413,32,2024-01-01 00:00:00
P0155,WH06,3,-3,426,30,2024-01-01 00:00:00
P0155,WH06,4,-4,414,30,2024-01-01 00:00:00
P0155,WH06,5,-8,425,32,2024-01-01 00:00:00
P0155,WH06,6,-8,413,30,2024-01-01 00:00:00
P0155,WH06,7,-2,410,34,2024-01-01 00:00:00
P0155,WH06,8,-14,415,30,2024-01-01 00:00:00
P0155,WH06,9,-11,419,34,2024-01-01 00:00:00
P0155,WH06,10,-11,418,30,2024-01-01 00:00:00
P0188,WH01,1,-10,105,57,2024-01-01 00:00:00
P0188,WH01,2,-15,109,51,2024-01-01 00:00:00
P0188,WH01,3,-14,110,56,2024-01-01 00:00:00
P0188,WH01,4,-11,113,52,2024-01-01 00:00:00
P0188,WH01,5,-9,102,55,2024-01-01 00:00:00
P0188,WH01,6,-10,110,53,2024-01-01 00:00:00
P0188,WH01,7,-10,121,60,2024-01-01 00:00:00
P0188,WH01,8,-9,116,57,2024-01-01 00:00:00
P0188,WH01,9,-7,122,62,2024-01-01 00:00:00
P0188,WH01,10,-2,103,51,2024-01-01 00:00:00
P0188,WH03,1,-16,112,62,2024-01-01 00:00:00
P0188,WH03,2,-16,117,56,2024-01-01 00:00:00
P0188,WH03,3,-23,113,61,2024-01-01 00:00:00
P0188,WH03,4,-22,114,66,2024-01-01 00:00:00
P0188,WH03,5,-22,105,58,2024-01-01 00:00:00
P0188,WH03,6,-15,112,60,2024-01-01 00:00:00
P0188,WH03,7,-15,116,63,2024-01-01 00:00:00
P0188,WH03,8,-2,106,58,2024-01-01 00:00:00
P0188,WH03,9,-7,127,66,2024-01-01 00:00:00
P0188,WH03,10,-10,107,60,2024-01-01 00:00:00
P0188,WH04,1,-21,119,66,2024-01-01 00:00:00
P0188,WH04,2,-13,120,68,2024-01-01 00:00:00
P0188,WH04,3,-26,111,57,2024-01-01 00:00:00
P0188,WH04,4,-19,112,63,2024-01-01 00:00:00
P0188,WH04,5,-20,117,64,2024-01-01 00:00:00
P0188,WH04,6,-13,111,58,2024-01-01 00:00:00
P0188,WH04,7,-15,108,57,2024-01-01 00:00:00
P0188,WH04,8,-7,122,68,2024-01-01 00:00:00
P0188,WH04,9,-12,122,68,2024-01-01 00:00:00
P0188,WH04,10,-9,120,67,2024-01-01 00:00:00
P0188,WH05,1,-14,125,67,2024-01-01 00:00:00
P0188,WH05,2,-17,119,67,2024-01-01 00:00:00
P0188,WH05,3,-13,132,72,2024-01-01 00:00:00
P0188,WH05,4,-17,134,74,2024-01-01 00:00:00
P0188,WH05,5,-12,113,66,2024-01-01 00:00:00
P0188,WH05,6,-12,130,70,2024-01-01 00:00:00
P0188,WH05,7,-20,125,75,2024-01-01 00:00:00
P0188,WH05,8,-3,118,70,2024-01-01 00:00:00
P0188,WH05,9,-5,120,73,2024-01-01 00:00:00
P0188,WH05,10,-9,128,69,2024-01-01 00:00:00
P0188,WH06,1,-4,379,31,2024-01-01 00:00:00
P0188,WH06,2,-9,376,36,2024-01-01 00:00:00
P0188,WH06,3,2,364,31,2024-01-01 00:00:00
P0188,WH06,4,7,378,35,2024-01-01 00:00:00
P0188,WH06,5,-8,370,36,2024-01-01 00:00:00
P0188,WH06,6,-2,372,34,2024-01-01 00:00:00
P0188,WH06,7,-6,367,35,2024-01-01 00:00:00
P0188,WH06,8,-6,380,37,2024-01-01 00:00:00
P0188,WH06,9,-10,368,31,2024-01-01 00:00:00
P0188,WH06,10,-9,364,36,2024-01-01 00:00:00
P0231,WH01,1,-10,113,57,2024-01-01 00:00:00
P0231,WH01,2,-14,103,53,2024-01-01 00:00:00
P0231,WH01,3,-21,121,63,2024-01-01 00:00:00
P0231,WH01,4,-20,116,61,2024-01-01 00:00:00
P0231,WH01,5,-18,106,57,2024-01-01 00:00:00
P0231,WH01,6,-15,103,54,2024-01-01 00:00:00
P0231,WH01,7,-15,109,55,2024-01-01 00:00:00
P0231,WH01,8,-6,102,55,2024-01-01 00:00:00
P0231,WH01,9,-6,119,59,2024-01-01 00:00:00
P0231,WH01,10,-12,106,58,2024-01-01 00:00:00
P0231,WH03,1,-14,105,58,2024-01-01 00:00:00
P0231,WH03,2,-15,119,58,2024-01-01 00:00:00
P0231,WH03,3,-19,110,61,2024-01-01 00:00:00
P0231,WH03,4,-24,115,63,2024-01-01 00:00:00
P0231,WH03,5,-23,126,67,2024-01-01 00:00:00
P0231,WH03,6,-17,111,57,2024-01-01 00:00:00
P0231,WH03,7,-9,119,64,2024-01-01 00:00:00
P0231,WH03,8,1,125,65,2024-01-01 00:00:00
P0231,WH03,9,-10,112,65,2024-01-01 00:00:00
P0231,WH03,10,-8,107,57,2024-01-01 00:00:00
P0231,WH04,1,-16,120,61,2024-01-01 00:00:00
P0231,WH04,2,-9,124,62,2024-01-01 00:00:00
P0231,WH04,3,-22,125,67,2024-01-01 00:00:00
P0231,WH04,4,-25,124,62,2024-01-01 00:00:00
P0231,WH04,5,-23,118,66,2024-01-01 00:00:00
P0231,WH04,6,-13,115,62,2024-01-01 00:00:00
P0231,WH04,7,-14,124,68,2024-01-01 00:00:00
P0231,WH04,8,-3,112,65,2024-01-01 00:00:00
P0231,WH04,9,-7,115,66,2024-01-01 00:00:00
P0231,WH04,10,-3,111,59,2024-01-01 00:00:00
P0231,WH05,1,-7,137,75,2024-01-01 00:00:00
P0231,WH05,2,-8,129,68,2024-01-01 00:00:00
P0231,WH05,3,-18,125,68,2024-01-01 00:00:00
P0231,WH05,4,-13,126,72,2024-01-01 00:00:00
P0231,WH05,5,-19,121,67,2024-01-01 00:00:00
P0231,WH05,6,-9,133,74,2024-01-01 00:00:00
P0231,WH05,7,-18,126,77,2024-01-01 00:00:00
P0231,WH05,8,-2,131,77,2024-01-01 00:00:00
P0231,WH05,9,-9,118,67,2024-01-01 00:00:00
P0231,WH05,10,-12,117,70,2024-01-01 00:00:00
P0231,WH06,1,-4,350,31,2024-01-01 00:00:00
P0231,WH06,2,-10,352,28,2024-01-01 00:00:00
P0231,WH06,3,-2,345,29,2024-01-01 00:00:00
P0231,WH06,4,-6,353,31,2024-01-01 00:00:00
P0231,WH06,5,0,344,29,2024-01-01 00:00:00
P0231,WH06,6,-3,361,30,2024-01-01 00:00:00
P0231,WH06,7,9,352,30,2024-01-01 00:00:00
P0231,WH06,8,-8,352,26,2024-01-01 00:00:00
P0231,WH06,9,-2,355,30,2024-01-01 00:00:00
P0231,WH06,10,-9,344,30,2024-01-01 00:00:00
P0281,WH01,1,-8,132,74,2024-01-01 00:00:00
P0281,WH01,2,-6,132,71,2024-01-01 00:00:00
P0281,WH01,3,-12,112,64,2024-01-01 00:00:00
P0281,WH01,4,-12,116,64,2024-01-01 00:00:00
P0281,WH01,5,-19,123,64,2024-01-01 00:00:00
P0281,WH01,6,-13,128,67,2024-01-01 00:00:00
P0281,WH01,7,-12,129,71,2024-01-01 00:00:00
P0281,WH01,8,-12,115,67,2024-01-01 00:00:00
P0281,WH01,9,-9,140,78,2024-01-01 00:00:00
P0281,WH01,10,-5,137,78,2024-01-01 00:00:00
P0281,WH03,1,-14,135,73,2024-01-01 00:00:00
P0281,WH03,2,-14,136,79,2024-01-01 00:00:00
P0281,WH03,3,-24,130,75,2024-01-01 00:00:00
P0281,WH03,4,-18,128,78,2024-01-01 00:00:00
P0281,WH03,5,-21,128,78,2024-01-01 00:00:00
P0281,WH03,6,-14,133,81,2024-01-01 00:00:00
P0281,WH03,7,-10,128,78,2024-01-01 00:00:00
P0281,WH03,8,6,127,70,2024-01-01 00:00:00
P0281,WH03,9,-8,138,82,2024-01-01 00:00:00
P0281,WH03,10,-3,128,71,2024-01-01 00:00:00
P0281,WH04,1,-16,129,79,2024-01-01 00:00:00
P0281,WH04,2,-9,128,75,2024-01-01 00:00:00
P0281,WH04,3,-29,134,82,2024-01-01 00:00:00
P0281,WH04,4,-24,137,85,2024-01-01 00:00:00
P0281,WH04,5,-22,141,82,2024-01-01 00:00:00
P0281,WH04,6,-20,130,75,2024-01-01 00:00:00
P0281,WH04,7,-16,127,73,2024-01-01 00:00:00
P0281,WH04,8,7,132,85,2024-01-01 00:00:00
P0281,WH04,9,-8,142,86,2024-01-01 00:00:00
P0281,WH04,10,-7,126,74,2024-01-01 00:00:00
P0281,WH05,1,-21,145,86,2024-01-01 00:00:00
P0281,WH05,2,-15,140,89,2024-01-01 00:00:00
P0281,WH05,3,-16,136,82,2024-01-01 00:00:00
P0281,WH05,4,-20,144,92,2024-01-01 00:00:00
P0281,WH05,5,-23,153,92,2024-01-01 00:00:00
P0281,WH05,6,-17,142,88,2024-01-01 00:00:00
P0281,WH05,7,-16,130,82,2024-01-01 00:00:00
P0281,WH05,8,-2,145,95,2024-01-01 00:00:00
P0281,WH05,9,-10,139,92,2024-01-01 00:00:00
P0281,WH05,10,-7,139,89,2024-01-01 00:00:00
P0281,WH06,1,-5,384,33,2024-01-01 00:00:00
P0281,WH06,2,-3,388,33,2024-01-01 00:00:00
P0281,WH06,3,-5,394,38,2024-01-01 00:00:00
P0281,WH06,4,3,385,37,2024-01-01 00:00:00
P0281,WH06,5,-8,391,34,2024-01-01 00:00:00
P0281,WH06,6,-5,387,37,2024-01-01 00:00:00
P0281,WH06,7,8,396,33,2024-01-01 00:00:00
P0281,WH06,8,-12,386,35,2024-01-01 00:00:00
P0281,WH06,9,-8,386,37,2024-01-01 00:00:00
P0281,WH06,10,-12,400,39,2024-01-01 00:00:00
P0404,WH01,1,-6,117,59,2024-01-01 00:00:00
P0404,WH01,2,-7,124,68,2024-01-01 00:00:00
P0404,WH01,3,-15,124,63,2024-01-01 00:00:00
P0404,WH01,4,-11,119,72,2024-01-01 00:00:00
P0404,WH01,5,-22,118,61,2024-01-01 00:00:00
P0404,WH01,6,-8,123,61,2024-01-01 00:00:00
P0404,WH01,7,-15,123,72,2024-01-01 00:00:00
P0404,WH01,8,-9,124,68,2024-01-01 00:00:00
P0404,WH01,9,-8,132,72,2024-01-01 00:00:00
P0404,WH01,10,-5,126,71,2024-01-01 00:00:00
P0404,WH03,1,-16,127,71,2024-01-01 00:00:00
P0404,WH03,2,-16,128,68,2024-01-01 00:00:00
P0404,WH03,3,-12,129,75,2024-01-01 00:00:00
P0404,WH03,4,-21,123,67,2024-01-01 00:00:00
P0404,WH03,5,-17,130,73,2024-01-01 00:00:00
P0404,WH03,6,-18,135,73,2024-01-01 00:00:00
P0404,WH03,7,-14,128,75,2024-01-01 00:00:00
P0404,WH03,8,9,126,67,2024-01-01 00:00:00
P0404,WH03,9,-6,132,71,2024-01-01 00:00:00
P0404,WH03,10,-9,127,73,2024-01-01 00:00:00
P0404,WH04,1,-12,124,68,2024-01-01 00:00:00
P0404,WH04,2,-14,133,75,2024-01-01 00:00:00
P0404,WH04,3,-19,121,71,2024-01-01 00:00:00
P0404,WH04,4,-20,132,73,2024-01-01 00:00:00
P0404,WH04,5,-21,135,78,2024-01-01 00:00:00
P0404,WH04,6,-18,125,77,2024-01-01 00:00:00
P0404,WH04,7,-14,125,72,2024-01-01 00:00:00
P0404,WH04,8,-1,124,69,2024-01-01 00:00:00
P0404,WH04,9,-9,136,80,2024-01-01 00:00:00
P0404,WH04,10,-10,130,77,2024-01-01 00:00:00
P0404,WH05,1,-23,135,75,2024-01-01 00:00:00
P0404,WH05,2,-12,134,77,2024-01-01 00:00:00
P0404,WH05,3,-15,143,82,2024-01-01 00:00:00
P0404,WH05,4,-17,145,86,2024-01-01 00:00:00
P0404,WH05,5,-19,135,76,2024-01-01 00:00:00
P0404,WH05,6,-7,144,82,2024-01-01 00:00:00
P0404,WH05,7,-14,138,81,2024-01-01 00:00:00
P0404,WH05,8,-5,144,87,2024-01-01 00:00:00
P0404,WH05,9,-2,145,83,2024-01-01 00:00:00
P0404,WH05,10,-8,126,75,2024-01-01 00:00:00
P0404,WH06,1,-11,381,35,2024-01-01 00:00:00
P0404,WH06,2,-4,376,30,2024-01-01 00:00:00
P0404,WH06,3,-5,375,29,2024-01-01 00:00:00
P0404,WH06,4,-5,389,33,2024-01-01 00:00:00
P0404,WH06,5,-8,386,35,2024-01-01 00:00:00
P0404,WH06,6,-11,384,32,2024-01-01 00:00:00
P0404,WH06,7,0,372,31,2024-01-01 00:00:00
P0404,WH06,8,-3,372,30,2024-01-01 00:00:00
P0404,WH06,9,-6,374,34,2024-01-01 00:00:00
P0404,WH06,10,0,379,31,2024-01-01 00:00:00
P0462,WH01,1,-13,116,65,2024-01-01 00:00:00
P0462,WH01,2,-6,129,73,2024-01-01 00:00:00
P0462,WH01,3,-24,114,67,2024-01-01 00:00:00
P0462,WH01,4,-16,129,71,2024-01-01 00:00:00
P0462,WH01,5,-17,122,75,2024-01-01 00:00:00
P0462,WH01,6,-13,131,70,2024-01-01 00:00:00
P0462,WH01,7,-7,120,67,2024-01-01 00:00:00
P0462,WH01,8,-12,127,65,2024-01-01 00:00:00
P0462,WH01,9,-8,115,65,2024-01-01 00:00:00
P0462,WH01,10,-3,125,75,2024-01-01 00:00:00
P0462,WH03,1,-14,121,69,2024-01-01 00:00:00
P0462,WH03,2,-16,114,67,2024-01-01 00:00:00
P0462,WH03,3,-19,128,75,2024-01-01 00:00:00
P0462,WH03,4,-23,133,73,2024-01-01 00:00:00
P0462,WH03,5,-28,129,81,2024-01-01 00:00:00
P0462,WH03,6,-17,129,79,2024-01-01 00:00:00
P0462,WH03,7,-8,129,70,2024-01-01 00:00:00
P0462,WH03,8,9,120,67,2024-01-01 00:00:00
P0462,WH03,9,-12,122,70,2024-01-01 00:00:00
P0462,WH03,10,-6,138,79,2024-01-01 00:00:00
P0462,WH04,1,-18,143,81,2024-01-01 00:00:00
P0462,WH04,2,-12,139,82,2024-01-01 00:00:00
P0462,WH04,3,-17,138,82,2024-01-01 00:00:00
P0462,WH04,4,-20,131,83,2024-01-01 00:00:00
P0462,WH04,5,-20,124,74,2024-01-01 00:00:00
P0462,WH04,6,-13,130,78,2024-01-01 00:00:00
P0462,WH04,7,-21,129,75,2024-01-01 00:00:00
P0462,WH04,8,-4,127,73,2024-01-01 00:00:00
P0462,WH04,9,-9,139,78,2024-01-01 00:00:00
P0462,WH04,10,-12,142,83,2024-01-01 00:00:00
P0462,WH05,1,-7,141,87,2024-01-01 00:00:00
P0462,WH05,2,-15,137,89,2024-01-01 00:00:00
P0462,WH05,3,-11,128,79,2024-01-01 00:00:00
P0462,WH05,4,-21,137,79,2024-01-01 00:00:00
P0462,WH05,5,-11,141,87,2024-01-01 00:00:00
P0462,WH05,6,-22,133,83,2024-01-01 00:00:00
P0462,WH05,7,-16,144,91,2024-01-01 00:00:00
P0462,WH05,8,-2,143,87,2024-01-01 00:00:00
P0462,WH05,9,-7,135,83,2024-01-01 00:00:00
P0462,WH05,10,-6,137,87,2024-01-01 00:00:00
P0462,WH06,1,-5,423,29,2024-01-01 00:00:00
P0462,WH06,2,0,412,28,2024-01-01 00:00:00
P0462,WH06,3,-3,423,28,2024-01-01 00:00:00
P0462,WH06,4,13,417,33,2024-01-01 00:00:00
P0462,WH06,5,-5,406,31,2024-01-01 00:00:00
P0462,WH06,6,-4,413,30,2024-01-01 00:00:00
P0462,WH06,7,4,415,32,2024-01-01 00:00:00
P0462,WH06,8,-7,422,28,2024-01-01 00:00:00
P0462,WH06,9,-4,412,33,2024-01-01 00:00:00
P0462,WH06,10,-4,412,31,2024-01-01 00:00:00
P0601,WH01,1,-15,127,73,2024-01-01 00:00:00
P0601,WH01,2,-9,126,65,2024-01-01 00:00:00
P0601,WH01,3,-18,124,69,2024-01-01 00:00:00
P0601,WH01,4,-24,128,73,2024-01-01 00:00:00
P0601,WH01,5,-16,139,77,2024-01-01 00:00:00
P0601,WH01,6,-10,121,65,2024-01-01 00:00:00
P0601,WH01,7,-13,128,75,2024-01-01 00:00:00
P0601,WH01,8,-8,132,76,2024-01-01 00:00:00
P0601,WH01,9,-7,138,76,2024-01-01 00:00:00
P0601,WH01,10,-3,117,68,2024-01-01 00:00:00
P0601,WH03,1,-10,136,75,2024-01-01 00:00:00
P0601,WH03,2,-14,139,83,2024-01-01 00:00:00
P0601,WH03,3,-19,121,72,2024-01-01 00:00:00
P0601,WH03,4,-25,138,76,2024-01-01 00:00:00
P0601,WH03,5,-18,131,72,2024-01-01 00:00:00
P0601,WH03,6,-17,129,71,2024-01-01 00:00:00
P0601,WH03,7,-14,118,71,2024-01-01 00:00:00
P0601,WH03,8,9,134,77,2024-01-01 00:00:00
P0601,WH03,9,-3,132,73,2024-01-01 00:00:00
P0601,WH03,10,-8,144,83,2024-01-01 00:00:00
P0601,WH04,1,-15,144,87,2024-01-01 00:00:00
P0601,WH04,2,-20,138,87,2024-01-01 00:00:00
P0601,WH04,3,-22,129,77,2024-01-01 00:00:00
P0601,WH04,4,-22,129,82,2024-01-01 00:00:00
P0601,WH04,5,-28,145,83,2024-01-01 00:00:00
P0601,WH04,6,-16,148,87,2024-01-01 00:00:00
P0601,WH04,7,-9,130,77,2024-01-01 00:00:00
P0601,WH04,8,-2,143,84,2024-01-01 00:00:00
P0601,WH04,9,-5,142,83,2024-01-01 00:00:00
P0601,WH04,10,-6,133,73,2024-01-01 00:00:00
P0601,WH05,1,-17,145,83,2024-01-01 00:00:00
P0601,WH05,2,-7,144,91,2024-01-01 00:00:00
P0601,WH05,3,-28,145,87,2024-01-01 00:00:00
P0601,WH05,4,-28,155,95,2024-01-01 00:00:00
P0601,WH05,5,-21,143,94,2024-01-01 00:00:00
P0601,WH05,6,-16,148,94,2024-01-01 00:00:00
P0601,WH05,7,-15,131,84,2024-01-01 00:00:00
P0601,WH05,8,-9,152,94,2024-01-01 00:00:00
P0601,WH05,9,-10,141,86,2024-01-01 00:00:00
P0601,WH05,10,-5,144,86,2024-01-01 00:00:00
P0601,WH06,1,-3,415,32,2024-01-01 00:00:00
P0601,WH06,2,-11,423,31,2024-01-01 00:00:00
P0601,WH06,3,-8,414,29,2024-01-01 00:00:00
P0601,WH06,4,10,419,28,2024-01-01 00:00:00
P0601,WH06,5,3,418,30,2024-01-01 00:00:00
P0601,WH06,6,3,420,32,2024-01-01 00:00:00
P0601,WH06,7,-7,417,30,2024-01-01 00:00:00
P0601,WH06,8,-7,410,26,2024-01-01 00:00:00
P0601,WH06,9,-11,422,32,2024-01-01 00:00:00
P0601,WH06,10,-7,410,28,2024-01-01 00:00:00
P0628,WH01,1,-8,136,80,2024-01-01 00:00:00
P0628,WH01,2,-13,132,70,2024-01-01 00:00:00
P0628,WH01,3,-16,122,74,2024-01-01 00:00:00
P0628,WH01,4,-15,121,74,2024-01-01 00:00:00
P0628,WH01,5,-13,121,74,2024-01-01 00:00:00
P0628,WH01,6,-13,125,73,2024-01-01 00:00:00
P0628,WH01,7,-13,133,81,2024-01-01 00:00:00
P0628,WH01,8,-10,132,73,2024-01-01 00:00:00
P0628,WH01,9,-3,137,77,2024-01-01 00:00:00
P0628,WH01,10,-2,126,74,2024-01-01 00:00:00
P0628,WH03,1,-15,132,73,2024-01-01 00:00:00
P0628,WH03,2,-12,132,74,2024-01-01 00:00:00
P0628,WH03,3,-17,123,74,2024-01-01 00:00:00
P0628,WH03,4,-23,140,78,2024-01-01 00:00:00
P0628,WH03,5,-21,124,73,2024-01-01 00:00:00
P0628,WH03,6,-17,139,87,2024-01-01 00:00:00
P0628,WH03,7,-15,146,84,2024-01-01 00:00:00
P0628,WH03,8,-4,144,87,2024-01-01 00:00:00
P0628,WH03,9,-12,138,78,2024-01-01 00:00:00
P0628,WH03,10,-7,135,85,2024-01-01 00:00:00
P0628,WH04,1,-18,136,78,2024-01-01 00:00:00
P0628,WH04,2,-21,131,83,2024-01-01 00:00:00
P0628,WH04,3,-25,125,77,2024-01-01 00:00:00
P0628,WH04,4,-18,124,77,2024-01-01 00:00:00
P0628,WH04,5,-23,131,81,2024-01-01 00:00:00
P0628,WH04,6,-18,142,88,2024-01-01 00:00:00
P0628,WH04,7,-13,143,81,2024-01-01 00:00:00
P0628,WH04,8,-2,137,77,2024-01-01 00:00:00
P0628,WH04,9,-6,137,90,2024-01-01 00:00:00
P0628,WH04,10,-8,137,85,2024-01-01 00:00:00
P0628,WH05,1,-20,146,92,2024-01-01 00:00:00
P0628,WH05,2,-22,156,95,2024-01-01 00:00:00
P0628,WH05,3,-15,140,92,2024-01-01 00:00:00
P0628,WH05,4,-31,156,94,2024-01-01 00:00:00
P0628,WH05,5,-30,150,94,2024-01-01 00:00:00
P0628,WH05,6,-22,151,92,2024-01-01 00:00:00
P0628,WH05,7,-14,139,88,2024-01-01 00:00:00
P0628,WH05,8,-10,147,87,2024-01-01 00:00:00
P0628,WH05,9,-3,147,90,2024-01-01 00:00:00
P0628,WH05,10,-12,144,90,2024-01-01 00:00:00
P0628,WH06,1,-9,398,31,2024-01-01 00:00:00
P0628,WH06,2,0,404,32,2024-01-01 00:00:00
P0628,WH06,3,0,397,31,2024-01-01 00:00:00
P0628,WH06,4,9,390,32,2024-01-01 00:00:00
P0628,WH06,5,3,399,35,2024-01-01 00:00:00
P0628,WH06,6,-13,389,30,2024-01-01 00:00:00
P0628,WH06,7,1,407,31,2024-01-01 00:00:00
P0628,WH06,8,0,405,33,2024-01-01 00:00:00
P0628,WH06,9,0,400,35,2024-01-01 00:00:00
P0628,WH06,10,-13,395,35,2024-01-01 00:00:00
P0830,WH01,1,-14,156,94,2024-01-01 00:00:00
P0830,WH01,2,-9,148,90,2024-01-01 00:00:00
P0830,WH01,3,-18,148,90,2024-01-01 00:00:00
P0830,WH01,4,-13,155,95,2024-01-01 00:00:00
P0830,WH01,5,-24,146,94,2024-01-01 00:00:00
P0830,WH01,6,-9,140,87,2024-01-01 00:00:00
P0830,WH01,7,-10,151,89,2024-01-01 00:00:00
P0830,WH01,8,-7,140,82,2024-01-01 00:00:00
P0830,WH01,9,-7,141,89,2024-01-01 00:00:00
P0830,WH01,10,-7,136,89,2024-01-01 00:00:00
P0830,WH03,1,-14,154,99,2024-01-01 00:00:00
P0830,WH03,2,-15,159,99,2024-01-01 00:00:00
P0830,WH03,3,-18,148,87,2024-01-01 00:00:00
P0830,WH03,4,-22,141,92,2024-01-01 00:00:00
P0830,WH03,5,-24,144,89,2024-01-01 00:00:00
P0830,WH03,6,-14,161,102,2024-01-01 00:00:00
P0830,WH03,7,-10,142,89,2024-01-01 00:00:00
P0830,WH03,8,7,139,92,2024-01-01 00:00:00
P0830,WH03,9,-7,148,89,2024-01-01 00:00:00
P0830,WH03,10,-6,138,89,2024-01-01 00:00:00
P0830,WH04,1,-21,143,89,2024-01-01 00:00:00
P0830,WH04,2,-9,150,90,2024-01-01 00:00:00
P0830,WH04,3,-23,166,104,2024-01-01 00:00:00
P0830,WH04,4,-16,149,99,2024-01-01 00:00:00
P0830,WH04,5,-24,155,94,2024-01-01 00:00:00
P0830,WH04,6,-20,148,90,2024-01-01 00:00:00
P0830,WH04,7,-20,149,92,2024-01-01 00:00:00
P0830,WH04,8,-3,154,104,2024-01-01 00:00:00
P0830,WH04,9,-7,161,99,2024-01-01 00:00:00
P0830,WH04,10,-3,149,90,2024-01-01 00:00:00
P0830,WH05,1,-21,156,99,2024-01-01 00:00:00
P0830,WH05,2,-13,147,100,2024-01-01 00:00:00
P0830,WH05,3,-16,162,100,2024-01-01 00:00:00
P0830,WH05,4,-24,152,105,2024-01-01 00:00:00
P0830,WH05,5,-18,165,114,2024-01-01 00:00:00
P0830,WH05,6,-23,159,110,2024-01-01 00:00:00
P0830,WH05,7,-23,171,110,2024-01-01 00:00:00
P0830,WH05,8,-8,154,104,2024-01-01 00:00:00
P0830,WH05,9,-10,167,107,2024-01-01 00:00:00
P0830,WH05,10,-9,156,105,2024-01-01 00:00:00
P0830,WH06,1,-10,455,32,2024-01-01 00:00:00
P0830,WH06,2,-10,451,32,2024-01-01 00:00:00
P0830,WH06,3,-10,459,34,2024-01-01 00:00:00
P0830,WH06,4,-9,454,32,2024-01-01 00:00:00
P0830,WH06,5,0,450,29,2024-01-01 00:00:00
P0830,WH06,6,-15,464,35,2024-01-01 00:00:00
P0830,WH06,7,-5,465,30,2024-01-01 00:00:00
P0830,WH06,8,-7,459,35,2024-01-01 00:00:00
P0830,WH06,9,-10,447,33,2024-01-01 00:00:00
P0830,WH06,10,-7,449,35,2024-01-01 00:00:00
P0865,WH01,1,-9,139,79,2024-01-01 00:00:00
P0865,WH01,2,-6,136,76,2024-01-01 00:00:00
P0865,WH01,3,-18,133,76,2024-01-01 00:00:00
P0865,WH01,4,-12,140,85,2024-01-01 00:00:00
P0865,WH01,5,-13,144,83,2024-01-01 00:00:00
P0865,WH01,6,-8,141,88,2024-01-01 00:00:00
P0865,WH01,7,-14,145,86,2024-01-01 00:00:00
P0865,WH01,8,-10,139,77,2024-01-01 00:00:00
P0865,WH01,9,-10,132,85,2024-01-01 00:00:00
P0865,WH01,10,-12,127,72,2024-01-01 00:00:00
P0865,WH03,1,-13,146,94,2024-01-01 00:00:00
P0865,WH03,2,-14,136,79,2024-01-01 00:00:00
P0865,WH03,3,-25,139,83,2024-01-01 00:00:00
P0865,WH03,4,-17,151,91,2024-01-01 00:00:00
P0865,WH03,5,-12,149,89,2024-01-01 00:00:00
P0865,WH03,6,-15,139,89,2024-01-01 00:00:00
P0865,WH03,7,-12,137,86,2024-01-01 00:00:00
P0865,WH03,8,-2,149,93,2024-01-01 00:00:00
P0865,WH03,9,-8,139,79,2024-01-01 00:00:00
P0865,WH03,10,-10,140,89,2024-01-01 00:00:00
P0865,WH04,1,-17,145,83,2024-01-01 00:00:00
P0865,WH04,2,-15,158,96,2024-01-01 00:00:00
P0865,WH04,3,-26,158,97,2024-01-01 00:00:00
P0865,WH04,4,-29,147,91,2024-01-01 00:00:00
P0865,WH04,5,-17,136,88,2024-01-01 00:00:00
P0865,WH04,6,-9,142,83,2024-01-01 00:00:00
P0865,WH04,7,-20,145,97,2024-01-01 00:00:00
P0865,WH04,8,2,152,93,2024-01-01 00:00:00
P0865,WH04,9,-5,148,94,2024-01-01 00:00:00
P0865,WH04,10,-9,147,88,2024-01-01 00:00:00
P0865,WH05,1,-15,144,97,2024-01-01 00:00:00
P0865,WH05,2,-22,147,96,2024-01-01 00:00:00
P0865,WH05,3,-21,159,102,2024-01-01 00:00:00
P0865,WH05,4,-16,156,99,2024-01-01 00:00:00
P0865,WH05,5,-12,155,105,2024-01-01 00:00:00
P0865,WH05,6,-18,156,97,2024-01-01 00:00:00
P0865,WH05,7,-23,157,100,2024-01-01 00:00:00
P0865,WH05,8,-5,167,105,2024-01-01 00:00:00
P0865,WH05,9,-6,152,102,2024-01-01 00:00:00
P0865,WH05,10,-10,157,99,2024-01-01 00:00:00
P0865,WH06,1,3,434,33,2024-01-01 00:00:00
P0865,WH06,2,-12,433,35,2024-01-01 00:00:00
P0865,WH06,3,-12,429,30,2024-01-01 00:00:00
P0865,WH06,4,-4,428,31,2024-01-01 00:00:00
P0865,WH06,5,-3,441,35,2024-01-01 00:00:00
P0865,WH06,6,-9,434,33,2024-01-01 00:00:00
P0865,WH06,7,11,437,34,2024-01-01 00:00:00
P0865,WH06,8,-8,433,30,2024-01-01 00:00:00
P0865,WH06,9,-3,435,35,2024-01-01 00:00:00
P0865,WH06,10,-11,439,30,2024-01-01 00:00:00
P1038,WH01,1,-6,114,61,2024-01-01 00:00:00
P1038,WH01,2,-12,120,60,2024-01-01 00:00:00
P1038,WH01,3,-20,109,58,2024-01-01 00:00:00
P1038,WH01,4,-19,119,57,2024-01-01 00:00:00
P1038,WH01,5,-14,113,54,2024-01-01 00:00:00
P1038,WH01,6,-8,118,60,2024-01-01 00:00:00
P1038,WH01,7,-10,110,55,2024-01-01 00:00:00
P1038,WH01,8,-8,110,60,2024-01-01 00:00:00
P1038,WH01,9,-9,114,58,2024-01-01 00:00:00
P1038,WH01,10,-3,104,51,2024-01-01 00:00:00
P1038,WH03,1,-9,118,65,2024-01-01 00:00:00
P1038,WH03,2,-12,118,61,2024-01-01 00:00:00
P1038,WH03,3,-18,122,61,2024-01-01 00:00:00
P1038,WH03,4,-22,116,56,2024-01-01 00:00:00
P1038,WH03,5,-12,122,63,2024-01-01 00:00:00
P1038,WH03,6,-16,118,60,2024-01-01 00:00:00
P1038,WH03,7,-12,110,55,2024-01-01 00:00:00
P1038,WH03,8,-4,116,60,2024-01-01 00:00:00
P1038,WH03,9,-9,110,58,2024-01-01 00:00:00
P1038,WH03,10,-6,115,55,2024-01-01 00:00:00
P1038,WH04,1,-12,114,66,2024-01-01 00:00:00
P1038,WH04,2,-17,117,62,2024-01-01 00:00:00
P1038,WH04,3,-21,117,61,2024-01-01 00:00:00
P1038,WH04,4,-17,107,57,2024-01-01 00:00:00
P1038,WH04,5,-24,123,67,2024-01-01 00:00:00
P1038,WH04,6,-15,121,67,2024-01-01 00:00:00
P1038,WH04,7,-18,114,61,2024-01-01 00:00:00
P1038,WH04,8,0,115,63,2024-01-01 00:00:00
P1038,WH04,9,-5,108,56,2024-01-01 00:00:00
P1038,WH04,10,-9,117,64,2024-01-01 00:00:00
P1038,WH05,1,-10,125,70,2024-01-01 00:00:00
P1038,WH05,2,-10,123,68,2024-01-01 00:00:00
P1038,WH05,3,-20,117,70,2024-01-01 00:00:00
P1038,WH05,4,-19,122,65,2024-01-01 00:00:00
P1038,WH05,5,-24,122,68,2024-01-01 00:00:00
P1038,WH05,6,-22,120,73,2024-01-01 00:00:00
P1038,WH05,7,-9,114,67,2024-01-01 00:00:00
P1038,WH05,8,-7,121,71,2024-01-01 00:00:00
P1038,WH05,9,-6,124,66,2024-01-01 00:00:00
P1038,WH05,10,-10,110,63,2024-01-01 00:00:00
P1038,WH06,1,0,359,31,2024-01-01 00:00:00
P1038,WH06,2,2,369,26,2024-01-01 00:00:00
P1038,WH06,3,2,364,31,2024-01-01 00:00:00
P1038,WH06,4,4,358,29,2024-01-01 00:00:00
P1038,WH06,5,-8,360,29,2024-01-01 00:00:00
P1038,WH06,6,-8,358,31,2024-01-01 00:00:00
P1038,WH06,7,3,365,26,2024-01-01 00:00:00
P1038,WH06,8,-3,365,31,2024-01-01 00:00:00
P1038,WH06,9,2,354,28,2024-01-01 00:00:00
P1038,WH06,10,-10,367,28,2024-01-01 00:00:00
P1172,WH01,1,-15,115,63,2024-01-01 00:00:00
P1172,WH01,2,-10,114,65,2024-01-01 00:00:00
P1172,WH01,3,-13,122,62,2024-01-01 00:00:00
P1172,WH01,4,-21,110,54,2024-01-01 00:00:00
P1172,WH01,5,-15,104,55,2024-01-01 00:00:00
P1172,WH01,6,-14,120,59,2024-01-01 00:00:00
P1172,WH01,7,-7,108,59,2024-01-01 00:00:00
P1172,WH01,8,-3,111,57,2024-01-01 00:00:00
P1172,WH01,9,-7,115,61,2024-01-01 00:00:00
P1172,WH01,10,-9,110,57,2024-01-01 00:00:00
P1172,WH03,1,-17,108,61,2024-01-01 00:00:00
P1172,WH03,2,-8,119,59,2024-01-01 00:00:00
P1172,WH03,3,-13,123,61,2024-01-01 00:00:00
P1172,WH03,4,-24,129,69,2024-01-01 00:00:00
P1172,WH03,5,-20,118,63,2024-01-01 00:00:00
P1172,WH03,6,-10,122,61,2024-01-01 00:00:00
P1172,WH03,7,-16,127,67,2024-01-01 00:00:00
P1172,WH03,8,0,110,62,2024-01-01 00:00:00
P1172,WH03,9,-5,122,70,2024-01-01 00:00:00
P1172,WH03,10,-8,119,66,2024-01-01 00:00:00
P1172,WH04,1,-13,126,71,2024-01-01 00:00:00
P1172,WH04,2,-12,124,70,2024-01-01 00:00:00
P1172,WH04,3,-25,130,70,2024-01-01 00:00:00
P1172,WH04,4,-21,126,72,2024-01-01 00:00:00
P1172,WH04,5,-23,122,65,2024-01-01 00:00:00
P1172,WH04,6,-16,113,63,2024-01-01 00:00:00
P1172,WH04,7,-14,128,66,2024-01-01 00:00:00
P1172,WH04,8,2,116,69,2024-01-01 00:00:00
P1172,WH04,9,-10,112,63,2024-01-01 00:00:00
P1172,WH04,10,-9,111,62,2024-01-01 00:00:00
P1172,WH05,1,-7,127,72,2024-01-01 00:00:00
P1172,WH05,2,-9,139,77,2024-01-01 00:00:00
P1172,WH05,3,-12,138,77,2024-01-01 00:00:00
P1172,WH05,4,-22,120,72,2024-01-01 00:00:00
P1172,WH05,5,-13,130,69,2024-01-01 00:00:00
P1172,WH05,6,-12,133,78,2024-01-01 00:00:00
P1172,WH05,7,-7,134,78,2024-01-01 00:00:00
P1172,WH05,8,-7,126,74,2024-01-01 00:00:00
P1172,WH05,9,-6,123,75,2024-01-01 00:00:00
P1172,WH05,10,-6,139,79,2024-01-01 00:00:00
P1172,WH06,1,-6,356,29,2024-01-01 00:00:00
P1172,WH06,2,-3,358,29,2024-01-01 00:00:00
P1172,WH06,3,-6,368,31,2024-01-01 00:00:00
P1172,WH06,4,-2,365,27,2024-01-01 00:00:00
P1172,WH06,5,-7,354,30,2024-01-01 00:00:00
P1172,WH06,6,-8,357,32,2024-01-01 00:00:00
P1172,WH06,7,3,352,32,2024-01-01 00:00:00
P1172,WH06,8,-7,365,30,2024-01-01 00:00:00
P1172,WH06,9,-3,364,30,2024-01-01 00:00:00
P1172,WH06,10,-6,367,26,2024-01-01 00:00:00
P1193,WH01,1,-7,126,75,2024-01-01 00:00:00
P1193,WH01,2,-12,131,78,2024-01-01 00:00:00
P1193,WH01,3,-19,125,67,2024-01-01 00:00:00
P1193,WH01,4,-19,116,68,2024-01-01 00:00:00
P1193,WH01,5,-16,122,67,2024-01-01 00:00:00
P1193,WH01,6,-14,128,74,2024-01-01 00:00:00
P1193,WH01,7,-10,125,70,2024-01-01 00:00:00
P1193,WH01,8,-2,116,64,2024-01-01 00:00:00
P1193,WH01,9,-5,128,71,2024-01-01 00:00:00
P1193,WH01,10,-8,125,71,2024-01-01 00:00:00
P1193,WH03,1,-17,134,75,2024-01-01 00:00:00
P1193,WH03,2,-10,129,75,2024-01-01 00:00:00
P1193,WH03,3,-18,127,71,2024-01-01 00:00:00
P1193,WH03,4,-17,128,75,2024-01-01 00:00:00
P1193,WH03,5,-21,128,79,2024-01-01 00:00:00
P1193,WH03,6,-17,124,77,2024-01-01 00:00:00
P1193,WH03,7,-14,132,79,2024-01-01 00:00:00
P1193,WH03,8,0,140,84,2024-01-01 00:00:00
P1193,WH03,9,-12,133,73,2024-01-01 00:00:00
P1193,WH03,10,-3,140,84,2024-01-01 00:00:00
P1193,WH04,1,-21,144,85,2024-01-01 00:00:00
P1193,WH04,2,-14,129,78,2024-01-01 00:00:00
P1193,WH04,3,-25,137,84,2024-01-01 00:00:00
P1193,WH04,4,-23,147,86,2024-01-01 00:00:00
P1193,WH04,5,-17,131,79,2024-01-01 00:00:00
P1193,WH04,6,-20,128,74,2024-01-01 00:00:00
P1193,WH04,7,-15,146,85,2024-01-01 00:00:00
P1193,WH04,8,3,127,79,2024-01-01 00:00:00
P1193,WH04,9,-12,133,85,2024-01-01 00:00:00
P1193,WH04,10,-6,137,75,2024-01-01 00:00:00
P1193,WH05,1,-13,132,82,2024-01-01 00:00:00
P1193,WH05,2,-9,139,81,2024-01-01 00:00:00
P1193,WH05,3,-32,129,82,2024-01-01 00:00:00
P1193,WH05,4,-26,131,81,2024-01-01 00:00:00
P1193,WH05,5,-33,154,95,2024-01-01 00:00:00
P1193,WH05,6,-12,151,90,2024-01-01 00:00:00
P1193,WH05,7,-9,138,81,2024-01-01 00:00:00
P1193,WH05,8,-10,145,93,2024-01-01 00:00:00
P1193,WH05,9,-10,138,90,2024-01-01 00:00:00
P1193,WH05,10,-9,136,86,2024-01-01 00:00:00
P1193,WH06,1,-5,411,36,2024-01-01 00:00:00
P1193,WH06,2,3,393,34,2024-01-01 00:00:00
P1193,WH06,3,-10,396,33,2024-01-01 00:00:00
P1193,WH06,4,-8,409,35,2024-01-01 00:00:00
P1193,WH06,5,-10,398,31,2024-01-01 00:00:00
P1193,WH06,6,-5,394,30,2024-01-01 00:00:00
P1193,WH06,7,-6,401,33,2024-01-01 00:00:00
P1193,WH06,8,-3,401,36,2024-01-01 00:00:00
P1193,WH06,9,3,404,33,2024-01-01 00:00:00
P1193,WH06,10,0,399,33,2024-01-01 00:00:00
P1639,WH01,1,-6,119,66,2024-01-01 00:00:00
P1639,WH01,2,-8,127,69,2024-01-01 00:00:00
P1639,WH01,3,-16,111,62,2024-01-01 00:00:00
P1639,WH01,4,-10,120,68,2024-01-01 00:00:00
P1639,WH01,5,-12,128,69,2024-01-01 00:00:00
P1639,WH01,6,-13,121,71,2024-01-01 00:00:00
P1639,WH01,7,-10,131,71,2024-01-01 00:00:00
P1639,WH01,8,-2,129,71,2024-01-01 00:00:00
P1639,WH01,9,-12,108,61,2024-01-01 00:00:00
P1639,WH01,10,-3,125,64,2024-01-01 00:00:00
P1639,WH03,1,-15,119,71,2024-01-01 00:00:00
P1639,WH03,2,-9,126,66,2024-01-01 00:00:00
P1639,WH03,3,-17,115,66,2024-01-01 00:00:00
P1639,WH03,4,-19,132,77,2024-01-01 00:00:00
P1639,WH03,5,-24,123,69,2024-01-01 00:00:00
P1639,WH03,6,-18,119,71,2024-01-01 00:00:00
P1639,WH03,7,-17,135,76,2024-01-01 00:00:00
P1639,WH03,8,5,128,73,2024-01-01 00:00:00
P1639,WH03,9,-6,124,66,2024-01-01 00:00:00
P1639,WH03,10,-7,120,69,2024-01-01 00:00:00
P1639,WH04,1,-12,127,80,2024-01-01 00:00:00
P1639,WH04,2,-18,116,68,2024-01-01 00:00:00
P1639,WH04,3,-30,132,72,2024-01-01 00:00:00
P1639,WH04,4,-18,120,67,2024-01-01 00:00:00
P1639,WH04,5,-18,118,68,2024-01-01 00:00:00
P1639,WH04,6,-16,121,73,2024-01-01 00:00:00
P1639,WH04,7,-17,138,76,2024-01-01 00:00:00
P1639,WH04,8,2,131,72,2024-01-01 00:00:00
P1639,WH04,9,-9,129,73,2024-01-01 00:00:00
P1639,WH04,10,-8,125,76,2024-01-01 00:00:00
P1639,WH05,1,-9,148,86,2024-01-01 00:00:00
P1639,WH05,2,-9,138,83,2024-01-01 00:00:00
P1639,WH05,3,-28,137,82,2024-01-01 00:00:00
P1639,WH05,4,-30,142,80,2024-01-01 00:00:00
P1639,WH05,5,-22,132,85,2024-01-01 00:00:00
P1639,WH05,6,-13,127,75,2024-01-01 00:00:00
P1639,WH05,7,-16,134,80,2024-01-01 00:00:00
P1639,WH05,8,-3,148,86,2024-01-01 00:00:00
P1639,WH05,9,-10,133,81,2024-01-01 00:00:00
P1639,WH05,10,-12,136,77,2024-01-01 00:00:00
P1639,WH06,1,-4,383,35,2024-01-01 00:00:00
P1639,WH06,2,-11,387,32,2024-01-01 00:00:00
P1639,WH06,3,0,373,32,2024-01-01 00:00:00
P1639,WH06,4,1,371,29,2024-01-01 00:00:00
P1639,WH06,5,-8,391,34,2024-01-01 00:00:00
P1639,WH06,6,-3,384,33,2024-01-01 00:00:00
P1639,WH06,7,11,376,29,2024-01-01 00:00:00
P1639,WH06,8,-10,375,32,2024-01-01 00:00:00
P1639,WH06,9,-3,384,35,2024-01-01 00:00:00
P1639,WH06,10,0,382,29,2024-01-01 00:00:00
P1917,WH01,1,-6,124,66,2024-01-01 00:00:00
P1917,WH01,2,-6,120,62,2024-01-01 00:00:00
P1917,WH01,3,-17,132,73,2024-01-01 00:00:00
P1917,WH01,4,-18,117,69,2024-01-01 00:00:00
P1917,WH01,5,-18,124,64,2024-01-01 00:00:00
P1917,WH01,6,-8,123,70,2024-01-01 00:00:00
P1917,WH01,7,-12,126,66,2024-01-01 00:00:00
P1917,WH01,8,-9,134,75,2024-01-01 00:00:00
P1917,WH01,9,-5,123,66,2024-01-01 00:00:00
P1917,WH01,10,-5,127,70,2024-01-01 00:00:00
P1917,WH03,1,-15,125,70,2024-01-01 00:00:00
P1917,WH03,2,-8,127,75,2024-01-01 00:00:00
P1917,WH03,3,-21,118,67,2024-01-01 00:00:00
P1917,WH03,4,-19,133,78,2024-01-01 00:00:00
P1917,WH03,5,-16,116,67,2024-01-01 00:00:00
P1917,WH03,6,-15,136,77,2024-01-01 00:00:00
P1917,WH03,7,-18,118,69,2024-01-01 00:00:00
P1917,WH03,8,8,120,71,2024-01-01 00:00:00
P1917,WH03,9,-5,128,81,2024-01-01 00:00:00
P1917,WH03,10,-3,132,81,2024-01-01 00:00:00
P1917,WH04,1,-21,124,77,2024-01-01 00:00:00
P1917,WH04,2,-10,124,70,2024-01-01 00:00:00
P1917,WH04,3,-18,133,79,2024-01-01 00:00:00
P1917,WH04,4,-28,137,78,2024-01-01 00:00:00
P1917,WH04,5,-23,134,81,2024-01-01 00:00:00
P1917,WH04,6,-16,125,73,2024-01-01 00:00:00
P1917,WH04,7,-12,145,83,2024-01-01 00:00:00
P1917,WH04,8,0,133,73,2024-01-01 00:00:00
P1917,WH04,9,-12,139,77,2024-01-01 00:00:00
P1917,WH04,10,-3,135,83,2024-01-01 00:00:00
P1917,WH05,1,-21,137,78,2024-01-01 00:00:00
P1917,WH05,2,-23,144,90,2024-01-01 00:00:00
P1917,WH05,3,-19,152,91,2024-01-01 00:00:00
P1917,WH05,4,-25,144,82,2024-01-01 00:00:00
P1917,WH05,5,-30,136,79,2024-01-01 00:00:00
P1917,WH05,6,-7,139,89,2024-01-01 00:00:00
P1917,WH05,7,-13,140,82,2024-01-01 00:00:00
P1917,WH05,8,-12,131,79,2024-01-01 00:00:00
P1917,WH05,9,-5,150,89,2024-01-01 00:00:00
P1917,WH05,10,-6,126,78,2024-01-01 00:00:00
P1917,WH06,1,0,388,39,2024-01-01 00:00:00
P1917,WH06,2,-9,404,38,2024-01-01 00:00:00
P1917,WH06,3,-5,400,37,2024-01-01 00:00:00
P1917,WH06,4,2,400,35,2024-01-01 00:00:00
P1917,WH06,5,-7,386,39,2024-01-01 00:00:00
P1917,WH06,6,-9,400,39,2024-01-01 00:00:00
P1917,WH06,7,10,399,33,2024-01-01 00:00:00
P1917,WH06,8,-8,403,33,2024-01-01 00:00:00
P1917,WH06,9,-11,400,38,2024-01-01 00:00:00
P1917,WH06,10,-9,387,33,2024-01-01 00:00:00
P1947,WH01,1,-8,121,70,2024-01-01 00:00:00
P1947,WH01,2,-14,124,76,2024-01-01 00:00:00
P1947,WH01,3,-25,120,70,2024-01-01 00:00:00
P1947,WH01,4,-22,131,73,2024-01-01 00:00:00
P1947,WH01,5,-13,129,68,2024-01-01 00:00:00
P1947,WH01,6,-8,139,80,2024-01-01 00:00:00
P1947,WH01,7,-12,117,67,2024-01-01 00:00:00
P1947,WH01,8,-7,123,67,2024-01-01 00:00:00
P1947,WH01,9,-12,127,76,2024-01-01 00:00:00
P1947,WH01,10,-12,115,67,2024-01-01 00:00:00
P1947,WH03,1,-15,141,81,2024-01-01 00:00:00
P1947,WH03,2,-10,145,87,2024-01-01 00:00:00
P1947,WH03,3,-15,138,83,2024-01-01 00:00:00
P1947,WH03,4,-22,135,80,2024-01-01 00:00:00
P1947,WH03,5,-17,144,83,2024-01-01 00:00:00
P1947,WH03,6,-14,133,80,2024-01-01 00:00:00
P1947,WH03,7,-14,142,87,2024-01-01 00:00:00
P1947,WH03,8,4,138,86,2024-01-01 00:00:00
P1947,WH03,9,-12,147,86,2024-01-01 00:00:00
P1947,WH03,10,-7,143,81,2024-01-01 00:00:00
P1947,WH04,1,-14,138,87,2024-01-01 00:00:00
P1947,WH04,2,-10,140,81,2024-01-01 00:00:00
P1947,WH04,3,-20,139,78,2024-01-01 00:00:00
P1947,WH04,4,-19,141,84,2024-01-01 00:00:00
P1947,WH04,5,-18,141,81,2024-01-01 00:00:00
P1947,WH04,6,-21,145,83,2024-01-01 00:00:00
P1947,WH04,7,-18,128,81,2024-01-01 00:00:00
P1947,WH04,8,0,131,78,2024-01-01 00:00:00
P1947,WH04,9,-7,134,80,2024-01-01 00:00:00
P1947,WH04,10,-8,141,86,2024-01-01 00:00:00
P1947,WH05,1,-23,131,84,2024-01-01 00:00:00
P1947,WH05,2,-12,148,93,2024-01-01 00:00:00
P1947,WH05,3,-27,160,98,2024-01-01 00:00:00
P1947,WH05,4,-27,144,91,2024-01-01 00:00:00
P1947,WH05,5,-26,146,91,2024-01-01 00:00:00
P1947,WH05,6,-17,148,86,2024-01-01 00:00:00
P1947,WH05,7,-8,149,95,2024-01-01 00:00:00
P1947,WH05,8,-8,144,95,2024-01-01 00:00:00
P1947,WH05,9,-5,145,91,2024-01-01 00:00:00
P1947,WH05,10,-2,150,90,2024-01-01 00:00:00
P1947,WH06,1,-11,418,35,2024-01-01 00:00:00
P1947,WH06,2,-6,418,37,2024-01-01 00:00:00
P1947,WH06,3,-11,421,33,2024-01-01 00:00:00
P1947,WH06,4,0,410,37,2024-01-01 00:00:00
P1947,WH06,5,-6,403,35,2024-01-01 00:00:00
P1947,WH06,6,3,412,32,2024-01-01 00:00:00
P1947,WH06,7,-8,404,32,2024-01-01 00:00:00
P1947,WH06,8,-10,405,33,2024-01-01 00:00:00
P1947,WH06,9,-6,421,35,2024-01-01 00:00:00
P1947,WH06,10,-6,420,33,2024-01-01 00:00:00
P1961,WH01,1,-8,132,72,2024-01-01 00:00:00
P1961,WH01,2,-12,139,82,2024-01-01 00:00:00
P1961,WH01,3,-13,136,78,2024-01-01 00:00:00
P1961,WH01,4,-16,135,81,2024-01-01 00:00:00
P1961,WH01,5,-14,119,72,2024-01-01 00:00:00
P1961,WH01,6,-13,130,76,2024-01-01 00:00:00
P1961,WH01,7,-8,126,72,2024-01-01 00:00:00
P1961,WH01,8,-10,141,81,2024-01-01 00:00:00
P1961,WH01,9,-9,134,76,2024-01-01 00:00:00
P1961,WH01,10,-8,126,76,2024-01-01 00:00:00
P1961,WH03,1,-8,133,85,2024-01-01 00:00:00
P1961,WH03,2,-8,122,74,2024-01-01 00:00:00
P1961,WH03,3,-18,133,85,2024-01-01 00:00:00
P1961,WH03,4,-27,129,74,2024-01-01 00:00:00
P1961,WH03,5,-19,131,74,2024-01-01 00:00:00
P1961,WH03,6,-17,137,76,2024-01-01 00:00:00
P1961,WH03,7,-18,136,87,2024-01-01 00:00:00
P1961,WH03,8,2,144,82,2024-01-01 00:00:00
P1961,WH03,9,-10,142,81,2024-01-01 00:00:00
P1961,WH03,10,-10,136,82,2024-01-01 00:00:00
P1961,WH04,1,-16,134,87,2024-01-01 00:00:00
P1961,WH04,2,-12,137,76,2024-01-01 00:00:00
P1961,WH04,3,-12,127,78,2024-01-01 00:00:00
P1961,WH04,4,-25,146,87,2024-01-01 00:00:00
P1961,WH04,5,-18,130,82,2024-01-01 00:00:00
P1961,WH04,6,-9,141,84,2024-01-01 00:00:00
P1961,WH04,7,-14,138,82,2024-01-01 00:00:00
P1961,WH04,8,-2,149,87,2024-01-01 00:00:00
P1961,WH04,9,-8,142,87,2024-01-01 00:00:00
P1961,WH04,10,-8,132,85,2024-01-01 00:00:00
P1961,WH05,1,-20,139,92,2024-01-01 00:00:00
P1961,WH05,2,-22,154,92,2024-01-01 00:00:00
P1961,WH05,3,-23,152,95,2024-01-01 00:00:00
P1961,WH05,4,-31,145,97,2024-01-01 00:00:00
P1961,WH05,5,-28,150,88,2024-01-01 00:00:00
P1961,WH05,6,-13,146,94,2024-01-01 00:00:00
P1961,WH05,7,-9,157,97,2024-01-01 00:00:00
P1961,WH05,8,-6,143,89,2024-01-01 00:00:00
P1961,WH05,9,-2,156,97,2024-01-01 00:00:00
P1961,WH05,10,-12,159,97,2024-01-01 00:00:00
P1961,WH06,1,-7,433,30,2024-01-01 00:00:00
P1961,WH06,2,-10,430,30,2024-01-01 00:00:00
P1961,WH06,3,0,429,30,2024-01-01 00:00:00
P1961,WH06,4,2,428,30,2024-01-01 00:00:00
P1961,WH06,5,-6,433,30,2024-01-01 00:00:00
P1961,WH06,6,-13,421,30,2024-01-01 00:00:00
P1961,WH06,7,-4,436,34,2024-01-01 00:00:00
P1961,WH06,8,0,419,34,2024-01-01 00:00:00
P1961,WH06,9,-13,436,34,2024-01-01 00:00:00
P1961,WH06,10,-13,416,34,2024-01-01 00:00:00
P1971,WH01,1,-7,155,94,2024-01-01 00:00:00
P1971,WH01,2,-6,149,95,2024-01-01 00:00:00
P1971,WH01,3,-25,149,95,2024-01-01 00:00:00
P1971,WH01,4,-19,127,80,2024-01-01 00:00:00
P1971,WH01,5,-10,141,89,2024-01-01 00:00:00
P1971,WH01,6,-13,152,92,2024-01-01 00:00:00
P1971,WH01,7,-15,148,94,2024-01-01 00:00:00
P1971,WH01,8,-8,157,95,2024-01-01 00:00:00
P1971,WH01,9,-7,140,92,2024-01-01 00:00:00
P1971,WH01,10,-10,146,90,2024-01-01 00:00:00
P1971,WH03,1,-9,150,100,2024-01-01 00:00:00
P1971,WH03,2,-8,154,94,2024-01-01 00:00:00
P1971,WH03,3,-19,146,92,2024-01-01 00:00:00
P1971,WH03,4,-20,152,94,2024-01-01 00:00:00
P1971,WH03,5,-23,150,95,2024-01-01 00:00:00
P1971,WH03,6,-18,152,94,2024-01-01 00:00:00
P1971,WH03,7,-8,163,102,2024-01-01 00:00:00
P1971,WH03,8,3,147,95,2024-01-01 00:00:00
P1971,WH03,9,-12,140,90,2024-01-01 00:00:00
P1971,WH03,10,-2,148,97,2024-01-01 00:00:00
P1971,WH04,1,-20,144,92,2024-01-01 00:00:00
P1971,WH04,2,-18,145,89,2024-01-01 00:00:00
P1971,WH04,3,-21,157,105,2024-01-01 00:00:00
P1971,WH04,4,-19,154,102,2024-01-01 00:00:00
P1971,WH04,5,-25,140,89,2024-01-01 00:00:00
P1971,WH04,6,-12,153,99,2024-01-01 00:00:00
P1971,WH04,7,-12,160,102,2024-01-01 00:00:00
P1971,WH04,8,-1,159,104,2024-01-01 00:00:00
P1971,WH04,9,-7,161,105,2024-01-01 00:00:00
P1971,WH04,10,-5,148,99,2024-01-01 00:00:00
P1971,WH05,1,-9,169,109,2024-01-01 00:00:00
P1971,WH05,2,-10,163,110,2024-01-01 00:00:00
P1971,WH05,3,-28,149,100,2024-01-01 00:00:00
P1971,WH05,4,-29,161,109,2024-01-01 00:00:00
P1971,WH05,5,-25,168,112,2024-01-01 00:00:00
P1971,WH05,6,-18,168,107,2024-01-01 00:00:00
P1971,WH05,7,-15,167,107,2024-01-01 00:00:00
P1971,WH05,8,-3,158,109,2024-01-01 00:00:00
P1971,WH05,9,-2,167,114,2024-01-01 00:00:00
P1971,WH05,10,-5,152,102,2024-01-01 00:00:00
P1971,WH06,1,-7,464,33,2024-01-01 00:00:00
P1971,WH06,2,3,459,30,2024-01-01 00:00:00
P1971,WH06,3,-5,460,36,2024-01-01 00:00:00
P1971,WH06,4,3,453,35,2024-01-01 00:00:00
P1971,WH06,5,-12,448,34,2024-01-01 00:00:00
P1971,WH06,6,-13,466,36,2024-01-01 00:00:00
P1971,WH06,7,-4,449,35,2024-01-01 00:00:00
P1971,WH06,8,-15,452,35,2024-01-01 00:00:00
P1971,WH06,9,-10,452,34,2024-01-01 00:00:00
P1971,WH06,10,-10,450,36,2024-01-01 00:00:00
P2086,WH01,1,-13,148,88,2024-01-01 00:00:00
P2086,WH01,2,-9,140,86,2024-01-01 00:00:00
P2086,WH01,3,-21,135,77,2024-01-01 00:00:00
P2086,WH01,4,-15,134,83,2024-01-01 00:00:00
P2086,WH01,5,-20,142,88,2024-01-01 00:00:00
P2086,WH01,6,-12,128,76,2024-01-01 00:00:00
P2086,WH01,7,-6,131,77,2024-01-01 00:00:00
P2086,WH01,8,-5,140,82,2024-01-01 00:00:00
P2086,WH01,9,-12,139,83,2024-01-01 00:00:00
P2086,WH01,10,-2,124,76,2024-01-01 00:00:00
P2086,WH03,1,-9,142,83,2024-01-01 00:00:00
P2086,WH03,2,-13,145,93,2024-01-01 00:00:00
P2086,WH03,3,-22,134,79,2024-01-01 00:00:00
P2086,WH03,4,-21,145,85,2024-01-01 00:00:00
P2086,WH03,5,-24,155,94,2024-01-01 00:00:00
P2086,WH03,6,-14,144,89,2024-01-01 00:00:00
P2086,WH03,7,-18,143,83,2024-01-01 00:00:00
P2086,WH03,8,0,151,93,2024-01-01 00:00:00
P2086,WH03,9,-9,128,79,2024-01-01 00:00:00
P2086,WH03,10,-5,141,91,2024-01-01 00:00:00
P2086,WH04,1,-10,142,85,2024-01-01 00:00:00
P2086,WH04,2,-15,142,82,2024-01-01 00:00:00
P2086,WH04,3,-19,154,94,2024-01-01 00:00:00
P2086,WH04,4,-27,153,91,2024-01-01 00:00:00
P2086,WH04,5,-20,136,83,2024-01-01 00:00:00
P2086,WH04,6,-16,149,96,2024-01-01 00:00:00
P2086,WH04,7,-20,141,91,2024-01-01 00:00:00
P2086,WH04,8,3,157,97,2024-01-01 00:00:00
P2086,WH04,9,-10,148,89,2024-01-01 00:00:00
P2086,WH04,10,-8,140,83,2024-01-01 00:00:00
P2086,WH05,1,-8,154,100,2024-01-01 00:00:00
P2086,WH05,2,-7,160,103,2024-01-01 00:00:00
P2086,WH05,3,-27,162,106,2024-01-01 00:00:00
P2086,WH05,4,-17,153,91,2024-01-01 00:00:00
P2086,WH05,5,-24,156,97,2024-01-01 00:00:00
P2086,WH05,6,-17,147,94,2024-01-01 00:00:00
P2086,WH05,7,-15,151,91,2024-01-01 00:00:00
P2086,WH05,8,-6,158,106,2024-01-01 00:00:00
P2086,WH05,9,-8,162,100,2024-01-01 00:00:00
P2086,WH05,10,-9,157,99,2024-01-01 00:00:00
P2086,WH06,1,-9,445,32,2024-01-01 00:00:00
P2086,WH06,2,-3,440,32,2024-01-01 00:00:00
P2086,WH06,3,0,449,33,2024-01-01 00:00:00
P2086,WH06,4,-7,440,33,2024-01-01 00:00:00
P2086,WH06,5,-11,435,36,2024-01-01 00:00:00
P2086,WH06,6,-6,449,32,2024-01-01 00:00:00
P2086,WH06,7,13,440,35,2024-01-01 00:00:00
P2086,WH06,8,-3,445,37,2024-01-01 00:00:00
P2086,WH06,9,0,440,38,2024-01-01 00:00:00
P2086,WH06,10,-3,452,36,2024-01-01 00:00:00
P2091,WH01,1,-13,107,60,2024-01-01 00:00:00
P2091,WH01,2,-10,105,55,2024-01-01 00:00:00
P2091,WH01,3,-22,123,62,2024-01-01 00:00:00
P2091,WH01,4,-24,112,60,2024-01-01 00:00:00
P2091,WH01,5,-9,116,62,2024-01-01 00:00:00
P2091,WH01,6,-6,104,52,2024-01-01 00:00:00
P2091,WH01,7,-15,118,61,2024-01-01 00:00:00
P2091,WH01,8,-2,116,62,2024-01-01 00:00:00
P2091,WH01,9,-8,106,55,2024-01-01 00:00:00
P2091,WH01,10,-6,115,56,2024-01-01 00:00:00
P2091,WH03,1,-14,118,56,2024-01-01 00:00:00
P2091,WH03,2,-14,112,64,2024-01-01 00:00:00
P2091,WH03,3,-23,114,60,2024-01-01 00:00:00
P2091,WH03,4,-24,123,62,2024-01-01 00:00:00
P2091,WH03,5,-18,118,64,2024-01-01 00:00:00
P2091,WH03,6,-10,125,64,2024-01-01 00:00:00
P2091,WH03,7,-8,114,57,2024-01-01 00:00:00
P2091,WH03,8,2,114,61,2024-01-01 00:00:00
P2091,WH03,9,-5,120,65,2024-01-01 00:00:00
P2091,WH03,10,-2,114,62,2024-01-01 00:00:00
P2091,WH04,1,-20,114,60,2024-01-01 00:00:00
P2091,WH04,2,-16,110,63,2024-01-01 00:00:00
P2091,WH04,3,-26,111,63,2024-01-01 00:00:00
P2091,WH04,4,-19,110,58,2024-01-01 00:00:00
P2091,WH04,5,-27,105,58,2024-01-01 00:00:00
P2091,WH04,6,-16,120,62,2024-01-01 00:00:00
P2091,WH04,7,-21,115,57,2024-01-01 00:00:00
P2091,WH04,8,-1,112,65,2024-01-01 00:00:00
P2091,WH04,9,-6,114,61,2024-01-01 00:00:00
P2091,WH04,10,-9,111,58,2024-01-01 00:00:00
P2091,WH05,1,-21,129,73,2024-01-01 00:00:00
P2091,WH05,2,-7,130,72,2024-01-01 00:00:00
P2091,WH05,3,-22,128,69,2024-01-01 00:00:00
P2091,WH05,4,-24,124,65,2024-01-01 00:00:00
P2091,WH05,5,-19,135,75,2024-01-01 00:00:00
P2091,WH05,6,-13,122,66,2024-01-01 00:00:00
P2091,WH05,7,-9,130,68,2024-01-01 00:00:00
P2091,WH05,8,-9,125,69,2024-01-01 00:00:00
P2091,WH05,9,-9,124,67,2024-01-01 00:00:00
P2091,WH05,10,-5,120,73,2024-01-01 00:00:00
P2091,WH06,1,-8,347,34,2024-01-01 00:00:00
P2091,WH06,2,-8,341,34,2024-01-01 00:00:00
P2091,WH06,3,-2,337,35,2024-01-01 00:00:00
P2091,WH06,4,2,344,34,2024-01-01 00:00:00
P2091,WH06,5,-9,339,34,2024-01-01 00:00:00
P2091,WH06,6,-5,337,32,2024-01-01 00:00:00
P2091,WH06,7,2,342,33,2024-01-01 00:00:00
P2091,WH06,8,-2,349,33,2024-01-01 00:00:00
P2091,WH06,9,-9,348,34,2024-01-01 00:00:00
P2091,WH06,10,-4,340,35,2024-01-01 00:00:00
P2093,WH01,1,-8,124,62,2024-01-01 00:00:00
P2093,WH01,2,-13,117,57,2024-01-01 00:00:00
P2093,WH01,3,-17,119,63,2024-01-01 00:00:00
P2093,WH01,4,-17,116,64,2024-01-01 00:00:00
P2093,WH01,5,-19,123,62,2024-01-01 00:00:00
P2093,WH01,6,-13,113,61,2024-01-01 00:00:00
P2093,WH01,7,-12,117,61,2024-01-01 00:00:00
P2093,WH01,8,-12,115,62,2024-01-01 00:00:00
P2093,WH01,9,-3,117,64,2024-01-01 00:00:00
P2093,WH01,10,-2,110,62,2024-01-01 00:00:00
P2093,WH03,1,-12,106,58,2024-01-01 00:00:00
P2093,WH03,2,-17,126,69,2024-01-01 00:00:00
P2093,WH03,3,-16,116,64,2024-01-01 00:00:00
P2093,WH03,4,-19,118,69,2024-01-01 00:00:00
P2093,WH03,5,-21,128,66,2024-01-01 00:00:00
P2093,WH03,6,-17,117,69,2024-01-01 00:00:00
P2093,WH03,7,-12,107,58,2024-01-01 00:00:00
P2093,WH03,8,1,119,59,2024-01-01 00:00:00
P2093,WH03,9,-8,129,69,2024-01-01 00:00:00
P2093,WH03,10,-3,117,59,2024-01-01 00:00:00
P2093,WH04,1,-14,127,66,2024-01-01 00:00:00
P2093,WH04,2,-20,130,71,2024-01-01 00:00:00
P2093,WH04,3,-23,112,63,2024-01-01 00:00:00
P2093,WH04,4,-20,111,62,2024-01-01 00:00:00
P2093,WH04,5,-17,123,61,2024-01-01 00:00:00
P2093,WH04,6,-16,121,63,2024-01-01 00:00:00
P2093,WH04,7,-10,112,62,2024-01-01 00:00:00
P2093,WH04,8,-6,133,71,2024-01-01 00:00:00
P2093,WH04,9,-12,120,67,2024-01-01 00:00:00
P2093,WH04,10,-8,132,71,2024-01-01 00:00:00
P2093,WH05,1,-7,127,78,2024-01-01 00:00:00
P2093,WH05,2,-13,117,69,2024-01-01 00:00:00
P2093,WH05,3,-13,130,75,2024-01-01 00:00:00
P2093,WH05,4,-31,122,74,2024-01-01 00:00:00
P2093,WH05,5,-24,130,78,2024-01-01 00:00:00
P2093,WH05,6,-20,133,75,2024-01-01 00:00:00
P2093,WH05,7,-10,134,73,2024-01-01 00:00:00
P2093,WH05,8,-12,133,73,2024-01-01 00:00:00
P2093,WH05,9,-6,131,79,2024-01-01 00:00:00
P2093,WH05,10,-3,139,77,2024-01-01 00:00:00
P2093,WH06,1,-6,378,38,2024-01-01 00:00:00
P2093,WH06,2,-6,365,36,2024-01-01 00:00:00
P2093,WH06,3,-2,360,34,2024-01-01 00:00:00
P2093,WH06,4,12,359,34,2024-01-01 00:00:00
P2093,WH06,5,-3,373,35,2024-01-01 00:00:00
P2093,WH06,6,-5,369,33,2024-01-01 00:00:00
P2093,WH06,7,-2,366,36,2024-01-01 00:00:00
P2093,WH06,8,-5,376,38,2024-01-01 00:00:00
P2093,WH06,9,-6,371,33,2024-01-01 00:00:00
P2093,WH06,10,-7,375,34,2024-01-01 00:00:00
P2097,WH01,1,-13,114,67,2024-01-01 00:00:00
P2097,WH01,2,-13,111,61,2024-01-01 00:00:00
P2097,WH01,3,-14,110,59,2024-01-01 00:00:00
P2097,WH01,4,-23,109,57,2024-01-01 00:00:00
P2097,WH01,5,-19,111,61,2024-01-01 00:00:00
P2097,WH01,6,-12,118,69,2024-01-01 00:00:00
P2097,WH01,7,-9,115,60,2024-01-01 00:00:00
P2097,WH01,8,-7,111,60,2024-01-01 00:00:00
P2097,WH01,9,-7,109,58,2024-01-01 00:00:00
P2097,WH01,10,-9,114,64,2024-01-01 00:00:00
P2097,WH03,1,-14,126,70,2024-01-01 00:00:00
P2097,WH03,2,-8,120,61,2024-01-01 00:00:00
P2097,WH03,3,-11,127,66,2024-01-01 00:00:00
P2097,WH03,4,-27,127,67,2024-01-01 00:00:00
P2097,WH03,5,-19,121,64,2024-01-01 00:00:00
P2097,WH03,6,-12,120,64,2024-01-01 00:00:00
P2097,WH03,7,-18,111,64,2024-01-01 00:00:00
P2097,WH03,8,8,125,66,2024-01-01 00:00:00
P2097,WH03,9,-10,118,66,2024-01-01 00:00:00
P2097,WH03,10,-10,135,73,2024-01-01 00:00:00
P2097,WH04,1,-15,125,75,2024-01-01 00:00:00
P2097,WH04,2,-12,127,72,2024-01-01 00:00:00
P2097,WH04,3,-25,130,76,2024-01-01 00:00:00
P2097,WH04,4,-27,132,71,2024-01-01 00:00:00
P2097,WH04,5,-31,122,71,2024-01-01 00:00:00
P2097,WH04,6,-14,119,70,2024-01-01 00:00:00
P2097,WH04,7,-18,122,66,2024-01-01 00:00:00
P2097,WH04,8,-5,123,66,2024-01-01 00:00:00
P2097,WH04,9,-5,120,65,2024-01-01 00:00:00
P2097,WH04,10,-7,118,66,2024-01-01 00:00:00
P2097,WH05,1,-7,133,79,2024-01-01 00:00:00
P2097,WH05,2,-17,125,73,2024-01-01 00:00:00
P2097,WH05,3,-17,137,81,2024-01-01 00:00:00
P2097,WH05,4,-25,127,73,2024-01-01 00:00:00
P2097,WH05,5,-25,139,81,2024-01-01 00:00:00
P2097,WH05,6,-7,125,73,2024-01-01 00:00:00
P2097,WH05,7,-17,140,82,2024-01-01 00:00:00
P2097,WH05,8,-7,129,81,2024-01-01 00:00:00
P2097,WH05,9,-6,138,79,2024-01-01 00:00:00
P2097,WH05,10,-5,141,82,2024-01-01 00:00:00
P2097,WH06,1,-4,375,31,2024-01-01 00:00:00
P2097,WH06,2,-11,388,33,2024-01-01 00:00:00
P2097,WH06,3,-2,381,36,2024-01-01 00:00:00
P2097,WH06,4,1,390,31,2024-01-01 00:00:00
P2097,WH06,5,-11,395,36,2024-01-01 00:00:00
P2097,WH06,6,-2,382,30,2024-01-01 00:00:00
P2097,WH06,7,1,375,32,2024-01-01 00:00:00
P2097,WH06,8,2,394,35,2024-01-01 00:00:00
P2097,WH06,9,-7,375,36,2024-01-01 00:00:00
P2097,WH06,10,-4,393,31,2024-01-01 00:00:00
P2108,WH01,1,-10,115,59,2024-01-01 00:00:00
P2108,WH01,2,-9,120,59,2024-01-01 00:00:00
P2108,WH01,3,-17,121,64,2024-01-01 00:00:00
P2108,WH01,4,-23,121,68,2024-01-01 00:00:00
P2108,WH01,5,-11,115,68,2024-01-01 00:00:00
P2108,WH01,6,-15,118,59,2024-01-01 00:00:00
P2108,WH01,7,-12,120,72,2024-01-01 00:00:00
P2108,WH01,8,-8,110,61,2024-01-01 00:00:00
P2108,WH01,9,-3,123,71,2024-01-01 00:00:00
P2108,WH01,10,-9,114,62,2024-01-01 00:00:00
P2108,WH03,1,-10,123,66,2024-01-01 00:00:00
P2108,WH03,2,-8,139,77,2024-01-01 00:00:00
P2108,WH03,3,-27,127,73,2024-01-01 00:00:00
P2108,WH03,4,-23,126,76,2024-01-01 00:00:00
P2108,WH03,5,-19,116,69,2024-01-01 00:00:00
P2108,WH03,6,-8,128,75,2024-01-01 00:00:00
P2108,WH03,7,-13,125,77,2024-01-01 00:00:00
P2108,WH03,8,-8,125,72,2024-01-01 00:00:00
P2108,WH03,9,-6,122,73,2024-01-01 00:00:00
P2108,WH03,10,-3,135,73,2024-01-01 00:00:00
P2108,WH04,1,-18,137,80,2024-01-01 00:00:00
P2108,WH04,2,-21,118,71,2024-01-01 00:00:00
P2108,WH04,3,-19,126,76,2024-01-01 00:00:00
P2108,WH04,4,-12,117,69,2024-01-01 00:00:00
P2108,WH04,5,-28,124,76,2024-01-01 00:00:00
P2108,WH04,6,-14,119,69,2024-01-01 00:00:00
P2108,WH04,7,-12,130,72,2024-01-01 00:00:00
P2108,WH04,8,-1,125,72,2024-01-01 00:00:00
P2108,WH04,9,-5,128,69,2024-01-01 00:00:00
P2108,WH04,10,-10,125,76,2024-01-01 00:00:00
P2108,WH05,1,-18,134,76,2024-01-01 00:00:00
P2108,WH05,2,-16,142,87,2024-01-01 00:00:00
P2108,WH05,3,-25,141,83,2024-01-01 00:00:00
P2108,WH05,4,-28,134,75,2024-01-01 00:00:00
P2108,WH05,5,-24,137,75,2024-01-01 00:00:00
P2108,WH05,6,-12,143,81,2024-01-01 00:00:00
P2108,WH05,7,-16,133,75,2024-01-01 00:00:00
P2108,WH05,8,-2,131,77,2024-01-01 00:00:00
P2108,WH05,9,-2,133,80,2024-01-01 00:00:00
P2108,WH05,10,-5,128,75,2024-01-01 00:00:00
P2108,WH06,1,-10,387,29,2024-01-01 00:00:00
P2108,WH06,2,-5,391,29,2024-01-01 00:00:00
P2108,WH06,3,3,389,26,2024-01-01 00:00:00
P2108,WH06,4,6,381,27,2024-01-01 00:00:00
P2108,WH06,5,-3,390,28,2024-01-01 00:00:00
P2108,WH06,6,3,389,29,2024-01-01 00:00:00
P2108,WH06,7,4,375,30,2024-01-01 00:00:00
P2108,WH06,8,-4,390,25,2024-01-01 00:00:00
P2108,WH06,9,0,390,31,2024-01-01 00:00:00
P2108,WH06,10,0,374,25,2024-01-01 00:00:00
P0179,WH01,1,-8,133,76,2024-01-01 00:00:00
P0179,WH01,2,-13,126,72,2024-01-01 00:00:00
P0179,WH01,3,-18,120,72,2024-01-01 00:00:00
P0179,WH01,4,-25,143,83,2024-01-01 00:00:00
P0179,WH01,5,-24,139,79,2024-01-01 00:00:00
P0179,WH01,6,-8,141,85,2024-01-01 00:00:00
P0179,WH01,7,-10,137,86,2024-01-01 00:00:00
P0179,WH01,8,-5,127,74,2024-01-01 00:00:00
P0179,WH01,9,-6,131,81,2024-01-01 00:00:00
P0179,WH01,10,-8,145,85,2024-01-01 00:00:00
P0179,WH03,1,-16,146,86,2024-01-01 00:00:00
P0179,WH03,2,-16,138,86,2024-01-01 00:00:00
P0179,WH03,3,-26,139,91,2024-01-01 00:00:00
P0179,WH03,4,-32,139,83,2024-01-01 00:00:00
P0179,WH03,5,-25,136,89,2024-01-01 00:00:00
P0179,WH03,6,-9,134,81,2024-01-01 00:00:00
P0179,WH03,7,-18,141,89,2024-01-01 00:00:00
P0179,WH03,8,2,131,78,2024-01-01 00:00:00
P0179,WH03,9,-8,134,87,2024-01-01 00:00:00
P0179,WH03,10,-12,144,91,2024-01-01 00:00:00
P0179,WH04,1,-22,132,82,2024-01-01 00:00:00
P0179,WH04,2,-22,132,81,2024-01-01 00:00:00
P0179,WH04,3,-26,141,83,2024-01-01 00:00:00
P0179,WH04,4,-17,144,85,2024-01-01 00:00:00
P0179,WH04,5,-29,135,85,2024-01-01 00:00:00
P0179,WH04,6,-16,138,82,2024-01-01 00:00:00
P0179,WH04,7,-18,129,82,2024-01-01 00:00:00
P0179,WH04,8,0,147,91,2024-01-01 00:00:00
P0179,WH04,9,-3,135,86,2024-01-01 00:00:00
P0179,WH04,10,-4,137,81,2024-01-01 00:00:00
P0179,WH05,1,-12,145,93,2024-01-01 00:00:00
P0179,WH05,2,-9,159,98,2024-01-01 00:00:00
P0179,WH05,3,-23,137,89,2024-01-01 00:00:00
P0179,WH05,4,-16,148,89,2024-01-01 00:00:00
P0179,WH05,5,-15,153,94,2024-01-01 00:00:00
P0179,WH05,6,-14,153,94,2024-01-01 00:00:00
P0179,WH05,7,-18,151,98,2024-01-01 00:00:00
P0179,WH05,8,-5,162,101,2024-01-01 00:00:00
P0179,WH05,9,-4,151,89,2024-01-01 00:00:00
P0179,WH05,10,-3,139,90,2024-01-01 00:00:00
P0179,WH06,1,-7,423,42,2024-01-01 00:00:00
P0179,WH06,2,-5,429,43,2024-01-01 00:00:00
P0179,WH06,3,-7,425,41,2024-01-01 00:00:00
P0179,WH06,4,2,423,42,2024-01-01 00:00:00
P0179,WH06,5,-4,439,42,2024-01-01 00:00:00
P0179,WH06,6,-7,429,44,2024-01-01 00:00:00
P0179,WH06,7,-8,425,41,2024-01-01 00:00:00
P0179,WH06,8,-8,432,40,2024-01-01 00:00:00
P0179,WH06,9,-8,419,42,2024-01-01 00:00:00
P0179,WH06,10,-11,429,41,2024-01-01 00:00:00
P0183,WH01,1,-9,127,78,2024-01-01 00:00:00
P0183,WH01,2,-8,133,83,2024-01-01 00:00:00
P0183,WH01,3,-16,133,80,2024-01-01 00:00:00
P0183,WH01,4,-26,127,80,2024-01-01 00:00:00
P0183,WH01,5,-16,145,88,2024-01-01 00:00:00
P0183,WH01,6,-17,140,83,2024-01-01 00:00:00
P0183,WH01,7,-12,127,77,2024-01-01 00:00:00
P0183,WH01,8,-3,130,78,2024-01-01 00:00:00
P0183,WH01,9,-9,130,83,2024-01-01 00:00:00
P0183,WH01,10,-5,132,81,2024-01-01 00:00:00
P0183,WH03,1,-20,147,88,2024-01-01 00:00:00
P0183,WH03,2,-21,140,91,2024-01-01 00:00:00
P0183,WH03,3,-29,147,90,2024-01-01 00:00:00
P0183,WH03,4,-25,135,81,2024-01-01 00:00:00
P0183,WH03,5,-22,134,83,2024-01-01 00:00:00
P0183,WH03,6,-20,139,87,2024-01-01 00:00:00
P0183,WH03,7,-12,143,93,2024-01-01 00:00:00
P0183,WH03,8,3,156,94,2024-01-01 00:00:00
P0183,WH03,9,-9,152,93,2024-01-01 00:00:00
P0183,WH03,10,-10,138,83,2024-01-01 00:00:00
P0183,WH04,1,-22,137,88,2024-01-01 00:00:00
P0183,WH04,2,-13,147,95,2024-01-01 00:00:00
P0183,WH04,3,-27,136,87,2024-01-01 00:00:00
P0183,WH04,4,-31,148,87,2024-01-01 00:00:00
P0183,WH04,5,-30,139,87,2024-01-01 00:00:00
P0183,WH04,6,-13,138,84,2024-01-01 00:00:00
P0183,WH04,7,-20,152,93,2024-01-01 00:00:00
P0183,WH04,8,-5,147,88,2024-01-01 00:00:00
P0183,WH04,9,-8,146,97,2024-01-01 00:00:00
P0183,WH04,10,-4,149,91,2024-01-01 00:00:00
P0183,WH05,1,-20,155,105,2024-01-01 00:00:00
P0183,WH05,2,-13,145,97,2024-01-01 00:00:00
P0183,WH05,3,-27,158,101,2024-01-01 00:00:00
P0183,WH05,4,-31,159,98,2024-01-01 00:00:00
P0183,WH05,5,-32,168,107,2024-01-01 00:00:00
P0183,WH05,6,-25,146,98,2024-01-01 00:00:00
P0183,WH05,7,-21,159,104,2024-01-01 00:00:00
P0183,WH05,8,-6,160,103,2024-01-01 00:00:00
P0183,WH05,9,-3,161,104,2024-01-01 00:00:00
P0183,WH05,10,-13,154,104,2024-01-01 00:00:00
P0183,WH06,1,-11,437,43,2024-01-01 00:00:00
P0183,WH06,2,-7,446,40,2024-01-01 00:00:00
P0183,WH06,3,-3,433,40,2024-01-01 00:00:00
P0183,WH06,4,9,432,44,2024-01-01 00:00:00
P0183,WH06,5,3,433,39,2024-01-01 00:00:00
P0183,WH06,6,-4,443,42,2024-01-01 00:00:00
P0183,WH06,7,-3,440,43,2024-01-01 00:00:00
P0183,WH06,8,-11,439,38,2024-01-01 00:00:00
P0183,WH06,9,-9,445,38,2024-01-01 00:00:00
P0183,WH06,10,0,435,39,2024-01-01 00:00:00
P0264,WH01,1,-6,136,84,2024-01-01 00:00:00
P0264,WH01,2,-8,134,79,2024-01-01 00:00:00
P0264,WH01,3,-20,136,88,2024-01-01 00:00:00
P0264,WH01,4,-17,143,88,2024-01-01 00:00:00
P0264,WH01,5,-21,137,85,2024-01-01 00:00:00
P0264,WH01,6,-12,149,91,2024-01-01 00:00:00
P0264,WH01,7,-13,142,89,2024-01-01 00:00:00
P0264,WH01,8,-12,136,84,2024-01-01 00:00:00
P0264,WH01,9,-8,131,78,2024-01-01 00:00:00
P0264,WH01,10,-8,133,79,2024-01-01 00:00:00
P0264,WH03,1,-17,139,89,2024-01-01 00:00:00
P0264,WH03,2,-10,149,87,2024-01-01 00:00:00
P0264,WH03,3,-24,144,91,2024-01-01 00:00:00
P0264,WH03,4,-30,152,95,2024-01-01 00:00:00
P0264,WH03,5,-22,144,91,2024-01-01 00:00:00
P0264,WH03,6,-18,141,91,2024-01-01 00:00:00
P0264,WH03,7,-20,143,87,2024-01-01 00:00:00
P0264,WH03,8,-5,134,84,2024-01-01 00:00:00
P0264,WH03,9,-9,143,88,2024-01-01 00:00:00
P0264,WH03,10,-12,152,95,2024-01-01 00:00:00
P0264,WH04,1,-12,141,85,2024-01-01 00:00:00
P0264,WH04,2,-18,153,97,2024-01-01 00:00:00
P0264,WH04,3,-18,145,88,2024-01-01 00:00:00
P0264,WH04,4,-27,143,92,2024-01-01 00:00:00
P0264,WH04,5,-20,144,92,2024-01-01 00:00:00
P0264,WH04,6,-14,148,95,2024-01-01 00:00:00
P0264,WH04,7,-22,142,87,2024-01-01 00:00:00
P0264,WH04,8,1,151,100,2024-01-01 00:00:00
P0264,WH04,9,-12,157,100,2024-01-01 00:00:00
P0264,WH04,10,-9,142,92,2024-01-01 00:00:00
P0264,WH05,1,-13,153,94,2024-01-01 00:00:00
P0264,WH05,2,-21,159,102,2024-01-01 00:00:00
P0264,WH05,3,-20,160,98,2024-01-01 00:00:00
P0264,WH05,4,-31,155,100,2024-01-01 00:00:00
P0264,WH05,5,-14,166,107,2024-01-01 00:00:00
P0264,WH05,6,-13,160,98,2024-01-01 00:00:00
P0264,WH05,7,-17,166,105,2024-01-01 00:00:00
P0264,WH05,8,-12,154,104,2024-01-01 00:00:00
P0264,WH05,9,-12,164,102,2024-01-01 00:00:00
P0264,WH05,10,-4,159,98,2024-01-01 00:00:00
P0264,WH06,1,-7,462,37,2024-01-01 00:00:00
P0264,WH06,2,-3,472,36,2024-01-01 00:00:00
P0264,WH06,3,-9,471,38,2024-01-01 00:00:00
P0264,WH06,4,10,474,41,2024-01-01 00:00:00
P0264,WH06,5,-4,475,41,2024-01-01 00:00:00
P0264,WH06,6,3,470,38,2024-01-01 00:00:00
P0264,WH06,7,7,471,40,2024-01-01 00:00:00
P0264,WH06,8,3,473,38,2024-01-01 00:00:00
P0264,WH06,9,-13,461,40,2024-01-01 00:00:00
P0264,WH06,10,-6,462,35,2024-01-01 00:00:00
P0296,WH01,1,-14,137,89,2024-01-01 00:00:00
P0296,WH01,2,-14,144,83,2024-01-01 00:00:00
P0296,WH01,3,-26,138,81,2024-01-01 00:00:00
P0296,WH01,4,-16,140,90,2024-01-01 00:00:00
P0296,WH01,5,-22,151,92,2024-01-01 00:00:00
P0296,WH01,6,-8,151,90,2024-01-01 00:00:00
P0296,WH01,7,-12,139,86,2024-01-01 00:00:00
P0296,WH01,8,-13,146,92,2024-01-01 00:00:00
P0296,WH01,9,-10,153,93,2024-01-01 00:00:00
P0296,WH01,10,-13,146,93,2024-01-01 00:00:00
P0296,WH03,1,-20,151,92,2024-01-01 00:00:00
P0296,WH03,2,-20,148,92,2024-01-01 00:00:00
P0296,WH03,3,-27,140,93,2024-01-01 00:00:00
P0296,WH03,4,-21,156,99,2024-01-01 00:00:00
P0296,WH03,5,-29,149,90,2024-01-01 00:00:00
P0296,WH03,6,-9,149,98,2024-01-01 00:00:00
P0296,WH03,7,-17,153,95,2024-01-01 00:00:00
P0296,WH03,8,1,160,99,2024-01-01 00:00:00
P0296,WH03,9,-13,136,87,2024-01-01 00:00:00
P0296,WH03,10,-12,144,90,2024-01-01 00:00:00
P0296,WH04,1,-21,163,101,2024-01-01 00:00:00
P0296,WH04,2,-18,152,93,2024-01-01 00:00:00
P0296,WH04,3,-29,157,98,2024-01-01 00:00:00
P0296,WH04,4,-28,145,96,2024-01-01 00:00:00
P0296,WH04,5,-19,153,95,2024-01-01 00:00:00
P0296,WH04,6,-23,155,104,2024-01-01 00:00:00
P0296,WH04,7,-12,150,93,2024-01-01 00:00:00
P0296,WH04,8,-1,150,95,2024-01-01 00:00:00
P0296,WH04,9,-5,140,90,2024-01-01 00:00:00
P0296,WH04,10,-4,155,104,2024-01-01 00:00:00
P0296,WH05,1,-13,173,111,2024-01-01 00:00:00
P0296,WH05,2,-22,158,110,2024-01-01 00:00:00
P0296,WH05,3,-21,151,102,2024-01-01 00:00:00
P0296,WH05,4,-25,172,113,2024-01-01 00:00:00
P0296,WH05,5,-13,154,98,2024-01-01 00:00:00
P0296,WH05,6,-17,164,102,2024-01-01 00:00:00
P0296,WH05,7,-20,159,111,2024-01-01 00:00:00
P0296,WH05,8,-10,149,102,2024-01-01 00:00:00
P0296,WH05,9,-4,155,105,2024-01-01 00:00:00
P0296,WH05,10,-5,157,108,2024-01-01 00:00:00
P0296,WH06,1,-3,465,30,2024-01-01 00:00:00
P0296,WH06,2,-5,471,31,2024-01-01 00:00:00
P0296,WH06,3,-9,460,31,2024-01-01 00:00:00
P0296,WH06,4,-3,463,33,2024-01-01 00:00:00
P0296,WH06,5,-12,458,30,2024-01-01 00:00:00
P0296,WH06,6,-8,456,33,2024-01-01 00:00:00
P0296,WH06,7,0,468,33,2024-01-01 00:00:00
P0296,WH06,8,-11,462,32,2024-01-01 00:00:00
P0296,WH06,9,0,464,36,2024-01-01 00:00:00
P0296,WH06,10,-8,460,33,2024-01-01 00:00:00
P0341,WH01,1,-6,141,82,2024-01-01 00:00:00
P0341,WH01,2,-14,132,85,2024-01-01 00:00:00
P0341,WH01,3,-26,130,82,2024-01-01 00:00:00
P0341,WH01,4,-20,151,93,2024-01-01 00:00:00
P0341,WH01,5,-20,138,87,2024-01-01 00:00:00
P0341,WH01,6,-10,133,84,2024-01-01 00:00:00
P0341,WH01,7,-6,148,93,2024-01-01 00:00:00
P0341,WH01,8,-6,150,94,2024-01-01 00:00:00
P0341,WH01,9,-4,156,94,2024-01-01 00:00:00
P0341,WH01,10,-5,135,85,2024-01-01 00:00:00
P0341,WH03,1,-16,154,93,2024-01-01 00:00:00
P0341,WH03,2,-10,150,100,2024-01-01 00:00:00
P0341,WH03,3,-21,156,94,2024-01-01 00:00:00
P0341,WH03,4,-24,149,93,2024-01-01 00:00:00
P0341,WH03,5,-22,146,94,2024-01-01 00:00:00
P0341,WH03,6,-20,156,94,2024-01-01 00:00:00
P0341,WH03,7,-13,156,102,2024-01-01 00:00:00
P0341,WH03,8,7,141,91,2024-01-01 00:00:00
P0341,WH03,9,-8,153,96,2024-01-01 00:00:00
P0341,WH03,10,-9,148,90,2024-01-01 00:00:00
P0341,WH04,1,-20,146,90,2024-01-01 00:00:00
P0341,WH04,2,-16,144,94,2024-01-01 00:00:00
P0341,WH04,3,-20,152,97,2024-01-01 00:00:00
P0341,WH04,4,-31,159,100,2024-01-01 00:00:00
P0341,WH04,5,-15,147,94,2024-01-01 00:00:00
P0341,WH04,6,-22,155,105,2024-01-01 00:00:00
P0341,WH04,7,-22,148,90,2024-01-01 00:00:00
P0341,WH04,8,1,144,91,2024-01-01 00:00:00
P0341,WH04,9,-12,143,96,2024-01-01 00:00:00
P0341,WH04,10,-6,158,97,2024-01-01 00:00:00
P0341,WH05,1,-17,172,111,2024-01-01 00:00:00
P0341,WH05,2,-17,154,105,2024-01-01 00:00:00
P0341,WH05,3,-17,154,105,2024-01-01 00:00:00
P0341,WH05,4,-17,157,100,2024-01-01 00:00:00
P0341,WH05,5,-28,163,105,2024-01-01 00:00:00
P0341,WH05,6,-13,153,103,2024-01-01 00:00:00
P0341,WH05,7,-9,168,114,2024-01-01 00:00:00
P0341,WH05,8,-3,164,111,2024-01-01 00:00:00
P0341,WH05,9,-5,163,110,2024-01-01 00:00:00
P0341,WH05,10,-8,168,108,2024-01-01 00:00:00
P0341,WH06,1,-9,480,39,2024-01-01 00:00:00
P0341,WH06,2,-8,490,37,2024-01-01 00:00:00
P0341,WH06,3,-6,482,34,2024-01-01 00:00:00
P0341,WH06,4,0,483,40,2024-01-01 00:00:00
P0341,WH06,5,-3,480,37,2024-01-01 00:00:00
P0341,WH06,6,-9,494,40,2024-01-01 00:00:00
P0341,WH06,7,0,494,39,2024-01-01 00:00:00
P0341,WH06,8,-12,485,35,2024-01-01 00:00:00
P0341,WH06,9,0,495,35,2024-01-01 00:00:00
P0341,WH06,10,-8,493,38,2024-01-01 00:00:00
P0416,WH01,1,-12,115,68,2024-01-01 00:00:00
P0416,WH01,2,-14,130,71,2024-01-01 00:00:00
P0416,WH01,3,-15,108,61,2024-01-01 00:00:00
P0416,WH01,4,-13,122,61,2024-01-01 00:00:00
P0416,WH01,5,-20,123,68,2024-01-01 00:00:00
P0416,WH01,6,-9,119,66,2024-01-01 00:00:00
P0416,WH01,7,-10,122,64,2024-01-01 00:00:00
P0416,WH01,8,-4,111,62,2024-01-01 00:00:00
P0416,WH01,9,-5,111,63,2024-01-01 00:00:00
P0416,WH01,10,-9,108,61,2024-01-01 00:00:00
P0416,WH03,1,-18,125,71,2024-01-01 00:00:00
P0416,WH03,2,-17,128,66,2024-01-01 00:00:00
P0416,WH03,3,-18,130,75,2024-01-01 00:00:00
P0416,WH03,4,-15,129,72,2024-01-01 00:00:00
P0416,WH03,5,-31,127,73,2024-01-01 00:00:00
P0416,WH03,6,-21,118,70,2024-01-01 00:00:00
P0416,WH03,7,-12,124,65,2024-01-01 00:00:00
P0416,WH03,8,-5,122,65,2024-01-01 00:00:00
P0416,WH03,9,-8,119,71,2024-01-01 00:00:00
P0416,WH03,10,-9,122,75,2024-01-01 00:00:00
P0416,WH04,1,-10,120,70,2024-01-01 00:00:00
P0416,WH04,2,-21,126,71,2024-01-01 00:00:00
P0416,WH04,3,-28,123,73,2024-01-01 00:00:00
P0416,WH04,4,-25,127,74,2024-01-01 00:00:00
P0416,WH04,5,-21,130,69,2024-01-01 00:00:00
P0416,WH04,6,-18,125,69,2024-01-01 00:00:00
P0416,WH04,7,-20,115,66,2024-01-01 00:00:00
P0416,WH04,8,1,128,70,2024-01-01 00:00:00
P0416,WH04,9,-12,133,76,2024-01-01 00:00:00
P0416,WH04,10,-6,125,72,2024-01-01 00:00:00
P0416,WH05,1,-25,139,84,2024-01-01 00:00:00
P0416,WH05,2,-16,134,76,2024-01-01 00:00:00
P0416,WH05,3,-17,135,83,2024-01-01 00:00:00
P0416,WH05,4,-32,127,76,2024-01-01 00:00:00
P0416,WH05,5,-23,139,78,2024-01-01 00:00:00
P0416,WH05,6,-17,141,81,2024-01-01 00:00:00
P0416,WH05,7,-22,136,82,2024-01-01 00:00:00
P0416,WH05,8,-12,143,81,2024-01-01 00:00:00
P0416,WH05,9,-3,127,80,2024-01-01 00:00:00
P0416,WH05,10,-12,130,78,2024-01-01 00:00:00
P0416,WH06,1,-6,393,35,2024-01-01 00:00:00
P0416,WH06,2,-10,395,38,2024-01-01 00:00:00
P0416,WH06,3,-3,404,33,2024-01-01 00:00:00
P0416,WH06,4,-3,394,38,2024-01-01 00:00:00
P0416,WH06,5,-3,394,37,2024-01-01 00:00:00
P0416,WH06,6,-6,408,38,2024-01-01 00:00:00
P0416,WH06,7,9,393,34,2024-01-01 00:00:00
P0416,WH06,8,-7,399,36,2024-01-01 00:00:00
P0416,WH06,9,-10,390,32,2024-01-01 00:00:00
P0416,WH06,10,-7,409,36,2024-01-01 00:00:00
P0519,WH01,1,-12,130,71,2024-01-01 00:00:00
P0519,WH01,2,-16,126,72,2024-01-01 00:00:00
P0519,WH01,3,-28,124,66,2024-01-01 00:00:00
P0519,WH01,4,-26,122,66,2024-01-01 00:00:00
P0519,WH01,5,-17,125,65,2024-01-01 00:00:00
P0519,WH01,6,-6,121,66,2024-01-01 00:00:00
P0519,WH01,7,-16,125,72,2024-01-01 00:00:00
P0519,WH01,8,-12,120,62,2024-01-01 00:00:00
P0519,WH01,9,-4,111,61,2024-01-01 00:00:00
P0519,WH01,10,-9,134,72,2024-01-01 00:00:00
P0519,WH03,1,-9,132,74,2024-01-01 00:00:00
P0519,WH03,2,-12,136,77,2024-01-01 00:00:00
P0519,WH03,3,-22,137,75,2024-01-01 00:00:00
P0519,WH03,4,-23,121,74,2024-01-01 00:00:00
P0519,WH03,5,-22,119,67,2024-01-01 00:00:00
P0519,WH03,6,-18,130,70,2024-01-01 00:00:00
P0519,WH03,7,-21,120,70,2024-01-01 00:00:00
P0519,WH03,8,-1,125,72,2024-01-01 00:00:00
P0519,WH03,9,-12,125,75,2024-01-01 00:00:00
P0519,WH03,10,-6,120,73,2024-01-01 00:00:00
P0519,WH04,1,-14,133,79,2024-01-01 00:00:00
P0519,WH04,2,-14,128,70,2024-01-01 00:00:00
P0519,WH04,3,-26,135,75,2024-01-01 00:00:00
P0519,WH04,4,-29,129,74,2024-01-01 00:00:00
P0519,WH04,5,-14,132,77,2024-01-01 00:00:00
P0519,WH04,6,-17,126,79,2024-01-01 00:00:00
P0519,WH04,7,-20,132,78,2024-01-01 00:00:00
P0519,WH04,8,2,125,72,2024-01-01 00:00:00
P0519,WH04,9,-12,132,78,2024-01-01 00:00:00
P0519,WH04,10,-9,130,77,2024-01-01 00:00:00
P0519,WH05,1,-14,136,78,2024-01-01 00:00:00
P0519,WH05,2,-17,133,78,2024-01-01 00:00:00
P0519,WH05,3,-32,127,77,2024-01-01 00:00:00
P0519,WH05,4,-28,139,85,2024-01-01 00:00:00
P0519,WH05,5,-22,130,82,2024-01-01 00:00:00
P0519,WH05,6,-23,133,79,2024-01-01 00:00:00
P0519,WH05,7,-10,132,81,2024-01-01 00:00:00
P0519,WH05,8,-6,136,85,2024-01-01 00:00:00
P0519,WH05,9,-5,134,81,2024-01-01 00:00:00
P0519,WH05,10,-3,129,78,2024-01-01 00:00:00
P0519,WH06,1,-3,412,40,2024-01-01 00:00:00
P0519,WH06,2,-9,416,44,2024-01-01 00:00:00
P0519,WH06,3,-2,409,44,2024-01-01 00:00:00
P0519,WH06,4,12,409,44,2024-01-01 00:00:00
P0519,WH06,5,-7,402,44,2024-01-01 00:00:00
P0519,WH06,6,-6,404,40,2024-01-01 00:00:00
P0519,WH06,7,-2,412,38,2024-01-01 00:00:00
P0519,WH06,8,0,403,44,2024-01-01 00:00:00
P0519,WH06,9,-5,418,38,2024-01-01 00:00:00
P0519,WH06,10,-10,418,42,2024-01-01 00:00:00
P0652,WH01,1,-8,134,75,2024-01-01 00:00:00
P0652,WH01,2,-10,123,70,2024-01-01 00:00:00
P0652,WH01,3,-24,121,67,2024-01-01 00:00:00
P0652,WH01,4,-19,123,65,2024-01-01 00:00:00
P0652,WH01,5,-18,117,66,2024-01-01 00:00:00
P0652,WH01,6,-17,121,73,2024-01-01 00:00:00
P0652,WH01,7,-16,123,72,2024-01-01 00:00:00
P0652,WH01,8,-9,128,73,2024-01-01 00:00:00
P0652,WH01,9,-6,127,66,2024-01-01 00:00:00
P0652,WH01,10,-4,112,65,2024-01-01 00:00:00
P0652,WH03,1,-13,129,70,2024-01-01 00:00:00
P0652,WH03,2,-10,128,76,2024-01-01 00:00:00
P0652,WH03,3,-22,117,70,2024-01-01 00:00:00
P0652,WH03,4,-25,124,70,2024-01-01 00:00:00
P0652,WH03,5,-17,128,72,2024-01-01 00:00:00
P0652,WH03,6,-9,137,76,2024-01-01 00:00:00
P0652,WH03,7,-18,130,70,2024-01-01 00:00:00
P0652,WH03,8,3,129,69,2024-01-01 00:00:00
P0652,WH03,9,-10,124,69,2024-01-01 00:00:00
P0652,WH03,10,-4,132,73,2024-01-01 00:00:00
P0652,WH04,1,-22,129,78,2024-01-01 00:00:00
P0652,WH04,2,-16,143,83,2024-01-01 00:00:00
P0652,WH04,3,-16,141,82,2024-01-01 00:00:00
P0652,WH04,4,-14,131,82,2024-01-01 00:00:00
P0652,WH04,5,-31,134,82,2024-01-01 00:00:00
P0652,WH04,6,-16,132,71,2024-01-01 00:00:00
P0652,WH04,7,-16,124,75,2024-01-01 00:00:00
P0652,WH04,8,0,128,79,2024-01-01 00:00:00
P0652,WH04,9,-9,136,75,2024-01-01 00:00:00
P0652,WH04,10,-4,128,72,2024-01-01 00:00:00
P0652,WH05,1,-20,133,84,2024-01-01 00:00:00
P0652,WH05,2,-22,136,79,2024-01-01 00:00:00
P0652,WH05,3,-20,135,82,2024-01-01 00:00:00
P0652,WH05,4,-19,139,85,2024-01-01 00:00:00
P0652,WH05,5,-20,131,79,2024-01-01 00:00:00
P0652,WH05,6,-9,132,78,2024-01-01 00:00:00
P0652,WH05,7,-10,141,84,2024-01-01 00:00:00
P0652,WH05,8,-9,140,84,2024-01-01 00:00:00
P0652,WH05,9,-3,128,79,2024-01-01 00:00:00
P0652,WH05,10,-9,135,78,2024-01-01 00:00:00
P0652,WH06,1,2,431,32,2024-01-01 00:00:00
P0652,WH06,2,-2,439,31,2024-01-01 00:00:00
P0652,WH06,3,-10,437,34,2024-01-01 00:00:00
P0652,WH06,4,2,439,32,2024-01-01 00:00:00
P0652,WH06,5,-6,440,32,2024-01-01 00:00:00
P0652,WH06,6,-4,437,35,2024-01-01 00:00:00
P0652,WH06,7,0,430,31,2024-01-01 00:00:00
P0652,WH06,8,-10,432,32,2024-01-01 00:00:00
P0652,WH06,9,-5,435,34,2024-01-01 00:00:00
P0652,WH06,10,0,426,35,2024-01-01 00:00:00
P0817,WH01,1,-12,135,80,2024-01-01 00:00:00
P0817,WH01,2,-13,127,71,2024-01-01 00:00:00
P0817,WH01,3,-14,127,73,2024-01-01 00:00:00
P0817,WH01,4,-23,132,75,2024-01-01 00:00:00
P0817,WH01,5,-22,127,67,2024-01-01 00:00:00
P0817,WH01,6,-13,130,78,2024-01-01 00:00:00
P0817,WH01,7,-13,132,78,2024-01-01 00:00:00
P0817,WH01,8,-5,129,78,2024-01-01 00:00:00
P0817,WH01,9,-9,129,68,2024-01-01 00:00:00
P0817,WH01,10,-3,123,73,2024-01-01 00:00:00
P0817,WH03,1,-20,136,76,2024-01-01 00:00:00
P0817,WH03,2,-14,129,75,2024-01-01 00:00:00
P0817,WH03,3,-28,134,75,2024-01-01 00:00:00
P0817,WH03,4,-20,137,80,2024-01-01 00:00:00
P0817,WH03,5,-25,136,83,2024-01-01 00:00:00
P0817,WH03,6,-18,131,76,2024-01-01 00:00:00
P0817,WH03,7,-16,129,80,2024-01-01 00:00:00
P0817,WH03,8,5,130,72,2024-01-01 00:00:00
P0817,WH03,9,-13,133,77,2024-01-01 00:00:00
P0817,WH03,10,-12,137,83,2024-01-01 00:00:00
P0817,WH04,1,-23,137,77,2024-01-01 00:00:00
P0817,WH04,2,-16,146,85,2024-01-01 00:00:00
P0817,WH04,3,-28,138,78,2024-01-01 00:00:00
P0817,WH04,4,-30,137,86,2024-01-01 00:00:00
P0817,WH04,5,-26,145,85,2024-01-01 00:00:00
P0817,WH04,6,-10,130,80,2024-01-01 00:00:00
P0817,WH04,7,-18,132,78,2024-01-01 00:00:00
P0817,WH04,8,0,122,75,2024-01-01 00:00:00
P0817,WH04,9,-12,135,80,2024-01-01 00:00:00
P0817,WH04,10,-9,132,75,2024-01-01 00:00:00
P0817,WH05,1,-26,149,87,2024-01-01 00:00:00
P0817,WH05,2,-20,143,85,2024-01-01 00:00:00
P0817,WH05,3,-22,148,86,2024-01-01 00:00:00
P0817,WH05,4,-33,151,92,2024-01-01 00:00:00
P0817,WH05,5,-35,142,93,2024-01-01 00:00:00
P0817,WH05,6,-22,144,93,2024-01-01 00:00:00
P0817,WH05,7,-17,147,86,2024-01-01 00:00:00
P0817,WH05,8,-4,134,86,2024-01-01 00:00:00
P0817,WH05,9,-3,143,90,2024-01-01 00:00:00
P0817,WH05,10,-4,145,87,2024-01-01 00:00:00
P0817,WH06,1,-5,419,42,2024-01-01 00:00:00
P0817,WH06,2,-11,405,37,2024-01-01 00:00:00
P0817,WH06,3,-4,415,41,2024-01-01 00:00:00
P0817,WH06,4,-4,407,36,2024-01-01 00:00:00
P0817,WH06,5,-11,407,42,2024-01-01 00:00:00
P0817,WH06,6,-4,411,40,2024-01-01 00:00:00
P0817,WH06,7,0,417,36,2024-01-01 00:00:00
P0817,WH06,8,-4,413,42,2024-01-01 00:00:00
P0817,WH06,9,-11,422,38,2024-01-01 00:00:00
P0817,WH06,10,-11,414,42,2024-01-01 00:00:00
P0825,WH01,1,-16,130,82,2024-01-01 00:00:00
P0825,WH01,2,-16,120,73,2024-01-01 00:00:00
P0825,WH01,3,-24,123,70,2024-01-01 00:00:00
P0825,WH01,4,-18,129,77,2024-01-01 00:00:00
P0825,WH01,5,-24,122,70,2024-01-01 00:00:00
P0825,WH01,6,-13,125,75,2024-01-01 00:00:00
P0825,WH01,7,-16,127,77,2024-01-01 00:00:00
P0825,WH01,8,-6,141,82,2024-01-01 00:00:00
P0825,WH01,9,-8,132,70,2024-01-01 00:00:00
P0825,WH01,10,-10,138,81,2024-01-01 00:00:00
P0825,WH03,1,-13,136,83,2024-01-01 00:00:00
P0825,WH03,2,-9,130,77,2024-01-01 00:00:00
P0825,WH03,3,-21,137,75,2024-01-01 00:00:00
P0825,WH03,4,-14,132,77,2024-01-01 00:00:00
P0825,WH03,5,-33,133,81,2024-01-01 00:00:00
P0825,WH03,6,-12,138,78,2024-01-01 00:00:00
P0825,WH03,7,-12,142,81,2024-01-01 00:00:00
P0825,WH03,8,3,144,82,2024-01-01 00:00:00
P0825,WH03,9,-6,134,79,2024-01-01 00:00:00
P0825,WH03,10,-12,141,83,2024-01-01 00:00:00
P0825,WH04,1,-16,141,89,2024-01-01 00:00:00
P0825,WH04,2,-12,144,82,2024-01-01 00:00:00
P0825,WH04,3,-26,131,83,2024-01-01 00:00:00
P0825,WH04,4,-21,145,83,2024-01-01 00:00:00
P0825,WH04,5,-27,139,85,2024-01-01 00:00:00
P0825,WH04,6,-10,141,89,2024-01-01 00:00:00
P0825,WH04,7,-14,138,78,2024-01-01 00:00:00
P0825,WH04,8,-3,135,87,2024-01-01 00:00:00
P0825,WH04,9,-5,136,86,2024-01-01 00:00:00
P0825,WH04,10,-5,143,83,2024-01-01 00:00:00
P0825,WH05,1,-18,160,99,2024-01-01 00:00:00
P0825,WH05,2,-25,156,99,2024-01-01 00:00:00
P0825,WH05,3,-24,144,86,2024-01-01 00:00:00
P0825,WH05,4,-27,144,89,2024-01-01 00:00:00
P0825,WH05,5,-26,139,86,2024-01-01 00:00:00
P0825,WH05,6,-8,136,86,2024-01-01 00:00:00
P0825,WH05,7,-21,142,87,2024-01-01 00:00:00
P0825,WH05,8,-13,145,97,2024-01-01 00:00:00
P0825,WH05,9,-3,138,89,2024-01-01 00:00:00
P0825,WH05,10,-9,150,93,2024-01-01 00:00:00
P0825,WH06,1,-5,418,43,2024-01-01 00:00:00
P0825,WH06,2,3,420,38,2024-01-01 00:00:00
P0825,WH06,3,-5,427,43,2024-01-01 00:00:00
P0825,WH06,4,8,434,38,2024-01-01 00:00:00
P0825,WH06,5,-3,416,41,2024-01-01 00:00:00
P0825,WH06,6,-4,426,39,2024-01-01 00:00:00
P0825,WH06,7,9,434,42,2024-01-01 00:00:00
P0825,WH06,8,-11,421,42,2024-01-01 00:00:00
P0825,WH06,9,-9,434,38,2024-01-01 00:00:00
P0825,WH06,10,0,415,39,2024-01-01 00:00:00
P0900,WH01,1,-14,141,80,2024-01-01 00:00:00
P0900,WH01,2,-17,143,81,2024-01-01 00:00:00
P0900,WH01,3,-18,135,87,2024-01-01 00:00:00
P0900,WH01,4,-15,129,81,2024-01-01 00:00:00
P0900,WH01,5,-26,136,80,2024-01-01 00:00:00
P0900,WH01,6,-9,140,84,2024-01-01 00:00:00
P0900,WH01,7,-14,140,86,2024-01-01 00:00:00
P0900,WH01,8,-8,136,81,2024-01-01 00:00:00
P0900,WH01,9,-6,138,84,2024-01-01 00:00:00
P0900,WH01,10,-13,149,88,2024-01-01 00:00:00
P0900,WH03,1,-14,142,95,2024-01-01 00:00:00
P0900,WH03,2,-14,147,91,2024-01-01 00:00:00
P0900,WH03,3,-18,143,90,2024-01-01 00:00:00
P0900,WH03,4,-26,137,87,2024-01-01 00:00:00
P0900,WH03,5,-23,137,86,2024-01-01 00:00:00
P0900,WH03,6,-9,133,84,2024-01-01 00:00:00
P0900,WH03,7,-20,145,93,2024-01-01 00:00:00
P0900,WH03,8,-1,151,91,2024-01-01 00:00:00
P0900,WH03,9,-10,142,87,2024-01-01 00:00:00
P0900,WH03,10,-10,144,86,2024-01-01 00:00:00
P0900,WH04,1,-20,153,93,2024-01-01 00:00:00
P0900,WH04,2,-16,135,88,2024-01-01 00:00:00
P0900,WH04,3,-19,152,90,2024-01-01 00:00:00
P0900,WH04,4,-24,135,86,2024-01-01 00:00:00
P0900,WH04,5,-22,146,88,2024-01-01 00:00:00
P0900,WH04,6,-13,140,87,2024-01-01 00:00:00
P0900,WH04,7,-20,143,84,2024-01-01 00:00:00
P0900,WH04,8,-5,151,98,2024-01-01 00:00:00
P0900,WH04,9,-5,148,94,2024-01-01 00:00:00
P0900,WH04,10,-10,148,98,2024-01-01 00:00:00
P0900,WH05,1,-21,163,104,2024-01-01 00:00:00
P0900,WH05,2,-26,149,98,2024-01-01 00:00:00
P0900,WH05,3,-30,148,97,2024-01-01 00:00:00
P0900,WH05,4,-20,151,95,2024-01-01 00:00:00
P0900,WH05,5,-23,143,93,2024-01-01 00:00:00
P0900,WH05,6,-25,155,94,2024-01-01 00:00:00
P0900,WH05,7,-21,146,98,2024-01-01 00:00:00
P0900,WH05,8,-9,169,107,2024-01-01 00:00:00
P0900,WH05,9,-12,142,95,2024-01-01 00:00:00
P0900,WH05,10,-12,151,93,2024-01-01 00:00:00
P0900,WH06,1,-3,459,39,2024-01-01 00:00:00
P0900,WH06,2,-10,457,42,2024-01-01 00:00:00
P0900,WH06,3,-6,459,41,2024-01-01 00:00:00
P0900,WH06,4,2,455,40,2024-01-01 00:00:00
P0900,WH06,5,-11,455,37,2024-01-01 00:00:00
P0900,WH06,6,-13,458,40,2024-01-01 00:00:00
P0900,WH06,7,-1,446,41,2024-01-01 00:00:00
P0900,WH06,8,0,454,39,2024-01-01 00:00:00
P0900,WH06,9,-10,456,37,2024-01-01 00:00:00
P0900,WH06,10,-10,450,37,2024-01-01 00:00:00
P0905,WH01,1,-10,139,78,2024-01-01 00:00:00
P0905,WH01,2,-9,128,76,2024-01-01 00:00:00
P0905,WH01,3,-16,143,84,2024-01-01 00:00:00
P0905,WH01,4,-16,153,91,2024-01-01 00:00:00
P0905,WH01,5,-20,146,89,2024-01-01 00:00:00
P0905,WH01,6,-6,136,87,2024-01-01 00:00:00
P0905,WH01,7,-6,126,76,2024-01-01 00:00:00
P0905,WH01,8,-12,131,78,2024-01-01 00:00:00
P0905,WH01,9,-5,131,84,2024-01-01 00:00:00
P0905,WH01,10,-6,134,85,2024-01-01 00:00:00
P0905,WH03,1,-13,157,95,2024-01-01 00:00:00
P0905,WH03,2,-14,132,85,2024-01-01 00:00:00
P0905,WH03,3,-24,151,89,2024-01-01 00:00:00
P0905,WH03,4,-21,131,84,2024-01-01 00:00:00
P0905,WH03,5,-26,141,85,2024-01-01 00:00:00
P0905,WH03,6,-12,144,88,2024-01-01 00:00:00
P0905,WH03,7,-10,146,97,2024-01-01 00:00:00
P0905,WH03,8,6,145,87,2024-01-01 00:00:00
P0905,WH03,9,-13,135,87,2024-01-01 00:00:00
P0905,WH03,10,-10,143,84,2024-01-01 00:00:00
P0905,WH04,1,-17,143,92,2024-01-01 00:00:00
P0905,WH04,2,-14,154,95,2024-01-01 00:00:00
P0905,WH04,3,-23,153,95,2024-01-01 00:00:00
P0905,WH04,4,-28,148,89,2024-01-01 00:00:00
P0905,WH04,5,-28,147,95,2024-01-01 00:00:00
P0905,WH04,6,-23,152,91,2024-01-01 00:00:00
P0905,WH04,7,-18,140,89,2024-01-01 00:00:00
P0905,WH04,8,7,152,97,2024-01-01 00:00:00
P0905,WH04,9,-6,153,98,2024-01-01 00:00:00
P0905,WH04,10,-12,155,97,2024-01-01 00:00:00
P0905,WH05,1,-21,157,104,2024-01-01 00:00:00
P0905,WH05,2,-10,152,104,2024-01-01 00:00:00
P0905,WH05,3,-25,160,104,2024-01-01 00:00:00
P0905,WH05,4,-22,158,97,2024-01-01 00:00:00
P0905,WH05,5,-25,162,105,2024-01-01 00:00:00
P0905,WH05,6,-8,147,98,2024-01-01 00:00:00
P0905,WH05,7,-13,147,100,2024-01-01 00:00:00
P0905,WH05,8,-8,150,94,2024-01-01 00:00:00
P0905,WH05,9,-8,161,102,2024-01-01 00:00:00
P0905,WH05,10,-8,151,101,2024-01-01 00:00:00
P0905,WH06,1,0,466,38,2024-01-01 00:00:00
P0905,WH06,2,-3,466,33,2024-01-01 00:00:00
P0905,WH06,3,-7,463,35,2024-01-01 00:00:00
P0905,WH06,4,-5,456,34,2024-01-01 00:00:00
P0905,WH06,5,-10,455,36,2024-01-01 00:00:00
P0905,WH06,6,-10,453,39,2024-01-01 00:00:00
P0905,WH06,7,-5,450,39,2024-01-01 00:00:00
P0905,WH06,8,-7,467,38,2024-01-01 00:00:00
P0905,WH06,9,-9,468,37,2024-01-01 00:00:00
P0905,WH06,10,-3,450,36,2024-01-01 00:00:00
P0968,WH01,1,-8,139,91,2024-01-01 00:00:00
P0968,WH01,2,-6,146,85,2024-01-01 00:00:00
P0968,WH01,3,-18,137,85,2024-01-01 00:00:00
P0968,WH01,4,-22,136,83,2024-01-01 00:00:00
P0968,WH01,5,-18,146,90,2024-01-01 00:00:00
P0968,WH01,6,-13,148,94,2024-01-01 00:00:00
P0968,WH01,7,-10,150,93,2024-01-01 00:00:00
P0968,WH01,8,-8,136,83,2024-01-01 00:00:00
P0968,WH01,9,-8,148,94,2024-01-01 00:00:00
P0968,WH01,10,-10,143,94,2024-01-01 00:00:00
P0968,WH03,1,-18,142,93,2024-01-01 00:00:00
P0968,WH03,2,-10,149,94,2024-01-01 00:00:00
P0968,WH03,3,-24,149,99,2024-01-01 00:00:00
P0968,WH03,4,-22,149,88,2024-01-01 00:00:00
P0968,WH03,5,-18,158,102,2024-01-01 00:00:00
P0968,WH03,6,-12,143,94,2024-01-01 00:00:00
P0968,WH03,7,-21,146,94,2024-01-01 00:00:00
P0968,WH03,8,-2,155,93,2024-01-01 00:00:00
P0968,WH03,9,-8,152,90,2024-01-01 00:00:00
P0968,WH03,10,-6,145,96,2024-01-01 00:00:00
P0968,WH04,1,-14,160,107,2024-01-01 00:00:00
P0968,WH04,2,-16,152,91,2024-01-01 00:00:00
P0968,WH04,3,-22,149,99,2024-01-01 00:00:00
P0968,WH04,4,-30,159,97,2024-01-01 00:00:00
P0968,WH04,5,-18,149,93,2024-01-01 00:00:00
P0968,WH04,6,-20,161,105,2024-01-01 00:00:00
P0968,WH04,7,-12,169,107,2024-01-01 00:00:00
P0968,WH04,8,0,159,105,2024-01-01 00:00:00
P0968,WH04,9,-6,151,94,2024-01-01 00:00:00
P0968,WH04,10,-3,147,94,2024-01-01 00:00:00
P0968,WH05,1,-26,158,108,2024-01-01 00:00:00
P0968,WH05,2,-14,162,102,2024-01-01 00:00:00
P0968,WH05,3,-19,174,116,2024-01-01 00:00:00
P0968,WH05,4,-32,156,104,2024-01-01 00:00:00
P0968,WH05,5,-22,165,114,2024-01-01 00:00:00
P0968,WH05,6,-25,164,104,2024-01-01 00:00:00
P0968,WH05,7,-14,151,102,2024-01-01 00:00:00
P0968,WH05,8,-12,166,114,2024-01-01 00:00:00
P0968,WH05,9,-12,175,116,2024-01-01 00:00:00
P0968,WH05,10,-10,152,100,2024-01-01 00:00:00
P0968,WH06,1,-11,479,36,2024-01-01 00:00:00
P0968,WH06,2,-9,481,36,2024-01-01 00:00:00
P0968,WH06,3,0,475,30,2024-01-01 00:00:00
P0968,WH06,4,1,486,30,2024-01-01 00:00:00
P0968,WH06,5,3,476,30,2024-01-01 00:00:00
P0968,WH06,6,0,476,33,2024-01-01 00:00:00
P0968,WH06,7,-1,486,36,2024-01-01 00:00:00
P0968,WH06,8,-11,481,33,2024-01-01 00:00:00
P0968,WH06,9,-9,467,33,2024-01-01 00:00:00
P0968,WH06,10,0,486,32,2024-01-01 00:00:00
P1168,WH01,1,-10,143,95,2024-01-01 00:00:00
P1168,WH01,2,-12,136,85,2024-01-01 00:00:00
P1168,WH01,3,-25,153,96,2024-01-01 00:00:00
P1168,WH01,4,-18,146,90,2024-01-01 00:00:00
P1168,WH01,5,-23,159,98,2024-01-01 00:00:00
P1168,WH01,6,-17,157,101,2024-01-01 00:00:00
P1168,WH01,7,-14,146,93,2024-01-01 00:00:00
P1168,WH01,8,-12,145,90,2024-01-01 00:00:00
P1168,WH01,9,-13,149,93,2024-01-01 00:00:00
P1168,WH01,10,-10,148,88,2024-01-01 00:00:00
P1168,WH03,1,-20,147,93,2024-01-01 00:00:00
P1168,WH03,2,-16,158,108,2024-01-01 00:00:00
P1168,WH03,3,-26,150,98,2024-01-01 00:00:00
P1168,WH03,4,-20,166,106,2024-01-01 00:00:00
P1168,WH03,5,-23,158,96,2024-01-01 00:00:00
P1168,WH03,6,-12,148,93,2024-01-01 00:00:00
P1168,WH03,7,-13,153,95,2024-01-01 00:00:00
P1168,WH03,8,-3,153,91,2024-01-01 00:00:00
P1168,WH03,9,-12,148,98,2024-01-01 00:00:00
P1168,WH03,10,-9,161,106,2024-01-01 00:00:00
P1168,WH04,1,-23,153,95,2024-01-01 00:00:00
P1168,WH04,2,-14,160,106,2024-01-01 00:00:00
P1168,WH04,3,-25,154,104,2024-01-01 00:00:00
P1168,WH04,4,-27,160,111,2024-01-01 00:00:00
P1168,WH04,5,-29,161,100,2024-01-01 00:00:00
P1168,WH04,6,-18,164,106,2024-01-01 00:00:00
P1168,WH04,7,-17,164,109,2024-01-01 00:00:00
P1168,WH04,8,-5,157,100,2024-01-01 00:00:00
P1168,WH04,9,-10,162,104,2024-01-01 00:00:00
P1168,WH04,10,-6,161,109,2024-01-01 00:00:00
P1168,WH05,1,-21,167,116,2024-01-01 00:00:00
P1168,WH05,2,-13,176,117,2024-01-01 00:00:00
P1168,WH05,3,-18,169,108,2024-01-01 00:00:00
P1168,WH05,4,-24,164,111,2024-01-01 00:00:00
P1168,WH05,5,-26,173,112,2024-01-01 00:00:00
P1168,WH05,6,-12,173,114,2024-01-01 00:00:00
P1168,WH05,7,-17,168,108,2024-01-01 00:00:00
P1168,WH05,8,-3,181,119,2024-01-01 00:00:00
P1168,WH05,9,-4,158,108,2024-01-01 00:00:00
P1168,WH05,10,-6,164,106,2024-01-01 00:00:00
P1168,WH06,1,-6,495,40,2024-01-01 00:00:00
P1168,WH06,2,3,497,40,2024-01-01 00:00:00
P1168,WH06,3,3,489,38,2024-01-01 00:00:00
P1168,WH06,4,1,507,42,2024-01-01 00:00:00
P1168,WH06,5,0,509,44,2024-01-01 00:00:00
P1168,WH06,6,-13,495,40,2024-01-01 00:00:00
P1168,WH06,7,11,509,44,2024-01-01 00:00:00
P1168,WH06,8,3,492,40,2024-01-01 00:00:00
P1168,WH06,9,0,498,42,2024-01-01 00:00:00
P1168,WH06,10,3,498,38,2024-01-01 00:00:00
P1192,WH01,1,-12,123,63,2024-01-01 00:00:00
P1192,WH01,2,-6,125,65,2024-01-01 00:00:00
P1192,WH01,3,-24,117,70,2024-01-01 00:00:00
P1192,WH01,4,-23,119,69,2024-01-01 00:00:00
P1192,WH01,5,-18,125,71,2024-01-01 00:00:00
P1192,WH01,6,-17,118,60,2024-01-01 00:00:00
P1192,WH01,7,-12,118,60,2024-01-01 00:00:00
P1192,WH01,8,-10,118,63,2024-01-01 00:00:00
P1192,WH01,9,-3,115,64,2024-01-01 00:00:00
P1192,WH01,10,-3,130,68,2024-01-01 00:00:00
P1192,WH03,1,-14,121,68,2024-01-01 00:00:00
P1192,WH03,2,-18,115,68,2024-01-01 00:00:00
P1192,WH03,3,-17,128,68,2024-01-01 00:00:00
P1192,WH03,4,-28,117,70,2024-01-01 00:00:00
P1192,WH03,5,-24,122,72,2024-01-01 00:00:00
P1192,WH03,6,-12,131,75,2024-01-01 00:00:00
P1192,WH03,7,-10,125,69,2024-01-01 00:00:00
P1192,WH03,8,0,121,69,2024-01-01 00:00:00
P1192,WH03,9,-10,123,68,2024-01-01 00:00:00
P1192,WH03,10,-8,117,66,2024-01-01 00:00:00
P1192,WH04,1,-20,126,70,2024-01-01 00:00:00
P1192,WH04,2,-10,134,73,2024-01-01 00:00:00
P1192,WH04,3,-32,128,70,2024-01-01 00:00:00
P1192,WH04,4,-24,124,76,2024-01-01 00:00:00
P1192,WH04,5,-26,128,70,2024-01-01 00:00:00
P1192,WH04,6,-23,131,69,2024-01-01 00:00:00
P1192,WH04,7,-12,117,66,2024-01-01 00:00:00
P1192,WH04,8,2,130,75,2024-01-01 00:00:00
P1192,WH04,9,-4,122,70,2024-01-01 00:00:00
P1192,WH04,10,-3,126,75,2024-01-01 00:00:00
P1192,WH05,1,-16,131,78,2024-01-01 00:00:00
P1192,WH05,2,-25,134,79,2024-01-01 00:00:00
P1192,WH05,3,-31,133,80,2024-01-01 00:00:00
P1192,WH05,4,-25,134,81,2024-01-01 00:00:00
P1192,WH05,5,-13,134,79,2024-01-01 00:00:00
P1192,WH05,6,-25,135,76,2024-01-01 00:00:00
P1192,WH05,7,-9,137,82,2024-01-01 00:00:00
P1192,WH05,8,-4,141,80,2024-01-01 00:00:00
P1192,WH05,9,-10,128,76,2024-01-01 00:00:00
P1192,WH05,10,-12,134,83,2024-01-01 00:00:00
P1192,WH06,1,-8,394,38,2024-01-01 00:00:00
P1192,WH06,2,-2,388,41,2024-01-01 00:00:00
P1192,WH06,3,-6,386,40,2024-01-01 00:00:00
P1192,WH06,4,4,393,41,2024-01-01 00:00:00
P1192,WH06,5,0,384,42,2024-01-01 00:00:00
P1192,WH06,6,-4,395,41,2024-01-01 00:00:00
P1192,WH06,7,4,395,41,2024-01-01 00:00:00
P1192,WH06,8,-2,394,43,2024-01-01 00:00:00
P1192,WH06,9,-10,393,43,2024-01-01 00:00:00
P1192,WH06,10,-7,396,38,2024-01-01 00:00:00
P1254,WH01,1,-12,126,69,2024-01-01 00:00:00
P1254,WH01,2,-17,136,81,2024-01-01 00:00:00
P1254,WH01,3,-18,139,83,2024-01-01 00:00:00
P1254,WH01,4,-20,130,76,2024-01-01 00:00:00
P1254,WH01,5,-12,130,72,2024-01-01 00:00:00
P1254,WH01,6,-16,145,83,2024-01-01 00:00:00
P1254,WH01,7,-8,133,83,2024-01-01 00:00:00
P1254,WH01,8,-6,132,83,2024-01-01 00:00:00
P1254,WH01,9,-3,139,81,2024-01-01 00:00:00
P1254,WH01,10,-6,124,77,2024-01-01 00:00:00
P1254,WH03,1,-12,138,83,2024-01-01 00:00:00
P1254,WH03,2,-10,139,77,2024-01-01 00:00:00
P1254,WH03,3,-14,135,80,2024-01-01 00:00:00
P1254,WH03,4,-23,137,81,2024-01-01 00:00:00
P1254,WH03,5,-29,147,88,2024-01-01 00:00:00
P1254,WH03,6,-17,146,84,2024-01-01 00:00:00
P1254,WH03,7,-12,145,86,2024-01-01 00:00:00
P1254,WH03,8,2,140,86,2024-01-01 00:00:00
P1254,WH03,9,-9,140,86,2024-01-01 00:00:00
P1254,WH03,10,-5,138,77,2024-01-01 00:00:00
P1254,WH04,1,-14,127,79,2024-01-01 00:00:00
P1254,WH04,2,-17,136,80,2024-01-01 00:00:00
P1254,WH04,3,-24,139,83,2024-01-01 00:00:00
P1254,WH04,4,-32,135,85,2024-01-01 00:00:00
P1254,WH04,5,-25,128,81,2024-01-01 00:00:00
P1254,WH04,6,-21,145,85,2024-01-01 00:00:00
P1254,WH04,7,-14,136,86,2024-01-01 00:00:00
P1254,WH04,8,-4,140,90,2024-01-01 00:00:00
P1254,WH04,9,-13,136,77,2024-01-01 00:00:00
P1254,WH04,10,-10,130,79,2024-01-01 00:00:00
P1254,WH05,1,-13,138,88,2024-01-01 00:00:00
P1254,WH05,2,-18,141,92,2024-01-01 00:00:00
P1254,WH05,3,-27,154,97,2024-01-01 00:00:00
P1254,WH05,4,-18,145,93,2024-01-01 00:00:00
P1254,WH05,5,-22,139,90,2024-01-01 00:00:00
P1254,WH05,6,-18,150,89,2024-01-01 00:00:00
P1254,WH05,7,-13,153,97,2024-01-01 00:00:00
P1254,WH05,8,-3,141,93,2024-01-01 00:00:00
P1254,WH05,9,-4,139,92,2024-01-01 00:00:00
P1254,WH05,10,-8,145,96,2024-01-01 00:00:00
P1254,WH06,1,-4,450,42,2024-01-01 00:00:00
P1254,WH06,2,-3,449,44,2024-01-01 00:00:00
P1254,WH06,3,-3,444,40,2024-01-01 00:00:00
P1254,WH06,4,2,439,44,2024-01-01 00:00:00
P1254,WH06,5,-12,446,42,2024-01-01 00:00:00
P1254,WH06,6,0,432,44,2024-01-01 00:00:00
P1254,WH06,7,-4,444,42,2024-01-01 00:00:00
P1254,WH06,8,-12,434,38,2024-01-01 00:00:00
P1254,WH06,9,0,434,40,2024-01-01 00:00:00
P1254,WH06,10,-3,437,42,2024-01-01 00:00:00
P1640,WH01,1,-16,118,65,2024-01-01 00:00:00
P1640,WH01,2,-10,131,69,2024-01-01 00:00:00
P1640,WH01,3,-15,124,63,2024-01-01 00:00:00
P1640,WH01,4,-16,116,65,2024-01-01 00:00:00
P1640,WH01,5,-28,110,63,2024-01-01 00:00:00
P1640,WH01,6,-9,121,64,2024-01-01 00:00:00
P1640,WH01,7,-10,128,74,2024-01-01 00:00:00
P1640,WH01,8,-6,119,65,2024-01-01 00:00:00
P1640,WH01,9,-5,128,70,2024-01-01 00:00:00
P1640,WH01,10,-12,128,71,2024-01-01 00:00:00
P1640,WH03,1,-20,129,70,2024-01-01 00:00:00
P1640,WH03,2,-9,140,79,2024-01-01 00:00:00
P1640,WH03,3,-22,134,72,2024-01-01 00:00:00
P1640,WH03,4,-19,134,76,2024-01-01 00:00:00
P1640,WH03,5,-23,129,70,2024-01-01 00:00:00
P1640,WH03,6,-14,120,70,2024-01-01 00:00:00
P1640,WH03,7,-9,116,67,2024-01-01 00:00:00
P1640,WH03,8,1,121,73,2024-01-01 00:00:00
P1640,WH03,9,-10,131,79,2024-01-01 00:00:00
P1640,WH03,10,-3,134,74,2024-01-01 00:00:00
P1640,WH04,1,-17,141,79,2024-01-01 00:00:00
P1640,WH04,2,-18,134,80,2024-01-01 00:00:00
P1640,WH04,3,-14,127,71,2024-01-01 00:00:00
P1640,WH04,4,-22,125,76,2024-01-01 00:00:00
P1640,WH04,5,-20,131,72,2024-01-01 00:00:00
P1640,WH04,6,-14,121,73,2024-01-01 00:00:00
P1640,WH04,7,-10,125,71,2024-01-01 00:00:00
P1640,WH04,8,0,131,76,2024-01-01 00:00:00
P1640,WH04,9,-3,137,76,2024-01-01 00:00:00
P1640,WH04,10,-3,134,78,2024-01-01 00:00:00
P1640,WH05,1,-22,130,79,2024-01-01 00:00:00
P1640,WH05,2,-8,134,78,2024-01-01 00:00:00
P1640,WH05,3,-35,132,77,2024-01-01 00:00:00
P1640,WH05,4,-27,143,83,2024-01-01 00:00:00
P1640,WH05,5,-31,140,89,2024-01-01 00:00:00
P1640,WH05,6,-23,134,85,2024-01-01 00:00:00
P1640,WH05,7,-20,138,80,2024-01-01 00:00:00
P1640,WH05,8,-3,137,77,2024-01-01 00:00:00
P1640,WH05,9,-8,126,79,2024-01-01 00:00:00
P1640,WH05,10,-13,132,80,2024-01-01 00:00:00
P1640,WH06,1,2,406,37,2024-01-01 00:00:00
P1640,WH06,2,2,408,38,2024-01-01 00:00:00
P1640,WH06,3,-11,409,39,2024-01-01 00:00:00
P1640,WH06,4,11,394,37,2024-01-01 00:00:00
P1640,WH06,5,-9,405,39,2024-01-01 00:00:00
P1640,WH06,6,-4,395,35,2024-01-01 00:00:00
P1640,WH06,7,2,403,39,2024-01-01 00:00:00
P1640,WH06,8,0,396,39,2024-01-01 00:00:00
P1640,WH06,9,-2,413,36,2024-01-01 00:00:00
P1640,WH06,10,2,405,37,2024-01-01 00:00:00
P1866,WH01,1,-17,135,80,2024-01-01 00:00:00
P1866,WH01,2,-9,137,76,2024-01-01 00:00:00
P1866,WH01,3,-17,119,67,2024-01-01 00:00:00
P1866,WH01,4,-22,138,77,2024-01-01 00:00:00
P1866,WH01,5,-21,132,75,2024-01-01 00:00:00
P1866,WH01,6,-16,126,75,2024-01-01 00:00:00
P1866,WH01,7,-17,117,67,2024-01-01 00:00:00
P1866,WH01,8,-6,142,80,2024-01-01 00:00:00
P1866,WH01,9,-9,140,78,2024-01-01 00:00:00
P1866,WH01,10,-4,115,67,2024-01-01 00:00:00
P1866,WH03,1,-20,131,82,2024-01-01 00:00:00
P1866,WH03,2,-18,126,72,2024-01-01 00:00:00
P1866,WH03,3,-26,137,77,2024-01-01 00:00:00
P1866,WH03,4,-22,121,72,2024-01-01 00:00:00
P1866,WH03,5,-26,142,81,2024-01-01 00:00:00
P1866,WH03,6,-16,135,77,2024-01-01 00:00:00
P1866,WH03,7,-10,132,81,2024-01-01 00:00:00
P1866,WH03,8,1,132,85,2024-01-01 00:00:00
P1866,WH03,9,-4,129,72,2024-01-01 00:00:00
P1866,WH03,10,-9,135,77,2024-01-01 00:00:00
P1866,WH04,1,-17,124,76,2024-01-01 00:00:00
P1866,WH04,2,-16,130,75,2024-01-01 00:00:00
P1866,WH04,3,-18,141,83,2024-01-01 00:00:00
P1866,WH04,4,-18,138,77,2024-01-01 00:00:00
P1866,WH04,5,-33,134,77,2024-01-01 00:00:00
P1866,WH04,6,-17,136,78,2024-01-01 00:00:00
P1866,WH04,7,-20,142,86,2024-01-01 00:00:00
P1866,WH04,8,-8,133,80,2024-01-01 00:00:00
P1866,WH04,9,-3,147,87,2024-01-01 00:00:00
P1866,WH04,10,-13,146,85,2024-01-01 00:00:00
P1866,WH05,1,-26,156,95,2024-01-01 00:00:00
P1866,WH05,2,-26,133,82,2024-01-01 00:00:00
P1866,WH05,3,-27,140,88,2024-01-01 00:00:00
P1866,WH05,4,-24,146,91,2024-01-01 00:00:00
P1866,WH05,5,-22,141,88,2024-01-01 00:00:00
P1866,WH05,6,-20,144,90,2024-01-01 00:00:00
P1866,WH05,7,-16,136,88,2024-01-01 00:00:00
P1866,WH05,8,-12,141,85,2024-01-01 00:00:00
P1866,WH05,9,-5,152,92,2024-01-01 00:00:00
P1866,WH05,10,-6,144,82,2024-01-01 00:00:00
P1866,WH06,1,3,418,32,2024-01-01 00:00:00
P1866,WH06,2,-8,415,32,2024-01-01 00:00:00
P1866,WH06,3,-4,406,36,2024-01-01 00:00:00
P1866,WH06,4,-1,404,33,2024-01-01 00:00:00
P1866,WH06,5,-3,412,35,2024-01-01 00:00:00
P1866,WH06,6,-8,409,34,2024-01-01 00:00:00
P1866,WH06,7,-2,409,35,2024-01-01 00:00:00
P1866,WH06,8,-11,418,36,2024-01-01 00:00:00
P1866,WH06,9,-11,410,36,2024-01-01 00:00:00
P1866,WH06,10,-9,405,36,2024-01-01 00:00:00
P1869,WH01,1,-17,128,75,2024-01-01 00:00:00
P1869,WH01,2,-12,139,82,2024-01-01 00:00:00
P1869,WH01,3,-16,132,82,2024-01-01 00:00:00
P1869,WH01,4,-17,128,79,2024-01-01 00:00:00
P1869,WH01,5,-18,142,82,2024-01-01 00:00:00
P1869,WH01,6,-16,144,82,2024-01-01 00:00:00
P1869,WH01,7,-8,141,79,2024-01-01 00:00:00
P1869,WH01,8,-9,136,74,2024-01-01 00:00:00
P1869,WH01,9,-4,141,82,2024-01-01 00:00:00
P1869,WH01,10,-10,143,83,2024-01-01 00:00:00
P1869,WH03,1,-18,144,83,2024-01-01 00:00:00
P1869,WH03,2,-20,135,75,2024-01-01 00:00:00
P1869,WH03,3,-32,131,82,2024-01-01 00:00:00
P1869,WH03,4,-25,138,81,2024-01-01 00:00:00
P1869,WH03,5,-17,141,81,2024-01-01 00:00:00
P1869,WH03,6,-21,124,75,2024-01-01 00:00:00
P1869,WH03,7,-10,134,75,2024-01-01 00:00:00
P1869,WH03,8,-3,140,83,2024-01-01 00:00:00
P1869,WH03,9,-8,147,89,2024-01-01 00:00:00
P1869,WH03,10,-8,131,82,2024-01-01 00:00:00
P1869,WH04,1,-14,135,85,2024-01-01 00:00:00
P1869,WH04,2,-23,140,82,2024-01-01 00:00:00
P1869,WH04,3,-23,135,78,2024-01-01 00:00:00
P1869,WH04,4,-30,137,78,2024-01-01 00:00:00
P1869,WH04,5,-18,134,78,2024-01-01 00:00:00
P1869,WH04,6,-23,152,91,2024-01-01 00:00:00
P1869,WH04,7,-16,136,82,2024-01-01 00:00:00
P1869,WH04,8,-2,145,83,2024-01-01 00:00:00
P1869,WH04,9,-3,140,81,2024-01-01 00:00:00
P1869,WH04,10,-10,139,78,2024-01-01 00:00:00
P1869,WH05,1,-9,144,86,2024-01-01 00:00:00
P1869,WH05,2,-20,138,90,2024-01-01 00:00:00
P1869,WH05,3,-18,142,94,2024-01-01 00:00:00
P1869,WH05,4,-21,139,91,2024-01-01 00:00:00
P1869,WH05,5,-26,152,94,2024-01-01 00:00:00
P1869,WH05,6,-8,146,89,2024-01-01 00:00:00
P1869,WH05,7,-9,152,90,2024-01-01 00:00:00
P1869,WH05,8,-4,140,89,2024-01-01 00:00:00
P1869,WH05,9,-9,141,93,2024-01-01 00:00:00
P1869,WH05,10,-5,151,95,2024-01-01 00:00:00
P1869,WH06,1,-12,423,32,2024-01-01 00:00:00
P1869,WH06,2,3,426,34,2024-01-01 00:00:00
P1869,WH06,3,-12,424,33,2024-01-01 00:00:00
P1869,WH06,4,1,425,37,2024-01-01 00:00:00
P1869,WH06,5,-11,424,35,2024-01-01 00:00:00
P1869,WH06,6,-8,421,31,2024-01-01 00:00:00
P1869,WH06,7,9,415,37,2024-01-01 00:00:00
P1869,WH06,8,-11,415,32,2024-01-01 00:00:00
P1869,WH06,9,0,428,32,2024-01-01 00:00:00
P1869,WH06,10,-4,434,34,2024-01-01 00:00:00
P1924,WH01,1,-17,143,93,2024-01-01 00:00:00
P1924,WH01,2,-17,129,82,2024-01-01 00:00:00
P1924,WH01,3,-22,147,91,2024-01-01 00:00:00
P1924,WH01,4,-12,145,93,2024-01-01 00:00:00
P1924,WH01,5,-24,144,90,2024-01-01 00:00:00
P1924,WH01,6,-13,135,85,2024-01-01 00:00:00
P1924,WH01,7,-13,153,93,2024-01-01 00:00:00
P1924,WH01,8,-4,135,88,2024-01-01 00:00:00
P1924,WH01,9,-3,144,84,2024-01-01 00:00:00
P1924,WH01,10,-4,143,95,2024-01-01 00:00:00
P1924,WH03,1,-20,139,91,2024-01-01 00:00:00
P1924,WH03,2,-18,158,96,2024-01-01 00:00:00
P1924,WH03,3,-25,148,101,2024-01-01 00:00:00
P1924,WH03,4,-27,137,90,2024-01-01 00:00:00
P1924,WH03,5,-33,152,90,2024-01-01 00:00:00
P1924,WH03,6,-16,146,93,2024-01-01 00:00:00
P1924,WH03,7,-18,143,91,2024-01-01 00:00:00
P1924,WH03,8,3,150,91,2024-01-01 00:00:00
P1924,WH03,9,-8,144,93,2024-01-01 00:00:00
P1924,WH03,10,-5,138,91,2024-01-01 00:00:00
P1924,WH04,1,-12,151,91,2024-01-01 00:00:00
P1924,WH04,2,-12,153,101,2024-01-01 00:00:00
P1924,WH04,3,-21,153,105,2024-01-01 00:00:00
P1924,WH04,4,-26,146,99,2024-01-01 00:00:00
P1924,WH04,5,-35,142,95,2024-01-01 00:00:00
P1924,WH04,6,-18,156,104,2024-01-01 00:00:00
P1924,WH04,7,-23,155,102,2024-01-01 00:00:00
P1924,WH04,8,-4,152,104,2024-01-01 00:00:00
P1924,WH04,9,-4,144,91,2024-01-01 00:00:00
P1924,WH04,10,-5,152,96,2024-01-01 00:00:00
P1924,WH05,1,-14,162,108,2024-01-01 00:00:00
P1924,WH05,2,-12,161,104,2024-01-01 00:00:00
P1924,WH05,3,-22,158,105,2024-01-01 00:00:00
P1924,WH05,4,-15,170,113,2024-01-01 00:00:00
P1924,WH05,5,-22,153,104,2024-01-01 00:00:00
P1924,WH05,6,-22,168,112,2024-01-01 00:00:00
P1924,WH05,7,-25,160,108,2024-01-01 00:00:00
P1924,WH05,8,-13,171,113,2024-01-01 00:00:00
P1924,WH05,9,-12,167,110,2024-01-01 00:00:00
P1924,WH05,10,-6,158,101,2024-01-01 00:00:00
P1924,WH06,1,-11,454,38,2024-01-01 00:00:00
P1924,WH06,2,-9,450,43,2024-01-01 00:00:00
P1924,WH06,3,-6,465,39,2024-01-01 00:00:00
P1924,WH06,4,-4,455,42,2024-01-01 00:00:00
P1924,WH06,5,-8,456,41,2024-01-01 00:00:00
P1924,WH06,6,-5,462,40,2024-01-01 00:00:00
P1924,WH06,7,7,469,37,2024-01-01 00:00:00
P1924,WH06,8,-8,468,42,2024-01-01 00:00:00
P1924,WH06,9,-8,453,39,2024-01-01 00:00:00
P1924,WH06,10,0,465,37,2024-01-01 00:00:00
P2028,WH01,1,-17,145,85,2024-01-01 00:00:00
P2028,WH01,2,-10,130,82,2024-01-01 00:00:00
P2028,WH01,3,-19,140,82,2024-01-01 00:00:00
P2028,WH01,4,-10,139,82,2024-01-01 00:00:00
P2028,WH01,5,-11,144,91,2024-01-01 00:00:00
P2028,WH01,6,-16,144,84,2024-01-01 00:00:00
P2028,WH01,7,-13,147,87,2024-01-01 00:00:00
P2028,WH01,8,-5,152,91,2024-01-01 00:00:00
P2028,WH01,9,-3,135,76,2024-01-01 00:00:00
P2028,WH01,10,-8,124,76,2024-01-01 00:00:00
P2028,WH03,1,-16,152,92,2024-01-01 00:00:00
P2028,WH03,2,-20,144,85,2024-01-01 00:00:00
P2028,WH03,3,-23,134,87,2024-01-01 00:00:00
P2028,WH03,4,-28,130,82,2024-01-01 00:00:00
P2028,WH03,5,-25,148,88,2024-01-01 00:00:00
P2028,WH03,6,-18,136,85,2024-01-01 00:00:00
P2028,WH03,7,-21,131,82,2024-01-01 00:00:00
P2028,WH03,8,6,136,88,2024-01-01 00:00:00
P2028,WH03,9,-13,153,97,2024-01-01 00:00:00
P2028,WH03,10,-3,143,95,2024-01-01 00:00:00
P2028,WH04,1,-22,155,95,2024-01-01 00:00:00
P2028,WH04,2,-18,153,95,2024-01-01 00:00:00
P2028,WH04,3,-17,148,89,2024-01-01 00:00:00
P2028,WH04,4,-22,153,92,2024-01-01 00:00:00
P2028,WH04,5,-31,150,94,2024-01-01 00:00:00
P2028,WH04,6,-18,152,92,2024-01-01 00:00:00
P2028,WH04,7,-22,136,88,2024-01-01 00:00:00
P2028,WH04,8,-2,158,100,2024-01-01 00:00:00
P2028,WH04,9,-9,157,100,2024-01-01 00:00:00
P2028,WH04,10,-6,144,97,2024-01-01 00:00:00
P2028,WH05,1,-20,161,100,2024-01-01 00:00:00
P2028,WH05,2,-21,157,105,2024-01-01 00:00:00
P2028,WH05,3,-25,157,108,2024-01-01 00:00:00
P2028,WH05,4,-21,170,108,2024-01-01 00:00:00
P2028,WH05,5,-21,158,102,2024-01-01 00:00:00
P2028,WH05,6,-14,158,97,2024-01-01 00:00:00
P2028,WH05,7,-8,143,95,2024-01-01 00:00:00
P2028,WH05,8,-8,159,104,2024-01-01 00:00:00
P2028,WH05,9,-4,151,95,2024-01-01 00:00:00
P2028,WH05,10,-8,150,94,2024-01-01 00:00:00
P2028,WH06,1,-4,469,41,2024-01-01 00:00:00
P2028,WH06,2,3,470,38,2024-01-01 00:00:00
P2028,WH06,3,-4,469,40,2024-01-01 00:00:00
P2028,WH06,4,-2,467,37,2024-01-01 00:00:00
P2028,WH06,5,3,464,39,2024-01-01 00:00:00
P2028,WH06,6,-4,465,39,2024-01-01 00:00:00
P2028,WH06,7,12,474,35,2024-01-01 00:00:00
P2028,WH06,8,-4,458,41,2024-01-01 00:00:00
P2028,WH06,9,-3,465,37,2024-01-01 00:00:00
P2028,WH06,10,-13,458,40,2024-01-01 00:00:00
P2044,WH01,1,-13,143,93,2024-01-01 00:00:00
P2044,WH01,2,-14,140,88,2024-01-01 00:00:00
P2044,WH01,3,-21,142,82,2024-01-01 00:00:00
P2044,WH01,4,-21,140,93,2024-01-01 00:00:00
P2044,WH01,5,-18,138,82,2024-01-01 00:00:00
P2044,WH01,6,-13,145,83,2024-01-01 00:00:00
P2044,WH01,7,-12,139,85,2024-01-01 00:00:00
P2044,WH01,8,-3,137,85,2024-01-01 00:00:00
P2044,WH01,9,-4,146,87,2024-01-01 00:00:00
P2044,WH01,10,-3,134,83,2024-01-01 00:00:00
P2044,WH03,1,-20,148,94,2024-01-01 00:00:00
P2044,WH03,2,-14,139,88,2024-01-01 00:00:00
P2044,WH03,3,-20,142,91,2024-01-01 00:00:00
P2044,WH03,4,-25,161,100,2024-01-01 00:00:00
P2044,WH03,5,-30,149,102,2024-01-01 00:00:00
P2044,WH03,6,-10,145,94,2024-01-01 00:00:00
P2044,WH03,7,-9,151,94,2024-01-01 00:00:00
P2044,WH03,8,8,142,90,2024-01-01 00:00:00
P2044,WH03,9,-4,153,102,2024-01-01 00:00:00
P2044,WH03,10,-12,157,102,2024-01-01 00:00:00
P2044,WH04,1,-12,150,100,2024-01-01 00:00:00
P2044,WH04,2,-21,144,94,2024-01-01 00:00:00
P2044,WH04,3,-25,155,94,2024-01-01 00:00:00
P2044,WH04,4,-22,155,93,2024-01-01 00:00:00
P2044,WH04,5,-26,161,100,2024-01-01 00:00:00
P2044,WH04,6,-23,161,104,2024-01-01 00:00:00
P2044,WH04,7,-22,144,97,2024-01-01 00:00:00
P2044,WH04,8,0,165,105,2024-01-01 00:00:00
P2044,WH04,9,-3,162,100,2024-01-01 00:00:00
P2044,WH04,10,-8,154,94,2024-01-01 00:00:00
P2044,WH05,1,-25,160,111,2024-01-01 00:00:00
P2044,WH05,2,-25,158,105,2024-01-01 00:00:00
P2044,WH05,3,-28,160,104,2024-01-01 00:00:00
P2044,WH05,4,-22,161,114,2024-01-01 00:00:00
P2044,WH05,5,-13,164,114,2024-01-01 00:00:00
P2044,WH05,6,-9,156,108,2024-01-01 00:00:00
P2044,WH05,7,-26,162,111,2024-01-01 00:00:00
P2044,WH05,8,-4,164,104,2024-01-01 00:00:00
P2044,WH05,9,-3,172,116,2024-01-01 00:00:00
P2044,WH05,10,-10,169,116,2024-01-01 00:00:00
P2044,WH06,1,-3,472,44,2024-01-01 00:00:00
P2044,WH06,2,-6,470,40,2024-01-01 00:00:00
P2044,WH06,3,0,480,38,2024-01-01 00:00:00
P2044,WH06,4,1,479,41,2024-01-01 00:00:00
P2044,WH06,5,-5,472,44,2024-01-01 00:00:00
P2044,WH06,6,-3,463,39,2024-01-01 00:00:00
P2044,WH06,7,-7,481,40,2024-01-01 00:00:00
P2044,WH06,8,-11,462,40,2024-01-01 00:00:00
P2044,WH06,9,-6,461,38,2024-01-01 00:00:00
P2044,WH06,10,3,461,38,2024-01-01 00:00:00
P2088,WH01,1,-12,135,88,2024-01-01 00:00:00
P2088,WH01,2,-8,147,98,2024-01-01 00:00:00
P2088,WH01,3,-17,158,98,2024-01-01 00:00:00
P2088,WH01,4,-19,156,95,2024-01-01 00:00:00
P2088,WH01,5,-18,158,98,2024-01-01 00:00:00
P2088,WH01,6,-13,146,95,2024-01-01 00:00:00
P2088,WH01,7,-9,160,98,2024-01-01 00:00:00
P2088,WH01,8,-3,147,97,2024-01-01 00:00:00
P2088,WH01,9,-12,139,88,2024-01-01 00:00:00
P2088,WH01,10,-12,132,84,2024-01-01 00:00:00
P2088,WH03,1,-9,155,98,2024-01-01 00:00:00
P2088,WH03,2,-14,159,97,2024-01-01 00:00:00
P2088,WH03,3,-29,151,95,2024-01-01 00:00:00
P2088,WH03,4,-24,152,102,2024-01-01 00:00:00
P2088,WH03,5,-23,137,89,2024-01-01 00:00:00
P2088,WH03,6,-21,136,89,2024-01-01 00:00:00
P2088,WH03,7,-21,162,103,2024-01-01 00:00:00
P2088,WH03,8,9,153,100,2024-01-01 00:00:00
P2088,WH03,9,-5,152,94,2024-01-01 00:00:00
P2088,WH03,10,-13,154,94,2024-01-01 00:00:00
P2088,WH04,1,-20,159,105,2024-01-01 00:00:00
P2088,WH04,2,-10,151,95,2024-01-01 00:00:00
P2088,WH04,3,-24,167,105,2024-01-01 00:00:00
P2088,WH04,4,-22,149,102,2024-01-01 00:00:00
P2088,WH04,5,-30,144,94,2024-01-01 00:00:00
P2088,WH04,6,-16,156,94,2024-01-01 00:00:00
P2088,WH04,7,-10,146,94,2024-01-01 00:00:00
P2088,WH04,8,-5,141,94,2024-01-01 00:00:00
P2088,WH04,9,-5,149,100,2024-01-01 00:00:00
P2088,WH04,10,-9,154,105,2024-01-01 00:00:00
P2088,WH05,1,-14,161,108,2024-01-01 00:00:00
P2088,WH05,2,-14,167,108,2024-01-01 00:00:00
P2088,WH05,3,-21,167,116,2024-01-01 00:00:00
P2088,WH05,4,-24,156,106,2024-01-01 00:00:00
P2088,WH05,5,-34,165,116,2024-01-01 00:00:00
P2088,WH05,6,-17,168,114,2024-01-01 00:00:00
P2088,WH05,7,-21,167,111,2024-01-01 00:00:00
P2088,WH05,8,-12,177,116,2024-01-01 00:00:00
P2088,WH05,9,-8,167,113,2024-01-01 00:00:00
P2088,WH05,10,-10,167,105,2024-01-01 00:00:00
P2088,WH06,1,-9,455,39,2024-01-01 00:00:00
P2088,WH06,2,-3,470,40,2024-01-01 00:00:00
P2088,WH06,3,-3,462,39,2024-01-01 00:00:00
P2088,WH06,4,-7,461,39,2024-01-01 00:00:00
P2088,WH06,5,-5,470,40,2024-01-01 00:00:00
P2088,WH06,6,-14,470,36,2024-01-01 00:00:00
P2088,WH06,7,0,459,36,2024-01-01 00:00:00
P2088,WH06,8,-6,458,35,2024-01-01 00:00:00
P2088,WH06,9,3,469,35,2024-01-01 00:00:00
P2088,WH06,10,-8,461,35,2024-01-01 00:00:00
P2094,WH01,1,-6,110,61,2024-01-01 00:00:00
P2094,WH01,2,-16,117,68,2024-01-01 00:00:00
P2094,WH01,3,-14,123,65,2024-01-01 00:00:00
P2094,WH01,4,-19,115,64,2024-01-01 00:00:00
P2094,WH01,5,-26,124,67,2024-01-01 00:00:00
P2094,WH01,6,-17,118,62,2024-01-01 00:00:00
P2094,WH01,7,-12,120,68,2024-01-01 00:00:00
P2094,WH01,8,-8,117,63,2024-01-01 00:00:00
P2094,WH01,9,-5,118,58,2024-01-01 00:00:00
P2094,WH01,10,-13,121,68,2024-01-01 00:00:00
P2094,WH03,1,-16,126,68,2024-01-01 00:00:00
P2094,WH03,2,-21,123,62,2024-01-01 00:00:00
P2094,WH03,3,-25,119,66,2024-01-01 00:00:00
P2094,WH03,4,-24,129,67,2024-01-01 00:00:00
P2094,WH03,5,-18,131,70,2024-01-01 00:00:00
P2094,WH03,6,-17,129,73,2024-01-01 00:00:00
P2094,WH03,7,-17,117,62,2024-01-01 00:00:00
P2094,WH03,8,-5,119,62,2024-01-01 00:00:00
P2094,WH03,9,-3,113,66,2024-01-01 00:00:00
P2094,WH03,10,-8,121,66,2024-01-01 00:00:00
P2094,WH04,1,-21,121,68,2024-01-01 00:00:00
P2094,WH04,2,-23,128,73,2024-01-01 00:00:00
P2094,WH04,3,-30,121,69,2024-01-01 00:00:00
P2094,WH04,4,-25,132,74,2024-01-01 00:00:00
P2094,WH04,5,-19,134,73,2024-01-01 00:00:00
P2094,WH04,6,-13,119,69,2024-01-01 00:00:00
P2094,WH04,7,-17,126,69,2024-01-01 00:00:00
P2094,WH04,8,-5,135,73,2024-01-01 00:00:00
P2094,WH04,9,-10,120,70,2024-01-01 00:00:00
P2094,WH04,10,-5,122,65,2024-01-01 00:00:00
P2094,WH05,1,-21,133,81,2024-01-01 00:00:00
P2094,WH05,2,-12,139,79,2024-01-01 00:00:00
P2094,WH05,3,-21,123,75,2024-01-01 00:00:00
P2094,WH05,4,-24,139,80,2024-01-01 00:00:00
P2094,WH05,5,-36,125,70,2024-01-01 00:00:00
P2094,WH05,6,-17,134,74,2024-01-01 00:00:00
P2094,WH05,7,-8,131,81,2024-01-01 00:00:00
P2094,WH05,8,-6,129,75,2024-01-01 00:00:00
P2094,WH05,9,-10,128,77,2024-01-01 00:00:00
P2094,WH05,10,-9,123,73,2024-01-01 00:00:00
P2094,WH06,1,-9,410,34,2024-01-01 00:00:00
P2094,WH06,2,-9,407,35,2024-01-01 00:00:00
P2094,WH06,3,-10,402,30,2024-01-01 00:00:00
P2094,WH06,4,1,411,36,2024-01-01 00:00:00
P2094,WH06,5,-5,404,35,2024-01-01 00:00:00
P2094,WH06,6,-3,393,31,2024-01-01 00:00:00
P2094,WH06,7,2,397,31,2024-01-01 00:00:00
P2094,WH06,8,-3,411,32,2024-01-01 00:00:00
P2094,WH06,9,-8,408,33,2024-01-01 00:00:00
P2094,WH06,10,-8,408,33,2024-01-01 00:00:00
P2096,WH01,1,-9,114,64,2024-01-01 00:00:00
P2096,WH01,2,-17,127,71,2024-01-01 00:00:00
P2096,WH01,3,-20,123,63,2024-01-01 00:00:00
P2096,WH01,4,-18,131,72,2024-01-01 00:00:00
P2096,WH01,5,-14,122,64,2024-01-01 00:00:00
P2096,WH01,6,-14,120,67,2024-01-01 00:00:00
P2096,WH01,7,-6,133,71,2024-01-01 00:00:00
P2096,WH01,8,-12,123,67,2024-01-01 00:00:00
P2096,WH01,9,-4,114,63,2024-01-01 00:00:00
P2096,WH01,10,-4,125,71,2024-01-01 00:00:00
P2096,WH03,1,-14,115,65,2024-01-01 00:00:00
P2096,WH03,2,-9,128,71,2024-01-01 00:00:00
P2096,WH03,3,-25,133,73,2024-01-01 00:00:00
P2096,WH03,4,-20,128,72,2024-01-01 00:00:00
P2096,WH03,5,-21,130,72,2024-01-01 00:00:00
P2096,WH03,6,-21,139,77,2024-01-01 00:00:00
P2096,WH03,7,-14,129,70,2024-01-01 00:00:00
P2096,WH03,8,3,124,67,2024-01-01 00:00:00
P2096,WH03,9,-8,130,77,2024-01-01 00:00:00
P2096,WH03,10,-8,130,75,2024-01-01 00:00:00
P2096,WH04,1,-10,136,77,2024-01-01 00:00:00
P2096,WH04,2,-21,129,79,2024-01-01 00:00:00
P2096,WH04,3,-15,125,77,2024-01-01 00:00:00
P2096,WH04,4,-30,130,74,2024-01-01 00:00:00
P2096,WH04,5,-18,134,77,2024-01-01 00:00:00
P2096,WH04,6,-22,132,77,2024-01-01 00:00:00
P2096,WH04,7,-23,127,72,2024-01-01 00:00:00
P2096,WH04,8,1,128,77,2024-01-01 00:00:00
P2096,WH04,9,-6,122,74,2024-01-01 00:00:00
P2096,WH04,10,-4,137,79,2024-01-01 00:00:00
P2096,WH05,1,-17,145,86,2024-01-01 00:00:00
P2096,WH05,2,-23,122,74,2024-01-01 00:00:00
P2096,WH05,3,-24,145,85,2024-01-01 00:00:00
P2096,WH05,4,-22,135,77,2024-01-01 00:00:00
P2096,WH05,5,-24,135,79,2024-01-01 00:00:00
P2096,WH05,6,-22,144,83,2024-01-01 00:00:00
P2096,WH05,7,-16,142,82,2024-01-01 00:00:00
P2096,WH05,8,-5,127,77,2024-01-01 00:00:00
P2096,WH05,9,-9,137,82,2024-01-01 00:00:00
P2096,WH05,10,-12,134,77,2024-01-01 00:00:00
P2096,WH06,1,-6,414,41,2024-01-01 00:00:00
P2096,WH06,2,-3,406,39,2024-01-01 00:00:00
P2096,WH06,3,-9,420,38,2024-01-01 00:00:00
P2096,WH06,4,4,412,40,2024-01-01 00:00:00
P2096,WH06,5,-2,410,41,2024-01-01 00:00:00
P2096,WH06,6,-6,417,37,2024-01-01 00:00:00
P2096,WH06,7,10,407,38,2024-01-01 00:00:00
P2096,WH06,8,-2,411,35,2024-01-01 00:00:00
P2096,WH06,9,-3,410,36,2024-01-01 00:00:00
P2096,WH06,10,-6,416,38,2024-01-01 00:00:00
