product_id,warehouse_id,time_period,overstock_cost,shortage_cost,backlog_cost,penalty_cost,created_at
P0095,WH01,1,0.1,0.5,1500.0,500.0,2024-01-01 00:00:00
P0095,WH01,2,0.1,0.5,1500.0,500.0,2024-01-01 00:00:00
P0095,WH01,3,0.1,0.5,1500.0,500.0,2024-01-01 00:00:00
P0095,WH01,4,0.1,0.5,1500.0,500.0,2024-01-01 00:00:00
P0095,WH01,5,0.1,0.5,1500.0,500.0,2024-01-01 00:00:00
P0095,WH01,6,0.1,0.5,1500.0,500.0,2024-01-01 00:00:00
P0095,WH01,7,0.1,0.5,1500.0,500.0,2024-01-01 00:00:00
P0095,WH01,8,0.1,0.5,1500.0,500.0,2024-01-01 00:00:00
P0095,WH01,9,0.1,0.5,1500.0,500.0,2024-01-01 00:00:00
P0095,WH01,10,0.1,0.5,1500.0,500.0,2024-01-01 00:00:00
P0095,WH03,1,0.1,0.5,1500.0,500.0,2024-01-01 00:00:00
P0095,WH03,2,0.1,0.5,1500.0,500.0,2024-01-01 00:00:00
P0095,WH03,3,0.1,0.5,1500.0,500.0,2024-01-01 00:00:00
P0095,WH03,4,0.1,0.5,1500.0,500.0,2024-01-01 00:00:00
P0095,WH03,5,0.1,0.5,1500.0,500.0,2024-01-01 00:00:00
P0095,WH03,6,0.1,0.5,1500.0,500.0,2024-01-01 00:00:00
P0095,WH03,7,0.1,0.5,1500.0,500.0,2024-01-01 00:00:00
P0095,WH03,8,0.1,0.5,1500.0,500.0,2024-01-01 00:00:00
P0095,WH03,9,0.1,0.5,1500.0,500.0,2024-01-01 00:00:00
P0095,WH03,10,0.1,0.5,1500.0,500.0,2024-01-01 00:00:00
P0095,WH04,1,0.1,0.5,1500.0,500.0,2024-01-01 00:00:00
P0095,WH04,2,0.1,0.5,1500.0,500.0,2024-01-01 00:00:00
P0095,WH04,3,0.1,0.5,1500.0,500.0,2024-01-01 00:00:00
P0095,WH04,4,0.1,0.5,1500.0,500.0,2024-01-01 00:00:00
P0095,WH04,5,0.1,0.5,1500.0,500.0,2024-01-01 00:00:00
P0095,WH04,6,0.1,0.5,1500.0,500.0,2024-01-01 00:00:00
P0095,WH04,7,0.1,0.5,1500.0,500.0,2024-01-01 00:00:00
P0095,WH04,8,0.1,0.5,1500.0,500.0,2024-01-01 00:00:00
P0095,WH04,9,0.1,0.5,1500.0,500.0,2024-01-01 00:00:00
P0095,WH04,10,0.1,0.5,1500.0,500.0,2024-01-01 00:00:00
P0095,WH05,1,0.1,0.5,1500.0,500.0,2024-01-01 00:00:00
P0095,WH05,2,0.1,0.5,1500.0,500.0,2024-01-01 00:00:00
P0095,WH05,3,0.1,0.5,1500.0,500.0,2024-01-01 00:00:00
P0095,WH05,4,0.1,0.5,1500.0,500.0,2024-01-01 00:00:00
P0095,WH05,5,0.1,0.5,1500.0,500.0,2024-01-01 00:00:00
P0095,WH05,6,0.1,0.5,1500.0,500.0,2024-01-01 00:00:00
P0095,WH05,7,0.1,0.5,1500.0,500.0,2024-01-01 00:00:00
P0095,WH05,8,0.1,0.5,1500.0,500.0,2024-01-01 00:00:00
P0095,WH05,9,0.1,0.5,1500.0,500.0,2024-01-01 00:00:00
P0095,WH05,10,0.1,0.5,1500.0,500.0,2024-01-01 00:00:00
P0095,WH06,1,0.1,0.5,1500.0,500.0,2024-01-01 00:00:00
P0095,WH06,2,0.1,0.5,1500.0,500.0,2024-01-01 00:00:00
P0095,WH06,3,0.1,0.5,1500.0,500.0,2024-01-01 00:00:00
P0095,WH06,4,0.1,0.5,1500.0,500.0,2024-01-01 00:00:00
P0095,WH06,5,0.1,0.5,1500.0,500.0,2024-01-01 00:00:00
P0095,WH06,6,0.1,0.5,1500.0,500.0,2024-01-01 00:00:00
P0095,WH06,7,0.1,0.5,1500.0,500.0,2024-01-01 00:00:00
P0095,WH06,8,0.1,0.5,1500.0,500.0,2024-01-01 00:00:00
P0095,WH06,9,0.1,0.5,1500.0,500.0,2024-01-01 00:00:00
P0095,WH06,10,0.1,0.5,1500.0,500.0,2024-01-01 00:00:00
P0115,WH01,1,0.1,0.5,1500.0,500.0,2024-01-01 00:00:00
P0115,WH01,2,0.1,0.5,1500.0,500.0,2024-01-01 00:00:00
P0115,WH01,3,0.1,0.5,1500.0,500.0,2024-01-01 00:00:00
P0115,WH01,4,0.1,0.5,1500.0,500.0,2024-01-01 00:00:00
P0115,WH01,5,0.1,0.5,1500.0,500.0,2024-01-01 00:00:00
P0115,WH01,6,0.1,0.5,1500.0,500.0,2024-01-01 00:00:00
P0115,WH01,7,0.1,0.5,1500.0,500.0,2024-01-01 00:00:00
P0115,WH01,8,0.1,0.5,1500.0,500.0,2024-01-01 00:00:00
P0115,WH01,9,0.1,0.5,1500.0,500.0,2024-01-01 00:00:00
P0115,WH01,10,0.1,0.5,1500.0,500.0,2024-01-01 00:00:00
P0115,WH03,1,0.1,0.5,1500.0,500.0,2024-01-01 00:00:00
P0115,WH03,2,0.1,0.5,1500.0,500.0,2024-01-01 00:00:00
P0115,WH03,3,0.1,0.5,1500.0,500.0,2024-01-01 00:00:00
P0115,WH03,4,0.1,0.5,1500.0,500.0,2024-01-01 00:00:00
P0115,WH03,5,0.1,0.5,1500.0,500.0,2024-01-01 00:00:00
P0115,WH03,6,0.1,0.5,1500.0,500.0,2024-01-01 00:00:00
P0115,WH03,7,0.1,0.5,1500.0,500.0,2024-01-01 00:00:00
P0115,WH03,8,0.1,0.5,1500.0,500.0,2024-01-01 00:00:00
P0115,WH03,9,0.1,0.5,1500.0,500.0,2024-01-01 00:00:00
P0115,WH03,10,0.1,0.5,1500.0,500.0,2024-01-01 00:00:00
P0115,WH04,1,0.1,0.5,1500.0,500.0,2024-01-01 00:00:00
P0115,WH04,2,0.1,0.5,1500.0,500.0,2024-01-01 00:00:00
P0115,WH04,3,0.1,0.5,1500.0,500.0,2024-01-01 00:00:00
P0115,WH04,4,0.1,0.5,1500.0,500.0,2024-01-01 00:00:00
P0115,WH04,5,0.1,0.5,1500.0,500.0,2024-01-01 00:00:00
P0115,WH04,6,0.1,0.5,1500.0,500.0,2024-01-01 00:00:00
P0115,WH04,7,0.1,0.5,1500.0,500.0,2024-01-01 00:00:00
P0115,WH04,8,0.1,0.5,1500.0,500.0,2024-01-01 00:00:00
P0115,WH04,9,0.1,0.5,1500.0,500.0,2024-01-01 00:00:00
P0115,WH04,10,0.1,0.5,1500.0,500.0,2024-01-01 00:00:00
P0115,WH05,1,0.1,0.5,1500.0,500.0,2024-01-01 00:00:00
P0115,WH05,2,0.1,0.5,1500.0,500.0,2024-01-01 00:00:00
P0115,WH05,3,0.1,0.5,1500.0,500.0,2024-01-01 00:00:00
P0115,WH05,4,0.1,0.5,1500.0,500.0,2024-01-01 00:00:00
P0115,WH05,5,0.1,0.5,1500.0,500.0,2024-01-01 00:00:00
P0115,WH05,6,0.1,0.5,1500.0,500.0,2024-01-01 00:00:00
P0115,WH05,7,0.1,0.5,1500.0,500.0,2024-01-01 00:00:00
P0115,WH05,8,0.1,0.5,1500.0,500.0,2024-01-01 00:00:00
P0115,WH05,9,0.1,0.5,1500.0,500.0,2024-01-01 00:00:00
P0115,WH05,10,0.1,0.5,1500.0,500.0,2024-01-01 00:00:00
P0115,WH06,1,0.1,0.5,1500.0,500.0,2024-01-01 00:00:00
P0115,WH06,2,0.1,0.5,1500.0,500.0,2024-01-01 00:00:00
P0115,WH06,3,0.1,0.5,1500.0,500.0,2024-01-01 00:00:00
P0115,WH06,4,0.1,0.5,1500.0,500.0,2024-01-01 00:00:00
P0115,WH06,5,0.1,0.5,1500.0,500.0,2024-01-01 00:00:00
P0115,WH06,6,0.1,0.5,1500.0,500.0,2024-01-01 00:00:00
P0115,WH06,7,0.1,0.5,1500.0,500.0,2024-01-01 00:00:00
P0115,WH06,8,0.1,0.5,1500.0,500.0,2024-01-01 00:00:00
P0115,WH06,9,0.1,0.5,1500.0,500.0,2024-01-01 00:00:00
P0115,WH06,10,0.1,0.5,1500.0,500.0,2024-01-01 00:00:00
P0222,WH01,1,0.1,0.5,1500.0,500.0,2024-01-01 00:00:00
P0222,WH01,2,0.1,0.5,1500.0,500.0,2024-01-01 00:00:00
P0222,WH01,3,0.1,0.5,1500.0,500.0,2024-01-01 00:00:00
P0222,WH01,4,0.1,0.5,1500.0,500.0,2024-01-01 00:00:00
P0222,WH01,5,0.1,0.5,1500.0,500.0,2024-01-01 00:00:00
P0222,WH01,6,0.1,0.5,1500.0,500.0,2024-01-01 00:00:00
P0222,WH01,7,0.1,0.5,1500.0,500.0,2024-01-01 00:00:00
P0222,WH01,8,0.1,0.5,1500.0,500.0,2024-01-01 00:00:00
P0222,WH01,9,0.1,0.5,1500.0,500.0,2024-01-01 00:00:00
P0222,WH01,10,0.1,0.5,1500.0,500.0,2024-01-01 00:00:00
P0222,WH03,1,0.1,0.5,1500.0,500.0,2024-01-01 00:00:00
P0222,WH03,2,0.1,0.5,1500.0,500.0,2024-01-01 00:00:00
P0222,WH03,3,0.1,0.5,1500.0,500.0,2024-01-01 00:00:00
P0222,WH03,4,0.1,0.5,1500.0,500.0,2024-01-01 00:00:00
P0222,WH03,5,0.1,0.5,1500.0,500.0,2024-01-01 00:00:00
P0222,WH03,6,0.1,0.5,1500.0,500.0,2024-01-01 00:00:00
P0222,WH03,7,0.1,0.5,1500.0,500.0,2024-01-01 00:00:00
P0222,WH03,8,0.1,0.5,1500.0,500.0,2024-01-01 00:00:00
P0222,WH03,9,0.1,0.5,1500.0,500.0,2024-01-01 00:00:00
P0222,WH03,10,0.1,0.5,1500.0,500.0,2024-01-01 00:00:00
P0222,WH04,1,0.1,0.5,1500.0,500.0,2024-01-01 00:00:00
P0222,WH04,2,0.1,0.5,1500.0,500.0,2024-01-01 00:00:00
P0222,WH04,3,0.1,0.5,1500.0,500.0,2024-01-01 00:00:00
P0222,WH04,4,0.1,0.5,1500.0,500.0,2024-01-01 00:00:00
P0222,WH04,5,0.1,0.5,1500.0,500.0,2024-01-01 00:00:00
P0222,WH04,6,0.1,0.5,1500.0,500.0,2024-01-01 00:00:00
P0222,WH04,7,0.1,0.5,1500.0,500.0,2024-01-01 00:00:00
P0222,WH04,8,0.1,0.5,1500.0,500.0,2024-01-01 00:00:00
P0222,WH04,9,0.1,0.5,1500.0,500.0,2024-01-01 00:00:00
P0222,WH04,10,0.1,0.5,1500.0,500.0,2024-01-01 00:00:00
P0222,WH05,1,0.1,0.5,1500.0,500.0,2024-01-01 00:00:00
P0222,WH05,2,0.1,0.5,1500.0,500.0,2024-01-01 00:00:00
P0222,WH05,3,0.1,0.5,1500.0,500.0,2024-01-01 00:00:00
P0222,WH05,4,0.1,0.5,1500.0,500.0,2024-01-01 00:00:00
P0222,WH05,5,0.1,0.5,1500.0,500.0,2024-01-01 00:00:00
P0222,WH05,6,0.1,0.5,1500.0,500.0,2024-01-01 00:00:00
P0222,WH05,7,0.1,0.5,1500.0,500.0,2024-01-01 00:00:00
P0222,WH05,8,0.1,0.5,1500.0,500.0,2024-01-01 00:00:00
P0222,WH05,9,0.1,0.5,1500.0,500.0,2024-01-01 00:00:00
P0222,WH05,10,0.1,0.5,1500.0,500.0,2024-01-01 00:00:00
P0222,WH06,1,0.1,0.5,1500.0,500.0,2024-01-01 00:00:00
P0222,WH06,2,0.1,0.5,1500.0,500.0,2024-01-01 00:00:00
P0222,WH06,3,0.1,0.5,1500.0,500.0,2024-01-01 00:00:00
P0222,WH06,4,0.1,0.5,1500.0,500.0,2024-01-01 00:00:00
P0222,WH06,5,0.1,0.5,1500.0,500.0,2024-01-01 00:00:00
P0222,WH06,6,0.1,0.5,1500.0,500.0,2024-01-01 00:00:00
P0222,WH06,7,0.1,0.5,1500.0,500.0,2024-01-01 00:00:00
P0222,WH06,8,0.1,0.5,1500.0,500.0,2024-01-01 00:00:00
P0222,WH06,9,0.1,0.5,1500.0,500.0,2024-01-01 00:00:00
P0222,WH06,10,0.1,0.5,1500.0,500.0,2024-01-01 00:00:00
P0254,WH01,1,0.1,0.5,1500.0,750.0,2024-01-01 00:00:00
P0254,WH01,2,0.1,0.5,1500.0,750.0,2024-01-01 00:00:00
P0254,WH01,3,0.1,0.5,1500.0,750.0,2024-01-01 00:00:00
P0254,WH01,4,0.1,0.5,1500.0,750.0,2024-01-01 00:00:00
P0254,WH01,5,0.1,0.5,1500.0,750.0,2024-01-01 00:00:00
P0254,WH01,6,0.1,0.5,1500.0,750.0,2024-01-01 00:00:00
P0254,WH01,7,0.1,0.5,1500.0,750.0,2024-01-01 00:00:00
P0254,WH01,8,0.1,0.5,1500.0,750.0,2024-01-01 00:00:00
P0254,WH01,9,0.1,0.5,1500.0,750.0,2024-01-01 00:00:00
P0254,WH01,10,0.1,0.5,1500.0,750.0,2024-01-01 00:00:00
P0254,WH03,1,0.1,0.5,1500.0,750.0,2024-01-01 00:00:00
P0254,WH03,2,0.1,0.5,1500.0,750.0,2024-01-01 00:00:00
P0254,WH03,3,0.1,0.5,1500.0,750.0,2024-01-01 00:00:00
P0254,WH03,4,0.1,0.5,1500.0,750.0,2024-01-01 00:00:00
P0254,WH03,5,0.1,0.5,1500.0,750.0,2024-01-01 00:00:00
P0254,WH03,6,0.1,0.5,1500.0,750.0,2024-01-01 00:00:00
P0254,WH03,7,0.1,0.5,1500.0,750.0,2024-01-01 00:00:00
P0254,WH03,8,0.1,0.5,1500.0,750.0,2024-01-01 00:00:00
P0254,WH03,9,0.1,0.5,1500.0,750.0,2024-01-01 00:00:00
P0254,WH03,10,0.1,0.5,1500.0,750.0,2024-01-01 00:00:00
P0254,WH04,1,0.1,0.5,1500.0,750.0,2024-01-01 00:00:00
P0254,WH04,2,0.1,0.5,1500.0,750.0,2024-01-01 00:00:00
P0254,WH04,3,0.1,0.5,1500.0,750.0,2024-01-01 00:00:00
P0254,WH04,4,0.1,0.5,1500.0,750.0,2024-01-01 00:00:00
P0254,WH04,5,0.1,0.5,1500.0,750.0,2024-01-01 00:00:00
P0254,WH04,6,0.1,0.5,1500.0,750.0,2024-01-01 00:00:00
P0254,WH04,7,0.1,0.5,1500.0,750.0,2024-01-01 00:00:00
P0254,WH04,8,0.1,0.5,1500.0,750.0,2024-01-01 00:00:00
P0254,WH04,9,0.1,0.5,1500.0,750.0,2024-01-01 00:00:00
P0254,WH04,10,0.1,0.5,1500.0,750.0,2024-01-01 00:00:00
P0254,WH05,1,0.1,0.5,1500.0,750.0,2024-01-01 00:00:00
P0254,WH05,2,0.1,0.5,1500.0,750.0,2024-01-01 00:00:00
P0254,WH05,3,0.1,0.5,1500.0,750.0,2024-01-01 00:00:00
P0254,WH05,4,0.1,0.5,1500.0,750.0,2024-01-01 00:00:00
P0254,WH05,5,0.1,0.5,1500.0,750.0,2024-01-01 00:00:00
P0254,WH05,6,0.1,0.5,1500.0,750.0,2024-01-01 00:00:00
P0254,WH05,7,0.1,0.5,1500.0,750.0,2024-01-01 00:00:00
P0254,WH05,8,0.1,0.5,1500.0,750.0,2024-01-01 00:00:00
P0254,WH05,9,0.1,0.5,1500.0,750.0,2024-01-01 00:00:00
P0254,WH05,10,0.1,0.5,1500.0,750.0,2024-01-01 00:00:00
P0254,WH06,1,0.1,0.5,1500.0,750.0,2024-01-01 00:00:00
P0254,WH06,2,0.1,0.5,1500.0,750.0,2024-01-01 00:00:00
P0254,WH06,3,0.1,0.5,1500.0,750.0,2024-01-01 00:00:00
P0254,WH06,4,0.1,0.5,1500.0,750.0,2024-01-01 00:00:00
P0254,WH06,5,0.1,0.5,1500.0,750.0,2024-01-01 00:00:00
P0254,WH06,6,0.1,0.5,1500.0,750.0,2024-01-01 00:00:00
P0254,WH06,7,0.1,0.5,1500.0,750.0,2024-01-01 00:00:00
P0254,WH06,8,0.1,0.5,1500.0,750.0,2024-01-01 00:00:00
P0254,WH06,9,0.1,0.5,1500.0,750.0,2024-01-01 00:00:00
P0254,WH06,10,0.1,0.5,1500.0,750.0,2024-01-01 00:00:00
P0302,WH01,1,0.1,0.5,1500.0,500.0,2024-01-01 00:00:00
P0302,WH01,2,0.1,0.5,1500.0,500.0,2024-01-01 00:00:00
P0302,WH01,3,0.1,0.5,1500.0,500.0,2024-01-01 00:00:00
P0302,WH01,4,0.1,0.5,1500.0,500.0,2024-01-01 00:00:00
P0302,WH01,5,0.1,0.5,1500.0,500.0,2024-01-01 00:00:00
P0302,WH01,6,0.1,0.5,1500.0,500.0,2024-01-01 00:00:00
P0302,WH01,7,0.1,0.5,1500.0,500.0,2024-01-01 00:00:00
P0302,WH01,8,0.1,0.5,1500.0,500.0,2024-01-01 00:00:00
P0302,WH01,9,0.1,0.5,1500.0,500.0,2024-01-01 00:00:00
P0302,WH01,10,0.1,0.5,1500.0,500.0,2024-01-01 00:00:00
P0302,WH03,1,0.1,0.5,1500.0,500.0,2024-01-01 00:00:00
P0302,WH03,2,0.1,0.5,1500.0,500.0,2024-01-01 00:00:00
P0302,WH03,3,0.1,0.5,1500.0,500.0,2024-01-01 00:00:00
P0302,WH03,4,0.1,0.5,1500.0,500.0,2024-01-01 00:00:00
P0302,WH03,5,0.1,0.5,1500.0,500.0,2024-01-01 00:00:00
P0302,WH03,6,0.1,0.5,1500.0,500.0,2024-01-01 00:00:00
P0302,WH03,7,0.1,0.5,1500.0,500.0,2024-01-01 00:00:00
P0302,WH03,8,0.1,0.5,1500.0,500.0,2024-01-01 00:00:00
P0302,WH03,9,0.1,0.5,1500.0,500.0,2024-01-01 00:00:00
P0302,WH03,10,0.1,0.5,1500.0,500.0,2024-01-01 00:00:00
P0302,WH04,1,0.1,0.5,1500.0,500.0,2024-01-01 00:00:00
P0302,WH04,2,0.1,0.5,1500.0,500.0,2024-01-01 00:00:00
P0302,WH04,3,0.1,0.5,1500.0,500.0,2024-01-01 00:00:00
P0302,WH04,4,0.1,0.5,1500.0,500.0,2024-01-01 00:00:00
P0302,WH04,5,0.1,0.5,1500.0,500.0,2024-01-01 00:00:00
P0302,WH04,6,0.1,0.5,1500.0,500.0,2024-01-01 00:00:00
P0302,WH04,7,0.1,0.5,1500.0,500.0,2024-01-01 00:00:00
P0302,WH04,8,0.1,0.5,1500.0,500.0,2024-01-01 00:00:00
P0302,WH04,9,0.1,0.5,1500.0,500.0,2024-01-01 00:00:00
P0302,WH04,10,0.1,0.5,1500.0,500.0,2024-01-01 00:00:00
P0302,WH05,1,0.1,0.5,1500.0,500.0,2024-01-01 00:00:00
P0302,WH05,2,0.1,0.5,1500.0,500.0,2024-01-01 00:00:00
P0302,WH05,3,0.1,0.5,1500.0,500.0,2024-01-01 00:00:00
P0302,WH05,4,0.1,0.5,1500.0,500.0,2024-01-01 00:00:00
P0302,WH05,5,0.1,0.5,1500.0,500.0,2024-01-01 00:00:00
P0302,WH05,6,0.1,0.5,1500.0,500.0,2024-01-01 00:00:00
P0302,WH05,7,0.1,0.5,1500.0,500.0,2024-01-01 00:00:00
P0302,WH05,8,0.1,0.5,1500.0,500.0,2024-01-01 00:00:00
P0302,WH05,9,0.1,0.5,1500.0,500.0,2024-01-01 00:00:00
P0302,WH05,10,0.1,0.5,1500.0,500.0,2024-01-01 00:00:00
P0302,WH06,1,0.1,0.5,1500.0,500.0,2024-01-01 00:00:00
P0302,WH06,2,0.1,0.5,1500.0,500.0,2024-01-01 00:00:00
P0302,WH06,3,0.1,0.5,1500.0,500.0,2024-01-01 00:00:00
P0302,WH06,4,0.1,0.5,1500.0,500.0,2024-01-01 00:00:00
P0302,WH06,5,0.1,0.5,1500.0,500.0,2024-01-01 00:00:00
P0302,WH06,6,0.1,0.5,1500.0,500.0,2024-01-01 00:00:00
P0302,WH06,7,0.1,0.5,1500.0,500.0,2024-01-01 00:00:00
P0302,WH06,8,0.1,0.5,1500.0,500.0,2024-01-01 00:00:00
P0302,WH06,9,0.1,0.5,1500.0,500.0,2024-01-01 00:00:00
P0302,WH06,10,0.1,0.5,1500.0,500.0,2024-01-01 00:00:00
P0396,WH01,1,0.1,0.5,1500.0,500.0,2024-01-01 00:00:00
P0396,WH01,2,0.1,0.5,1500.0,500.0,2024-01-01 00:00:00
P0396,WH01,3,0.1,0.5,1500.0,500.0,2024-01-01 00:00:00
P0396,WH01,4,0.1,0.5,1500.0,500.0,2024-01-01 00:00:00
P0396,WH01,5,0.1,0.5,1500.0,500.0,2024-01-01 00:00:00
P0396,WH01,6,0.1,0.5,1500.0,500.0,2024-01-01 00:00:00
P0396,WH01,7,0.1,0.5,1500.0,500.0,2024-01-01 00:00:00
P0396,WH01,8,0.1,0.5,1500.0,500.0,2024-01-01 00:00:00
P0396,WH01,9,0.1,0.5,1500.0,500.0,2024-01-01 00:00:00
P0396,WH01,10,0.1,0.5,1500.0,500.0,2024-01-01 00:00:00
P0396,WH03,1,0.1,0.5,1500.0,500.0,2024-01-01 00:00:00
P0396,WH03,2,0.1,0.5,1500.0,500.0,2024-01-01 00:00:00
P0396,WH03,3,0.1,0.5,1500.0,500.0,2024-01-01 00:00:00
P0396,WH03,4,0.1,0.5,1500.0,500.0,2024-01-01 00:00:00
P0396,WH03,5,0.1,0.5,1500.0,500.0,2024-01-01 00:00:00
P0396,WH03,6,0.1,0.5,1500.0,500.0,2024-01-01 00:00:00
P0396,WH03,7,0.1,0.5,1500.0,500.0,2024-01-01 00:00:00
P0396,WH03,8,0.1,0.5,1500.0,500.0,2024-01-01 00:00:00
P0396,WH03,9,0.1,0.5,1500.0,500.0,2024-01-01 00:00:00
P0396,WH03,10,0.1,0.5,1500.0,500.0,2024-01-01 00:00:00
P0396,WH04,1,0.1,0.5,1500.0,500.0,2024-01-01 00:00:00
P0396,WH04,2,0.1,0.5,1500.0,500.0,2024-01-01 00:00:00
P0396,WH04,3,0.1,0.5,1500.0,500.0,2024-01-01 00:00:00
P0396,WH04,4,0.1,0.5,1500.0,500.0,2024-01-01 00:00:00
P0396,WH04,5,0.1,0.5,1500.0,500.0,2024-01-01 00:00:00
P0396,WH04,6,0.1,0.5,1500.0,500.0,2024-01-01 00:00:00
P0396,WH04,7,0.1,0.5,1500.0,500.0,2024-01-01 00:00:00
P0396,WH04,8,0.1,0.5,1500.0,500.0,2024-01-01 00:00:00
P0396,WH04,9,0.1,0.5,1500.0,500.0,2024-01-01 00:00:00
P0396,WH04,10,0.1,0.5,1500.0,500.0,2024-01-01 00:00:00
P0396,WH05,1,0.1,0.5,1500.0,500.0,2024-01-01 00:00:00
P0396,WH05,2,0.1,0.5,1500.0,500.0,2024-01-01 00:00:00
P0396,WH05,3,0.1,0.5,1500.0,500.0,2024-01-01 00:00:00
P0396,WH05,4,0.1,0.5,1500.0,500.0,2024-01-01 00:00:00
P0396,WH05,5,0.1,0.5,1500.0,500.0,2024-01-01 00:00:00
P0396,WH05,6,0.1,0.5,1500.0,500.0,2024-01-01 00:00:00
P0396,WH05,7,0.1,0.5,1500.0,500.0,2024-01-01 00:00:00
P0396,WH05,8,0.1,0.5,1500.0,500.0,2024-01-01 00:00:00
P0396,WH05,9,0.1,0.5,1500.0,500.0,2024-01-01 00:00:00
P0396,WH05,10,0.1,0.5,1500.0,500.0,2024-01-01 00:00:00
P0396,WH06,1,0.1,0.5,1500.0,500.0,2024-01-01 00:00:00
P0396,WH06,2,0.1,0.5,1500.0,500.0,2024-01-01 00:00:00
P0396,WH06,3,0.1,0.5,1500.0,500.0,2024-01-01 00:00:00
P0396,WH06,4,0.1,0.5,1500.0,500.0,2024-01-01 00:00:00
P0396,WH06,5,0.1,0.5,1500.0,500.0,2024-01-01 00:00:00
P0396,WH06,6,0.1,0.5,1500.0,500.0,2024-01-01 00:00:00
P0396,WH06,7,0.1,0.5,1500.0,500.0,2024-01-01 00:00:00
P0396,WH06,8,0.1,0.5,1500.0,500.0,2024-01-01 00:00:00
P0396,WH06,9,0.1,0.5,1500.0,500.0,2024-01-01 00:00:00
P0396,WH06,10,0.1,0.5,1500.0,500.0,2024-01-01 00:00:00
P0694,WH01,1,0.1,0.5,1500.0,500.0,2024-01-01 00:00:00
P0694,WH01,2,0.1,0.5,1500.0,500.0,2024-01-01 00:00:00
P0694,WH01,3,0.1,0.5,1500.0,500.0,2024-01-01 00:00:00
P0694,WH01,4,0.1,0.5,1500.0,500.0,2024-01-01 00:00:00
P0694,WH01,5,0.1,0.5,1500.0,500.0,2024-01-01 00:00:00
P0694,WH01,6,0.1,0.5,1500.0,500.0,2024-01-01 00:00:00
P0694,WH01,7,0.1,0.5,1500.0,500.0,2024-01-01 00:00:00
P0694,WH01,8,0.1,0.5,1500.0,500.0,2024-01-01 00:00:00
P0694,WH01,9,0.1,0.5,1500.0,500.0,2024-01-01 00:00:00
P0694,WH01,10,0.1,0.5,1500.0,500.0,2024-01-01 00:00:00
P0694,WH03,1,0.1,0.5,1500.0,500.0,2024-01-01 00:00:00
P0694,WH03,2,0.1,0.5,1500.0,500.0,2024-01-01 00:00:00
P0694,WH03,3,0.1,0.5,1500.0,500.0,2024-01-01 00:00:00
P0694,WH03,4,0.1,0.5,1500.0,500.0,2024-01-01 00:00:00
P0694,WH03,5,0.1,0.5,1500.0,500.0,2024-01-01 00:00:00
P0694,WH03,6,0.1,0.5,1500.0,500.0,2024-01-01 00:00:00
P0694,WH03,7,0.1,0.5,1500.0,500.0,2024-01-01 00:00:00
P0694,WH03,8,0.1,0.5,1500.0,500.0,2024-01-01 00:00:00
P0694,WH03,9,0.1,0.5,1500.0,500.0,2024-01-01 00:00:00
P0694,WH03,10,0.1,0.5,1500.0,500.0,2024-01-01 00:00:00
P0694,WH04,1,0.1,0.5,1500.0,500.0,2024-01-01 00:00:00
P0694,WH04,2,0.1,0.5,1500.0,500.0,2024-01-01 00:00:00
P0694,WH04,3,0.1,0.5,1500.0,500.0,2024-01-01 00:00:00
P0694,WH04,4,0.1,0.5,1500.0,500.0,2024-01-01 00:00:00
P0694,WH04,5,0.1,0.5,1500.0,500.0,2024-01-01 00:00:00
P0694,WH04,6,0.1,0.5,1500.0,500.0,2024-01-01 00:00:00
P0694,WH04,7,0.1,0.5,1500.0,500.0,2024-01-01 00:00:00
P0694,WH04,8,0.1,0.5,1500.0,500.0,2024-01-01 00:00:00
P0694,WH04,9,0.1,0.5,1500.0,500.0,2024-01-01 00:00:00
P0694,WH04,10,0.1,0.5,1500.0,500.0,2024-01-01 00:00:00
P0694,WH05,1,0.1,0.5,1500.0,500.0,2024-01-01 00:00:00
P0694,WH05,2,0.1,0.5,1500.0,500.0,2024-01-01 00:00:00
P0694,WH05,3,0.1,0.5,1500.0,500.0,2024-01-01 00:00:00
P0694,WH05,4,0.1,0.5,1500.0,500.0,2024-01-01 00:00:00
P0694,WH05,5,0.1,0.5,1500.0,500.0,2024-01-01 00:00:00
P0694,WH05,6,0.1,0.5,1500.0,500.0,2024-01-01 00:00:00
P0694,WH05,7,0.1,0.5,1500.0,500.0,2024-01-01 00:00:00
P0694,WH05,8,0.1,0.5,1500.0,500.0,2024-01-01 00:00:00
P0694,WH05,9,0.1,0.5,1500.0,500.0,2024-01-01 00:00:00
P0694,WH05,10,0.1,0.5,1500.0,500.0,2024-01-01 00:00:00
P0694,WH06,1,0.1,0.5,1500.0,500.0,2024-01-01 00:00:00
P0694,WH06,2,0.1,0.5,1500.0,500.0,2024-01-01 00:00:00
P0694,WH06,3,0.1,0.5,1500.0,500.0,2024-01-01 00:00:00
P0694,WH06,4,0.1,0.5,1500.0,500.0,2024-01-01 00:00:00
P0694,WH06,5,0.1,0.5,1500.0,500.0,2024-01-01 00:00:00
P0694,WH06,6,0.1,0.5,1500.0,500.0,2024-01-01 00:00:00
P0694,WH06,7,0.1,0.5,1500.0,500.0,2024-01-01 00:00:00
P0694,WH06,8,0.1,0.5,1500.0,500.0,2024-01-01 00:00:00
P0694,WH06,9,0.1,0.5,1500.0,500.0,2024-01-01 00:00:00
P0694,WH06,10,0.1,0.5,1500.0,500.0,2024-01-01 00:00:00
P0741,WH01,1,0.1,0.5,1500.0,500.0,2024-01-01 00:00:00
P0741,WH01,2,0.1,0.5,1500.0,500.0,2024-01-01 00:00:00
P0741,WH01,3,0.1,0.5,1500.0,500.0,2024-01-01 00:00:00
P0741,WH01,4,0.1,0.5,1500.0,500.0,2024-01-01 00:00:00
P0741,WH01,5,0.1,0.5,1500.0,500.0,2024-01-01 00:00:00
P0741,WH01,6,0.1,0.5,1500.0,500.0,2024-01-01 00:00:00
P0741,WH01,7,0.1,0.5,1500.0,500.0,2024-01-01 00:00:00
P0741,WH01,8,0.1,0.5,1500.0,500.0,2024-01-01 00:00:00
P0741,WH01,9,0.1,0.5,1500.0,500.0,2024-01-01 00:00:00
P0741,WH01,10,0.1,0.5,1500.0,500.0,2024-01-01 00:00:00
P0741,WH03,1,0.1,0.5,1500.0,500.0,2024-01-01 00:00:00
P0741,WH03,2,0.1,0.5,1500.0,500.0,2024-01-01 00:00:00
P0741,WH03,3,0.1,0.5,1500.0,500.0,2024-01-01 00:00:00
P0741,WH03,4,0.1,0.5,1500.0,500.0,2024-01-01 00:00:00
P0741,WH03,5,0.1,0.5,1500.0,500.0,2024-01-01 00:00:00
P0741,WH03,6,0.1,0.5,1500.0,500.0,2024-01-01 00:00:00
P0741,WH03,7,0.1,0.5,1500.0,500.0,2024-01-01 00:00:00
P0741,WH03,8,0.1,0.5,1500.0,500.0,2024-01-01 00:00:00
P0741,WH03,9,0.1,0.5,1500.0,500.0,2024-01-01 00:00:00
P0741,WH03,10,0.1,0.5,1500.0,500.0,2024-01-01 00:00:00
P0741,WH04,1,0.1,0.5,1500.0,500.0,2024-01-01 00:00:00
P0741,WH04,2,0.1,0.5,1500.0,500.0,2024-01-01 00:00:00
P0741,WH04,3,0.1,0.5,1500.0,500.0,2024-01-01 00:00:00
P0741,WH04,4,0.1,0.5,1500.0,500.0,2024-01-01 00:00:00
P0741,WH04,5,0.1,0.5,1500.0,500.0,2024-01-01 00:00:00
P0741,WH04,6,0.1,0.5,1500.0,500.0,2024-01-01 00:00:00
P0741,WH04,7,0.1,0.5,1500.0,500.0,2024-01-01 00:00:00
P0741,WH04,8,0.1,0.5,1500.0,500.0,2024-01-01 00:00:00
P0741,WH04,9,0.1,0.5,1500.0,500.0,2024-01-01 00:00:00
P0741,WH04,10,0.1,0.5,1500.0,500.0,2024-01-01 00:00:00
P0741,WH05,1,0.1,0.5,1500.0,500.0,2024-01-01 00:00:00
P0741,WH05,2,0.1,0.5,1500.0,500.0,2024-01-01 00:00:00
P0741,WH05,3,0.1,0.5,1500.0,500.0,2024-01-01 00:00:00
P0741,WH05,4,0.1,0.5,1500.0,500.0,2024-01-01 00:00:00
P0741,WH05,5,0.1,0.5,1500.0,500.0,2024-01-01 00:00:00
P0741,WH05,6,0.1,0.5,1500.0,500.0,2024-01-01 00:00:00
P0741,WH05,7,0.1,0.5,1500.0,500.0,2024-01-01 00:00:00
P0741,WH05,8,0.1,0.5,1500.0,500.0,2024-01-01 00:00:00
P0741,WH05,9,0.1,0.5,1500.0,500.0,2024-01-01 00:00:00
P0741,WH05,10,0.1,0.5,1500.0,500.0,2024-01-01 00:00:00
P0741,WH06,1,0.1,0.5,1500.0,500.0,2024-01-01 00:00:00
P0741,WH06,2,0.1,0.5,1500.0,500.0,2024-01-01 00:00:00
P0741,WH06,3,0.1,0.5,1500.0,500.0,2024-01-01 00:00:00
P0741,WH06,4,0.1,0.5,1500.0,500.0,2024-01-01 00:00:00
P0741,WH06,5,0.1,0.5,1500.0,500.0,2024-01-01 00:00:00
P0741,WH06,6,0.1,0.5,1500.0,500.0,2024-01-01 00:00:00
P0741,WH06,7,0.1,0.5,1500.0,500.0,2024-01-01 00:00:00
P0741,WH06,8,0.1,0.5,1500.0,500.0,2024-01-01 00:00:00
P0741,WH06,9,0.1,0.5,1500.0,500.0,2024-01-01 00:00:00
P0741,WH06,10,0.1,0.5,1500.0,500.0,2024-01-01 00:00:00
P1055,WH01,1,0.1,0.5,1500.0,500.0,2024-01-01 00:00:00
P1055,WH01,2,0.1,0.5,1500.0,500.0,2024-01-01 00:00:00
P1055,WH01,3,0.1,0.5,1500.0,500.0,2024-01-01 00:00:00
P1055,WH01,4,0.1,0.5,1500.0,500.0,2024-01-01 00:00:00
P1055,WH01,5,0.1,0.5,1500.0,500.0,2024-01-01 00:00:00
P1055,WH01,6,0.1,0.5,1500.0,500.0,2024-01-01 00:00:00
P1055,WH01,7,0.1,0.5,1500.0,500.0,2024-01-01 00:00:00
P1055,WH01,8,0.1,0.5,1500.0,500.0,2024-01-01 00:00:00
P1055,WH01,9,0.1,0.5,1500.0,500.0,2024-01-01 00:00:00
P1055,WH01,10,0.1,0.5,1500.0,500.0,2024-01-01 00:00:00
P1055,WH03,1,0.1,0.5,1500.0,500.0,2024-01-01 00:00:00
P1055,WH03,2,0.1,0.5,1500.0,500.0,2024-01-01 00:00:00
P1055,WH03,3,0.1,0.5,1500.0,500.0,2024-01-01 00:00:00
P1055,WH03,4,0.1,0.5,1500.0,500.0,2024-01-01 00:00:00
P1055,WH03,5,0.1,0.5,1500.0,500.0,2024-01-01 00:00:00
P1055,WH03,6,0.1,0.5,1500.0,500.0,2024-01-01 00:00:00
P1055,WH03,7,0.1,0.5,1500.0,500.0,2024-01-01 00:00:00
P1055,WH03,8,0.1,0.5,1500.0,500.0,2024-01-01 00:00:00
P1055,WH03,9,0.1,0.5,1500.0,500.0,2024-01-01 00:00:00
P1055,WH03,10,0.1,0.5,1500.0,500.0,2024-01-01 00:00:00
P1055,WH04,1,0.1,0.5,1500.0,500.0,2024-01-01 00:00:00
P1055,WH04,2,0.1,0.5,1500.0,500.0,2024-01-01 00:00:00
P1055,WH04,3,0.1,0.5,1500.0,500.0,2024-01-01 00:00:00
P1055,WH04,4,0.1,0.5,1500.0,500.0,2024-01-01 00:00:00
P1055,WH04,5,0.1,0.5,1500.0,500.0,2024-01-01 00:00:00
P1055,WH04,6,0.1,0.5,1500.0,500.0,2024-01-01 00:00:00
P1055,WH04,7,0.1,0.5,1500.0,500.0,2024-01-01 00:00:00
P1055,WH04,8,0.1,0.5,1500.0,500.0,2024-01-01 00:00:00
P1055,WH04,9,0.1,0.5,1500.0,500.0,2024-01-01 00:00:00
P1055,WH04,10,0.1,0.5,1500.0,500.0,2024-01-01 00:00:00
P1055,WH05,1,0.1,0.5,1500.0,500.0,2024-01-01 00:00:00
P1055,WH05,2,0.1,0.5,1500.0,500.0,2024-01-01 00:00:00
P1055,WH05,3,0.1,0.5,1500.0,500.0,2024-01-01 00:00:00
P1055,WH05,4,0.1,0.5,1500.0,500.0,2024-01-01 00:00:00
P1055,WH05,5,0.1,0.5,1500.0,500.0,2024-01-01 00:00:00
P1055,WH05,6,0.1,0.5,1500.0,500.0,2024-01-01 00:00:00
P1055,WH05,7,0.1,0.5,1500.0,500.0,2024-01-01 00:00:00
P1055,WH05,8,0.1,0.5,1500.0,500.0,2024-01-01 00:00:00
P1055,WH05,9,0.1,0.5,1500.0,500.0,2024-01-01 00:00:00
P1055,WH05,10,0.1,0.5,1500.0,500.0,2024-01-01 00:00:00
P1055,WH06,1,0.1,0.5,1500.0,500.0,2024-01-01 00:00:00
P1055,WH06,2,0.1,0.5,1500.0,500.0,2024-01-01 00:00:00
P1055,WH06,3,0.1,0.5,1500.0,500.0,2024-01-01 00:00:00
P1055,WH06,4,0.1,0.5,1500.0,500.0,2024-01-01 00:00:00
P1055,WH06,5,0.1,0.5,1500.0,500.0,2024-01-01 00:00:00
P1055,WH06,6,0.1,0.5,1500.0,500.0,2024-01-01 00:00:00
P1055,WH06,7,0.1,0.5,1500.0,500.0,2024-01-01 00:00:00
P1055,WH06,8,0.1,0.5,1500.0,500.0,2024-01-01 00:00:00
P1055,WH06,9,0.1,0.5,1500.0,500.0,2024-01-01 00:00:00
P1055,WH06,10,0.1,0.5,1500.0,500.0,2024-01-01 00:00:00
P1087,WH01,1,0.1,0.5,1500.0,500.0,2024-01-01 00:00:00
P1087,WH01,2,0.1,0.5,1500.0,500.0,2024-01-01 00:00:00
P1087,WH01,3,0.1,0.5,1500.0,500.0,2024-01-01 00:00:00
P1087,WH01,4,0.1,0.5,1500.0,500.0,2024-01-01 00:00:00
P1087,WH01,5,0.1,0.5,1500.0,500.0,2024-01-01 00:00:00
P1087,WH01,6,0.1,0.5,1500.0,500.0,2024-01-01 00:00:00
P1087,WH01,7,0.1,0.5,1500.0,500.0,2024-01-01 00:00:00
P1087,WH01,8,0.1,0.5,1500.0,500.0,2024-01-01 00:00:00
P1087,WH01,9,0.1,0.5,1500.0,500.0,2024-01-01 00:00:00
P1087,WH01,10,0.1,0.5,1500.0,500.0,2024-01-01 00:00:00
P1087,WH03,1,0.1,0.5,1500.0,500.0,2024-01-01 00:00:00
P1087,WH03,2,0.1,0.5,1500.0,500.0,2024-01-01 00:00:00
P1087,WH03,3,0.1,0.5,1500.0,500.0,2024-01-01 00:00:00
P1087,WH03,4,0.1,0.5,1500.0,500.0,2024-01-01 00:00:00
P1087,WH03,5,0.1,0.5,1500.0,500.0,2024-01-01 00:00:00
P1087,WH03,6,0.1,0.5,1500.0,500.0,2024-01-01 00:00:00
P1087,WH03,7,0.1,0.5,1500.0,500.0,2024-01-01 00:00:00
P1087,WH03,8,0.1,0.5,1500.0,500.0,2024-01-01 00:00:00
P1087,WH03,9,0.1,0.5,1500.0,500.0,2024-01-01 00:00:00
P1087,WH03,10,0.1,0.5,1500.0,500.0,2024-01-01 00:00:00
P1087,WH04,1,0.1,0.5,1500.0,500.0,2024-01-01 00:00:00
P1087,WH04,2,0.1,0.5,1500.0,500.0,2024-01-01 00:00:00
P1087,WH04,3,0.1,0.5,1500.0,500.0,2024-01-01 00:00:00
P1087,WH04,4,0.1,0.5,1500.0,500.0,2024-01-01 00:00:00
P1087,WH04,5,0.1,0.5,1500.0,500.0,2024-01-01 00:00:00
P1087,WH04,6,0.1,0.5,1500.0,500.0,2024-01-01 00:00:00
P1087,WH04,7,0.1,0.5,1500.0,500.0,2024-01-01 00:00:00
P1087,WH04,8,0.1,0.5,1500.0,500.0,2024-01-01 00:00:00
P1087,WH04,9,0.1,0.5,1500.0,500.0,2024-01-01 00:00:00
P1087,WH04,10,0.1,0.5,1500.0,500.0,2024-01-01 00:00:00
P1087,WH05,1,0.1,0.5,1500.0,500.0,2024-01-01 00:00:00
P1087,WH05,2,0.1,0.5,1500.0,500.0,2024-01-01 00:00:00
P1087,WH05,3,0.1,0.5,1500.0,500.0,2024-01-01 00:00:00
P1087,WH05,4,0.1,0.5,1500.0,500.0,2024-01-01 00:00:00
P1087,WH05,5,0.1,0.5,1500.0,500.0,2024-01-01 00:00:00
P1087,WH05,6,0.1,0.5,1500.0,500.0,2024-01-01 00:00:00
P1087,WH05,7,0.1,0.5,1500.0,500.0,2024-01-01 00:00:00
P1087,WH05,8,0.1,0.5,1500.0,500.0,2024-01-01 00:00:00
P1087,WH05,9,0.1,0.5,1500.0,500.0,2024-01-01 00:00:00
P1087,WH05,10,0.1,0.5,1500.0,500.0,2024-01-01 00:00:00
P1087,WH06,1,0.1,0.5,1500.0,500.0,2024-01-01 00:00:00
P1087,WH06,2,0.1,0.5,1500.0,500.0,2024-01-01 00:00:00
P1087,WH06,3,0.1,0.5,1500.0,500.0,2024-01-01 00:00:00
P1087,WH06,4,0.1,0.5,1500.0,500.0,2024-01-01 00:00:00
P1087,WH06,5,0.1,0.5,1500.0,500.0,2024-01-01 00:00:00
P1087,WH06,6,0.1,0.5,1500.0,500.0,2024-01-01 00:00:00
P1087,WH06,7,0.1,0.5,1500.0,500.0,2024-01-01 00:00:00
P1087,WH06,8,0.1,0.5,1500.0,500.0,2024-01-01 00:00:00
P1087,WH06,9,0.1,0.5,1500.0,500.0,2024-01-01 00:00:00
P1087,WH06,10,0.1,0.5,1500.0,500.0,2024-01-01 00:00:00
P1296,WH01,1,0.1,0.5,1500.0,500.0,2024-01-01 00:00:00
P1296,WH01,2,0.1,0.5,1500.0,500.0,2024-01-01 00:00:00
P1296,WH01,3,0.1,0.5,1500.0,500.0,2024-01-01 00:00:00
P1296,WH01,4,0.1,0.5,1500.0,500.0,2024-01-01 00:00:00
P1296,WH01,5,0.1,0.5,1500.0,500.0,2024-01-01 00:00:00
P1296,WH01,6,0.1,0.5,1500.0,500.0,2024-01-01 00:00:00
P1296,WH01,7,0.1,0.5,1500.0,500.0,2024-01-01 00:00:00
P1296,WH01,8,0.1,0.5,1500.0,500.0,2024-01-01 00:00:00
P1296,WH01,9,0.1,0.5,1500.0,500.0,2024-01-01 00:00:00
P1296,WH01,10,0.1,0.5,1500.0,500.0,2024-01-01 00:00:00
P1296,WH03,1,0.1,0.5,1500.0,500.0,2024-01-01 00:00:00
P1296,WH03,2,0.1,0.5,1500.0,500.0,2024-01-01 00:00:00
P1296,WH03,3,0.1,0.5,1500.0,500.0,2024-01-01 00:00:00
P1296,WH03,4,0.1,0.5,1500.0,500.0,2024-01-01 00:00:00
P1296,WH03,5,0.1,0.5,1500.0,500.0,2024-01-01 00:00:00
P1296,WH03,6,0.1,0.5,1500.0,500.0,2024-01-01 00:00:00
P1296,WH03,7,0.1,0.5,1500.0,500.0,2024-01-01 00:00:00
P1296,WH03,8,0.1,0.5,1500.0,500.0,2024-01-01 00:00:00
P1296,WH03,9,0.1,0.5,1500.0,500.0,2024-01-01 00:00:00
P1296,WH03,10,0.1,0.5,1500.0,500.0,2024-01-01 00:00:00
P1296,WH04,1,0.1,0.5,1500.0,500.0,2024-01-01 00:00:00
P1296,WH04,2,0.1,0.5,1500.0,500.0,2024-01-01 00:00:00
P1296,WH04,3,0.1,0.5,1500.0,500.0,2024-01-01 00:00:00
P1296,WH04,4,0.1,0.5,1500.0,500.0,2024-01-01 00:00:00
P1296,WH04,5,0.1,0.5,1500.0,500.0,2024-01-01 00:00:00
P1296,WH04,6,0.1,0.5,1500.0,500.0,2024-01-01 00:00:00
P1296,WH04,7,0.1,0.5,1500.0,500.0,2024-01-01 00:00:00
P1296,WH04,8,0.1,0.5,1500.0,500.0,2024-01-01 00:00:00
P1296,WH04,9,0.1,0.5,1500.0,500.0,2024-01-01 00:00:00
P1296,WH04,10,0.1,0.5,1500.0,500.0,2024-01-01 00:00:00
P1296,WH05,1,0.1,0.5,1500.0,500.0,2024-01-01 00:00:00
P1296,WH05,2,0.1,0.5,1500.0,500.0,2024-01-01 00:00:00
P1296,WH05,3,0.1,0.5,1500.0,500.0,2024-01-01 00:00:00
P1296,WH05,4,0.1,0.5,1500.0,500.0,2024-01-01 00:00:00
P1296,WH05,5,0.1,0.5,1500.0,500.0,2024-01-01 00:00:00
P1296,WH05,6,0.1,0.5,1500.0,500.0,2024-01-01 00:00:00
P1296,WH05,7,0.1,0.5,1500.0,500.0,2024-01-01 00:00:00
P1296,WH05,8,0.1,0.5,1500.0,500.0,2024-01-01 00:00:00
P1296,WH05,9,0.1,0.5,1500.0,500.0,2024-01-01 00:00:00
P1296,WH05,10,0.1,0.5,1500.0,500.0,2024-01-01 00:00:00
P1296,WH06,1,0.1,0.5,1500.0,500.0,2024-01-01 00:00:00
P1296,WH06,2,0.1,0.5,1500.0,500.0,2024-01-01 00:00:00
P1296,WH06,3,0.1,0.5,1500.0,500.0,2024-01-01 00:00:00
P1296,WH06,4,0.1,0.5,1500.0,500.0,2024-01-01 00:00:00
P1296,WH06,5,0.1,0.5,1500.0,500.0,2024-01-01 00:00:00
P1296,WH06,6,0.1,0.5,1500.0,500.0,2024-01-01 00:00:00
P1296,WH06,7,0.1,0.5,1500.0,500.0,2024-01-01 00:00:00
P1296,WH06,8,0.1,0.5,1500.0,500.0,2024-01-01 00:00:00
P1296,WH06,9,0.1,0.5,1500.0,500.0,2024-01-01 00:00:00
P1296,WH06,10,0.1,0.5,1500.0,500.0,2024-01-01 00:00:00
P1313,WH01,1,0.1,0.5,1500.0,750.0,2024-01-01 00:00:00
P1313,WH01,2,0.1,0.5,1500.0,750.0,2024-01-01 00:00:00
P1313,WH01,3,0.1,0.5,1500.0,750.0,2024-01-01 00:00:00
P1313,WH01,4,0.1,0.5,1500.0,750.0,2024-01-01 00:00:00
P1313,WH01,5,0.1,0.5,1500.0,750.0,2024-01-01 00:00:00
P1313,WH01,6,0.1,0.5,1500.0,750.0,2024-01-01 00:00:00
P1313,WH01,7,0.1,0.5,1500.0,750.0,2024-01-01 00:00:00
P1313,WH01,8,0.1,0.5,1500.0,750.0,2024-01-01 00:00:00
P1313,WH01,9,0.1,0.5,1500.0,750.0,2024-01-01 00:00:00
P1313,WH01,10,0.1,0.5,1500.0,750.0,2024-01-01 00:00:00
P1313,WH03,1,0.1,0.5,1500.0,750.0,2024-01-01 00:00:00
P1313,WH03,2,0.1,0.5,1500.0,750.0,2024-01-01 00:00:00
P1313,WH03,3,0.1,0.5,1500.0,750.0,2024-01-01 00:00:00
P1313,WH03,4,0.1,0.5,1500.0,750.0,2024-01-01 00:00:00
P1313,WH03,5,0.1,0.5,1500.0,750.0,2024-01-01 00:00:00
P1313,WH03,6,0.1,0.5,1500.0,750.0,2024-01-01 00:00:00
P1313,WH03,7,0.1,0.5,1500.0,750.0,2024-01-01 00:00:00
P1313,WH03,8,0.1,0.5,1500.0,750.0,2024-01-01 00:00:00
P1313,WH03,9,0.1,0.5,1500.0,750.0,2024-01-01 00:00:00
P1313,WH03,10,0.1,0.5,1500.0,750.0,2024-01-01 00:00:00
P1313,WH04,1,0.1,0.5,1500.0,750.0,2024-01-01 00:00:00
P1313,WH04,2,0.1,0.5,1500.0,750.0,2024-01-01 00:00:00
P1313,WH04,3,0.1,0.5,1500.0,750.0,2024-01-01 00:00:00
P1313,WH04,4,0.1,0.5,1500.0,750.0,2024-01-01 00:00:00
P1313,WH04,5,0.1,0.5,1500.0,750.0,2024-01-01 00:00:00
P1313,WH04,6,0.1,0.5,1500.0,750.0,2024-01-01 00:00:00
P1313,WH04,7,0.1,0.5,1500.0,750.0,2024-01-01 00:00:00
P1313,WH04,8,0.1,0.5,1500.0,750.0,2024-01-01 00:00:00
P1313,WH04,9,0.1,0.5,1500.0,750.0,2024-01-01 00:00:00
P1313,WH04,10,0.1,0.5,1500.0,750.0,2024-01-01 00:00:00
P1313,WH05,1,0.1,0.5,1500.0,750.0,2024-01-01 00:00:00
P1313,WH05,2,0.1,0.5,1500.0,750.0,2024-01-01 00:00:00
P1313,WH05,3,0.1,0.5,1500.0,750.0,2024-01-01 00:00:00
P1313,WH05,4,0.1,0.5,1500.0,750.0,2024-01-01 00:00:00
P1313,WH05,5,0.1,0.5,1500.0,750.0,2024-01-01 00:00:00
P1313,WH05,6,0.1,0.5,1500.0,750.0,2024-01-01 00:00:00
P1313,WH05,7,0.1,0.5,1500.0,750.0,2024-01-01 00:00:00
P1313,WH05,8,0.1,0.5,1500.0,750.0,2024-01-01 00:00:00
P1313,WH05,9,0.1,0.5,1500.0,750.0,2024-01-01 00:00:00
P1313,WH05,10,0.1,0.5,1500.0,750.0,2024-01-01 00:00:00
P1313,WH06,1,0.1,0.5,1500.0,750.0,2024-01-01 00:00:00
P1313,WH06,2,0.1,0.5,1500.0,750.0,2024-01-01 00:00:00
P1313,WH06,3,0.1,0.5,1500.0,750.0,2024-01-01 00:00:00
P1313,WH06,4,0.1,0.5,1500.0,750.0,2024-01-01 00:00:00
P1313,WH06,5,0.1,0.5,1500.0,750.0,2024-01-01 00:00:00
P1313,WH06,6,0.1,0.5,1500.0,750.0,2024-01-01 00:00:00
P1313,WH06,7,0.1,0.5,1500.0,750.0,2024-01-01 00:00:00
P1313,WH06,8,0.1,0.5,1500.0,750.0,2024-01-01 00:00:00
P1313,WH06,9,0.1,0.5,1500.0,750.0,2024-01-01 00:00:00
P1313,WH06,10,0.1,0.5,1500.0,750.0,2024-01-01 00:00:00
P1390,WH01,1,0.1,0.5,1500.0,500.0,2024-01-01 00:00:00
P1390,WH01,2,0.1,0.5,1500.0,500.0,2024-01-01 00:00:00
P1390,WH01,3,0.1,0.5,1500.0,500.0,2024-01-01 00:00:00
P1390,WH01,4,0.1,0.5,1500.0,500.0,2024-01-01 00:00:00
P1390,WH01,5,0.1,0.5,1500.0,500.0,2024-01-01 00:00:00
P1390,WH01,6,0.1,0.5,1500.0,500.0,2024-01-01 00:00:00
P1390,WH01,7,0.1,0.5,1500.0,500.0,2024-01-01 00:00:00
P1390,WH01,8,0.1,0.5,1500.0,500.0,2024-01-01 00:00:00
P1390,WH01,9,0.1,0.5,1500.0,500.0,2024-01-01 00:00:00
P1390,WH01,10,0.1,0.5,1500.0,500.0,2024-01-01 00:00:00
P1390,WH03,1,0.1,0.5,1500.0,500.0,2024-01-01 00:00:00
P1390,WH03,2,0.1,0.5,1500.0,500.0,2024-01-01 00:00:00
P1390,WH03,3,0.1,0.5,1500.0,500.0,2024-01-01 00:00:00
P1390,WH03,4,0.1,0.5,1500.0,500.0,2024-01-01 00:00:00
P1390,WH03,5,0.1,0.5,1500.0,500.0,2024-01-01 00:00:00
P1390,WH03,6,0.1,0.5,1500.0,500.0,2024-01-01 00:00:00
P1390,WH03,7,0.1,0.5,1500.0,500.0,2024-01-01 00:00:00
P1390,WH03,8,0.1,0.5,1500.0,500.0,2024-01-01 00:00:00
P1390,WH03,9,0.1,0.5,1500.0,500.0,2024-01-01 00:00:00
P1390,WH03,10,0.1,0.5,1500.0,500.0,2024-01-01 00:00:00
P1390,WH04,1,0.1,0.5,1500.0,500.0,2024-01-01 00:00:00
P1390,WH04,2,0.1,0.5,1500.0,500.0,2024-01-01 00:00:00
P1390,WH04,3,0.1,0.5,1500.0,500.0,2024-01-01 00:00:00
P1390,WH04,4,0.1,0.5,1500.0,500.0,2024-01-01 00:00:00
P1390,WH04,5,0.1,0.5,1500.0,500.0,2024-01-01 00:00:00
P1390,WH04,6,0.1,0.5,1500.0,500.0,2024-01-01 00:00:00
P1390,WH04,7,0.1,0.5,1500.0,500.0,2024-01-01 00:00:00
P1390,WH04,8,0.1,0.5,1500.0,500.0,2024-01-01 00:00:00
P1390,WH04,9,0.1,0.5,1500.0,500.0,2024-01-01 00:00:00
P1390,WH04,10,0.1,0.5,1500.0,500.0,2024-01-01 00:00:00
P1390,WH05,1,0.1,0.5,1500.0,500.0,2024-01-01 00:00:00
P1390,WH05,2,0.1,0.5,1500.0,500.0,2024-01-01 00:00:00
P1390,WH05,3,0.1,0.5,1500.0,500.0,2024-01-01 00:00:00
P1390,WH05,4,0.1,0.5,1500.0,500.0,2024-01-01 00:00:00
P1390,WH05,5,0.1,0.5,1500.0,500.0,2024-01-01 00:00:00
P1390,WH05,6,0.1,0.5,1500.0,500.0,2024-01-01 00:00:00
P1390,WH05,7,0.1,0.5,1500.0,500.0,2024-01-01 00:00:00
P1390,WH05,8,0.1,0.5,1500.0,500.0,2024-01-01 00:00:00
P1390,WH05,9,0.1,0.5,1500.0,500.0,2024-01-01 00:00:00
P1390,WH05,10,0.1,0.5,1500.0,500.0,2024-01-01 00:00:00
P1390,WH06,1,0.1,0.5,1500.0,500.0,2024-01-01 00:00:00
P1390,WH06,2,0.1,0.5,1500.0,500.0,2024-01-01 00:00:00
P1390,WH06,3,0.1,0.5,1500.0,500.0,2024-01-01 00:00:00
P1390,WH06,4,0.1,0.5,1500.0,500.0,2024-01-01 00:00:00
P1390,WH06,5,0.1,0.5,1500.0,500.0,2024-01-01 00:00:00
P1390,WH06,6,0.1,0.5,1500.0,500.0,2024-01-01 00:00:00
P1390,WH06,7,0.1,0.5,1500.0,500.0,2024-01-01 00:00:00
P1390,WH06,8,0.1,0.5,1500.0,500.0,2024-01-01 00:00:00
P1390,WH06,9,0.1,0.5,1500.0,500.0,2024-01-01 00:00:00
P1390,WH06,10,0.1,0.5,1500.0,500.0,2024-01-01 00:00:00
P1511,WH01,1,0.1,0.5,1500.0,500.0,2024-01-01 00:00:00
P1511,WH01,2,0.1,0.5,1500.0,500.0,2024-01-01 00:00:00
P1511,WH01,3,0.1,0.5,1500.0,500.0,2024-01-01 00:00:00
P1511,WH01,4,0.1,0.5,1500.0,500.0,2024-01-01 00:00:00
P1511,WH01,5,0.1,0.5,1500.0,500.0,2024-01-01 00:00:00
P1511,WH01,6,0.1,0.5,1500.0,500.0,2024-01-01 00:00:00
P1511,WH01,7,0.1,0.5,1500.0,500.0,2024-01-01 00:00:00
P1511,WH01,8,0.1,0.5,1500.0,500.0,2024-01-01 00:00:00
P1511,WH01,9,0.1,0.5,1500.0,500.0,2024-01-01 00:00:00
P1511,WH01,10,0.1,0.5,1500.0,500.0,2024-01-01 00:00:00
P1511,WH03,1,0.1,0.5,1500.0,500.0,2024-01-01 00:00:00
P1511,WH03,2,0.1,0.5,1500.0,500.0,2024-01-01 00:00:00
P1511,WH03,3,0.1,0.5,1500.0,500.0,2024-01-01 00:00:00
P1511,WH03,4,0.1,0.5,1500.0,500.0,2024-01-01 00:00:00
P1511,WH03,5,0.1,0.5,1500.0,500.0,2024-01-01 00:00:00
P1511,WH03,6,0.1,0.5,1500.0,500.0,2024-01-01 00:00:00
P1511,WH03,7,0.1,0.5,1500.0,500.0,2024-01-01 00:00:00
P1511,WH03,8,0.1,0.5,1500.0,500.0,2024-01-01 00:00:00
P1511,WH03,9,0.1,0.5,1500.0,500.0,2024-01-01 00:00:00
P1511,WH03,10,0.1,0.5,1500.0,500.0,2024-01-01 00:00:00
P1511,WH04,1,0.1,0.5,1500.0,500.0,2024-01-01 00:00:00
P1511,WH04,2,0.1,0.5,1500.0,500.0,2024-01-01 00:00:00
P1511,WH04,3,0.1,0.5,1500.0,500.0,2024-01-01 00:00:00
P1511,WH04,4,0.1,0.5,1500.0,500.0,2024-01-01 00:00:00
P1511,WH04,5,0.1,0.5,1500.0,500.0,2024-01-01 00:00:00
P1511,WH04,6,0.1,0.5,1500.0,500.0,2024-01-01 00:00:00
P1511,WH04,7,0.1,0.5,1500.0,500.0,2024-01-01 00:00:00
P1511,WH04,8,0.1,0.5,1500.0,500.0,2024-01-01 00:00:00
P1511,WH04,9,0.1,0.5,1500.0,500.0,2024-01-01 00:00:00
P1511,WH04,10,0.1,0.5,1500.0,500.0,2024-01-01 00:00:00
P1511,WH05,1,0.1,0.5,1500.0,500.0,2024-01-01 00:00:00
P1511,WH05,2,0.1,0.5,1500.0,500.0,2024-01-01 00:00:00
P1511,WH05,3,0.1,0.5,1500.0,500.0,2024-01-01 00:00:00
P1511,WH05,4,0.1,0.5,1500.0,500.0,2024-01-01 00:00:00
P1511,WH05,5,0.1,0.5,1500.0,500.0,2024-01-01 00:00:00
P1511,WH05,6,0.1,0.5,1500.0,500.0,2024-01-01 00:00:00
P1511,WH05,7,0.1,0.5,1500.0,500.0,2024-01-01 00:00:00
P1511,WH05,8,0.1,0.5,1500.0,500.0,2024-01-01 00:00:00
P1511,WH05,9,0.1,0.5,1500.0,500.0,2024-01-01 00:00:00
P1511,WH05,10,0.1,0.5,1500.0,500.0,2024-01-01 00:00:00
P1511,WH06,1,0.1,0.5,1500.0,500.0,2024-01-01 00:00:00
P1511,WH06,2,0.1,0.5,1500.0,500.0,2024-01-01 00:00:00
P1511,WH06,3,0.1,0.5,1500.0,500.0,2024-01-01 00:00:00
P1511,WH06,4,0.1,0.5,1500.0,500.0,2024-01-01 00:00:00
P1511,WH06,5,0.1,0.5,1500.0,500.0,2024-01-01 00:00:00
P1511,WH06,6,0.1,0.5,1500.0,500.0,2024-01-01 00:00:00
P1511,WH06,7,0.1,0.5,1500.0,500.0,2024-01-01 00:00:00
P1511,WH06,8,0.1,0.5,1500.0,500.0,2024-01-01 00:00:00
P1511,WH06,9,0.1,0.5,1500.0,500.0,2024-01-01 00:00:00
P1511,WH06,10,0.1,0.5,1500.0,500.0,2024-01-01 00:00:00
P1521,WH01,1,0.1,0.5,1500.0,500.0,2024-01-01 00:00:00
P1521,WH01,2,0.1,0.5,1500.0,500.0,2024-01-01 00:00:00
P1521,WH01,3,0.1,0.5,1500.0,500.0,2024-01-01 00:00:00
P1521,WH01,4,0.1,0.5,1500.0,500.0,2024-01-01 00:00:00
P1521,WH01,5,0.1,0.5,1500.0,500.0,2024-01-01 00:00:00
P1521,WH01,6,0.1,0.5,1500.0,500.0,2024-01-01 00:00:00
P1521,WH01,7,0.1,0.5,1500.0,500.0,2024-01-01 00:00:00
P1521,WH01,8,0.1,0.5,1500.0,500.0,2024-01-01 00:00:00
P1521,WH01,9,0.1,0.5,1500.0,500.0,2024-01-01 00:00:00
P1521,WH01,10,0.1,0.5,1500.0,500.0,2024-01-01 00:00:00
P1521,WH03,1,0.1,0.5,1500.0,500.0,2024-01-01 00:00:00
P1521,WH03,2,0.1,0.5,1500.0,500.0,2024-01-01 00:00:00
P1521,WH03,3,0.1,0.5,1500.0,500.0,2024-01-01 00:00:00
P1521,WH03,4,0.1,0.5,1500.0,500.0,2024-01-01 00:00:00
P1521,WH03,5,0.1,0.5,1500.0,500.0,2024-01-01 00:00:00
P1521,WH03,6,0.1,0.5,1500.0,500.0,2024-01-01 00:00:00
P1521,WH03,7,0.1,0.5,1500.0,500.0,2024-01-01 00:00:00
P1521,WH03,8,0.1,0.5,1500.0,500.0,2024-01-01 00:00:00
P1521,WH03,9,0.1,0.5,1500.0,500.0,2024-01-01 00:00:00
P1521,WH03,10,0.1,0.5,1500.0,500.0,2024-01-01 00:00:00
P1521,WH04,1,0.1,0.5,1500.0,500.0,2024-01-01 00:00:00
P1521,WH04,2,0.1,0.5,1500.0,500.0,2024-01-01 00:00:00
P1521,WH04,3,0.1,0.5,1500.0,500.0,2024-01-01 00:00:00
P1521,WH04,4,0.1,0.5,1500.0,500.0,2024-01-01 00:00:00
P1521,WH04,5,0.1,0.5,1500.0,500.0,2024-01-01 00:00:00
P1521,WH04,6,0.1,0.5,1500.0,500.0,2024-01-01 00:00:00
P1521,WH04,7,0.1,0.5,1500.0,500.0,2024-01-01 00:00:00
P1521,WH04,8,0.1,0.5,1500.0,500.0,2024-01-01 00:00:00
P1521,WH04,9,0.1,0.5,1500.0,500.0,2024-01-01 00:00:00
P1521,WH04,10,0.1,0.5,1500.0,500.0,2024-01-01 00:00:00
P1521,WH05,1,0.1,0.5,1500.0,500.0,2024-01-01 00:00:00
P1521,WH05,2,0.1,0.5,1500.0,500.0,2024-01-01 00:00:00
P1521,WH05,3,0.1,0.5,1500.0,500.0,2024-01-01 00:00:00
P1521,WH05,4,0.1,0.5,1500.0,500.0,2024-01-01 00:00:00
P1521,WH05,5,0.1,0.5,1500.0,500.0,2024-01-01 00:00:00
P1521,WH05,6,0.1,0.5,1500.0,500.0,2024-01-01 00:00:00
P1521,WH05,7,0.1,0.5,1500.0,500.0,2024-01-01 00:00:00
P1521,WH05,8,0.1,0.5,1500.0,500.0,2024-01-01 00:00:00
P1521,WH05,9,0.1,0.5,1500.0,500.0,2024-01-01 00:00:00
P1521,WH05,10,0.1,0.5,1500.0,500.0,2024-01-01 00:00:00
P1521,WH06,1,0.1,0.5,1500.0,500.0,2024-01-01 00:00:00
P1521,WH06,2,0.1,0.5,1500.0,500.0,2024-01-01 00:00:00
P1521,WH06,3,0.1,0.5,1500.0,500.0,2024-01-01 00:00:00
P1521,WH06,4,0.1,0.5,1500.0,500.0,2024-01-01 00:00:00
P1521,WH06,5,0.1,0.5,1500.0,500.0,2024-01-01 00:00:00
P1521,WH06,6,0.1,0.5,1500.0,500.0,2024-01-01 00:00:00
P1521,WH06,7,0.1,0.5,1500.0,500.0,2024-01-01 00:00:00
P1521,WH06,8,0.1,0.5,1500.0,500.0,2024-01-01 00:00:00
P1521,WH06,9,0.1,0.5,1500.0,500.0,2024-01-01 00:00:00
P1521,WH06,10,0.1,0.5,1500.0,500.0,2024-01-01 00:00:00
P1599,WH01,1,0.1,0.5,1500.0,500.0,2024-01-01 00:00:00
P1599,WH01,2,0.1,0.5,1500.0,500.0,2024-01-01 00:00:00
P1599,WH01,3,0.1,0.5,1500.0,500.0,2024-01-01 00:00:00
P1599,WH01,4,0.1,0.5,1500.0,500.0,2024-01-01 00:00:00
P1599,WH01,5,0.1,0.5,1500.0,500.0,2024-01-01 00:00:00
P1599,WH01,6,0.1,0.5,1500.0,500.0,2024-01-01 00:00:00
P1599,WH01,7,0.1,0.5,1500.0,500.0,2024-01-01 00:00:00
P1599,WH01,8,0.1,0.5,1500.0,500.0,2024-01-01 00:00:00
P1599,WH01,9,0.1,0.5,1500.0,500.0,2024-01-01 00:00:00
P1599,WH01,10,0.1,0.5,1500.0,500.0,2024-01-01 00:00:00
P1599,WH03,1,0.1,0.5,1500.0,500.0,2024-01-01 00:00:00
P1599,WH03,2,0.1,0.5,1500.0,500.0,2024-01-01 00:00:00
P1599,WH03,3,0.1,0.5,1500.0,500.0,2024-01-01 00:00:00
P1599,WH03,4,0.1,0.5,1500.0,500.0,2024-01-01 00:00:00
P1599,WH03,5,0.1,0.5,1500.0,500.0,2024-01-01 00:00:00
P1599,WH03,6,0.1,0.5,1500.0,500.0,2024-01-01 00:00:00
P1599,WH03,7,0.1,0.5,1500.0,500.0,2024-01-01 00:00:00
P1599,WH03,8,0.1,0.5,1500.0,500.0,2024-01-01 00:00:00
P1599,WH03,9,0.1,0.5,1500.0,500.0,2024-01-01 00:00:00
P1599,WH03,10,0.1,0.5,1500.0,500.0,2024-01-01 00:00:00
P1599,WH04,1,0.1,0.5,1500.0,500.0,2024-01-01 00:00:00
P1599,WH04,2,0.1,0.5,1500.0,500.0,2024-01-01 00:00:00
P1599,WH04,3,0.1,0.5,1500.0,500.0,2024-01-01 00:00:00
P1599,WH04,4,0.1,0.5,1500.0,500.0,2024-01-01 00:00:00
P1599,WH04,5,0.1,0.5,1500.0,500.0,2024-01-01 00:00:00
P1599,WH04,6,0.1,0.5,1500.0,500.0,2024-01-01 00:00:00
P1599,WH04,7,0.1,0.5,1500.0,500.0,2024-01-01 00:00:00
P1599,WH04,8,0.1,0.5,1500.0,500.0,2024-01-01 00:00:00
P1599,WH04,9,0.1,0.5,1500.0,500.0,2024-01-01 00:00:00
P1599,WH04,10,0.1,0.5,1500.0,500.0,2024-01-01 00:00:00
P1599,WH05,1,0.1,0.5,1500.0,500.0,2024-01-01 00:00:00
P1599,WH05,2,0.1,0.5,1500.0,500.0,2024-01-01 00:00:00
P1599,WH05,3,0.1,0.5,1500.0,500.0,2024-01-01 00:00:00
P1599,WH05,4,0.1,0.5,1500.0,500.0,2024-01-01 00:00:00
P1599,WH05,5,0.1,0.5,1500.0,500.0,2024-01-01 00:00:00
P1599,WH05,6,0.1,0.5,1500.0,500.0,2024-01-01 00:00:00
P1599,WH05,7,0.1,0.5,1500.0,500.0,2024-01-01 00:00:00
P1599,WH05,8,0.1,0.5,1500.0,500.0,2024-01-01 00:00:00
P1599,WH05,9,0.1,0.5,1500.0,500.0,2024-01-01 00:00:00
P1599,WH05,10,0.1,0.5,1500.0,500.0,2024-01-01 00:00:00
P1599,WH06,1,0.1,0.5,1500.0,500.0,2024-01-01 00:00:00
P1599,WH06,2,0.1,0.5,1500.0,500.0,2024-01-01 00:00:00
P1599,WH06,3,0.1,0.5,1500.0,500.0,2024-01-01 00:00:00
P1599,WH06,4,0.1,0.5,1500.0,500.0,2024-01-01 00:00:00
P1599,WH06,5,0.1,0.5,1500.0,500.0,2024-01-01 00:00:00
P1599,WH06,6,0.1,0.5,1500.0,500.0,2024-01-01 00:00:00
P1599,WH06,7,0.1,0.5,1500.0,500.0,2024-01-01 00:00:00
P1599,WH06,8,0.1,0.5,1500.0,500.0,2024-01-01 00:00:00
P1599,WH06,9,0.1,0.5,1500.0,500.0,2024-01-01 00:00:00
P1599,WH06,10,0.1,0.5,1500.0,500.0,2024-01-01 00:00:00
P1969,WH01,1,0.1,0.5,1500.0,500.0,2024-01-01 00:00:00
P1969,WH01,2,0.1,0.5,1500.0,500.0,2024-01-01 00:00:00
P1969,WH01,3,0.1,0.5,1500.0,500.0,2024-01-01 00:00:00
P1969,WH01,4,0.1,0.5,1500.0,500.0,2024-01-01 00:00:00
P1969,WH01,5,0.1,0.5,1500.0,500.0,2024-01-01 00:00:00
P1969,WH01,6,0.1,0.5,1500.0,500.0,2024-01-01 00:00:00
P1969,WH01,7,0.1,0.5,1500.0,500.0,2024-01-01 00:00:00
P1969,WH01,8,0.1,0.5,1500.0,500.0,2024-01-01 00:00:00
P1969,WH01,9,0.1,0.5,1500.0,500.0,2024-01-01 00:00:00
P1969,WH01,10,0.1,0.5,1500.0,500.0,2024-01-01 00:00:00
P1969,WH03,1,0.1,0.5,1500.0,500.0,2024-01-01 00:00:00
P1969,WH03,2,0.1,0.5,1500.0,500.0,2024-01-01 00:00:00
P1969,WH03,3,0.1,0.5,1500.0,500.0,2024-01-01 00:00:00
P1969,WH03,4,0.1,0.5,1500.0,500.0,2024-01-01 00:00:00
P1969,WH03,5,0.1,0.5,1500.0,500.0,2024-01-01 00:00:00
P1969,WH03,6,0.1,0.5,1500.0,500.0,2024-01-01 00:00:00
P1969,WH03,7,0.1,0.5,1500.0,500.0,2024-01-01 00:00:00
P1969,WH03,8,0.1,0.5,1500.0,500.0,2024-01-01 00:00:00
P1969,WH03,9,0.1,0.5,1500.0,500.0,2024-01-01 00:00:00
P1969,WH03,10,0.1,0.5,1500.0,500.0,2024-01-01 00:00:00
P1969,WH04,1,0.1,0.5,1500.0,500.0,2024-01-01 00:00:00
P1969,WH04,2,0.1,0.5,1500.0,500.0,2024-01-01 00:00:00
P1969,WH04,3,0.1,0.5,1500.0,500.0,2024-01-01 00:00:00
P1969,WH04,4,0.1,0.5,1500.0,500.0,2024-01-01 00:00:00
P1969,WH04,5,0.1,0.5,1500.0,500.0,2024-01-01 00:00:00
P1969,WH04,6,0.1,0.5,1500.0,500.0,2024-01-01 00:00:00
P1969,WH04,7,0.1,0.5,1500.0,500.0,2024-01-01 00:00:00
P1969,WH04,8,0.1,0.5,1500.0,500.0,2024-01-01 00:00:00
P1969,WH04,9,0.1,0.5,1500.0,500.0,2024-01-01 00:00:00
P1969,WH04,10,0.1,0.5,1500.0,500.0,2024-01-01 00:00:00
P1969,WH05,1,0.1,0.5,1500.0,500.0,2024-01-01 00:00:00
P1969,WH05,2,0.1,0.5,1500.0,500.0,2024-01-01 00:00:00
P1969,WH05,3,0.1,0.5,1500.0,500.0,2024-01-01 00:00:00
P1969,WH05,4,0.1,0.5,1500.0,500.0,2024-01-01 00:00:00
P1969,WH05,5,0.1,0.5,1500.0,500.0,2024-01-01 00:00:00
P1969,WH05,6,0.1,0.5,1500.0,500.0,2024-01-01 00:00:00
P1969,WH05,7,0.1,0.5,1500.0,500.0,2024-01-01 00:00:00
P1969,WH05,8,0.1,0.5,1500.0,500.0,2024-01-01 00:00:00
P1969,WH05,9,0.1,0.5,1500.0,500.0,2024-01-01 00:00:00
P1969,WH05,10,0.1,0.5,1500.0,500.0,2024-01-01 00:00:00
P1969,WH06,1,0.1,0.5,1500.0,500.0,2024-01-01 00:00:00
P1969,WH06,2,0.1,0.5,1500.0,500.0,2024-01-01 00:00:00
P1969,WH06,3,0.1,0.5,1500.0,500.0,2024-01-01 00:00:00
P1969,WH06,4,0.1,0.5,1500.0,500.0,2024-01-01 00:00:00
P1969,WH06,5,0.1,0.5,1500.0,500.0,2024-01-01 00:00:00
P1969,WH06,6,0.1,0.5,1500.0,500.0,2024-01-01 00:00:00
P1969,WH06,7,0.1,0.5,1500.0,500.0,2024-01-01 00:00:00
P1969,WH06,8,0.1,0.5,1500.0,500.0,2024-01-01 00:00:00
P1969,WH06,9,0.1,0.5,1500.0,500.0,2024-01-01 00:00:00
P1969,WH06,10,0.1,0.5,1500.0,500.0,2024-01-01 00:00:00
P1998,WH01,1,0.1,0.5,1500.0,750.0,2024-01-01 00:00:00
P1998,WH01,2,0.1,0.5,1500.0,750.0,2024-01-01 00:00:00
P1998,WH01,3,0.1,0.5,1500.0,750.0,2024-01-01 00:00:00
P1998,WH01,4,0.1,0.5,1500.0,750.0,2024-01-01 00:00:00
P1998,WH01,5,0.1,0.5,1500.0,750.0,2024-01-01 00:00:00
P1998,WH01,6,0.1,0.5,1500.0,750.0,2024-01-01 00:00:00
P1998,WH01,7,0.1,0.5,1500.0,750.0,2024-01-01 00:00:00
P1998,WH01,8,0.1,0.5,1500.0,750.0,2024-01-01 00:00:00
P1998,WH01,9,0.1,0.5,1500.0,750.0,2024-01-01 00:00:00
P1998,WH01,10,0.1,0.5,1500.0,750.0,2024-01-01 00:00:00
P1998,WH03,1,0.1,0.5,1500.0,750.0,2024-01-01 00:00:00
P1998,WH03,2,0.1,0.5,1500.0,750.0,2024-01-01 00:00:00
P1998,WH03,3,0.1,0.5,1500.0,750.0,2024-01-01 00:00:00
P1998,WH03,4,0.1,0.5,1500.0,750.0,2024-01-01 00:00:00
P1998,WH03,5,0.1,0.5,1500.0,750.0,2024-01-01 00:00:00
P1998,WH03,6,0.1,0.5,1500.0,750.0,2024-01-01 00:00:00
P1998,WH03,7,0.1,0.5,1500.0,750.0,2024-01-01 00:00:00
P1998,WH03,8,0.1,0.5,1500.0,750.0,2024-01-01 00:00:00
P1998,WH03,9,0.1,0.5,1500.0,750.0,2024-01-01 00:00:00
P1998,WH03,10,0.1,0.5,1500.0,750.0,2024-01-01 00:00:00
P1998,WH04,1,0.1,0.5,1500.0,750.0,2024-01-01 00:00:00
P1998,WH04,2,0.1,0.5,1500.0,750.0,2024-01-01 00:00:00
P1998,WH04,3,0.1,0.5,1500.0,750.0,2024-01-01 00:00:00
P1998,WH04,4,0.1,0.5,1500.0,750.0,2024-01-01 00:00:00
P1998,WH04,5,0.1,0.5,1500.0,750.0,2024-01-01 00:00:00
P1998,WH04,6,0.1,0.5,1500.0,750.0,2024-01-01 00:00:00
P1998,WH04,7,0.1,0.5,1500.0,750.0,2024-01-01 00:00:00
P1998,WH04,8,0.1,0.5,1500.0,750.0,2024-01-01 00:00:00
P1998,WH04,9,0.1,0.5,1500.0,750.0,2024-01-01 00:00:00
P1998,WH04,10,0.1,0.5,1500.0,750.0,2024-01-01 00:00:00
P1998,WH05,1,0.1,0.5,1500.0,750.0,2024-01-01 00:00:00
P1998,WH05,2,0.1,0.5,1500.0,750.0,2024-01-01 00:00:00
P1998,WH05,3,0.1,0.5,1500.0,750.0,2024-01-01 00:00:00
P1998,WH05,4,0.1,0.5,1500.0,750.0,2024-01-01 00:00:00
P1998,WH05,5,0.1,0.5,1500.0,750.0,2024-01-01 00:00:00
P1998,WH05,6,0.1,0.5,1500.0,750.0,2024-01-01 00:00:00
P1998,WH05,7,0.1,0.5,1500.0,750.0,2024-01-01 00:00:00
P1998,WH05,8,0.1,0.5,1500.0,750.0,2024-01-01 00:00:00
P1998,WH05,9,0.1,0.5,1500.0,750.0,2024-01-01 00:00:00
P1998,WH05,10,0.1,0.5,1500.0,750.0,2024-01-01 00:00:00
P1998,WH06,1,0.1,0.5,1500.0,750.0,2024-01-01 00:00:00
P1998,WH06,2,0.1,0.5,1500.0,750.0,2024-01-01 00:00:00
P1998,WH06,3,0.1,0.5,1500.0,750.0,2024-01-01 00:00:00
P1998,WH06,4,0.1,0.5,1500.0,750.0,2024-01-01 00:00:00
P1998,WH06,5,0.1,0.5,1500.0,750.0,2024-01-01 00:00:00
P1998,WH06,6,0.1,0.5,1500.0,750.0,2024-01-01 00:00:00
P1998,WH06,7,0.1,0.5,1500.0,750.0,2024-01-01 00:00:00
P1998,WH06,8,0.1,0.5,1500.0,750.0,2024-01-01 00:00:00
P1998,WH06,9,0.1,0.5,1500.0,750.0,2024-01-01 00:00:00
P1998,WH06,10,0.1,0.5,1500.0,750.0,2024-01-01 00:00:00
P2002,WH01,1,0.1,0.5,1500.0,500.0,2024-01-01 00:00:00
P2002,WH01,2,0.1,0.5,1500.0,500.0,2024-01-01 00:00:00
P2002,WH01,3,0.1,0.5,1500.0,500.0,2024-01-01 00:00:00
P2002,WH01,4,0.1,0.5,1500.0,500.0,2024-01-01 00:00:00
P2002,WH01,5,0.1,0.5,1500.0,500.0,2024-01-01 00:00:00
P2002,WH01,6,0.1,0.5,1500.0,500.0,2024-01-01 00:00:00
P2002,WH01,7,0.1,0.5,1500.0,500.0,2024-01-01 00:00:00
P2002,WH01,8,0.1,0.5,1500.0,500.0,2024-01-01 00:00:00
P2002,WH01,9,0.1,0.5,1500.0,500.0,2024-01-01 00:00:00
P2002,WH01,10,0.1,0.5,1500.0,500.0,2024-01-01 00:00:00
P2002,WH03,1,0.1,0.5,1500.0,500.0,2024-01-01 00:00:00
P2002,WH03,2,0.1,0.5,1500.0,500.0,2024-01-01 00:00:00
P2002,WH03,3,0.1,0.5,1500.0,500.0,2024-01-01 00:00:00
P2002,WH03,4,0.1,0.5,1500.0,500.0,2024-01-01 00:00:00
P2002,WH03,5,0.1,0.5,1500.0,500.0,2024-01-01 00:00:00
P2002,WH03,6,0.1,0.5,1500.0,500.0,2024-01-01 00:00:00
P2002,WH03,7,0.1,0.5,1500.0,500.0,2024-01-01 00:00:00
P2002,WH03,8,0.1,0.5,1500.0,500.0,2024-01-01 00:00:00
P2002,WH03,9,0.1,0.5,1500.0,500.0,2024-01-01 00:00:00
P2002,WH03,10,0.1,0.5,1500.0,500.0,2024-01-01 00:00:00
P2002,WH04,1,0.1,0.5,1500.0,500.0,2024-01-01 00:00:00
P2002,WH04,2,0.1,0.5,1500.0,500.0,2024-01-01 00:00:00
P2002,WH04,3,0.1,0.5,1500.0,500.0,2024-01-01 00:00:00
P2002,WH04,4,0.1,0.5,1500.0,500.0,2024-01-01 00:00:00
P2002,WH04,5,0.1,0.5,1500.0,500.0,2024-01-01 00:00:00
P2002,WH04,6,0.1,0.5,1500.0,500.0,2024-01-01 00:00:00
P2002,WH04,7,0.1,0.5,1500.0,500.0,2024-01-01 00:00:00
P2002,WH04,8,0.1,0.5,1500.0,500.0,2024-01-01 00:00:00
P2002,WH04,9,0.1,0.5,1500.0,500.0,2024-01-01 00:00:00
P2002,WH04,10,0.1,0.5,1500.0,500.0,2024-01-01 00:00:00
P2002,WH05,1,0.1,0.5,1500.0,500.0,2024-01-01 00:00:00
P2002,WH05,2,0.1,0.5,1500.0,500.0,2024-01-01 00:00:00
P2002,WH05,3,0.1,0.5,1500.0,500.0,2024-01-01 00:00:00
P2002,WH05,4,0.1,0.5,1500.0,500.0,2024-01-01 00:00:00
P2002,WH05,5,0.1,0.5,1500.0,500.0,2024-01-01 00:00:00
P2002,WH05,6,0.1,0.5,1500.0,500.0,2024-01-01 00:00:00
P2002,WH05,7,0.1,0.5,1500.0,500.0,2024-01-01 00:00:00
P2002,WH05,8,0.1,0.5,1500.0,500.0,2024-01-01 00:00:00
P2002,WH05,9,0.1,0.5,1500.0,500.0,2024-01-01 00:00:00
P2002,WH05,10,0.1,0.5,1500.0,500.0,2024-01-01 00:00:00
P2002,WH06,1,0.1,0.5,1500.0,500.0,2024-01-01 00:00:00
P2002,WH06,2,0.1,0.5,1500.0,500.0,2024-01-01 00:00:00
P2002,WH06,3,0.1,0.5,1500.0,500.0,2024-01-01 00:00:00
P2002,WH06,4,0.1,0.5,1500.0,500.0,2024-01-01 00:00:00
P2002,WH06,5,0.1,0.5,1500.0,500.0,2024-01-01 00:00:00
P2002,WH06,6,0.1,0.5,1500.0,500.0,2024-01-01 00:00:00
P2002,WH06,7,0.1,0.5,1500.0,500.0,2024-01-01 00:00:00
P2002,WH06,8,0.1,0.5,1500.0,500.0,2024-01-01 00:00:00
P2002,WH06,9,0.1,0.5,1500.0,500.0,2024-01-01 00:00:00
P2002,WH06,10,0.1,0.5,1500.0,500.0,2024-01-01 00:00:00
P2158,WH01,1,0.1,0.5,1500.0,750.0,2024-01-01 00:00:00
P2158,WH01,2,0.1,0.5,1500.0,750.0,2024-01-01 00:00:00
P2158,WH01,3,0.1,0.5,1500.0,750.0,2024-01-01 00:00:00
P2158,WH01,4,0.1,0.5,1500.0,750.0,2024-01-01 00:00:00
P2158,WH01,5,0.1,0.5,1500.0,750.0,2024-01-01 00:00:00
P2158,WH01,6,0.1,0.5,1500.0,750.0,2024-01-01 00:00:00
P2158,WH01,7,0.1,0.5,1500.0,750.0,2024-01-01 00:00:00
P2158,WH01,8,0.1,0.5,1500.0,750.0,2024-01-01 00:00:00
P2158,WH01,9,0.1,0.5,1500.0,750.0,2024-01-01 00:00:00
P2158,WH01,10,0.1,0.5,1500.0,750.0,2024-01-01 00:00:00
P2158,WH03,1,0.1,0.5,1500.0,750.0,2024-01-01 00:00:00
P2158,WH03,2,0.1,0.5,1500.0,750.0,2024-01-01 00:00:00
P2158,WH03,3,0.1,0.5,1500.0,750.0,2024-01-01 00:00:00
P2158,WH03,4,0.1,0.5,1500.0,750.0,2024-01-01 00:00:00
P2158,WH03,5,0.1,0.5,1500.0,750.0,2024-01-01 00:00:00
P2158,WH03,6,0.1,0.5,1500.0,750.0,2024-01-01 00:00:00
P2158,WH03,7,0.1,0.5,1500.0,750.0,2024-01-01 00:00:00
P2158,WH03,8,0.1,0.5,1500.0,750.0,2024-01-01 00:00:00
P2158,WH03,9,0.1,0.5,1500.0,750.0,2024-01-01 00:00:00
P2158,WH03,10,0.1,0.5,1500.0,750.0,2024-01-01 00:00:00
P2158,WH04,1,0.1,0.5,1500.0,750.0,2024-01-01 00:00:00
P2158,WH04,2,0.1,0.5,1500.0,750.0,2024-01-01 00:00:00
P2158,WH04,3,0.1,0.5,1500.0,750.0,2024-01-01 00:00:00
P2158,WH04,4,0.1,0.5,1500.0,750.0,2024-01-01 00:00:00
P2158,WH04,5,0.1,0.5,1500.0,750.0,2024-01-01 00:00:00
P2158,WH04,6,0.1,0.5,1500.0,750.0,2024-01-01 00:00:00
P2158,WH04,7,0.1,0.5,1500.0,750.0,2024-01-01 00:00:00
P2158,WH04,8,0.1,0.5,1500.0,750.0,2024-01-01 00:00:00
P2158,WH04,9,0.1,0.5,1500.0,750.0,2024-01-01 00:00:00
P2158,WH04,10,0.1,0.5,1500.0,750.0,2024-01-01 00:00:00
P2158,WH05,1,0.1,0.5,1500.0,750.0,2024-01-01 00:00:00
P2158,WH05,2,0.1,0.5,1500.0,750.0,2024-01-01 00:00:00
P2158,WH05,3,0.1,0.5,1500.0,750.0,2024-01-01 00:00:00
P2158,WH05,4,0.1,0.5,1500.0,750.0,2024-01-01 00:00:00
P2158,WH05,5,0.1,0.5,1500.0,750.0,2024-01-01 00:00:00
P2158,WH05,6,0.1,0.5,1500.0,750.0,2024-01-01 00:00:00
P2158,WH05,7,0.1,0.5,1500.0,750.0,2024-01-01 00:00:00
P2158,WH05,8,0.1,0.5,1500.0,750.0,2024-01-01 00:00:00
P2158,WH05,9,0.1,0.5,1500.0,750.0,2024-01-01 00:00:00
P2158,WH05,10,0.1,0.5,1500.0,750.0,2024-01-01 00:00:00
P2158,WH06,1,0.1,0.5,1500.0,750.0,2024-01-01 00:00:00
P2158,WH06,2,0.1,0.5,1500.0,750.0,2024-01-01 00:00:00
P2158,WH06,3,0.1,0.5,1500.0,750.0,2024-01-01 00:00:00
P2158,WH06,4,0.1,0.5,1500.0,750.0,2024-01-01 00:00:00
P2158,WH06,5,0.1,0.5,1500.0,750.0,2024-01-01 00:00:00
P2158,WH06,6,0.1,0.5,1500.0,750.0,2024-01-01 00:00:00
P2158,WH06,7,0.1,0.5,1500.0,750.0,2024-01-01 00:00:00
P2158,WH06,8,0.1,0.5,1500.0,750.0,2024-01-01 00:00:00
P2158,WH06,9,0.1,0.5,1500.0,750.0,2024-01-01 00:00:00
P2158,WH06,10,0.1,0.5,1500.0,750.0,2024-01-01 00:00:00
P2189,WH01,1,0.1,0.5,1500.0,500.0,2024-01-01 00:00:00
P2189,WH01,2,0.1,0.5,1500.0,500.0,2024-01-01 00:00:00
P2189,WH01,3,0.1,0.5,1500.0,500.0,2024-01-01 00:00:00
P2189,WH01,4,0.1,0.5,1500.0,500.0,2024-01-01 00:00:00
P2189,WH01,5,0.1,0.5,1500.0,500.0,2024-01-01 00:00:00
P2189,WH01,6,0.1,0.5,1500.0,500.0,2024-01-01 00:00:00
P2189,WH01,7,0.1,0.5,1500.0,500.0,2024-01-01 00:00:00
P2189,WH01,8,0.1,0.5,1500.0,500.0,2024-01-01 00:00:00
P2189,WH01,9,0.1,0.5,1500.0,500.0,2024-01-01 00:00:00
P2189,WH01,10,0.1,0.5,1500.0,500.0,2024-01-01 00:00:00
P2189,WH03,1,0.1,0.5,1500.0,500.0,2024-01-01 00:00:00
P2189,WH03,2,0.1,0.5,1500.0,500.0,2024-01-01 00:00:00
P2189,WH03,3,0.1,0.5,1500.0,500.0,2024-01-01 00:00:00
P2189,WH03,4,0.1,0.5,1500.0,500.0,2024-01-01 00:00:00
P2189,WH03,5,0.1,0.5,1500.0,500.0,2024-01-01 00:00:00
P2189,WH03,6,0.1,0.5,1500.0,500.0,2024-01-01 00:00:00
P2189,WH03,7,0.1,0.5,1500.0,500.0,2024-01-01 00:00:00
P2189,WH03,8,0.1,0.5,1500.0,500.0,2024-01-01 00:00:00
P2189,WH03,9,0.1,0.5,1500.0,500.0,2024-01-01 00:00:00
P2189,WH03,10,0.1,0.5,1500.0,500.0,2024-01-01 00:00:00
P2189,WH04,1,0.1,0.5,1500.0,500.0,2024-01-01 00:00:00
P2189,WH04,2,0.1,0.5,1500.0,500.0,2024-01-01 00:00:00
P2189,WH04,3,0.1,0.5,1500.0,500.0,2024-01-01 00:00:00
P2189,WH04,4,0.1,0.5,1500.0,500.0,2024-01-01 00:00:00
P2189,WH04,5,0.1,0.5,1500.0,500.0,2024-01-01 00:00:00
P2189,WH04,6,0.1,0.5,1500.0,500.0,2024-01-01 00:00:00
P2189,WH04,7,0.1,0.5,1500.0,500.0,2024-01-01 00:00:00
P2189,WH04,8,0.1,0.5,1500.0,500.0,2024-01-01 00:00:00
P2189,WH04,9,0.1,0.5,1500.0,500.0,2024-01-01 00:00:00
P2189,WH04,10,0.1,0.5,1500.0,500.0,2024-01-01 00:00:00
P2189,WH05,1,0.1,0.5,1500.0,500.0,2024-01-01 00:00:00
P2189,WH05,2,0.1,0.5,1500.0,500.0,2024-01-01 00:00:00
P2189,WH05,3,0.1,0.5,1500.0,500.0,2024-01-01 00:00:00
P2189,WH05,4,0.1,0.5,1500.0,500.0,2024-01-01 00:00:00
P2189,WH05,5,0.1,0.5,1500.0,500.0,2024-01-01 00:00:00
P2189,WH05,6,0.1,0.5,1500.0,500.0,2024-01-01 00:00:00
P2189,WH05,7,0.1,0.5,1500.0,500.0,2024-01-01 00:00:00
P2189,WH05,8,0.1,0.5,1500.0,500.0,2024-01-01 00:00:00
P2189,WH05,9,0.1,0.5,1500.0,500.0,2024-01-01 00:00:00
P2189,WH05,10,0.1,0.5,1500.0,500.0,2024-01-01 00:00:00
P2189,WH06,1,0.1,0.5,1500.0,500.0,2024-01-01 00:00:00
P2189,WH06,2,0.1,0.5,1500.0,500.0,2024-01-01 00:00:00
P2189,WH06,3,0.1,0.5,1500.0,500.0,2024-01-01 00:00:00
P2189,WH06,4,0.1,0.5,1500.0,500.0,2024-01-01 00:00:00
P2189,WH06,5,0.1,0.5,1500.0,500.0,2024-01-01 00:00:00
P2189,WH06,6,0.1,0.5,1500.0,500.0,2024-01-01 00:00:00
P2189,WH06,7,0.1,0.5,1500.0,500.0,2024-01-01 00:00:00
P2189,WH06,8,0.1,0.5,1500.0,500.0,2024-01-01 00:00:00
P2189,WH06,9,0.1,0.5,1500.0,500.0,2024-01-01 00:00:00
P2189,WH06,10,0.1,0.5,1500.0,500.0,2024-01-01 00:00:00
P2194,WH01,1,0.1,0.5,1500.0,500.0,2024-01-01 00:00:00
P2194,WH01,2,0.1,0.5,1500.0,500.0,2024-01-01 00:00:00
P2194,WH01,3,0.1,0.5,1500.0,500.0,2024-01-01 00:00:00
P2194,WH01,4,0.1,0.5,1500.0,500.0,2024-01-01 00:00:00
P2194,WH01,5,0.1,0.5,1500.0,500.0,2024-01-01 00:00:00
P2194,WH01,6,0.1,0.5,1500.0,500.0,2024-01-01 00:00:00
P2194,WH01,7,0.1,0.5,1500.0,500.0,2024-01-01 00:00:00
P2194,WH01,8,0.1,0.5,1500.0,500.0,2024-01-01 00:00:00
P2194,WH01,9,0.1,0.5,1500.0,500.0,2024-01-01 00:00:00
P2194,WH01,10,0.1,0.5,1500.0,500.0,2024-01-01 00:00:00
P2194,WH03,1,0.1,0.5,1500.0,500.0,2024-01-01 00:00:00
P2194,WH03,2,0.1,0.5,1500.0,500.0,2024-01-01 00:00:00
P2194,WH03,3,0.1,0.5,1500.0,500.0,2024-01-01 00:00:00
P2194,WH03,4,0.1,0.5,1500.0,500.0,2024-01-01 00:00:00
P2194,WH03,5,0.1,0.5,1500.0,500.0,2024-01-01 00:00:00
P2194,WH03,6,0.1,0.5,1500.0,500.0,2024-01-01 00:00:00
P2194,WH03,7,0.1,0.5,1500.0,500.0,2024-01-01 00:00:00
P2194,WH03,8,0.1,0.5,1500.0,500.0,2024-01-01 00:00:00
P2194,WH03,9,0.1,0.5,1500.0,500.0,2024-01-01 00:00:00
P2194,WH03,10,0.1,0.5,1500.0,500.0,2024-01-01 00:00:00
P2194,WH04,1,0.1,0.5,1500.0,500.0,2024-01-01 00:00:00
P2194,WH04,2,0.1,0.5,1500.0,500.0,2024-01-01 00:00:00
P2194,WH04,3,0.1,0.5,1500.0,500.0,2024-01-01 00:00:00
P2194,WH04,4,0.1,0.5,1500.0,500.0,2024-01-01 00:00:00
P2194,WH04,5,0.1,0.5,1500.0,500.0,2024-01-01 00:00:00
P2194,WH04,6,0.1,0.5,1500.0,500.0,2024-01-01 00:00:00
P2194,WH04,7,0.1,0.5,1500.0,500.0,2024-01-01 00:00:00
P2194,WH04,8,0.1,0.5,1500.0,500.0,2024-01-01 00:00:00
P2194,WH04,9,0.1,0.5,1500.0,500.0,2024-01-01 00:00:00
P2194,WH04,10,0.1,0.5,1500.0,500.0,2024-01-01 00:00:00
P2194,WH05,1,0.1,0.5,1500.0,500.0,2024-01-01 00:00:00
P2194,WH05,2,0.1,0.5,1500.0,500.0,2024-01-01 00:00:00
P2194,WH05,3,0.1,0.5,1500.0,500.0,2024-01-01 00:00:00
P2194,WH05,4,0.1,0.5,1500.0,500.0,2024-01-01 00:00:00
P2194,WH05,5,0.1,0.5,1500.0,500.0,2024-01-01 00:00:00
P2194,WH05,6,0.1,0.5,1500.0,500.0,2024-01-01 00:00:00
P2194,WH05,7,0.1,0.5,1500.0,500.0,2024-01-01 00:00:00
P2194,WH05,8,0.1,0.5,1500.0,500.0,2024-01-01 00:00:00
P2194,WH05,9,0.1,0.5,1500.0,500.0,2024-01-01 00:00:00
P2194,WH05,10,0.1,0.5,1500.0,500.0,2024-01-01 00:00:00
P2194,WH06,1,0.1,0.5,1500.0,500.0,2024-01-01 00:00:00
P2194,WH06,2,0.1,0.5,1500.0,500.0,2024-01-01 00:00:00
P2194,WH06,3,0.1,0.5,1500.0,500.0,2024-01-01 00:00:00
P2194,WH06,4,0.1,0.5,1500.0,500.0,2024-01-01 00:00:00
P2194,WH06,5,0.1,0.5,1500.0,500.0,2024-01-01 00:00:00
P2194,WH06,6,0.1,0.5,1500.0,500.0,2024-01-01 00:00:00
P2194,WH06,7,0.1,0.5,1500.0,500.0,2024-01-01 00:00:00
P2194,WH06,8,0.1,0.5,1500.0,500.0,2024-01-01 00:00:00
P2194,WH06,9,0.1,0.5,1500.0,500.0,2024-01-01 00:00:00
P2194,WH06,10,0.1,0.5,1500.0,500.0,2024-01-01 00:00:00
P2195,WH01,1,0.1,0.5,1500.0,500.0,2024-01-01 00:00:00
P2195,WH01,2,0.1,0.5,1500.0,500.0,2024-01-01 00:00:00
P2195,WH01,3,0.1,0.5,1500.0,500.0,2024-01-01 00:00:00
P2195,WH01,4,0.1,0.5,1500.0,500.0,2024-01-01 00:00:00
P2195,WH01,5,0.1,0.5,1500.0,500.0,2024-01-01 00:00:00
P2195,WH01,6,0.1,0.5,1500.0,500.0,2024-01-01 00:00:00
P2195,WH01,7,0.1,0.5,1500.0,500.0,2024-01-01 00:00:00
P2195,WH01,8,0.1,0.5,1500.0,500.0,2024-01-01 00:00:00
P2195,WH01,9,0.1,0.5,1500.0,500.0,2024-01-01 00:00:00
P2195,WH01,10,0.1,0.5,1500.0,500.0,2024-01-01 00:00:00
P2195,WH03,1,0.1,0.5,1500.0,500.0,2024-01-01 00:00:00
P2195,WH03,2,0.1,0.5,1500.0,500.0,2024-01-01 00:00:00
P2195,WH03,3,0.1,0.5,1500.0,500.0,2024-01-01 00:00:00
P2195,WH03,4,0.1,0.5,1500.0,500.0,2024-01-01 00:00:00
P2195,WH03,5,0.1,0.5,1500.0,500.0,2024-01-01 00:00:00
P2195,WH03,6,0.1,0.5,1500.0,500.0,2024-01-01 00:00:00
P2195,WH03,7,0.1,0.5,1500.0,500.0,2024-01-01 00:00:00
P2195,WH03,8,0.1,0.5,1500.0,500.0,2024-01-01 00:00:00
P2195,WH03,9,0.1,0.5,1500.0,500.0,2024-01-01 00:00:00
P2195,WH03,10,0.1,0.5,1500.0,500.0,2024-01-01 00:00:00
P2195,WH04,1,0.1,0.5,1500.0,500.0,2024-01-01 00:00:00
P2195,WH04,2,0.1,0.5,1500.0,500.0,2024-01-01 00:00:00
P2195,WH04,3,0.1,0.5,1500.0,500.0,2024-01-01 00:00:00
P2195,WH04,4,0.1,0.5,1500.0,500.0,2024-01-01 00:00:00
P2195,WH04,5,0.1,0.5,1500.0,500.0,2024-01-01 00:00:00
P2195,WH04,6,0.1,0.5,1500.0,500.0,2024-01-01 00:00:00
P2195,WH04,7,0.1,0.5,1500.0,500.0,2024-01-01 00:00:00
P2195,WH04,8,0.1,0.5,1500.0,500.0,2024-01-01 00:00:00
P2195,WH04,9,0.1,0.5,1500.0,500.0,2024-01-01 00:00:00
P2195,WH04,10,0.1,0.5,1500.0,500.0,2024-01-01 00:00:00
P2195,WH05,1,0.1,0.5,1500.0,500.0,2024-01-01 00:00:00
P2195,WH05,2,0.1,0.5,1500.0,500.0,2024-01-01 00:00:00
P2195,WH05,3,0.1,0.5,1500.0,500.0,2024-01-01 00:00:00
P2195,WH05,4,0.1,0.5,1500.0,500.0,2024-01-01 00:00:00
P2195,WH05,5,0.1,0.5,1500.0,500.0,2024-01-01 00:00:00
P2195,WH05,6,0.1,0.5,1500.0,500.0,2024-01-01 00:00:00
P2195,WH05,7,0.1,0.5,1500.0,500.0,2024-01-01 00:00:00
P2195,WH05,8,0.1,0.5,1500.0,500.0,2024-01-01 00:00:00
P2195,WH05,9,0.1,0.5,1500.0,500.0,2024-01-01 00:00:00
P2195,WH05,10,0.1,0.5,1500.0,500.0,2024-01-01 00:00:00
P2195,WH06,1,0.1,0.5,1500.0,500.0,2024-01-01 00:00:00
P2195,WH06,2,0.1,0.5,1500.0,500.0,2024-01-01 00:00:00
P2195,WH06,3,0.1,0.5,1500.0,500.0,2024-01-01 00:00:00
P2195,WH06,4,0.1,0.5,1500.0,500.0,2024-01-01 00:00:00
P2195,WH06,5,0.1,0.5,1500.0,500.0,2024-01-01 00:00:00
P2195,WH06,6,0.1,0.5,1500.0,500.0,2024-01-01 00:00:00
P2195,WH06,7,0.1,0.5,1500.0,500.0,2024-01-01 00:00:00
P2195,WH06,8,0.1,0.5,1500.0,500.0,2024-01-01 00:00:00
P2195,WH06,9,0.1,0.5,1500.0,500.0,2024-01-01 00:00:00
P2195,WH06,10,0.1,0.5,1500.0,500.0,2024-01-01 00:00:00
P2232,WH01,1,0.1,0.5,1500.0,500.0,2024-01-01 00:00:00
P2232,WH01,2,0.1,0.5,1500.0,500.0,2024-01-01 00:00:00
P2232,WH01,3,0.1,0.5,1500.0,500.0,2024-01-01 00:00:00
P2232,WH01,4,0.1,0.5,1500.0,500.0,2024-01-01 00:00:00
P2232,WH01,5,0.1,0.5,1500.0,500.0,2024-01-01 00:00:00
P2232,WH01,6,0.1,0.5,1500.0,500.0,2024-01-01 00:00:00
P2232,WH01,7,0.1,0.5,1500.0,500.0,2024-01-01 00:00:00
P2232,WH01,8,0.1,0.5,1500.0,500.0,2024-01-01 00:00:00
P2232,WH01,9,0.1,0.5,1500.0,500.0,2024-01-01 00:00:00
P2232,WH01,10,0.1,0.5,1500.0,500.0,2024-01-01 00:00:00
P2232,WH03,1,0.1,0.5,1500.0,500.0,2024-01-01 00:00:00
P2232,WH03,2,0.1,0.5,1500.0,500.0,2024-01-01 00:00:00
P2232,WH03,3,0.1,0.5,1500.0,500.0,2024-01-01 00:00:00
P2232,WH03,4,0.1,0.5,1500.0,500.0,2024-01-01 00:00:00
P2232,WH03,5,0.1,0.5,1500.0,500.0,2024-01-01 00:00:00
P2232,WH03,6,0.1,0.5,1500.0,500.0,2024-01-01 00:00:00
P2232,WH03,7,0.1,0.5,1500.0,500.0,2024-01-01 00:00:00
P2232,WH03,8,0.1,0.5,1500.0,500.0,2024-01-01 00:00:00
P2232,WH03,9,0.1,0.5,1500.0,500.0,2024-01-01 00:00:00
P2232,WH03,10,0.1,0.5,1500.0,500.0,2024-01-01 00:00:00
P2232,WH04,1,0.1,0.5,1500.0,500.0,2024-01-01 00:00:00
P2232,WH04,2,0.1,0.5,1500.0,500.0,2024-01-01 00:00:00
P2232,WH04,3,0.1,0.5,1500.0,500.0,2024-01-01 00:00:00
P2232,WH04,4,0.1,0.5,1500.0,500.0,2024-01-01 00:00:00
P2232,WH04,5,0.1,0.5,1500.0,500.0,2024-01-01 00:00:00
P2232,WH04,6,0.1,0.5,1500.0,500.0,2024-01-01 00:00:00
P2232,WH04,7,0.1,0.5,1500.0,500.0,2024-01-01 00:00:00
P2232,WH04,8,0.1,0.5,1500.0,500.0,2024-01-01 00:00:00
P2232,WH04,9,0.1,0.5,1500.0,500.0,2024-01-01 00:00:00
P2232,WH04,10,0.1,0.5,1500.0,500.0,2024-01-01 00:00:00
P2232,WH05,1,0.1,0.5,1500.0,500.0,2024-01-01 00:00:00
P2232,WH05,2,0.1,0.5,1500.0,500.0,2024-01-01 00:00:00
P2232,WH05,3,0.1,0.5,1500.0,500.0,2024-01-01 00:00:00
P2232,WH05,4,0.1,0.5,1500.0,500.0,2024-01-01 00:00:00
P2232,WH05,5,0.1,0.5,1500.0,500.0,2024-01-01 00:00:00
P2232,WH05,6,0.1,0.5,1500.0,500.0,2024-01-01 00:00:00
P2232,WH05,7,0.1,0.5,1500.0,500.0,2024-01-01 00:00:00
P2232,WH05,8,0.1,0.5,1500.0,500.0,2024-01-01 00:00:00
P2232,WH05,9,0.1,0.5,1500.0,500.0,2024-01-01 00:00:00
P2232,WH05,10,0.1,0.5,1500.0,500.0,2024-01-01 00:00:00
P2232,WH06,1,0.1,0.5,1500.0,500.0,2024-01-01 00:00:00
P2232,WH06,2,0.1,0.5,1500.0,500.0,2024-01-01 00:00:00
P2232,WH06,3,0.1,0.5,1500.0,500.0,2024-01-01 00:00:00
P2232,WH06,4,0.1,0.5,1500.0,500.0,2024-01-01 00:00:00
P2232,WH06,5,0.1,0.5,1500.0,500.0,2024-01-01 00:00:00
P2232,WH06,6,0.1,0.5,1500.0,500.0,2024-01-01 00:00:00
P2232,WH06,7,0.1,0.5,1500.0,500.0,2024-01-01 00:00:00
P2232,WH06,8,0.1,0.5,1500.0,500.0,2024-01-01 00:00:00
P2232,WH06,9,0.1,0.5,1500.0,500.0,2024-01-01 00:00:00
P2232,WH06,10,0.1,0.5,1500.0,500.0,2024-01-01 00:00:00
P2237,WH01,1,0.1,0.5,1500.0,500.0,2024-01-01 00:00:00
P2237,WH01,2,0.1,0.5,1500.0,500.0,2024-01-01 00:00:00
P2237,WH01,3,0.1,0.5,1500.0,500.0,2024-01-01 00:00:00
P2237,WH01,4,0.1,0.5,1500.0,500.0,2024-01-01 00:00:00
P2237,WH01,5,0.1,0.5,1500.0,500.0,2024-01-01 00:00:00
P2237,WH01,6,0.1,0.5,1500.0,500.0,2024-01-01 00:00:00
P2237,WH01,7,0.1,0.5,1500.0,500.0,2024-01-01 00:00:00
P2237,WH01,8,0.1,0.5,1500.0,500.0,2024-01-01 00:00:00
P2237,WH01,9,0.1,0.5,1500.0,500.0,2024-01-01 00:00:00
P2237,WH01,10,0.1,0.5,1500.0,500.0,2024-01-01 00:00:00
P2237,WH03,1,0.1,0.5,1500.0,500.0,2024-01-01 00:00:00
P2237,WH03,2,0.1,0.5,1500.0,500.0,2024-01-01 00:00:00
P2237,WH03,3,0.1,0.5,1500.0,500.0,2024-01-01 00:00:00
P2237,WH03,4,0.1,0.5,1500.0,500.0,2024-01-01 00:00:00
P2237,WH03,5,0.1,0.5,1500.0,500.0,2024-01-01 00:00:00
P2237,WH03,6,0.1,0.5,1500.0,500.0,2024-01-01 00:00:00
P2237,WH03,7,0.1,0.5,1500.0,500.0,2024-01-01 00:00:00
P2237,WH03,8,0.1,0.5,1500.0,500.0,2024-01-01 00:00:00
P2237,WH03,9,0.1,0.5,1500.0,500.0,2024-01-01 00:00:00
P2237,WH03,10,0.1,0.5,1500.0,500.0,2024-01-01 00:00:00
P2237,WH04,1,0.1,0.5,1500.0,500.0,2024-01-01 00:00:00
P2237,WH04,2,0.1,0.5,1500.0,500.0,2024-01-01 00:00:00
P2237,WH04,3,0.1,0.5,1500.0,500.0,2024-01-01 00:00:00
P2237,WH04,4,0.1,0.5,1500.0,500.0,2024-01-01 00:00:00
P2237,WH04,5,0.1,0.5,1500.0,500.0,2024-01-01 00:00:00
P2237,WH04,6,0.1,0.5,1500.0,500.0,2024-01-01 00:00:00
P2237,WH04,7,0.1,0.5,1500.0,500.0,2024-01-01 00:00:00
P2237,WH04,8,0.1,0.5,1500.0,500.0,2024-01-01 00:00:00
P2237,WH04,9,0.1,0.5,1500.0,500.0,2024-01-01 00:00:00
P2237,WH04,10,0.1,0.5,1500.0,500.0,2024-01-01 00:00:00
P2237,WH05,1,0.1,0.5,1500.0,500.0,2024-01-01 00:00:00
P2237,WH05,2,0.1,0.5,1500.0,500.0,2024-01-01 00:00:00
P2237,WH05,3,0.1,0.5,1500.0,500.0,2024-01-01 00:00:00
P2237,WH05,4,0.1,0.5,1500.0,500.0,2024-01-01 00:00:00
P2237,WH05,5,0.1,0.5,1500.0,500.0,2024-01-01 00:00:00
P2237,WH05,6,0.1,0.5,1500.0,500.0,2024-01-01 00:00:00
P2237,WH05,7,0.1,0.5,1500.0,500.0,2024-01-01 00:00:00
P2237,WH05,8,0.1,0.5,1500.0,500.0,2024-01-01 00:00:00
P2237,WH05,9,0.1,0.5,1500.0,500.0,2024-01-01 00:00:00
P2237,WH05,10,0.1,0.5,1500.0,500.0,2024-01-01 00:00:00
P2237,WH06,1,0.1,0.5,1500.0,500.0,2024-01-01 00:00:00
P2237,WH06,2,0.1,0.5,1500.0,500.0,2024-01-01 00:00:00
P2237,WH06,3,0.1,0.5,1500.0,500.0,2024-01-01 00:00:00
P2237,WH06,4,0.1,0.5,1500.0,500.0,2024-01-01 00:00:00
P2237,WH06,5,0.1,0.5,1500.0,500.0,2024-01-01 00:00:00
P2237,WH06,6,0.1,0.5,1500.0,500.0,2024-01-01 00:00:00
P2237,WH06,7,0.1,0.5,1500.0,500.0,2024-01-01 00:00:00
P2237,WH06,8,0.1,0.5,1500.0,500.0,2024-01-01 00:00:00
P2237,WH06,9,0.1,0.5,1500.0,500.0,2024-01-01 00:00:00
P2237,WH06,10,0.1,0.5,1500.0,500.0,2024-01-01 00:00:00
P0119,WH01,1,0.1,0.5,1500.0,500.0,2024-01-01 00:00:00
P0119,WH01,2,0.1,0.5,1500.0,500.0,2024-01-01 00:00:00
P0119,WH01,3,0.1,0.5,1500.0,500.0,2024-01-01 00:00:00
P0119,WH01,4,0.1,0.5,1500.0,500.0,2024-01-01 00:00:00
P0119,WH01,5,0.1,0.5,1500.0,500.0,2024-01-01 00:00:00
P0119,WH01,6,0.1,0.5,1500.0,500.0,2024-01-01 00:00:00
P0119,WH01,7,0.1,0.5,1500.0,500.0,2024-01-01 00:00:00
P0119,WH01,8,0.1,0.5,1500.0,500.0,2024-01-01 00:00:00
P0119,WH01,9,0.1,0.5,1500.0,500.0,2024-01-01 00:00:00
P0119,WH01,10,0.1,0.5,1500.0,500.0,2024-01-01 00:00:00
P0119,WH03,1,0.1,0.5,1500.0,500.0,2024-01-01 00:00:00
P0119,WH03,2,0.1,0.5,1500.0,500.0,2024-01-01 00:00:00
P0119,WH03,3,0.1,0.5,1500.0,500.0,2024-01-01 00:00:00
P0119,WH03,4,0.1,0.5,1500.0,500.0,2024-01-01 00:00:00
P0119,WH03,5,0.1,0.5,1500.0,500.0,2024-01-01 00:00:00
P0119,WH03,6,0.1,0.5,1500.0,500.0,2024-01-01 00:00:00
P0119,WH03,7,0.1,0.5,1500.0,500.0,2024-01-01 00:00:00
P0119,WH03,8,0.1,0.5,1500.0,500.0,2024-01-01 00:00:00
P0119,WH03,9,0.1,0.5,1500.0,500.0,2024-01-01 00:00:00
P0119,WH03,10,0.1,0.5,1500.0,500.0,2024-01-01 00:00:00
P0119,WH04,1,0.1,0.5,1500.0,500.0,2024-01-01 00:00:00
P0119,WH04,2,0.1,0.5,1500.0,500.0,2024-01-01 00:00:00
P0119,WH04,3,0.1,0.5,1500.0,500.0,2024-01-01 00:00:00
P0119,WH04,4,0.1,0.5,1500.0,500.0,2024-01-01 00:00:00
P0119,WH04,5,0.1,0.5,1500.0,500.0,2024-01-01 00:00:00
P0119,WH04,6,0.1,0.5,1500.0,500.0,2024-01-01 00:00:00
P0119,WH04,7,0.1,0.5,1500.0,500.0,2024-01-01 00:00:00
P0119,WH04,8,0.1,0.5,1500.0,500.0,2024-01-01 00:00:00
P0119,WH04,9,0.1,0.5,1500.0,500.0,2024-01-01 00:00:00
P0119,WH04,10,0.1,0.5,1500.0,500.0,2024-01-01 00:00:00
P0119,WH05,1,0.1,0.5,1500.0,500.0,2024-01-01 00:00:00
P0119,WH05,2,0.1,0.5,1500.0,500.0,2024-01-01 00:00:00
P0119,WH05,3,0.1,0.5,1500.0,500.0,2024-01-01 00:00:00
P0119,WH05,4,0.1,0.5,1500.0,500.0,2024-01-01 00:00:00
P0119,WH05,5,0.1,0.5,1500.0,500.0,2024-01-01 00:00:00
P0119,WH05,6,0.1,0.5,1500.0,500.0,2024-01-01 00:00:00
P0119,WH05,7,0.1,0.5,1500.0,500.0,2024-01-01 00:00:00
P0119,WH05,8,0.1,0.5,1500.0,500.0,2024-01-01 00:00:00
P0119,WH05,9,0.1,0.5,1500.0,500.0,2024-01-01 00:00:00
P0119,WH05,10,0.1,0.5,1500.0,500.0,2024-01-01 00:00:00
P0119,WH06,1,0.1,0.5,1500.0,500.0,2024-01-01 00:00:00
P0119,WH06,2,0.1,0.5,1500.0,500.0,2024-01-01 00:00:00
P0119,WH06,3,0.1,0.5,1500.0,500.0,2024-01-01 00:00:00
P0119,WH06,4,0.1,0.5,1500.0,500.0,2024-01-01 00:00:00
P0119,WH06,5,0.1,0.5,1500.0,500.0,2024-01-01 00:00:00
P0119,WH06,6,0.1,0.5,1500.0,500.0,2024-01-01 00:00:00
P0119,WH06,7,0.1,0.5,1500.0,500.0,2024-01-01 00:00:00
P0119,WH06,8,0.1,0.5,1500.0,500.0,2024-01-01 00:00:00
P0119,WH06,9,0.1,0.5,1500.0,500.0,2024-01-01 00:00:00
P0119,WH06,10,0.1,0.5,1500.0,500.0,2024-01-01 00:00:00
P0120,WH01,1,0.1,0.5,1500.0,500.0,2024-01-01 00:00:00
P0120,WH01,2,0.1,0.5,1500.0,500.0,2024-01-01 00:00:00
P0120,WH01,3,0.1,0.5,1500.0,500.0,2024-01-01 00:00:00
P0120,WH01,4,0.1,0.5,1500.0,500.0,2024-01-01 00:00:00
P0120,WH01,5,0.1,0.5,1500.0,500.0,2024-01-01 00:00:00
P0120,WH01,6,0.1,0.5,1500.0,500.0,2024-01-01 00:00:00
P0120,WH01,7,0.1,0.5,1500.0,500.0,2024-01-01 00:00:00
P0120,WH01,8,0.1,0.5,1500.0,500.0,2024-01-01 00:00:00
P0120,WH01,9,0.1,0.5,1500.0,500.0,2024-01-01 00:00:00
P0120,WH01,10,0.1,0.5,1500.0,500.0,2024-01-01 00:00:00
P0120,WH03,1,0.1,0.5,1500.0,500.0,2024-01-01 00:00:00
P0120,WH03,2,0.1,0.5,1500.0,500.0,2024-01-01 00:00:00
P0120,WH03,3,0.1,0.5,1500.0,500.0,2024-01-01 00:00:00
P0120,WH03,4,0.1,0.5,1500.0,500.0,2024-01-01 00:00:00
P0120,WH03,5,0.1,0.5,1500.0,500.0,2024-01-01 00:00:00
P0120,WH03,6,0.1,0.5,1500.0,500.0,2024-01-01 00:00:00
P0120,WH03,7,0.1,0.5,1500.0,500.0,2024-01-01 00:00:00
P0120,WH03,8,0.1,0.5,1500.0,500.0,2024-01-01 00:00:00
P0120,WH03,9,0.1,0.5,1500.0,500.0,2024-01-01 00:00:00
P0120,WH03,10,0.1,0.5,1500.0,500.0,2024-01-01 00:00:00
P0120,WH04,1,0.1,0.5,1500.0,500.0,2024-01-01 00:00:00
P0120,WH04,2,0.1,0.5,1500.0,500.0,2024-01-01 00:00:00
P0120,WH04,3,0.1,0.5,1500.0,500.0,2024-01-01 00:00:00
P0120,WH04,4,0.1,0.5,1500.0,500.0,2024-01-01 00:00:00
P0120,WH04,5,0.1,0.5,1500.0,500.0,2024-01-01 00:00:00
P0120,WH04,6,0.1,0.5,1500.0,500.0,2024-01-01 00:00:00
P0120,WH04,7,0.1,0.5,1500.0,500.0,2024-01-01 00:00:00
P0120,WH04,8,0.1,0.5,1500.0,500.0,2024-01-01 00:00:00
P0120,WH04,9,0.1,0.5,1500.0,500.0,2024-01-01 00:00:00
P0120,WH04,10,0.1,0.5,1500.0,500.0,2024-01-01 00:00:00
P0120,WH05,1,0.1,0.5,1500.0,500.0,2024-01-01 00:00:00
P0120,WH05,2,0.1,0.5,1500.0,500.0,2024-01-01 00:00:00
P0120,WH05,3,0.1,0.5,1500.0,500.0,2024-01-01 00:00:00
P0120,WH05,4,0.1,0.5,1500.0,500.0,2024-01-01 00:00:00
P0120,WH05,5,0.1,0.5,1500.0,500.0,2024-01-01 00:00:00
P0120,WH05,6,0.1,0.5,1500.0,500.0,2024-01-01 00:00:00
P0120,WH05,7,0.1,0.5,1500.0,500.0,2024-01-01 00:00:00
P0120,WH05,8,0.1,0.5,1500.0,500.0,2024-01-01 00:00:00
P0120,WH05,9,0.1,0.5,1500.0,500.0,2024-01-01 00:00:00
P0120,WH05,10,0.1,0.5,1500.0,500.0,2024-01-01 00:00:00
P0120,WH06,1,0.1,0.5,1500.0,500.0,2024-01-01 00:00:00
P0120,WH06,2,0.1,0.5,1500.0,500.0,2024-01-01 00:00:00
P0120,WH06,3,0.1,0.5,1500.0,500.0,2024-01-01 00:00:00
P0120,WH06,4,0.1,0.5,1500.0,500.0,2024-01-01 00:00:00
P0120,WH06,5,0.1,0.5,1500.0,500.0,2024-01-01 00:00:00
P0120,WH06,6,0.1,0.5,1500.0,500.0,2024-01-01 00:00:00
P0120,WH06,7,0.1,0.5,1500.0,500.0,2024-01-01 00:00:00
P0120,WH06,8,0.1,0.5,1500.0,500.0,2024-01-01 00:00:00
P0120,WH06,9,0.1,0.5,1500.0,500.0,2024-01-01 00:00:00
P0120,WH06,10,0.1,0.5,1500.0,500.0,2024-01-01 00:00:00
P0165,WH01,1,0.1,0.5,1500.0,500.0,2024-01-01 00:00:00
P0165,WH01,2,0.1,0.5,1500.0,500.0,2024-01-01 00:00:00
P0165,WH01,3,0.1,0.5,1500.0,500.0,2024-01-01 00:00:00
P0165,WH01,4,0.1,0.5,1500.0,500.0,2024-01-01 00:00:00
P0165,WH01,5,0.1,0.5,1500.0,500.0,2024-01-01 00:00:00
P0165,WH01,6,0.1,0.5,1500.0,500.0,2024-01-01 00:00:00
P0165,WH01,7,0.1,0.5,1500.0,500.0,2024-01-01 00:00:00
P0165,WH01,8,0.1,0.5,1500.0,500.0,2024-01-01 00:00:00
P0165,WH01,9,0.1,0.5,1500.0,500.0,2024-01-01 00:00:00
P0165,WH01,10,0.1,0.5,1500.0,500.0,2024-01-01 00:00:00
P0165,WH03,1,0.1,0.5,1500.0,500.0,2024-01-01 00:00:00
P0165,WH03,2,0.1,0.5,1500.0,500.0,2024-01-01 00:00:00
P0165,WH03,3,0.1,0.5,1500.0,500.0,2024-01-01 00:00:00
P0165,WH03,4,0.1,0.5,1500.0,500.0,2024-01-01 00:00:00
P0165,WH03,5,0.1,0.5,1500.0,500.0,2024-01-01 00:00:00
P0165,WH03,6,0.1,0.5,1500.0,500.0,2024-01-01 00:00:00
P0165,WH03,7,0.1,0.5,1500.0,500.0,2024-01-01 00:00:00
P0165,WH03,8,0.1,0.5,1500.0,500.0,2024-01-01 00:00:00
P0165,WH03,9,0.1,0.5,1500.0,500.0,2024-01-01 00:00:00
P0165,WH03,10,0.1,0.5,1500.0,500.0,2024-01-01 00:00:00
P0165,WH04,1,0.1,0.5,1500.0,500.0,2024-01-01 00:00:00
P0165,WH04,2,0.1,0.5,1500.0,500.0,2024-01-01 00:00:00
P0165,WH04,3,0.1,0.5,1500.0,500.0,2024-01-01 00:00:00
P0165,WH04,4,0.1,0.5,1500.0,500.0,2024-01-01 00:00:00
P0165,WH04,5,0.1,0.5,1500.0,500.0,2024-01-01 00:00:00
P0165,WH04,6,0.1,0.5,1500.0,500.0,2024-01-01 00:00:00
P0165,WH04,7,0.1,0.5,1500.0,500.0,2024-01-01 00:00:00
P0165,WH04,8,0.1,0.5,1500.0,500.0,2024-01-01 00:00:00
P0165,WH04,9,0.1,0.5,1500.0,500.0,2024-01-01 00:00:00
P0165,WH04,10,0.1,0.5,1500.0,500.0,2024-01-01 00:00:00
P0165,WH05,1,0.1,0.5,1500.0,500.0,2024-01-01 00:00:00
P0165,WH05,2,0.1,0.5,1500.0,500.0,2024-01-01 00:00:00
P0165,WH05,3,0.1,0.5,1500.0,500.0,2024-01-01 00:00:00
P0165,WH05,4,0.1,0.5,1500.0,500.0,2024-01-01 00:00:00
P0165,WH05,5,0.1,0.5,1500.0,500.0,2024-01-01 00:00:00
P0165,WH05,6,0.1,0.5,1500.0,500.0,2024-01-01 00:00:00
P0165,WH05,7,0.1,0.5,1500.0,500.0,2024-01-01 00:00:00
P0165,WH05,8,0.1,0.5,1500.0,500.0,2024-01-01 00:00:00
P0165,WH05,9,0.1,0.5,1500.0,500.0,2024-01-01 00:00:00
P0165,WH05,10,0.1,0.5,1500.0,500.0,2024-01-01 00:00:00
P0165,WH06,1,0.1,0.5,1500.0,500.0,2024-01-01 00:00:00
P0165,WH06,2,0.1,0.5,1500.0,500.0,2024-01-01 00:00:00
P0165,WH06,3,0.1,0.5,1500.0,500.0,2024-01-01 00:00:00
P0165,WH06,4,0.1,0.5,1500.0,500.0,2024-01-01 00:00:00
P0165,WH06,5,0.1,0.5,1500.0,500.0,2024-01-01 00:00:00
P0165,WH06,6,0.1,0.5,1500.0,500.0,2024-01-01 00:00:00
P0165,WH06,7,0.1,0.5,1500.0,500.0,2024-01-01 00:00:00
P0165,WH06,8,0.1,0.5,1500.0,500.0,2024-01-01 00:00:00
P0165,WH06,9,0.1,0.5,1500.0,500.0,2024-01-01 00:00:00
P0165,WH06,10,0.1,0.5,1500.0,500.0,2024-01-01 00:00:00
P0178,WH01,1,0.1,0.5,1500.0,500.0,2024-01-01 00:00:00
P0178,WH01,2,0.1,0.5,1500.0,500.0,2024-01-01 00:00:00
P0178,WH01,3,0.1,0.5,1500.0,500.0,2024-01-01 00:00:00
P0178,WH01,4,0.1,0.5,1500.0,500.0,2024-01-01 00:00:00
P0178,WH01,5,0.1,0.5,1500.0,500.0,2024-01-01 00:00:00
P0178,WH01,6,0.1,0.5,1500.0,500.0,2024-01-01 00:00:00
P0178,WH01,7,0.1,0.5,1500.0,500.0,2024-01-01 00:00:00
P0178,WH01,8,0.1,0.5,1500.0,500.0,2024-01-01 00:00:00
P0178,WH01,9,0.1,0.5,1500.0,500.0,2024-01-01 00:00:00
P0178,WH01,10,0.1,0.5,1500.0,500.0,2024-01-01 00:00:00
P0178,WH03,1,0.1,0.5,1500.0,500.0,2024-01-01 00:00:00
P0178,WH03,2,0.1,0.5,1500.0,500.0,2024-01-01 00:00:00
P0178,WH03,3,0.1,0.5,1500.0,500.0,2024-01-01 00:00:00
P0178,WH03,4,0.1,0.5,1500.0,500.0,2024-01-01 00:00:00
P0178,WH03,5,0.1,0.5,1500.0,500.0,2024-01-01 00:00:00
P0178,WH03,6,0.1,0.5,1500.0,500.0,2024-01-01 00:00:00
P0178,WH03,7,0.1,0.5,1500.0,500.0,2024-01-01 00:00:00
P0178,WH03,8,0.1,0.5,1500.0,500.0,2024-01-01 00:00:00
P0178,WH03,9,0.1,0.5,1500.0,500.0,2024-01-01 00:00:00
P0178,WH03,10,0.1,0.5,1500.0,500.0,2024-01-01 00:00:00
P0178,WH04,1,0.1,0.5,1500.0,500.0,2024-01-01 00:00:00
P0178,WH04,2,0.1,0.5,1500.0,500.0,2024-01-01 00:00:00
P0178,WH04,3,0.1,0.5,1500.0,500.0,2024-01-01 00:00:00
P0178,WH04,4,0.1,0.5,1500.0,500.0,2024-01-01 00:00:00
P0178,WH04,5,0.1,0.5,1500.0,500.0,2024-01-01 00:00:00
P0178,WH04,6,0.1,0.5,1500.0,500.0,2024-01-01 00:00:00
P0178,WH04,7,0.1,0.5,1500.0,500.0,2024-01-01 00:00:00
P0178,WH04,8,0.1,0.5,1500.0,500.0,2024-01-01 00:00:00
P0178,WH04,9,0.1,0.5,1500.0,500.0,2024-01-01 00:00:00
P0178,WH04,10,0.1,0.5,1500.0,500.0,2024-01-01 00:00:00
P0178,WH05,1,0.1,0.5,1500.0,500.0,2024-01-01 00:00:00
P0178,WH05,2,0.1,0.5,1500.0,500.0,2024-01-01 00:00:00
P0178,WH05,3,0.1,0.5,1500.0,500.0,2024-01-01 00:00:00
P0178,WH05,4,0.1,0.5,1500.0,500.0,2024-01-01 00:00:00
P0178,WH05,5,0.1,0.5,1500.0,500.0,2024-01-01 00:00:00
P0178,WH05,6,0.1,0.5,1500.0,500.0,2024-01-01 00:00:00
P0178,WH05,7,0.1,0.5,1500.0,500.0,2024-01-01 00:00:00
P0178,WH05,8,0.1,0.5,1500.0,500.0,2024-01-01 00:00:00
P0178,WH05,9,0.1,0.5,1500.0,500.0,2024-01-01 00:00:00
P0178,WH05,10,0.1,0.5,1500.0,500.0,2024-01-01 00:00:00
P0178,WH06,1,0.1,0.5,1500.0,500.0,2024-01-01 00:00:00
P0178,WH06,2,0.1,0.5,1500.0,500.0,2024-01-01 00:00:00
P0178,WH06,3,0.1,0.5,1500.0,500.0,2024-01-01 00:00:00
P0178,WH06,4,0.1,0.5,1500.0,500.0,2024-01-01 00:00:00
P0178,WH06,5,0.1,0.5,1500.0,500.0,2024-01-01 00:00:00
P0178,WH06,6,0.1,0.5,1500.0,500.0,2024-01-01 00:00:00
P0178,WH06,7,0.1,0.5,1500.0,500.0,2024-01-01 00:00:00
P0178,WH06,8,0.1,0.5,1500.0,500.0,2024-01-01 00:00:00
P0178,WH06,9,0.1,0.5,1500.0,500.0,2024-01-01 00:00:00
P0178,WH06,10,0.1,0.5,1500.0,500.0,2024-01-01 00:00:00
P0235,WH01,1,0.1,0.5,1500.0,500.0,2024-01-01 00:00:00
P0235,WH01,2,0.1,0.5,1500.0,500.0,2024-01-01 00:00:00
P0235,WH01,3,0.1,0.5,1500.0,500.0,2024-01-01 00:00:00
P0235,WH01,4,0.1,0.5,1500.0,500.0,2024-01-01 00:00:00
P0235,WH01,5,0.1,0.5,1500.0,500.0,2024-01-01 00:00:00
P0235,WH01,6,0.1,0.5,1500.0,500.0,2024-01-01 00:00:00
P0235,WH01,7,0.1,0.5,1500.0,500.0,2024-01-01 00:00:00
P0235,WH01,8,0.1,0.5,1500.0,500.0,2024-01-01 00:00:00
P0235,WH01,9,0.1,0.5,1500.0,500.0,2024-01-01 00:00:00
P0235,WH01,10,0.1,0.5,1500.0,500.0,2024-01-01 00:00:00
P0235,WH03,1,0.1,0.5,1500.0,500.0,2024-01-01 00:00:00
P0235,WH03,2,0.1,0.5,1500.0,500.0,2024-01-01 00:00:00
P0235,WH03,3,0.1,0.5,1500.0,500.0,2024-01-01 00:00:00
P0235,WH03,4,0.1,0.5,1500.0,500.0,2024-01-01 00:00:00
P0235,WH03,5,0.1,0.5,1500.0,500.0,2024-01-01 00:00:00
P0235,WH03,6,0.1,0.5,1500.0,500.0,2024-01-01 00:00:00
P0235,WH03,7,0.1,0.5,1500.0,500.0,2024-01-01 00:00:00
P0235,WH03,8,0.1,0.5,1500.0,500.0,2024-01-01 00:00:00
P0235,WH03,9,0.1,0.5,1500.0,500.0,2024-01-01 00:00:00
P0235,WH03,10,0.1,0.5,1500.0,500.0,2024-01-01 00:00:00
P0235,WH04,1,0.1,0.5,1500.0,500.0,2024-01-01 00:00:00
P0235,WH04,2,0.1,0.5,1500.0,500.0,2024-01-01 00:00:00
P0235,WH04,3,0.1,0.5,1500.0,500.0,2024-01-01 00:00:00
P0235,WH04,4,0.1,0.5,1500.0,500.0,2024-01-01 00:00:00
P0235,WH04,5,0.1,0.5,1500.0,500.0,2024-01-01 00:00:00
P0235,WH04,6,0.1,0.5,1500.0,500.0,2024-01-01 00:00:00
P0235,WH04,7,0.1,0.5,1500.0,500.0,2024-01-01 00:00:00
P0235,WH04,8,0.1,0.5,1500.0,500.0,2024-01-01 00:00:00
P0235,WH04,9,0.1,0.5,1500.0,500.0,2024-01-01 00:00:00
P0235,WH04,10,0.1,0.5,1500.0,500.0,2024-01-01 00:00:00
P0235,WH05,1,0.1,0.5,1500.0,500.0,2024-01-01 00:00:00
P0235,WH05,2,0.1,0.5,1500.0,500.0,2024-01-01 00:00:00
P0235,WH05,3,0.1,0.5,1500.0,500.0,2024-01-01 00:00:00
P0235,WH05,4,0.1,0.5,1500.0,500.0,2024-01-01 00:00:00
P0235,WH05,5,0.1,0.5,1500.0,500.0,2024-01-01 00:00:00
P0235,WH05,6,0.1,0.5,1500.0,500.0,2024-01-01 00:00:00
P0235,WH05,7,0.1,0.5,1500.0,500.0,2024-01-01 00:00:00
P0235,WH05,8,0.1,0.5,1500.0,500.0,2024-01-01 00:00:00
P0235,WH05,9,0.1,0.5,1500.0,500.0,2024-01-01 00:00:00
P0235,WH05,10,0.1,0.5,1500.0,500.0,2024-01-01 00:00:00
P0235,WH06,1,0.1,0.5,1500.0,500.0,2024-01-01 00:00:00
P0235,WH06,2,0.1,0.5,1500.0,500.0,2024-01-01 00:00:00
P0235,WH06,3,0.1,0.5,1500.0,500.0,2024-01-01 00:00:00
P0235,WH06,4,0.1,0.5,1500.0,500.0,2024-01-01 00:00:00
P0235,WH06,5,0.1,0.5,1500.0,500.0,2024-01-01 00:00:00
P0235,WH06,6,0.1,0.5,1500.0,500.0,2024-01-01 00:00:00
P0235,WH06,7,0.1,0.5,1500.0,500.0,2024-01-01 00:00:00
P0235,WH06,8,0.1,0.5,1500.0,500.0,2024-01-01 00:00:00
P0235,WH06,9,0.1,0.5,1500.0,500.0,2024-01-01 00:00:00
P0235,WH06,10,0.1,0.5,1500.0,500.0,2024-01-01 00:00:00
P0289,WH01,1,0.1,0.5,1500.0,500.0,2024-01-01 00:00:00
P0289,WH01,2,0.1,0.5,1500.0,500.0,2024-01-01 00:00:00
P0289,WH01,3,0.1,0.5,1500.0,500.0,2024-01-01 00:00:00
P0289,WH01,4,0.1,0.5,1500.0,500.0,2024-01-01 00:00:00
P0289,WH01,5,0.1,0.5,1500.0,500.0,2024-01-01 00:00:00
P0289,WH01,6,0.1,0.5,1500.0,500.0,2024-01-01 00:00:00
P0289,WH01,7,0.1,0.5,1500.0,500.0,2024-01-01 00:00:00
P0289,WH01,8,0.1,0.5,1500.0,500.0,2024-01-01 00:00:00
P0289,WH01,9,0.1,0.5,1500.0,500.0,2024-01-01 00:00:00
P0289,WH01,10,0.1,0.5,1500.0,500.0,2024-01-01 00:00:00
P0289,WH03,1,0.1,0.5,1500.0,500.0,2024-01-01 00:00:00
P0289,WH03,2,0.1,0.5,1500.0,500.0,2024-01-01 00:00:00
P0289,WH03,3,0.1,0.5,1500.0,500.0,2024-01-01 00:00:00
P0289,WH03,4,0.1,0.5,1500.0,500.0,2024-01-01 00:00:00
P0289,WH03,5,0.1,0.5,1500.0,500.0,2024-01-01 00:00:00
P0289,WH03,6,0.1,0.5,1500.0,500.0,2024-01-01 00:00:00
P0289,WH03,7,0.1,0.5,1500.0,500.0,2024-01-01 00:00:00
P0289,WH03,8,0.1,0.5,1500.0,500.0,2024-01-01 00:00:00
P0289,WH03,9,0.1,0.5,1500.0,500.0,2024-01-01 00:00:00
P0289,WH03,10,0.1,0.5,1500.0,500.0,2024-01-01 00:00:00
P0289,WH04,1,0.1,0.5,1500.0,500.0,2024-01-01 00:00:00
P0289,WH04,2,0.1,0.5,1500.0,500.0,2024-01-01 00:00:00
P0289,WH04,3,0.1,0.5,1500.0,500.0,2024-01-01 00:00:00
P0289,WH04,4,0.1,0.5,1500.0,500.0,2024-01-01 00:00:00
P0289,WH04,5,0.1,0.5,1500.0,500.0,2024-01-01 00:00:00
P0289,WH04,6,0.1,0.5,1500.0,500.0,2024-01-01 00:00:00
P0289,WH04,7,0.1,0.5,1500.0,500.0,2024-01-01 00:00:00
P0289,WH04,8,0.1,0.5,1500.0,500.0,2024-01-01 00:00:00
P0289,WH04,9,0.1,0.5,1500.0,500.0,2024-01-01 00:00:00
P0289,WH04,10,0.1,0.5,1500.0,500.0,2024-01-01 00:00:00
P0289,WH05,1,0.1,0.5,1500.0,500.0,2024-01-01 00:00:00
P0289,WH05,2,0.1,0.5,1500.0,500.0,2024-01-01 00:00:00
P0289,WH05,3,0.1,0.5,1500.0,500.0,2024-01-01 00:00:00
P0289,WH05,4,0.1,0.5,1500.0,500.0,2024-01-01 00:00:00
P0289,WH05,5,0.1,0.5,1500.0,500.0,2024-01-01 00:00:00
P0289,WH05,6,0.1,0.5,1500.0,500.0,2024-01-01 00:00:00
P0289,WH05,7,0.1,0.5,1500.0,500.0,2024-01-01 00:00:00
P0289,WH05,8,0.1,0.5,1500.0,500.0,2024-01-01 00:00:00
P0289,WH05,9,0.1,0.5,1500.0,500.0,2024-01-01 00:00:00
P0289,WH05,10,0.1,0.5,1500.0,500.0,2024-01-01 00:00:00
P0289,WH06,1,0.1,0.5,1500.0,500.0,2024-01-01 00:00:00
P0289,WH06,2,0.1,0.5,1500.0,500.0,2024-01-01 00:00:00
P0289,WH06,3,0.1,0.5,1500.0,500.0,2024-01-01 00:00:00
P0289,WH06,4,0.1,0.5,1500.0,500.0,2024-01-01 00:00:00
P0289,WH06,5,0.1,0.5,1500.0,500.0,2024-01-01 00:00:00
P0289,WH06,6,0.1,0.5,1500.0,500.0,2024-01-01 00:00:00
P0289,WH06,7,0.1,0.5,1500.0,500.0,2024-01-01 00:00:00
P0289,WH06,8,0.1,0.5,1500.0,500.0,2024-01-01 00:00:00
P0289,WH06,9,0.1,0.5,1500.0,500.0,2024-01-01 00:00:00
P0289,WH06,10,0.1,0.5,1500.0,500.0,2024-01-01 00:00:00
P0477,WH01,1,0.1,0.5,1500.0,500.0,2024-01-01 00:00:00
P0477,WH01,2,0.1,0.5,1500.0,500.0,2024-01-01 00:00:00
P0477,WH01,3,0.1,0.5,1500.0,500.0,2024-01-01 00:00:00
P0477,WH01,4,0.1,0.5,1500.0,500.0,2024-01-01 00:00:00
P0477,WH01,5,0.1,0.5,1500.0,500.0,2024-01-01 00:00:00
P0477,WH01,6,0.1,0.5,1500.0,500.0,2024-01-01 00:00:00
P0477,WH01,7,0.1,0.5,1500.0,500.0,2024-01-01 00:00:00
P0477,WH01,8,0.1,0.5,1500.0,500.0,2024-01-01 00:00:00
P0477,WH01,9,0.1,0.5,1500.0,500.0,2024-01-01 00:00:00
P0477,WH01,10,0.1,0.5,1500.0,500.0,2024-01-01 00:00:00
P0477,WH03,1,0.1,0.5,1500.0,500.0,2024-01-01 00:00:00
P0477,WH03,2,0.1,0.5,1500.0,500.0,2024-01-01 00:00:00
P0477,WH03,3,0.1,0.5,1500.0,500.0,2024-01-01 00:00:00
P0477,WH03,4,0.1,0.5,1500.0,500.0,2024-01-01 00:00:00
P0477,WH03,5,0.1,0.5,1500.0,500.0,2024-01-01 00:00:00
P0477,WH03,6,0.1,0.5,1500.0,500.0,2024-01-01 00:00:00
P0477,WH03,7,0.1,0.5,1500.0,500.0,2024-01-01 00:00:00
P0477,WH03,8,0.1,0.5,1500.0,500.0,2024-01-01 00:00:00
P0477,WH03,9,0.1,0.5,1500.0,500.0,2024-01-01 00:00:00
P0477,WH03,10,0.1,0.5,1500.0,500.0,2024-01-01 00:00:00
P0477,WH04,1,0.1,0.5,1500.0,500.0,2024-01-01 00:00:00
P0477,WH04,2,0.1,0.5,1500.0,500.0,2024-01-01 00:00:00
P0477,WH04,3,0.1,0.5,1500.0,500.0,2024-01-01 00:00:00
P0477,WH04,4,0.1,0.5,1500.0,500.0,2024-01-01 00:00:00
P0477,WH04,5,0.1,0.5,1500.0,500.0,2024-01-01 00:00:00
P0477,WH04,6,0.1,0.5,1500.0,500.0,2024-01-01 00:00:00
P0477,WH04,7,0.1,0.5,1500.0,500.0,2024-01-01 00:00:00
P0477,WH04,8,0.1,0.5,1500.0,500.0,2024-01-01 00:00:00
P0477,WH04,9,0.1,0.5,1500.0,500.0,2024-01-01 00:00:00
P0477,WH04,10,0.1,0.5,1500.0,500.0,2024-01-01 00:00:00
P0477,WH05,1,0.1,0.5,1500.0,500.0,2024-01-01 00:00:00
P0477,WH05,2,0.1,0.5,1500.0,500.0,2024-01-01 00:00:00
P0477,WH05,3,0.1,0.5,1500.0,500.0,2024-01-01 00:00:00
P0477,WH05,4,0.1,0.5,1500.0,500.0,2024-01-01 00:00:00
P0477,WH05,5,0.1,0.5,1500.0,500.0,2024-01-01 00:00:00
P0477,WH05,6,0.1,0.5,1500.0,500.0,2024-01-01 00:00:00
P0477,WH05,7,0.1,0.5,1500.0,500.0,2024-01-01 00:00:00
P0477,WH05,8,0.1,0.5,1500.0,500.0,2024-01-01 00:00:00
P0477,WH05,9,0.1,0.5,1500.0,500.0,2024-01-01 00:00:00
P0477,WH05,10,0.1,0.5,1500.0,500.0,2024-01-01 00:00:00
P0477,WH06,1,0.1,0.5,1500.0,500.0,2024-01-01 00:00:00
P0477,WH06,2,0.1,0.5,1500.0,500.0,2024-01-01 00:00:00
P0477,WH06,3,0.1,0.5,1500.0,500.0,2024-01-01 00:00:00
P0477,WH06,4,0.1,0.5,1500.0,500.0,2024-01-01 00:00:00
P0477,WH06,5,0.1,0.5,1500.0,500.0,2024-01-01 00:00:00
P0477,WH06,6,0.1,0.5,1500.0,500.0,2024-01-01 00:00:00
P0477,WH06,7,0.1,0.5,1500.0,500.0,2024-01-01 00:00:00
P0477,WH06,8,0.1,0.5,1500.0,500.0,2024-01-01 00:00:00
P0477,WH06,9,0.1,0.5,1500.0,500.0,2024-01-01 00:00:00
P0477,WH06,10,0.1,0.5,1500.0,500.0,2024-01-01 00:00:00
P0549,WH01,1,0.1,0.5,1500.0,500.0,2024-01-01 00:00:00
P0549,WH01,2,0.1,0.5,1500.0,500.0,2024-01-01 00:00:00
P0549,WH01,3,0.1,0.5,1500.0,500.0,2024-01-01 00:00:00
P0549,WH01,4,0.1,0.5,1500.0,500.0,2024-01-01 00:00:00
P0549,WH01,5,0.1,0.5,1500.0,500.0,2024-01-01 00:00:00
P0549,WH01,6,0.1,0.5,1500.0,500.0,2024-01-01 00:00:00
P0549,WH01,7,0.1,0.5,1500.0,500.0,2024-01-01 00:00:00
P0549,WH01,8,0.1,0.5,1500.0,500.0,2024-01-01 00:00:00
P0549,WH01,9,0.1,0.5,1500.0,500.0,2024-01-01 00:00:00
P0549,WH01,10,0.1,0.5,1500.0,500.0,2024-01-01 00:00:00
P0549,WH03,1,0.1,0.5,1500.0,500.0,2024-01-01 00:00:00
P0549,WH03,2,0.1,0.5,1500.0,500.0,2024-01-01 00:00:00
P0549,WH03,3,0.1,0.5,1500.0,500.0,2024-01-01 00:00:00
P0549,WH03,4,0.1,0.5,1500.0,500.0,2024-01-01 00:00:00
P0549,WH03,5,0.1,0.5,1500.0,500.0,2024-01-01 00:00:00
P0549,WH03,6,0.1,0.5,1500.0,500.0,2024-01-01 00:00:00
P0549,WH03,7,0.1,0.5,1500.0,500.0,2024-01-01 00:00:00
P0549,WH03,8,0.1,0.5,1500.0,500.0,2024-01-01 00:00:00
P0549,WH03,9,0.1,0.5,1500.0,500.0,2024-01-01 00:00:00
P0549,WH03,10,0.1,0.5,1500.0,500.0,2024-01-01 00:00:00
P0549,WH04,1,0.1,0.5,1500.0,500.0,2024-01-01 00:00:00
P0549,WH04,2,0.1,0.5,1500.0,500.0,2024-01-01 00:00:00
P0549,WH04,3,0.1,0.5,1500.0,500.0,2024-01-01 00:00:00
P0549,WH04,4,0.1,0.5,1500.0,500.0,2024-01-01 00:00:00
P0549,WH04,5,0.1,0.5,1500.0,500.0,2024-01-01 00:00:00
P0549,WH04,6,0.1,0.5,1500.0,500.0,2024-01-01 00:00:00
P0549,WH04,7,0.1,0.5,1500.0,500.0,2024-01-01 00:00:00
P0549,WH04,8,0.1,0.5,1500.0,500.0,2024-01-01 00:00:00
P0549,WH04,9,0.1,0.5,1500.0,500.0,2024-01-01 00:00:00
P0549,WH04,10,0.1,0.5,1500.0,500.0,2024-01-01 00:00:00
P0549,WH05,1,0.1,0.5,1500.0,500.0,2024-01-01 00:00:00
P0549,WH05,2,0.1,0.5,1500.0,500.0,2024-01-01 00:00:00
P0549,WH05,3,0.1,0.5,1500.0,500.0,2024-01-01 00:00:00
P0549,WH05,4,0.1,0.5,1500.0,500.0,2024-01-01 00:00:00
P0549,WH05,5,0.1,0.5,1500.0,500.0,2024-01-01 00:00:00
P0549,WH05,6,0.1,0.5,1500.0,500.0,2024-01-01 00:00:00
P0549,WH05,7,0.1,0.5,1500.0,500.0,2024-01-01 00:00:00
P0549,WH05,8,0.1,0.5,1500.0,500.0,2024-01-01 00:00:00
P0549,WH05,9,0.1,0.5,1500.0,500.0,2024-01-01 00:00:00
P0549,WH05,10,0.1,0.5,1500.0,500.0,2024-01-01 00:00:00
P0549,WH06,1,0.1,0.5,1500.0,500.0,2024-01-01 00:00:00
P0549,WH06,2,0.1,0.5,1500.0,500.0,2024-01-01 00:00:00
P0549,WH06,3,0.1,0.5,1500.0,500.0,2024-01-01 00:00:00
P0549,WH06,4,0.1,0.5,1500.0,500.0,2024-01-01 00:00:00
P0549,WH06,5,0.1,0.5,1500.0,500.0,2024-01-01 00:00:00
P0549,WH06,6,0.1,0.5,1500.0,500.0,2024-01-01 00:00:00
P0549,WH06,7,0.1,0.5,1500.0,500.0,2024-01-01 00:00:00
P0549,WH06,8,0.1,0.5,1500.0,500.0,2024-01-01 00:00:00
P0549,WH06,9,0.1,0.5,1500.0,500.0,2024-01-01 00:00:00
P0549,WH06,10,0.1,0.5,1500.0,500.0,2024-01-01 00:00:00
P0839,WH01,1,0.1,0.5,1500.0,500.0,2024-01-01 00:00:00
P0839,WH01,2,0.1,0.5,1500.0,500.0,2024-01-01 00:00:00
P0839,WH01,3,0.1,0.5,1500.0,500.0,2024-01-01 00:00:00
P0839,WH01,4,0.1,0.5,1500.0,500.0,2024-01-01 00:00:00
P0839,WH01,5,0.1,0.5,1500.0,500.0,2024-01-01 00:00:00
P0839,WH01,6,0.1,0.5,1500.0,500.0,2024-01-01 00:00:00
P0839,WH01,7,0.1,0.5,1500.0,500.0,2024-01-01 00:00:00
P0839,WH01,8,0.1,0.5,1500.0,500.0,2024-01-01 00:00:00
P0839,WH01,9,0.1,0.5,1500.0,500.0,2024-01-01 00:00:00
P0839,WH01,10,0.1,0.5,1500.0,500.0,2024-01-01 00:00:00
P0839,WH03,1,0.1,0.5,1500.0,500.0,2024-01-01 00:00:00
P0839,WH03,2,0.1,0.5,1500.0,500.0,2024-01-01 00:00:00
P0839,WH03,3,0.1,0.5,1500.0,500.0,2024-01-01 00:00:00
P0839,WH03,4,0.1,0.5,1500.0,500.0,2024-01-01 00:00:00
P0839,WH03,5,0.1,0.5,1500.0,500.0,2024-01-01 00:00:00
P0839,WH03,6,0.1,0.5,1500.0,500.0,2024-01-01 00:00:00
P0839,WH03,7,0.1,0.5,1500.0,500.0,2024-01-01 00:00:00
P0839,WH03,8,0.1,0.5,1500.0,500.0,2024-01-01 00:00:00
P0839,WH03,9,0.1,0.5,1500.0,500.0,2024-01-01 00:00:00
P0839,WH03,10,0.1,0.5,1500.0,500.0,2024-01-01 00:00:00
P0839,WH04,1,0.1,0.5,1500.0,500.0,2024-01-01 00:00:00
P0839,WH04,2,0.1,0.5,1500.0,500.0,2024-01-01 00:00:00
P0839,WH04,3,0.1,0.5,1500.0,500.0,2024-01-01 00:00:00
P0839,WH04,4,0.1,0.5,1500.0,500.0,2024-01-01 00:00:00
P0839,WH04,5,0.1,0.5,1500.0,500.0,2024-01-01 00:00:00
P0839,WH04,6,0.1,0.5,1500.0,500.0,2024-01-01 00:00:00
P0839,WH04,7,0.1,0.5,1500.0,500.0,2024-01-01 00:00:00
P0839,WH04,8,0.1,0.5,1500.0,500.0,2024-01-01 00:00:00
P0839,WH04,9,0.1,0.5,1500.0,500.0,2024-01-01 00:00:00
P0839,WH04,10,0.1,0.5,1500.0,500.0,2024-01-01 00:00:00
P0839,WH05,1,0.1,0.5,1500.0,500.0,2024-01-01 00:00:00
P0839,WH05,2,0.1,0.5,1500.0,500.0,2024-01-01 00:00:00
P0839,WH05,3,0.1,0.5,1500.0,500.0,2024-01-01 00:00:00
P0839,WH05,4,0.1,0.5,1500.0,500.0,2024-01-01 00:00:00
P0839,WH05,5,0.1,0.5,1500.0,500.0,2024-01-01 00:00:00
P0839,WH05,6,0.1,0.5,1500.0,500.0,2024-01-01 00:00:00
P0839,WH05,7,0.1,0.5,1500.0,500.0,2024-01-01 00:00:00
P0839,WH05,8,0.1,0.5,1500.0,500.0,2024-01-01 00:00:00
P0839,WH05,9,0.1,0.5,1500.0,500.0,2024-01-01 00:00:00
P0839,WH05,10,0.1,0.5,1500.0,500.0,2024-01-01 00:00:00
P0839,WH06,1,0.1,0.5,1500.0,500.0,2024-01-01 00:00:00
P0839,WH06,2,0.1,0.5,1500.0,500.0,2024-01-01 00:00:00
P0839,WH06,3,0.1,0.5,1500.0,500.0,2024-01-01 00:00:00
P0839,WH06,4,0.1,0.5,1500.0,500.0,2024-01-01 00:00:00
P0839,WH06,5,0.1,0.5,1500.0,500.0,2024-01-01 00:00:00
P0839,WH06,6,0.1,0.5,1500.0,500.0,2024-01-01 00:00:00
P0839,WH06,7,0.1,0.5,1500.0,500.0,2024-01-01 00:00:00
P0839,WH06,8,0.1,0.5,1500.0,500.0,2024-01-01 00:00:00
P0839,WH06,9,0.1,0.5,1500.0,500.0,2024-01-01 00:00:00
P0839,WH06,10,0.1,0.5,1500.0,500.0,2024-01-01 00:00:00
P0852,WH01,1,0.1,0.5,1500.0,500.0,2024-01-01 00:00:00
P0852,WH01,2,0.1,0.5,1500.0,500.0,2024-01-01 00:00:00
P0852,WH01,3,0.1,0.5,1500.0,500.0,2024-01-01 00:00:00
P0852,WH01,4,0.1,0.5,1500.0,500.0,2024-01-01 00:00:00
P0852,WH01,5,0.1,0.5,1500.0,500.0,2024-01-01 00:00:00
P0852,WH01,6,0.1,0.5,1500.0,500.0,2024-01-01 00:00:00
P0852,WH01,7,0.1,0.5,1500.0,500.0,2024-01-01 00:00:00
P0852,WH01,8,0.1,0.5,1500.0,500.0,2024-01-01 00:00:00
P0852,WH01,9,0.1,0.5,1500.0,500.0,2024-01-01 00:00:00
P0852,WH01,10,0.1,0.5,1500.0,500.0,2024-01-01 00:00:00
P0852,WH03,1,0.1,0.5,1500.0,500.0,2024-01-01 00:00:00
P0852,WH03,2,0.1,0.5,1500.0,500.0,2024-01-01 00:00:00
P0852,WH03,3,0.1,0.5,1500.0,500.0,2024-01-01 00:00:00
P0852,WH03,4,0.1,0.5,1500.0,500.0,2024-01-01 00:00:00
P0852,WH03,5,0.1,0.5,1500.0,500.0,2024-01-01 00:00:00
P0852,WH03,6,0.1,0.5,1500.0,500.0,2024-01-01 00:00:00
P0852,WH03,7,0.1,0.5,1500.0,500.0,2024-01-01 00:00:00
P0852,WH03,8,0.1,0.5,1500.0,500.0,2024-01-01 00:00:00
P0852,WH03,9,0.1,0.5,1500.0,500.0,2024-01-01 00:00:00
P0852,WH03,10,0.1,0.5,1500.0,500.0,2024-01-01 00:00:00
P0852,WH04,1,0.1,0.5,1500.0,500.0,2024-01-01 00:00:00
P0852,WH04,2,0.1,0.5,1500.0,500.0,2024-01-01 00:00:00
P0852,WH04,3,0.1,0.5,1500.0,500.0,2024-01-01 00:00:00
P0852,WH04,4,0.1,0.5,1500.0,500.0,2024-01-01 00:00:00
P0852,WH04,5,0.1,0.5,1500.0,500.0,2024-01-01 00:00:00
P0852,WH04,6,0.1,0.5,1500.0,500.0,2024-01-01 00:00:00
P0852,WH04,7,0.1,0.5,1500.0,500.0,2024-01-01 00:00:00
P0852,WH04,8,0.1,0.5,1500.0,500.0,2024-01-01 00:00:00
P0852,WH04,9,0.1,0.5,1500.0,500.0,2024-01-01 00:00:00
P0852,WH04,10,0.1,0.5,1500.0,500.0,2024-01-01 00:00:00
P0852,WH05,1,0.1,0.5,1500.0,500.0,2024-01-01 00:00:00
P0852,WH05,2,0.1,0.5,1500.0,500.0,2024-01-01 00:00:00
P0852,WH05,3,0.1,0.5,1500.0,500.0,2024-01-01 00:00:00
P0852,WH05,4,0.1,0.5,1500.0,500.0,2024-01-01 00:00:00
P0852,WH05,5,0.1,0.5,1500.0,500.0,2024-01-01 00:00:00
P0852,WH05,6,0.1,0.5,1500.0,500.0,2024-01-01 00:00:00
P0852,WH05,7,0.1,0.5,1500.0,500.0,2024-01-01 00:00:00
P0852,WH05,8,0.1,0.5,1500.0,500.0,2024-01-01 00:00:00
P0852,WH05,9,0.1,0.5,1500.0,500.0,2024-01-01 00:00:00
P0852,WH05,10,0.1,0.5,1500.0,500.0,2024-01-01 00:00:00
P0852,WH06,1,0.1,0.5,1500.0,500.0,2024-01-01 00:00:00
P0852,WH06,2,0.1,0.5,1500.0,500.0,2024-01-01 00:00:00
P0852,WH06,3,0.1,0.5,1500.0,500.0,2024-01-01 00:00:00
P0852,WH06,4,0.1,0.5,1500.0,500.0,2024-01-01 00:00:00
P0852,WH06,5,0.1,0.5,1500.0,500.0,2024-01-01 00:00:00
P0852,WH06,6,0.1,0.5,1500.0,500.0,2024-01-01 00:00:00
P0852,WH06,7,0.1,0.5,1500.0,500.0,2024-01-01 00:00:00
P0852,WH06,8,0.1,0.5,1500.0,500.0,2024-01-01 00:00:00
P0852,WH06,9,0.1,0.5,1500.0,500.0,2024-01-01 00:00:00
P0852,WH06,10,0.1,0.5,1500.0,500.0,2024-01-01 00:00:00
P0927,WH01,1,0.1,0.5,1500.0,500.0,2024-01-01 00:00:00
P0927,WH01,2,0.1,0.5,1500.0,500.0,2024-01-01 00:00:00
P0927,WH01,3,0.1,0.5,1500.0,500.0,2024-01-01 00:00:00
P0927,WH01,4,0.1,0.5,1500.0,500.0,2024-01-01 00:00:00
P0927,WH01,5,0.1,0.5,1500.0,500.0,2024-01-01 00:00:00
P0927,WH01,6,0.1,0.5,1500.0,500.0,2024-01-01 00:00:00
P0927,WH01,7,0.1,0.5,1500.0,500.0,2024-01-01 00:00:00
P0927,WH01,8,0.1,0.5,1500.0,500.0,2024-01-01 00:00:00
P0927,WH01,9,0.1,0.5,1500.0,500.0,2024-01-01 00:00:00
P0927,WH01,10,0.1,0.5,1500.0,500.0,2024-01-01 00:00:00
P0927,WH03,1,0.1,0.5,1500.0,500.0,2024-01-01 00:00:00
P0927,WH03,2,0.1,0.5,1500.0,500.0,2024-01-01 00:00:00
P0927,WH03,3,0.1,0.5,1500.0,500.0,2024-01-01 00:00:00
P0927,WH03,4,0.1,0.5,1500.0,500.0,2024-01-01 00:00:00
P0927,WH03,5,0.1,0.5,1500.0,500.0,2024-01-01 00:00:00
P0927,WH03,6,0.1,0.5,1500.0,500.0,2024-01-01 00:00:00
P0927,WH03,7,0.1,0.5,1500.0,500.0,2024-01-01 00:00:00
P0927,WH03,8,0.1,0.5,1500.0,500.0,2024-01-01 00:00:00
P0927,WH03,9,0.1,0.5,1500.0,500.0,2024-01-01 00:00:00
P0927,WH03,10,0.1,0.5,1500.0,500.0,2024-01-01 00:00:00
P0927,WH04,1,0.1,0.5,1500.0,500.0,2024-01-01 00:00:00
P0927,WH04,2,0.1,0.5,1500.0,500.0,2024-01-01 00:00:00
P0927,WH04,3,0.1,0.5,1500.0,500.0,2024-01-01 00:00:00
P0927,WH04,4,0.1,0.5,1500.0,500.0,2024-01-01 00:00:00
P0927,WH04,5,0.1,0.5,1500.0,500.0,2024-01-01 00:00:00
P0927,WH04,6,0.1,0.5,1500.0,500.0,2024-01-01 00:00:00
P0927,WH04,7,0.1,0.5,1500.0,500.0,2024-01-01 00:00:00
P0927,WH04,8,0.1,0.5,1500.0,500.0,2024-01-01 00:00:00
P0927,WH04,9,0.1,0.5,1500.0,500.0,2024-01-01 00:00:00
P0927,WH04,10,0.1,0.5,1500.0,500.0,2024-01-01 00:00:00
P0927,WH05,1,0.1,0.5,1500.0,500.0,2024-01-01 00:00:00
P0927,WH05,2,0.1,0.5,1500.0,500.0,2024-01-01 00:00:00
P0927,WH05,3,0.1,0.5,1500.0,500.0,2024-01-01 00:00:00
P0927,WH05,4,0.1,0.5,1500.0,500.0,2024-01-01 00:00:00
P0927,WH05,5,0.1,0.5,1500.0,500.0,2024-01-01 00:00:00
P0927,WH05,6,0.1,0.5,1500.0,500.0,2024-01-01 00:00:00
P0927,WH05,7,0.1,0.5,1500.0,500.0,2024-01-01 00:00:00
P0927,WH05,8,0.1,0.5,1500.0,500.0,2024-01-01 00:00:00
P0927,WH05,9,0.1,0.5,1500.0,500.0,2024-01-01 00:00:00
P0927,WH05,10,0.1,0.5,1500.0,500.0,2024-01-01 00:00:00
P0927,WH06,1,0.1,0.5,1500.0,500.0,2024-01-01 00:00:00
P0927,WH06,2,0.1,0.5,1500.0,500.0,2024-01-01 00:00:00
P0927,WH06,3,0.1,0.5,1500.0,500.0,2024-01-01 00:00:00
P0927,WH06,4,0.1,0.5,1500.0,500.0,2024-01-01 00:00:00
P0927,WH06,5,0.1,0.5,1500.0,500.0,2024-01-01 00:00:00
P0927,WH06,6,0.1,0.5,1500.0,500.0,2024-01-01 00:00:00
P0927,WH06,7,0.1,0.5,1500.0,500.0,2024-01-01 00:00:00
P0927,WH06,8,0.1,0.5,1500.0,500.0,2024-01-01 00:00:00
P0927,WH06,9,0.1,0.5,1500.0,500.0,2024-01-01 00:00:00
P0927,WH06,10,0.1,0.5,1500.0,500.0,2024-01-01 00:00:00
P1001,WH01,1,0.1,0.5,1500.0,500.0,2024-01-01 00:00:00
P1001,WH01,2,0.1,0.5,1500.0,500.0,2024-01-01 00:00:00
P1001,WH01,3,0.1,0.5,1500.0,500.0,2024-01-01 00:00:00
P1001,WH01,4,0.1,0.5,1500.0,500.0,2024-01-01 00:00:00
P1001,WH01,5,0.1,0.5,1500.0,500.0,2024-01-01 00:00:00
P1001,WH01,6,0.1,0.5,1500.0,500.0,2024-01-01 00:00:00
P1001,WH01,7,0.1,0.5,1500.0,500.0,2024-01-01 00:00:00
P1001,WH01,8,0.1,0.5,1500.0,500.0,2024-01-01 00:00:00
P1001,WH01,9,0.1,0.5,1500.0,500.0,2024-01-01 00:00:00
P1001,WH01,10,0.1,0.5,1500.0,500.0,2024-01-01 00:00:00
P1001,WH03,1,0.1,0.5,1500.0,500.0,2024-01-01 00:00:00
P1001,WH03,2,0.1,0.5,1500.0,500.0,2024-01-01 00:00:00
P1001,WH03,3,0.1,0.5,1500.0,500.0,2024-01-01 00:00:00
P1001,WH03,4,0.1,0.5,1500.0,500.0,2024-01-01 00:00:00
P1001,WH03,5,0.1,0.5,1500.0,500.0,2024-01-01 00:00:00
P1001,WH03,6,0.1,0.5,1500.0,500.0,2024-01-01 00:00:00
P1001,WH03,7,0.1,0.5,1500.0,500.0,2024-01-01 00:00:00
P1001,WH03,8,0.1,0.5,1500.0,500.0,2024-01-01 00:00:00
P1001,WH03,9,0.1,0.5,1500.0,500.0,2024-01-01 00:00:00
P1001,WH03,10,0.1,0.5,1500.0,500.0,2024-01-01 00:00:00
P1001,WH04,1,0.1,0.5,1500.0,500.0,2024-01-01 00:00:00
P1001,WH04,2,0.1,0.5,1500.0,500.0,2024-01-01 00:00:00
P1001,WH04,3,0.1,0.5,1500.0,500.0,2024-01-01 00:00:00
P1001,WH04,4,0.1,0.5,1500.0,500.0,2024-01-01 00:00:00
P1001,WH04,5,0.1,0.5,1500.0,500.0,2024-01-01 00:00:00
P1001,WH04,6,0.1,0.5,1500.0,500.0,2024-01-01 00:00:00
P1001,WH04,7,0.1,0.5,1500.0,500.0,2024-01-01 00:00:00
P1001,WH04,8,0.1,0.5,1500.0,500.0,2024-01-01 00:00:00
P1001,WH04,9,0.1,0.5,1500.0,500.0,2024-01-01 00:00:00
P1001,WH04,10,0.1,0.5,1500.0,500.0,2024-01-01 00:00:00
P1001,WH05,1,0.1,0.5,1500.0,500.0,2024-01-01 00:00:00
P1001,WH05,2,0.1,0.5,1500.0,500.0,2024-01-01 00:00:00
P1001,WH05,3,0.1,0.5,1500.0,500.0,2024-01-01 00:00:00
P1001,WH05,4,0.1,0.5,1500.0,500.0,2024-01-01 00:00:00
P1001,WH05,5,0.1,0.5,1500.0,500.0,2024-01-01 00:00:00
P1001,WH05,6,0.1,0.5,1500.0,500.0,2024-01-01 00:00:00
P1001,WH05,7,0.1,0.5,1500.0,500.0,2024-01-01 00:00:00
P1001,WH05,8,0.1,0.5,1500.0,500.0,2024-01-01 00:00:00
P1001,WH05,9,0.1,0.5,1500.0,500.0,2024-01-01 00:00:00
P1001,WH05,10,0.1,0.5,1500.0,500.0,2024-01-01 00:00:00
P1001,WH06,1,0.1,0.5,1500.0,500.0,2024-01-01 00:00:00
P1001,WH06,2,0.1,0.5,1500.0,500.0,2024-01-01 00:00:00
P1001,WH06,3,0.1,0.5,1500.0,500.0,2024-01-01 00:00:00
P1001,WH06,4,0.1,0.5,1500.0,500.0,2024-01-01 00:00:00
P1001,WH06,5,0.1,0.5,1500.0,500.0,2024-01-01 00:00:00
P1001,WH06,6,0.1,0.5,1500.0,500.0,2024-01-01 00:00:00
P1001,WH06,7,0.1,0.5,1500.0,500.0,2024-01-01 00:00:00
P1001,WH06,8,0.1,0.5,1500.0,500.0,2024-01-01 00:00:00
P1001,WH06,9,0.1,0.5,1500.0,500.0,2024-01-01 00:00:00
P1001,WH06,10,0.1,0.5,1500.0,500.0,2024-01-01 00:00:00
P1109,WH01,1,0.1,0.5,1500.0,500.0,2024-01-01 00:00:00
P1109,WH01,2,0.1,0.5,1500.0,500.0,2024-01-01 00:00:00
P1109,WH01,3,0.1,0.5,1500.0,500.0,2024-01-01 00:00:00
P1109,WH01,4,0.1,0.5,1500.0,500.0,2024-01-01 00:00:00
P1109,WH01,5,0.1,0.5,1500.0,500.0,2024-01-01 00:00:00
P1109,WH01,6,0.1,0.5,1500.0,500.0,2024-01-01 00:00:00
P1109,WH01,7,0.1,0.5,1500.0,500.0,2024-01-01 00:00:00
P1109,WH01,8,0.1,0.5,1500.0,500.0,2024-01-01 00:00:00
P1109,WH01,9,0.1,0.5,1500.0,500.0,2024-01-01 00:00:00
P1109,WH01,10,0.1,0.5,1500.0,500.0,2024-01-01 00:00:00
P1109,WH03,1,0.1,0.5,1500.0,500.0,2024-01-01 00:00:00
P1109,WH03,2,0.1,0.5,1500.0,500.0,2024-01-01 00:00:00
P1109,WH03,3,0.1,0.5,1500.0,500.0,2024-01-01 00:00:00
P1109,WH03,4,0.1,0.5,1500.0,500.0,2024-01-01 00:00:00
P1109,WH03,5,0.1,0.5,1500.0,500.0,2024-01-01 00:00:00
P1109,WH03,6,0.1,0.5,1500.0,500.0,2024-01-01 00:00:00
P1109,WH03,7,0.1,0.5,1500.0,500.0,2024-01-01 00:00:00
P1109,WH03,8,0.1,0.5,1500.0,500.0,2024-01-01 00:00:00
P1109,WH03,9,0.1,0.5,1500.0,500.0,2024-01-01 00:00:00
P1109,WH03,10,0.1,0.5,1500.0,500.0,2024-01-01 00:00:00
P1109,WH04,1,0.1,0.5,1500.0,500.0,2024-01-01 00:00:00
P1109,WH04,2,0.1,0.5,1500.0,500.0,2024-01-01 00:00:00
P1109,WH04,3,0.1,0.5,1500.0,500.0,2024-01-01 00:00:00
P1109,WH04,4,0.1,0.5,1500.0,500.0,2024-01-01 00:00:00
P1109,WH04,5,0.1,0.5,1500.0,500.0,2024-01-01 00:00:00
P1109,WH04,6,0.1,0.5,1500.0,500.0,2024-01-01 00:00:00
P1109,WH04,7,0.1,0.5,1500.0,500.0,2024-01-01 00:00:00
P1109,WH04,8,0.1,0.5,1500.0,500.0,2024-01-01 00:00:00
P1109,WH04,9,0.1,0.5,1500.0,500.0,2024-01-01 00:00:00
P1109,WH04,10,0.1,0.5,1500.0,500.0,2024-01-01 00:00:00
P1109,WH05,1,0.1,0.5,1500.0,500.0,2024-01-01 00:00:00
P1109,WH05,2,0.1,0.5,1500.0,500.0,2024-01-01 00:00:00
P1109,WH05,3,0.1,0.5,1500.0,500.0,2024-01-01 00:00:00
P1109,WH05,4,0.1,0.5,1500.0,500.0,2024-01-01 00:00:00
P1109,WH05,5,0.1,0.5,1500.0,500.0,2024-01-01 00:00:00
P1109,WH05,6,0.1,0.5,1500.0,500.0,2024-01-01 00:00:00
P1109,WH05,7,0.1,0.5,1500.0,500.0,2024-01-01 00:00:00
P1109,WH05,8,0.1,0.5,1500.0,500.0,2024-01-01 00:00:00
P1109,WH05,9,0.1,0.5,1500.0,500.0,2024-01-01 00:00:00
P1109,WH05,10,0.1,0.5,1500.0,500.0,2024-01-01 00:00:00
P1109,WH06,1,0.1,0.5,1500.0,500.0,2024-01-01 00:00:00
P1109,WH06,2,0.1,0.5,1500.0,500.0,2024-01-01 00:00:00
P1109,WH06,3,0.1,0.5,1500.0,500.0,2024-01-01 00:00:00
P1109,WH06,4,0.1,0.5,1500.0,500.0,2024-01-01 00:00:00
P1109,WH06,5,0.1,0.5,1500.0,500.0,2024-01-01 00:00:00
P1109,WH06,6,0.1,0.5,1500.0,500.0,2024-01-01 00:00:00
P1109,WH06,7,0.1,0.5,1500.0,500.0,2024-01-01 00:00:00
P1109,WH06,8,0.1,0.5,1500.0,500.0,2024-01-01 00:00:00
P1109,WH06,9,0.1,0.5,1500.0,500.0,2024-01-01 00:00:00
P1109,WH06,10,0.1,0.5,1500.0,500.0,2024-01-01 00:00:00
P1225,WH01,1,0.1,0.5,1500.0,500.0,2024-01-01 00:00:00
P1225,WH01,2,0.1,0.5,1500.0,500.0,2024-01-01 00:00:00
P1225,WH01,3,0.1,0.5,1500.0,500.0,2024-01-01 00:00:00
P1225,WH01,4,0.1,0.5,1500.0,500.0,2024-01-01 00:00:00
P1225,WH01,5,0.1,0.5,1500.0,500.0,2024-01-01 00:00:00
P1225,WH01,6,0.1,0.5,1500.0,500.0,2024-01-01 00:00:00
P1225,WH01,7,0.1,0.5,1500.0,500.0,2024-01-01 00:00:00
P1225,WH01,8,0.1,0.5,1500.0,500.0,2024-01-01 00:00:00
P1225,WH01,9,0.1,0.5,1500.0,500.0,2024-01-01 00:00:00
P1225,WH01,10,0.1,0.5,1500.0,500.0,2024-01-01 00:00:00
P1225,WH03,1,0.1,0.5,1500.0,500.0,2024-01-01 00:00:00
P1225,WH03,2,0.1,0.5,1500.0,500.0,2024-01-01 00:00:00
P1225,WH03,3,0.1,0.5,1500.0,500.0,2024-01-01 00:00:00
P1225,WH03,4,0.1,0.5,1500.0,500.0,2024-01-01 00:00:00
P1225,WH03,5,0.1,0.5,1500.0,500.0,2024-01-01 00:00:00
P1225,WH03,6,0.1,0.5,1500.0,500.0,2024-01-01 00:00:00
P1225,WH03,7,0.1,0.5,1500.0,500.0,2024-01-01 00:00:00
P1225,WH03,8,0.1,0.5,1500.0,500.0,2024-01-01 00:00:00
P1225,WH03,9,0.1,0.5,1500.0,500.0,2024-01-01 00:00:00
P1225,WH03,10,0.1,0.5,1500.0,500.0,2024-01-01 00:00:00
P1225,WH04,1,0.1,0.5,1500.0,500.0,2024-01-01 00:00:00
P1225,WH04,2,0.1,0.5,1500.0,500.0,2024-01-01 00:00:00
P1225,WH04,3,0.1,0.5,1500.0,500.0,2024-01-01 00:00:00
P1225,WH04,4,0.1,0.5,1500.0,500.0,2024-01-01 00:00:00
P1225,WH04,5,0.1,0.5,1500.0,500.0,2024-01-01 00:00:00
P1225,WH04,6,0.1,0.5,1500.0,500.0,2024-01-01 00:00:00
P1225,WH04,7,0.1,0.5,1500.0,500.0,2024-01-01 00:00:00
P1225,WH04,8,0.1,0.5,1500.0,500.0,2024-01-01 00:00:00
P1225,WH04,9,0.1,0.5,1500.0,500.0,2024-01-01 00:00:00
P1225,WH04,10,0.1,0.5,1500.0,500.0,2024-01-01 00:00:00
P1225,WH05,1,0.1,0.5,1500.0,500.0,2024-01-01 00:00:00
P1225,WH05,2,0.1,0.5,1500.0,500.0,2024-01-01 00:00:00
P1225,WH05,3,0.1,0.5,1500.0,500.0,2024-01-01 00:00:00
P1225,WH05,4,0.1,0.5,1500.0,500.0,2024-01-01 00:00:00
P1225,WH05,5,0.1,0.5,1500.0,500.0,2024-01-01 00:00:00
P1225,WH05,6,0.1,0.5,1500.0,500.0,2024-01-01 00:00:00
P1225,WH05,7,0.1,0.5,1500.0,500.0,2024-01-01 00:00:00
P1225,WH05,8,0.1,0.5,1500.0,500.0,2024-01-01 00:00:00
P1225,WH05,9,0.1,0.5,1500.0,500.0,2024-01-01 00:00:00
P1225,WH05,10,0.1,0.5,1500.0,500.0,2024-01-01 00:00:00
P1225,WH06,1,0.1,0.5,1500.0,500.0,2024-01-01 00:00:00
P1225,WH06,2,0.1,0.5,1500.0,500.0,2024-01-01 00:00:00
P1225,WH06,3,0.1,0.5,1500.0,500.0,2024-01-01 00:00:00
P1225,WH06,4,0.1,0.5,1500.0,500.0,2024-01-01 00:00:00
P1225,WH06,5,0.1,0.5,1500.0,500.0,2024-01-01 00:00:00
P1225,WH06,6,0.1,0.5,1500.0,500.0,2024-01-01 00:00:00
P1225,WH06,7,0.1,0.5,1500.0,500.0,2024-01-01 00:00:00
P1225,WH06,8,0.1,0.5,1500.0,500.0,2024-01-01 00:00:00
P1225,WH06,9,0.1,0.5,1500.0,500.0,2024-01-01 00:00:00
P1225,WH06,10,0.1,0.5,1500.0,500.0,2024-01-01 00:00:00
P1235,WH01,1,0.1,0.5,1500.0,500.0,2024-01-01 00:00:00
P1235,WH01,2,0.1,0.5,1500.0,500.0,2024-01-01 00:00:00
P1235,WH01,3,0.1,0.5,1500.0,500.0,2024-01-01 00:00:00
P1235,WH01,4,0.1,0.5,1500.0,500.0,2024-01-01 00:00:00
P1235,WH01,5,0.1,0.5,1500.0,500.0,2024-01-01 00:00:00
P1235,WH01,6,0.1,0.5,1500.0,500.0,2024-01-01 00:00:00
P1235,WH01,7,0.1,0.5,1500.0,500.0,2024-01-01 00:00:00
P1235,WH01,8,0.1,0.5,1500.0,500.0,2024-01-01 00:00:00
P1235,WH01,9,0.1,0.5,1500.0,500.0,2024-01-01 00:00:00
P1235,WH01,10,0.1,0.5,1500.0,500.0,2024-01-01 00:00:00
P1235,WH03,1,0.1,0.5,1500.0,500.0,2024-01-01 00:00:00
P1235,WH03,2,0.1,0.5,1500.0,500.0,2024-01-01 00:00:00
P1235,WH03,3,0.1,0.5,1500.0,500.0,2024-01-01 00:00:00
P1235,WH03,4,0.1,0.5,1500.0,500.0,2024-01-01 00:00:00
P1235,WH03,5,0.1,0.5,1500.0,500.0,2024-01-01 00:00:00
P1235,WH03,6,0.1,0.5,1500.0,500.0,2024-01-01 00:00:00
P1235,WH03,7,0.1,0.5,1500.0,500.0,2024-01-01 00:00:00
P1235,WH03,8,0.1,0.5,1500.0,500.0,2024-01-01 00:00:00
P1235,WH03,9,0.1,0.5,1500.0,500.0,2024-01-01 00:00:00
P1235,WH03,10,0.1,0.5,1500.0,500.0,2024-01-01 00:00:00
P1235,WH04,1,0.1,0.5,1500.0,500.0,2024-01-01 00:00:00
P1235,WH04,2,0.1,0.5,1500.0,500.0,2024-01-01 00:00:00
P1235,WH04,3,0.1,0.5,1500.0,500.0,2024-01-01 00:00:00
P1235,WH04,4,0.1,0.5,1500.0,500.0,2024-01-01 00:00:00
P1235,WH04,5,0.1,0.5,1500.0,500.0,2024-01-01 00:00:00
P1235,WH04,6,0.1,0.5,1500.0,500.0,2024-01-01 00:00:00
P1235,WH04,7,0.1,0.5,1500.0,500.0,2024-01-01 00:00:00
P1235,WH04,8,0.1,0.5,1500.0,500.0,2024-01-01 00:00:00
P1235,WH04,9,0.1,0.5,1500.0,500.0,2024-01-01 00:00:00
P1235,WH04,10,0.1,0.5,1500.0,500.0,2024-01-01 00:00:00
P1235,WH05,1,0.1,0.5,1500.0,500.0,2024-01-01 00:00:00
P1235,WH05,2,0.1,0.5,1500.0,500.0,2024-01-01 00:00:00
P1235,WH05,3,0.1,0.5,1500.0,500.0,2024-01-01 00:00:00
P1235,WH05,4,0.1,0.5,1500.0,500.0,2024-01-01 00:00:00
P1235,WH05,5,0.1,0.5,1500.0,500.0,2024-01-01 00:00:00
P1235,WH05,6,0.1,0.5,1500.0,500.0,2024-01-01 00:00:00
P1235,WH05,7,0.1,0.5,1500.0,500.0,2024-01-01 00:00:00
P1235,WH05,8,0.1,0.5,1500.0,500.0,2024-01-01 00:00:00
P1235,WH05,9,0.1,0.5,1500.0,500.0,2024-01-01 00:00:00
P1235,WH05,10,0.1,0.5,1500.0,500.0,2024-01-01 00:00:00
P1235,WH06,1,0.1,0.5,1500.0,500.0,2024-01-01 00:00:00
P1235,WH06,2,0.1,0.5,1500.0,500.0,2024-01-01 00:00:00
P1235,WH06,3,0.1,0.5,1500.0,500.0,2024-01-01 00:00:00
P1235,WH06,4,0.1,0.5,1500.0,500.0,2024-01-01 00:00:00
P1235,WH06,5,0.1,0.5,1500.0,500.0,2024-01-01 00:00:00
P1235,WH06,6,0.1,0.5,1500.0,500.0,2024-01-01 00:00:00
P1235,WH06,7,0.1,0.5,1500.0,500.0,2024-01-01 00:00:00
P1235,WH06,8,0.1,0.5,1500.0,500.0,2024-01-01 00:00:00
P1235,WH06,9,0.1,0.5,1500.0,500.0,2024-01-01 00:00:00
P1235,WH06,10,0.1,0.5,1500.0,500.0,2024-01-01 00:00:00
P1318,WH01,1,0.1,0.5,1500.0,750.0,2024-01-01 00:00:00
P1318,WH01,2,0.1,0.5,1500.0,750.0,2024-01-01 00:00:00
P1318,WH01,3,0.1,0.5,1500.0,750.0,2024-01-01 00:00:00
P1318,WH01,4,0.1,0.5,1500.0,750.0,2024-01-01 00:00:00
P1318,WH01,5,0.1,0.5,1500.0,750.0,2024-01-01 00:00:00
P1318,WH01,6,0.1,0.5,1500.0,750.0,2024-01-01 00:00:00
P1318,WH01,7,0.1,0.5,1500.0,750.0,2024-01-01 00:00:00
P1318,WH01,8,0.1,0.5,1500.0,750.0,2024-01-01 00:00:00
P1318,WH01,9,0.1,0.5,1500.0,750.0,2024-01-01 00:00:00
P1318,WH01,10,0.1,0.5,1500.0,750.0,2024-01-01 00:00:00
P1318,WH03,1,0.1,0.5,1500.0,750.0,2024-01-01 00:00:00
P1318,WH03,2,0.1,0.5,1500.0,750.0,2024-01-01 00:00:00
P1318,WH03,3,0.1,0.5,1500.0,750.0,2024-01-01 00:00:00
P1318,WH03,4,0.1,0.5,1500.0,750.0,2024-01-01 00:00:00
P1318,WH03,5,0.1,0.5,1500.0,750.0,2024-01-01 00:00:00
P1318,WH03,6,0.1,0.5,1500.0,750.0,2024-01-01 00:00:00
P1318,WH03,7,0.1,0.5,1500.0,750.0,2024-01-01 00:00:00
P1318,WH03,8,0.1,0.5,1500.0,750.0,2024-01-01 00:00:00
P1318,WH03,9,0.1,0.5,1500.0,750.0,2024-01-01 00:00:00
P1318,WH03,10,0.1,0.5,1500.0,750.0,2024-01-01 00:00:00
P1318,WH04,1,0.1,0.5,1500.0,750.0,2024-01-01 00:00:00
P1318,WH04,2,0.1,0.5,1500.0,750.0,2024-01-01 00:00:00
P1318,WH04,3,0.1,0.5,1500.0,750.0,2024-01-01 00:00:00
P1318,WH04,4,0.1,0.5,1500.0,750.0,2024-01-01 00:00:00
P1318,WH04,5,0.1,0.5,1500.0,750.0,2024-01-01 00:00:00
P1318,WH04,6,0.1,0.5,1500.0,750.0,2024-01-01 00:00:00
P1318,WH04,7,0.1,0.5,1500.0,750.0,2024-01-01 00:00:00
P1318,WH04,8,0.1,0.5,1500.0,750.0,2024-01-01 00:00:00
P1318,WH04,9,0.1,0.5,1500.0,750.0,2024-01-01 00:00:00
P1318,WH04,10,0.1,0.5,1500.0,750.0,2024-01-01 00:00:00
P1318,WH05,1,0.1,0.5,1500.0,750.0,2024-01-01 00:00:00
P1318,WH05,2,0.1,0.5,1500.0,750.0,2024-01-01 00:00:00
P1318,WH05,3,0.1,0.5,1500.0,750.0,2024-01-01 00:00:00
P1318,WH05,4,0.1,0.5,1500.0,750.0,2024-01-01 00:00:00
P1318,WH05,5,0.1,0.5,1500.0,750.0,2024-01-01 00:00:00
P1318,WH05,6,0.1,0.5,1500.0,750.0,2024-01-01 00:00:00
P1318,WH05,7,0.1,0.5,1500.0,750.0,2024-01-01 00:00:00
P1318,WH05,8,0.1,0.5,1500.0,750.0,2024-01-01 00:00:00
P1318,WH05,9,0.1,0.5,1500.0,750.0,2024-01-01 00:00:00
P1318,WH05,10,0.1,0.5,1500.0,750.0,2024-01-01 00:00:00
P1318,WH06,1,0.1,0.5,1500.0,750.0,2024-01-01 00:00:00
P1318,WH06,2,0.1,0.5,1500.0,750.0,2024-01-01 00:00:00
P1318,WH06,3,0.1,0.5,1500.0,750.0,2024-01-01 00:00:00
P1318,WH06,4,0.1,0.5,1500.0,750.0,2024-01-01 00:00:00
P1318,WH06,5,0.1,0.5,1500.0,750.0,2024-01-01 00:00:00
P1318,WH06,6,0.1,0.5,1500.0,750.0,2024-01-01 00:00:00
P1318,WH06,7,0.1,0.5,1500.0,750.0,2024-01-01 00:00:00
P1318,WH06,8,0.1,0.5,1500.0,750.0,2024-01-01 00:00:00
P1318,WH06,9,0.1,0.5,1500.0,750.0,2024-01-01 00:00:00
P1318,WH06,10,0.1,0.5,1500.0,750.0,2024-01-01 00:00:00
P1598,WH01,1,0.1,0.5,1500.0,500.0,2024-01-01 00:00:00
P1598,WH01,2,0.1,0.5,1500.0,500.0,2024-01-01 00:00:00
P1598,WH01,3,0.1,0.5,1500.0,500.0,2024-01-01 00:00:00
P1598,WH01,4,0.1,0.5,1500.0,500.0,2024-01-01 00:00:00
P1598,WH01,5,0.1,0.5,1500.0,500.0,2024-01-01 00:00:00
P1598,WH01,6,0.1,0.5,1500.0,500.0,2024-01-01 00:00:00
P1598,WH01,7,0.1,0.5,1500.0,500.0,2024-01-01 00:00:00
P1598,WH01,8,0.1,0.5,1500.0,500.0,2024-01-01 00:00:00
P1598,WH01,9,0.1,0.5,1500.0,500.0,2024-01-01 00:00:00
P1598,WH01,10,0.1,0.5,1500.0,500.0,2024-01-01 00:00:00
P1598,WH03,1,0.1,0.5,1500.0,500.0,2024-01-01 00:00:00
P1598,WH03,2,0.1,0.5,1500.0,500.0,2024-01-01 00:00:00
P1598,WH03,3,0.1,0.5,1500.0,500.0,2024-01-01 00:00:00
P1598,WH03,4,0.1,0.5,1500.0,500.0,2024-01-01 00:00:00
P1598,WH03,5,0.1,0.5,1500.0,500.0,2024-01-01 00:00:00
P1598,WH03,6,0.1,0.5,1500.0,500.0,2024-01-01 00:00:00
P1598,WH03,7,0.1,0.5,1500.0,500.0,2024-01-01 00:00:00
P1598,WH03,8,0.1,0.5,1500.0,500.0,2024-01-01 00:00:00
P1598,WH03,9,0.1,0.5,1500.0,500.0,2024-01-01 00:00:00
P1598,WH03,10,0.1,0.5,1500.0,500.0,2024-01-01 00:00:00
P1598,WH04,1,0.1,0.5,1500.0,500.0,2024-01-01 00:00:00
P1598,WH04,2,0.1,0.5,1500.0,500.0,2024-01-01 00:00:00
P1598,WH04,3,0.1,0.5,1500.0,500.0,2024-01-01 00:00:00
P1598,WH04,4,0.1,0.5,1500.0,500.0,2024-01-01 00:00:00
P1598,WH04,5,0.1,0.5,1500.0,500.0,2024-01-01 00:00:00
P1598,WH04,6,0.1,0.5,1500.0,500.0,2024-01-01 00:00:00
P1598,WH04,7,0.1,0.5,1500.0,500.0,2024-01-01 00:00:00
P1598,WH04,8,0.1,0.5,1500.0,500.0,2024-01-01 00:00:00
P1598,WH04,9,0.1,0.5,1500.0,500.0,2024-01-01 00:00:00
P1598,WH04,10,0.1,0.5,1500.0,500.0,2024-01-01 00:00:00
P1598,WH05,1,0.1,0.5,1500.0,500.0,2024-01-01 00:00:00
P1598,WH05,2,0.1,0.5,1500.0,500.0,2024-01-01 00:00:00
P1598,WH05,3,0.1,0.5,1500.0,500.0,2024-01-01 00:00:00
P1598,WH05,4,0.1,0.5,1500.0,500.0,2024-01-01 00:00:00
P1598,WH05,5,0.1,0.5,1500.0,500.0,2024-01-01 00:00:00
P1598,WH05,6,0.1,0.5,1500.0,500.0,2024-01-01 00:00:00
P1598,WH05,7,0.1,0.5,1500.0,500.0,2024-01-01 00:00:00
P1598,WH05,8,0.1,0.5,1500.0,500.0,2024-01-01 00:00:00
P1598,WH05,9,0.1,0.5,1500.0,500.0,2024-01-01 00:00:00
P1598,WH05,10,0.1,0.5,1500.0,500.0,2024-01-01 00:00:00
P1598,WH06,1,0.1,0.5,1500.0,500.0,2024-01-01 00:00:00
P1598,WH06,2,0.1,0.5,1500.0,500.0,2024-01-01 00:00:00
P1598,WH06,3,0.1,0.5,1500.0,500.0,2024-01-01 00:00:00
P1598,WH06,4,0.1,0.5,1500.0,500.0,2024-01-01 00:00:00
P1598,WH06,5,0.1,0.5,1500.0,500.0,2024-01-01 00:00:00
P1598,WH06,6,0.1,0.5,1500.0,500.0,2024-01-01 00:00:00
P1598,WH06,7,0.1,0.5,1500.0,500.0,2024-01-01 00:00:00
P1598,WH06,8,0.1,0.5,1500.0,500.0,2024-01-01 00:00:00
P1598,WH06,9,0.1,0.5,1500.0,500.0,2024-01-01 00:00:00
P1598,WH06,10,0.1,0.5,1500.0,500.0,2024-01-01 00:00:00
P1797,WH01,1,0.1,0.5,1500.0,500.0,2024-01-01 00:00:00
P1797,WH01,2,0.1,0.5,1500.0,500.0,2024-01-01 00:00:00
P1797,WH01,3,0.1,0.5,1500.0,500.0,2024-01-01 00:00:00
P1797,WH01,4,0.1,0.5,1500.0,500.0,2024-01-01 00:00:00
P1797,WH01,5,0.1,0.5,1500.0,500.0,2024-01-01 00:00:00
P1797,WH01,6,0.1,0.5,1500.0,500.0,2024-01-01 00:00:00
P1797,WH01,7,0.1,0.5,1500.0,500.0,2024-01-01 00:00:00
P1797,WH01,8,0.1,0.5,1500.0,500.0,2024-01-01 00:00:00
P1797,WH01,9,0.1,0.5,1500.0,500.0,2024-01-01 00:00:00
P1797,WH01,10,0.1,0.5,1500.0,500.0,2024-01-01 00:00:00
P1797,WH03,1,0.1,0.5,1500.0,500.0,2024-01-01 00:00:00
P1797,WH03,2,0.1,0.5,1500.0,500.0,2024-01-01 00:00:00
P1797,WH03,3,0.1,0.5,1500.0,500.0,2024-01-01 00:00:00
P1797,WH03,4,0.1,0.5,1500.0,500.0,2024-01-01 00:00:00
P1797,WH03,5,0.1,0.5,1500.0,500.0,2024-01-01 00:00:00
P1797,WH03,6,0.1,0.5,1500.0,500.0,2024-01-01 00:00:00
P1797,WH03,7,0.1,0.5,1500.0,500.0,2024-01-01 00:00:00
P1797,WH03,8,0.1,0.5,1500.0,500.0,2024-01-01 00:00:00
P1797,WH03,9,0.1,0.5,1500.0,500.0,2024-01-01 00:00:00
P1797,WH03,10,0.1,0.5,1500.0,500.0,2024-01-01 00:00:00
P1797,WH04,1,0.1,0.5,1500.0,500.0,2024-01-01 00:00:00
P1797,WH04,2,0.1,0.5,1500.0,500.0,2024-01-01 00:00:00
P1797,WH04,3,0.1,0.5,1500.0,500.0,2024-01-01 00:00:00
P1797,WH04,4,0.1,0.5,1500.0,500.0,2024-01-01 00:00:00
P1797,WH04,5,0.1,0.5,1500.0,500.0,2024-01-01 00:00:00
P1797,WH04,6,0.1,0.5,1500.0,500.0,2024-01-01 00:00:00
P1797,WH04,7,0.1,0.5,1500.0,500.0,2024-01-01 00:00:00
P1797,WH04,8,0.1,0.5,1500.0,500.0,2024-01-01 00:00:00
P1797,WH04,9,0.1,0.5,1500.0,500.0,2024-01-01 00:00:00
P1797,WH04,10,0.1,0.5,1500.0,500.0,2024-01-01 00:00:00
P1797,WH05,1,0.1,0.5,1500.0,500.0,2024-01-01 00:00:00
P1797,WH05,2,0.1,0.5,1500.0,500.0,2024-01-01 00:00:00
P1797,WH05,3,0.1,0.5,1500.0,500.0,2024-01-01 00:00:00
P1797,WH05,4,0.1,0.5,1500.0,500.0,2024-01-01 00:00:00
P1797,WH05,5,0.1,0.5,1500.0,500.0,2024-01-01 00:00:00
P1797,WH05,6,0.1,0.5,1500.0,500.0,2024-01-01 00:00:00
P1797,WH05,7,0.1,0.5,1500.0,500.0,2024-01-01 00:00:00
P1797,WH05,8,0.1,0.5,1500.0,500.0,2024-01-01 00:00:00
P1797,WH05,9,0.1,0.5,1500.0,500.0,2024-01-01 00:00:00
P1797,WH05,10,0.1,0.5,1500.0,500.0,2024-01-01 00:00:00
P1797,WH06,1,0.1,0.5,1500.0,500.0,2024-01-01 00:00:00
P1797,WH06,2,0.1,0.5,1500.0,500.0,2024-01-01 00:00:00
P1797,WH06,3,0.1,0.5,1500.0,500.0,2024-01-01 00:00:00
P1797,WH06,4,0.1,0.5,1500.0,500.0,2024-01-01 00:00:00
P1797,WH06,5,0.1,0.5,1500.0,500.0,2024-01-01 00:00:00
P1797,WH06,6,0.1,0.5,1500.0,500.0,2024-01-01 00:00:00
P1797,WH06,7,0.1,0.5,1500.0,500.0,2024-01-01 00:00:00
P1797,WH06,8,0.1,0.5,1500.0,500.0,2024-01-01 00:00:00
P1797,WH06,9,0.1,0.5,1500.0,500.0,2024-01-01 00:00:00
P1797,WH06,10,0.1,0.5,1500.0,500.0,2024-01-01 00:00:00
P1808,WH01,1,0.1,0.5,1500.0,500.0,2024-01-01 00:00:00
P1808,WH01,2,0.1,0.5,1500.0,500.0,2024-01-01 00:00:00
P1808,WH01,3,0.1,0.5,1500.0,500.0,2024-01-01 00:00:00
P1808,WH01,4,0.1,0.5,1500.0,500.0,2024-01-01 00:00:00
P1808,WH01,5,0.1,0.5,1500.0,500.0,2024-01-01 00:00:00
P1808,WH01,6,0.1,0.5,1500.0,500.0,2024-01-01 00:00:00
P1808,WH01,7,0.1,0.5,1500.0,500.0,2024-01-01 00:00:00
P1808,WH01,8,0.1,0.5,1500.0,500.0,2024-01-01 00:00:00
P1808,WH01,9,0.1,0.5,1500.0,500.0,2024-01-01 00:00:00
P1808,WH01,10,0.1,0.5,1500.0,500.0,2024-01-01 00:00:00
P1808,WH03,1,0.1,0.5,1500.0,500.0,2024-01-01 00:00:00
P1808,WH03,2,0.1,0.5,1500.0,500.0,2024-01-01 00:00:00
P1808,WH03,3,0.1,0.5,1500.0,500.0,2024-01-01 00:00:00
P1808,WH03,4,0.1,0.5,1500.0,500.0,2024-01-01 00:00:00
P1808,WH03,5,0.1,0.5,1500.0,500.0,2024-01-01 00:00:00
P1808,WH03,6,0.1,0.5,1500.0,500.0,2024-01-01 00:00:00
P1808,WH03,7,0.1,0.5,1500.0,500.0,2024-01-01 00:00:00
P1808,WH03,8,0.1,0.5,1500.0,500.0,2024-01-01 00:00:00
P1808,WH03,9,0.1,0.5,1500.0,500.0,2024-01-01 00:00:00
P1808,WH03,10,0.1,0.5,1500.0,500.0,2024-01-01 00:00:00
P1808,WH04,1,0.1,0.5,1500.0,500.0,2024-01-01 00:00:00
P1808,WH04,2,0.1,0.5,1500.0,500.0,2024-01-01 00:00:00
P1808,WH04,3,0.1,0.5,1500.0,500.0,2024-01-01 00:00:00
P1808,WH04,4,0.1,0.5,1500.0,500.0,2024-01-01 00:00:00
P1808,WH04,5,0.1,0.5,1500.0,500.0,2024-01-01 00:00:00
P1808,WH04,6,0.1,0.5,1500.0,500.0,2024-01-01 00:00:00
P1808,WH04,7,0.1,0.5,1500.0,500.0,2024-01-01 00:00:00
P1808,WH04,8,0.1,0.5,1500.0,500.0,2024-01-01 00:00:00
P1808,WH04,9,0.1,0.5,1500.0,500.0,2024-01-01 00:00:00
P1808,WH04,10,0.1,0.5,1500.0,500.0,2024-01-01 00:00:00
P1808,WH05,1,0.1,0.5,1500.0,500.0,2024-01-01 00:00:00
P1808,WH05,2,0.1,0.5,1500.0,500.0,2024-01-01 00:00:00
P1808,WH05,3,0.1,0.5,1500.0,500.0,2024-01-01 00:00:00
P1808,WH05,4,0.1,0.5,1500.0,500.0,2024-01-01 00:00:00
P1808,WH05,5,0.1,0.5,1500.0,500.0,2024-01-01 00:00:00
P1808,WH05,6,0.1,0.5,1500.0,500.0,2024-01-01 00:00:00
P1808,WH05,7,0.1,0.5,1500.0,500.0,2024-01-01 00:00:00
P1808,WH05,8,0.1,0.5,1500.0,500.0,2024-01-01 00:00:00
P1808,WH05,9,0.1,0.5,1500.0,500.0,2024-01-01 00:00:00
P1808,WH05,10,0.1,0.5,1500.0,500.0,2024-01-01 00:00:00
P1808,WH06,1,0.1,0.5,1500.0,500.0,2024-01-01 00:00:00
P1808,WH06,2,0.1,0.5,1500.0,500.0,2024-01-01 00:00:00
P1808,WH06,3,0.1,0.5,1500.0,500.0,2024-01-01 00:00:00
P1808,WH06,4,0.1,0.5,1500.0,500.0,2024-01-01 00:00:00
P1808,WH06,5,0.1,0.5,1500.0,500.0,2024-01-01 00:00:00
P1808,WH06,6,0.1,0.5,1500.0,500.0,2024-01-01 00:00:00
P1808,WH06,7,0.1,0.5,1500.0,500.0,2024-01-01 00:00:00
P1808,WH06,8,0.1,0.5,1500.0,500.0,2024-01-01 00:00:00
P1808,WH06,9,0.1,0.5,1500.0,500.0,2024-01-01 00:00:00
P1808,WH06,10,0.1,0.5,1500.0,500.0,2024-01-01 00:00:00
P1968,WH01,1,0.1,0.5,1500.0,500.0,2024-01-01 00:00:00
P1968,WH01,2,0.1,0.5,1500.0,500.0,2024-01-01 00:00:00
P1968,WH01,3,0.1,0.5,1500.0,500.0,2024-01-01 00:00:00
P1968,WH01,4,0.1,0.5,1500.0,500.0,2024-01-01 00:00:00
P1968,WH01,5,0.1,0.5,1500.0,500.0,2024-01-01 00:00:00
P1968,WH01,6,0.1,0.5,1500.0,500.0,2024-01-01 00:00:00
P1968,WH01,7,0.1,0.5,1500.0,500.0,2024-01-01 00:00:00
P1968,WH01,8,0.1,0.5,1500.0,500.0,2024-01-01 00:00:00
P1968,WH01,9,0.1,0.5,1500.0,500.0,2024-01-01 00:00:00
P1968,WH01,10,0.1,0.5,1500.0,500.0,2024-01-01 00:00:00
P1968,WH03,1,0.1,0.5,1500.0,500.0,2024-01-01 00:00:00
P1968,WH03,2,0.1,0.5,1500.0,500.0,2024-01-01 00:00:00
P1968,WH03,3,0.1,0.5,1500.0,500.0,2024-01-01 00:00:00
P1968,WH03,4,0.1,0.5,1500.0,500.0,2024-01-01 00:00:00
P1968,WH03,5,0.1,0.5,1500.0,500.0,2024-01-01 00:00:00
P1968,WH03,6,0.1,0.5,1500.0,500.0,2024-01-01 00:00:00
P1968,WH03,7,0.1,0.5,1500.0,500.0,2024-01-01 00:00:00
P1968,WH03,8,0.1,0.5,1500.0,500.0,2024-01-01 00:00:00
P1968,WH03,9,0.1,0.5,1500.0,500.0,2024-01-01 00:00:00
P1968,WH03,10,0.1,0.5,1500.0,500.0,2024-01-01 00:00:00
P1968,WH04,1,0.1,0.5,1500.0,500.0,2024-01-01 00:00:00
P1968,WH04,2,0.1,0.5,1500.0,500.0,2024-01-01 00:00:00
P1968,WH04,3,0.1,0.5,1500.0,500.0,2024-01-01 00:00:00
P1968,WH04,4,0.1,0.5,1500.0,500.0,2024-01-01 00:00:00
P1968,WH04,5,0.1,0.5,1500.0,500.0,2024-01-01 00:00:00
P1968,WH04,6,0.1,0.5,1500.0,500.0,2024-01-01 00:00:00
P1968,WH04,7,0.1,0.5,1500.0,500.0,2024-01-01 00:00:00
P1968,WH04,8,0.1,0.5,1500.0,500.0,2024-01-01 00:00:00
P1968,WH04,9,0.1,0.5,1500.0,500.0,2024-01-01 00:00:00
P1968,WH04,10,0.1,0.5,1500.0,500.0,2024-01-01 00:00:00
P1968,WH05,1,0.1,0.5,1500.0,500.0,2024-01-01 00:00:00
P1968,WH05,2,0.1,0.5,1500.0,500.0,2024-01-01 00:00:00
P1968,WH05,3,0.1,0.5,1500.0,500.0,2024-01-01 00:00:00
P1968,WH05,4,0.1,0.5,1500.0,500.0,2024-01-01 00:00:00
P1968,WH05,5,0.1,0.5,1500.0,500.0,2024-01-01 00:00:00
P1968,WH05,6,0.1,0.5,1500.0,500.0,2024-01-01 00:00:00
P1968,WH05,7,0.1,0.5,1500.0,500.0,2024-01-01 00:00:00
P1968,WH05,8,0.1,0.5,1500.0,500.0,2024-01-01 00:00:00
P1968,WH05,9,0.1,0.5,1500.0,500.0,2024-01-01 00:00:00
P1968,WH05,10,0.1,0.5,1500.0,500.0,2024-01-01 00:00:00
P1968,WH06,1,0.1,0.5,1500.0,500.0,2024-01-01 00:00:00
P1968,WH06,2,0.1,0.5,1500.0,500.0,2024-01-01 00:00:00
P1968,WH06,3,0.1,0.5,1500.0,500.0,2024-01-01 00:00:00
P1968,WH06,4,0.1,0.5,1500.0,500.0,2024-01-01 00:00:00
P1968,WH06,5,0.1,0.5,1500.0,500.0,2024-01-01 00:00:00
P1968,WH06,6,0.1,0.5,1500.0,500.0,2024-01-01 00:00:00
P1968,WH06,7,0.1,0.5,1500.0,500.0,2024-01-01 00:00:00
P1968,WH06,8,0.1,0.5,1500.0,500.0,2024-01-01 00:00:00
P1968,WH06,9,0.1,0.5,1500.0,500.0,2024-01-01 00:00:00
P1968,WH06,10,0.1,0.5,1500.0,500.0,2024-01-01 00:00:00
P2113,WH01,1,0.1,0.5,1500.0,500.0,2024-01-01 00:00:00
P2113,WH01,2,0.1,0.5,1500.0,500.0,2024-01-01 00:00:00
P2113,WH01,3,0.1,0.5,1500.0,500.0,2024-01-01 00:00:00
P2113,WH01,4,0.1,0.5,1500.0,500.0,2024-01-01 00:00:00
P2113,WH01,5,0.1,0.5,1500.0,500.0,2024-01-01 00:00:00
P2113,WH01,6,0.1,0.5,1500.0,500.0,2024-01-01 00:00:00
P2113,WH01,7,0.1,0.5,1500.0,500.0,2024-01-01 00:00:00
P2113,WH01,8,0.1,0.5,1500.0,500.0,2024-01-01 00:00:00
P2113,WH01,9,0.1,0.5,1500.0,500.0,2024-01-01 00:00:00
P2113,WH01,10,0.1,0.5,1500.0,500.0,2024-01-01 00:00:00
P2113,WH03,1,0.1,0.5,1500.0,500.0,2024-01-01 00:00:00
P2113,WH03,2,0.1,0.5,1500.0,500.0,2024-01-01 00:00:00
P2113,WH03,3,0.1,0.5,1500.0,500.0,2024-01-01 00:00:00
P2113,WH03,4,0.1,0.5,1500.0,500.0,2024-01-01 00:00:00
P2113,WH03,5,0.1,0.5,1500.0,500.0,2024-01-01 00:00:00
P2113,WH03,6,0.1,0.5,1500.0,500.0,2024-01-01 00:00:00
P2113,WH03,7,0.1,0.5,1500.0,500.0,2024-01-01 00:00:00
P2113,WH03,8,0.1,0.5,1500.0,500.0,2024-01-01 00:00:00
P2113,WH03,9,0.1,0.5,1500.0,500.0,2024-01-01 00:00:00
P2113,WH03,10,0.1,0.5,1500.0,500.0,2024-01-01 00:00:00
P2113,WH04,1,0.1,0.5,1500.0,500.0,2024-01-01 00:00:00
P2113,WH04,2,0.1,0.5,1500.0,500.0,2024-01-01 00:00:00
P2113,WH04,3,0.1,0.5,1500.0,500.0,2024-01-01 00:00:00
P2113,WH04,4,0.1,0.5,1500.0,500.0,2024-01-01 00:00:00
P2113,WH04,5,0.1,0.5,1500.0,500.0,2024-01-01 00:00:00
P2113,WH04,6,0.1,0.5,1500.0,500.0,2024-01-01 00:00:00
P2113,WH04,7,0.1,0.5,1500.0,500.0,2024-01-01 00:00:00
P2113,WH04,8,0.1,0.5,1500.0,500.0,2024-01-01 00:00:00
P2113,WH04,9,0.1,0.5,1500.0,500.0,2024-01-01 00:00:00
P2113,WH04,10,0.1,0.5,1500.0,500.0,2024-01-01 00:00:00
P2113,WH05,1,0.1,0.5,1500.0,500.0,2024-01-01 00:00:00
P2113,WH05,2,0.1,0.5,1500.0,500.0,2024-01-01 00:00:00
P2113,WH05,3,0.1,0.5,1500.0,500.0,2024-01-01 00:00:00
P2113,WH05,4,0.1,0.5,1500.0,500.0,2024-01-01 00:00:00
P2113,WH05,5,0.1,0.5,1500.0,500.0,2024-01-01 00:00:00
P2113,WH05,6,0.1,0.5,1500.0,500.0,2024-01-01 00:00:00
P2113,WH05,7,0.1,0.5,1500.0,500.0,2024-01-01 00:00:00
P2113,WH05,8,0.1,0.5,1500.0,500.0,2024-01-01 00:00:00
P2113,WH05,9,0.1,0.5,1500.0,500.0,2024-01-01 00:00:00
P2113,WH05,10,0.1,0.5,1500.0,500.0,2024-01-01 00:00:00
P2113,WH06,1,0.1,0.5,1500.0,500.0,2024-01-01 00:00:00
P2113,WH06,2,0.1,0.5,1500.0,500.0,2024-01-01 00:00:00
P2113,WH06,3,0.1,0.5,1500.0,500.0,2024-01-01 00:00:00
P2113,WH06,4,0.1,0.5,1500.0,500.0,2024-01-01 00:00:00
P2113,WH06,5,0.1,0.5,1500.0,500.0,2024-01-01 00:00:00
P2113,WH06,6,0.1,0.5,1500.0,500.0,2024-01-01 00:00:00
P2113,WH06,7,0.1,0.5,1500.0,500.0,2024-01-01 00:00:00
P2113,WH06,8,0.1,0.5,1500.0,500.0,2024-01-01 00:00:00
P2113,WH06,9,0.1,0.5,1500.0,500.0,2024-01-01 00:00:00
P2113,WH06,10,0.1,0.5,1500.0,500.0,2024-01-01 00:00:00
P2156,WH01,1,0.1,0.5,1500.0,750.0,2024-01-01 00:00:00
P2156,WH01,2,0.1,0.5,1500.0,750.0,2024-01-01 00:00:00
P2156,WH01,3,0.1,0.5,1500.0,750.0,2024-01-01 00:00:00
P2156,WH01,4,0.1,0.5,1500.0,750.0,2024-01-01 00:00:00
P2156,WH01,5,0.1,0.5,1500.0,750.0,2024-01-01 00:00:00
P2156,WH01,6,0.1,0.5,1500.0,750.0,2024-01-01 00:00:00
P2156,WH01,7,0.1,0.5,1500.0,750.0,2024-01-01 00:00:00
P2156,WH01,8,0.1,0.5,1500.0,750.0,2024-01-01 00:00:00
P2156,WH01,9,0.1,0.5,1500.0,750.0,2024-01-01 00:00:00
P2156,WH01,10,0.1,0.5,1500.0,750.0,2024-01-01 00:00:00
P2156,WH03,1,0.1,0.5,1500.0,750.0,2024-01-01 00:00:00
P2156,WH03,2,0.1,0.5,1500.0,750.0,2024-01-01 00:00:00
P2156,WH03,3,0.1,0.5,1500.0,750.0,2024-01-01 00:00:00
P2156,WH03,4,0.1,0.5,1500.0,750.0,2024-01-01 00:00:00
P2156,WH03,5,0.1,0.5,1500.0,750.0,2024-01-01 00:00:00
P2156,WH03,6,0.1,0.5,1500.0,750.0,2024-01-01 00:00:00
P2156,WH03,7,0.1,0.5,1500.0,750.0,2024-01-01 00:00:00
P2156,WH03,8,0.1,0.5,1500.0,750.0,2024-01-01 00:00:00
P2156,WH03,9,0.1,0.5,1500.0,750.0,2024-01-01 00:00:00
P2156,WH03,10,0.1,0.5,1500.0,750.0,2024-01-01 00:00:00
P2156,WH04,1,0.1,0.5,1500.0,750.0,2024-01-01 00:00:00
P2156,WH04,2,0.1,0.5,1500.0,750.0,2024-01-01 00:00:00
P2156,WH04,3,0.1,0.5,1500.0,750.0,2024-01-01 00:00:00
P2156,WH04,4,0.1,0.5,1500.0,750.0,2024-01-01 00:00:00
P2156,WH04,5,0.1,0.5,1500.0,750.0,2024-01-01 00:00:00
P2156,WH04,6,0.1,0.5,1500.0,750.0,2024-01-01 00:00:00
P2156,WH04,7,0.1,0.5,1500.0,750.0,2024-01-01 00:00:00
P2156,WH04,8,0.1,0.5,1500.0,750.0,2024-01-01 00:00:00
P2156,WH04,9,0.1,0.5,1500.0,750.0,2024-01-01 00:00:00
P2156,WH04,10,0.1,0.5,1500.0,750.0,2024-01-01 00:00:00
P2156,WH05,1,0.1,0.5,1500.0,750.0,2024-01-01 00:00:00
P2156,WH05,2,0.1,0.5,1500.0,750.0,2024-01-01 00:00:00
P2156,WH05,3,0.1,0.5,1500.0,750.0,2024-01-01 00:00:00
P2156,WH05,4,0.1,0.5,1500.0,750.0,2024-01-01 00:00:00
P2156,WH05,5,0.1,0.5,1500.0,750.0,2024-01-01 00:00:00
P2156,WH05,6,0.1,0.5,1500.0,750.0,2024-01-01 00:00:00
P2156,WH05,7,0.1,0.5,1500.0,750.0,2024-01-01 00:00:00
P2156,WH05,8,0.1,0.5,1500.0,750.0,2024-01-01 00:00:00
P2156,WH05,9,0.1,0.5,1500.0,750.0,2024-01-01 00:00:00
P2156,WH05,10,0.1,0.5,1500.0,750.0,2024-01-01 00:00:00
P2156,WH06,1,0.1,0.5,1500.0,750.0,2024-01-01 00:00:00
P2156,WH06,2,0.1,0.5,1500.0,750.0,2024-01-01 00:00:00
P2156,WH06,3,0.1,0.5,1500.0,750.0,2024-01-01 00:00:00
P2156,WH06,4,0.1,0.5,1500.0,750.0,2024-01-01 00:00:00
P2156,WH06,5,0.1,0.5,1500.0,750.0,2024-01-01 00:00:00
P2156,WH06,6,0.1,0.5,1500.0,750.0,2024-01-01 00:00:00
P2156,WH06,7,0.1,0.5,1500.0,750.0,2024-01-01 00:00:00
P2156,WH06,8,0.1,0.5,1500.0,750.0,2024-01-01 00:00:00
P2156,WH06,9,0.1,0.5,1500.0,750.0,2024-01-01 00:00:00
P2156,WH06,10,0.1,0.5,1500.0,750.0,2024-01-01 00:00:00
P2157,WH01,1,0.1,0.5,1500.0,750.0,2024-01-01 00:00:00
P2157,WH01,2,0.1,0.5,1500.0,750.0,2024-01-01 00:00:00
P2157,WH01,3,0.1,0.5,1500.0,750.0,2024-01-01 00:00:00
P2157,WH01,4,0.1,0.5,1500.0,750.0,2024-01-01 00:00:00
P2157,WH01,5,0.1,0.5,1500.0,750.0,2024-01-01 00:00:00
P2157,WH01,6,0.1,0.5,1500.0,750.0,2024-01-01 00:00:00
P2157,WH01,7,0.1,0.5,1500.0,750.0,2024-01-01 00:00:00
P2157,WH01,8,0.1,0.5,1500.0,750.0,2024-01-01 00:00:00
P2157,WH01,9,0.1,0.5,1500.0,750.0,2024-01-01 00:00:00
P2157,WH01,10,0.1,0.5,1500.0,750.0,2024-01-01 00:00:00
P2157,WH03,1,0.1,0.5,1500.0,750.0,2024-01-01 00:00:00
P2157,WH03,2,0.1,0.5,1500.0,750.0,2024-01-01 00:00:00
P2157,WH03,3,0.1,0.5,1500.0,750.0,2024-01-01 00:00:00
P2157,WH03,4,0.1,0.5,1500.0,750.0,2024-01-01 00:00:00
P2157,WH03,5,0.1,0.5,1500.0,750.0,2024-01-01 00:00:00
P2157,WH03,6,0.1,0.5,1500.0,750.0,2024-01-01 00:00:00
P2157,WH03,7,0.1,0.5,1500.0,750.0,2024-01-01 00:00:00
P2157,WH03,8,0.1,0.5,1500.0,750.0,2024-01-01 00:00:00
P2157,WH03,9,0.1,0.5,1500.0,750.0,2024-01-01 00:00:00
P2157,WH03,10,0.1,0.5,1500.0,750.0,2024-01-01 00:00:00
P2157,WH04,1,0.1,0.5,1500.0,750.0,2024-01-01 00:00:00
P2157,WH04,2,0.1,0.5,1500.0,750.0,2024-01-01 00:00:00
P2157,WH04,3,0.1,0.5,1500.0,750.0,2024-01-01 00:00:00
P2157,WH04,4,0.1,0.5,1500.0,750.0,2024-01-01 00:00:00
P2157,WH04,5,0.1,0.5,1500.0,750.0,2024-01-01 00:00:00
P2157,WH04,6,0.1,0.5,1500.0,750.0,2024-01-01 00:00:00
P2157,WH04,7,0.1,0.5,1500.0,750.0,2024-01-01 00:00:00
P2157,WH04,8,0.1,0.5,1500.0,750.0,2024-01-01 00:00:00
P2157,WH04,9,0.1,0.5,1500.0,750.0,2024-01-01 00:00:00
P2157,WH04,10,0.1,0.5,1500.0,750.0,2024-01-01 00:00:00
P2157,WH05,1,0.1,0.5,1500.0,750.0,2024-01-01 00:00:00
P2157,WH05,2,0.1,0.5,1500.0,750.0,2024-01-01 00:00:00
P2157,WH05,3,0.1,0.5,1500.0,750.0,2024-01-01 00:00:00
P2157,WH05,4,0.1,0.5,1500.0,750.0,2024-01-01 00:00:00
P2157,WH05,5,0.1,0.5,1500.0,750.0,2024-01-01 00:00:00
P2157,WH05,6,0.1,0.5,1500.0,750.0,2024-01-01 00:00:00
P2157,WH05,7,0.1,0.5,1500.0,750.0,2024-01-01 00:00:00
P2157,WH05,8,0.1,0.5,1500.0,750.0,2024-01-01 00:00:00
P2157,WH05,9,0.1,0.5,1500.0,750.0,2024-01-01 00:00:00
P2157,WH05,10,0.1,0.5,1500.0,750.0,2024-01-01 00:00:00
P2157,WH06,1,0.1,0.5,1500.0,750.0,2024-01-01 00:00:00
P2157,WH06,2,0.1,0.5,1500.0,750.0,2024-01-01 00:00:00
P2157,WH06,3,0.1,0.5,1500.0,750.0,2024-01-01 00:00:00
P2157,WH06,4,0.1,0.5,1500.0,750.0,2024-01-01 00:00:00
P2157,WH06,5,0.1,0.5,1500.0,750.0,2024-01-01 00:00:00
P2157,WH06,6,0.1,0.5,1500.0,750.0,2024-01-01 00:00:00
P2157,WH06,7,0.1,0.5,1500.0,750.0,2024-01-01 00:00:00
P2157,WH06,8,0.1,0.5,1500.0,750.0,2024-01-01 00:00:00
P2157,WH06,9,0.1,0.5,1500.0,750.0,2024-01-01 00:00:00
P2157,WH06,10,0.1,0.5,1500.0,750.0,2024-01-01 00:00:00
P2159,WH01,1,0.1,0.5,1500.0,750.0,2024-01-01 00:00:00
P2159,WH01,2,0.1,0.5,1500.0,750.0,2024-01-01 00:00:00
P2159,WH01,3,0.1,0.5,1500.0,750.0,2024-01-01 00:00:00
P2159,WH01,4,0.1,0.5,1500.0,750.0,2024-01-01 00:00:00
P2159,WH01,5,0.1,0.5,1500.0,750.0,2024-01-01 00:00:00
P2159,WH01,6,0.1,0.5,1500.0,750.0,2024-01-01 00:00:00
P2159,WH01,7,0.1,0.5,1500.0,750.0,2024-01-01 00:00:00
P2159,WH01,8,0.1,0.5,1500.0,750.0,2024-01-01 00:00:00
P2159,WH01,9,0.1,0.5,1500.0,750.0,2024-01-01 00:00:00
P2159,WH01,10,0.1,0.5,1500.0,750.0,2024-01-01 00:00:00
P2159,WH03,1,0.1,0.5,1500.0,750.0,2024-01-01 00:00:00
P2159,WH03,2,0.1,0.5,1500.0,750.0,2024-01-01 00:00:00
P2159,WH03,3,0.1,0.5,1500.0,750.0,2024-01-01 00:00:00
P2159,WH03,4,0.1,0.5,1500.0,750.0,2024-01-01 00:00:00
P2159,WH03,5,0.1,0.5,1500.0,750.0,2024-01-01 00:00:00
P2159,WH03,6,0.1,0.5,1500.0,750.0,2024-01-01 00:00:00
P2159,WH03,7,0.1,0.5,1500.0,750.0,2024-01-01 00:00:00
P2159,WH03,8,0.1,0.5,1500.0,750.0,2024-01-01 00:00:00
P2159,WH03,9,0.1,0.5,1500.0,750.0,2024-01-01 00:00:00
P2159,WH03,10,0.1,0.5,1500.0,750.0,2024-01-01 00:00:00
P2159,WH04,1,0.1,0.5,1500.0,750.0,2024-01-01 00:00:00
P2159,WH04,2,0.1,0.5,1500.0,750.0,2024-01-01 00:00:00
P2159,WH04,3,0.1,0.5,1500.0,750.0,2024-01-01 00:00:00
P2159,WH04,4,0.1,0.5,1500.0,750.0,2024-01-01 00:00:00
P2159,WH04,5,0.1,0.5,1500.0,750.0,2024-01-01 00:00:00
P2159,WH04,6,0.1,0.5,1500.0,750.0,2024-01-01 00:00:00
P2159,WH04,7,0.1,0.5,1500.0,750.0,2024-01-01 00:00:00
P2159,WH04,8,0.1,0.5,1500.0,750.0,2024-01-01 00:00:00
P2159,WH04,9,0.1,0.5,1500.0,750.0,2024-01-01 00:00:00
P2159,WH04,10,0.1,0.5,1500.0,750.0,2024-01-01 00:00:00
P2159,WH05,1,0.1,0.5,1500.0,750.0,2024-01-01 00:00:00
P2159,WH05,2,0.1,0.5,1500.0,750.0,2024-01-01 00:00:00
P2159,WH05,3,0.1,0.5,1500.0,750.0,2024-01-01 00:00:00
P2159,WH05,4,0.1,0.5,1500.0,750.0,2024-01-01 00:00:00
P2159,WH05,5,0.1,0.5,1500.0,750.0,2024-01-01 00:00:00
P2159,WH05,6,0.1,0.5,1500.0,750.0,2024-01-01 00:00:00
P2159,WH05,7,0.1,0.5,1500.0,750.0,2024-01-01 00:00:00
P2159,WH05,8,0.1,0.5,1500.0,750.0,2024-01-01 00:00:00
P2159,WH05,9,0.1,0.5,1500.0,750.0,2024-01-01 00:00:00
P2159,WH05,10,0.1,0.5,1500.0,750.0,2024-01-01 00:00:00
P2159,WH06,1,0.1,0.5,1500.0,750.0,2024-01-01 00:00:00
P2159,WH06,2,0.1,0.5,1500.0,750.0,2024-01-01 00:00:00
P2159,WH06,3,0.1,0.5,1500.0,750.0,2024-01-01 00:00:00
P2159,WH06,4,0.1,0.5,1500.0,750.0,2024-01-01 00:00:00
P2159,WH06,5,0.1,0.5,1500.0,750.0,2024-01-01 00:00:00
P2159,WH06,6,0.1,0.5,1500.0,750.0,2024-01-01 00:00:00
P2159,WH06,7,0.1,0.5,1500.0,750.0,2024-01-01 00:00:00
P2159,WH06,8,0.1,0.5,1500.0,750.0,2024-01-01 00:00:00
P2159,WH06,9,0.1,0.5,1500.0,750.0,2024-01-01 00:00:00
P2159,WH06,10,0.1,0.5,1500.0,750.0,2024-01-01 00:00:00
P2184,WH01,1,0.1,0.5,1500.0,500.0,2024-01-01 00:00:00
P2184,WH01,2,0.1,0.5,1500.0,500.0,2024-01-01 00:00:00
P2184,WH01,3,0.1,0.5,1500.0,500.0,2024-01-01 00:00:00
P2184,WH01,4,0.1,0.5,1500.0,500.0,2024-01-01 00:00:00
P2184,WH01,5,0.1,0.5,1500.0,500.0,2024-01-01 00:00:00
P2184,WH01,6,0.1,0.5,1500.0,500.0,2024-01-01 00:00:00
P2184,WH01,7,0.1,0.5,1500.0,500.0,2024-01-01 00:00:00
P2184,WH01,8,0.1,0.5,1500.0,500.0,2024-01-01 00:00:00
P2184,WH01,9,0.1,0.5,1500.0,500.0,2024-01-01 00:00:00
P2184,WH01,10,0.1,0.5,1500.0,500.0,2024-01-01 00:00:00
P2184,WH03,1,0.1,0.5,1500.0,500.0,2024-01-01 00:00:00
P2184,WH03,2,0.1,0.5,1500.0,500.0,2024-01-01 00:00:00
P2184,WH03,3,0.1,0.5,1500.0,500.0,2024-01-01 00:00:00
P2184,WH03,4,0.1,0.5,1500.0,500.0,2024-01-01 00:00:00
P2184,WH03,5,0.1,0.5,1500.0,500.0,2024-01-01 00:00:00
P2184,WH03,6,0.1,0.5,1500.0,500.0,2024-01-01 00:00:00
P2184,WH03,7,0.1,0.5,1500.0,500.0,2024-01-01 00:00:00
P2184,WH03,8,0.1,0.5,1500.0,500.0,2024-01-01 00:00:00
P2184,WH03,9,0.1,0.5,1500.0,500.0,2024-01-01 00:00:00
P2184,WH03,10,0.1,0.5,1500.0,500.0,2024-01-01 00:00:00
P2184,WH04,1,0.1,0.5,1500.0,500.0,2024-01-01 00:00:00
P2184,WH04,2,0.1,0.5,1500.0,500.0,2024-01-01 00:00:00
P2184,WH04,3,0.1,0.5,1500.0,500.0,2024-01-01 00:00:00
P2184,WH04,4,0.1,0.5,1500.0,500.0,2024-01-01 00:00:00
P2184,WH04,5,0.1,0.5,1500.0,500.0,2024-01-01 00:00:00
P2184,WH04,6,0.1,0.5,1500.0,500.0,2024-01-01 00:00:00
P2184,WH04,7,0.1,0.5,1500.0,500.0,2024-01-01 00:00:00
P2184,WH04,8,0.1,0.5,1500.0,500.0,2024-01-01 00:00:00
P2184,WH04,9,0.1,0.5,1500.0,500.0,2024-01-01 00:00:00
P2184,WH04,10,0.1,0.5,1500.0,500.0,2024-01-01 00:00:00
P2184,WH05,1,0.1,0.5,1500.0,500.0,2024-01-01 00:00:00
P2184,WH05,2,0.1,0.5,1500.0,500.0,2024-01-01 00:00:00
P2184,WH05,3,0.1,0.5,1500.0,500.0,2024-01-01 00:00:00
P2184,WH05,4,0.1,0.5,1500.0,500.0,2024-01-01 00:00:00
P2184,WH05,5,0.1,0.5,1500.0,500.0,2024-01-01 00:00:00
P2184,WH05,6,0.1,0.5,1500.0,500.0,2024-01-01 00:00:00
P2184,WH05,7,0.1,0.5,1500.0,500.0,2024-01-01 00:00:00
P2184,WH05,8,0.1,0.5,1500.0,500.0,2024-01-01 00:00:00
P2184,WH05,9,0.1,0.5,1500.0,500.0,2024-01-01 00:00:00
P2184,WH05,10,0.1,0.5,1500.0,500.0,2024-01-01 00:00:00
P2184,WH06,1,0.1,0.5,1500.0,500.0,2024-01-01 00:00:00
P2184,WH06,2,0.1,0.5,1500.0,500.0,2024-01-01 00:00:00
P2184,WH06,3,0.1,0.5,1500.0,500.0,2024-01-01 00:00:00
P2184,WH06,4,0.1,0.5,1500.0,500.0,2024-01-01 00:00:00
P2184,WH06,5,0.1,0.5,1500.0,500.0,2024-01-01 00:00:00
P2184,WH06,6,0.1,0.5,1500.0,500.0,2024-01-01 00:00:00
P2184,WH06,7,0.1,0.5,1500.0,500.0,2024-01-01 00:00:00
P2184,WH06,8,0.1,0.5,1500.0,500.0,2024-01-01 00:00:00
P2184,WH06,9,0.1,0.5,1500.0,500.0,2024-01-01 00:00:00
P2184,WH06,10,0.1,0.5,1500.0,500.0,2024-01-01 00:00:00
P0118,WH01,1,0.1,0.5,1500.0,750.0,2024-01-01 00:00:00
P0118,WH01,2,0.1,0.5,1500.0,750.0,2024-01-01 00:00:00
P0118,WH01,3,0.1,0.5,1500.0,750.0,2024-01-01 00:00:00
P0118,WH01,4,0.1,0.5,1500.0,750.0,2024-01-01 00:00:00
P0118,WH01,5,0.1,0.5,1500.0,750.0,2024-01-01 00:00:00
P0118,WH01,6,0.1,0.5,1500.0,750.0,2024-01-01 00:00:00
P0118,WH01,7,0.1,0.5,1500.0,750.0,2024-01-01 00:00:00
P0118,WH01,8,0.1,0.5,1500.0,750.0,2024-01-01 00:00:00
P0118,WH01,9,0.1,0.5,1500.0,750.0,2024-01-01 00:00:00
P0118,WH01,10,0.1,0.5,1500.0,750.0,2024-01-01 00:00:00
P0118,WH03,1,0.1,0.5,1500.0,750.0,2024-01-01 00:00:00
P0118,WH03,2,0.1,0.5,1500.0,750.0,2024-01-01 00:00:00
P0118,WH03,3,0.1,0.5,1500.0,750.0,2024-01-01 00:00:00
P0118,WH03,4,0.1,0.5,1500.0,750.0,2024-01-01 00:00:00
P0118,WH03,5,0.1,0.5,1500.0,750.0,2024-01-01 00:00:00
P0118,WH03,6,0.1,0.5,1500.0,750.0,2024-01-01 00:00:00
P0118,WH03,7,0.1,0.5,1500.0,750.0,2024-01-01 00:00:00
P0118,WH03,8,0.1,0.5,1500.0,750.0,2024-01-01 00:00:00
P0118,WH03,9,0.1,0.5,1500.0,750.0,2024-01-01 00:00:00
P0118,WH03,10,0.1,0.5,1500.0,750.0,2024-01-01 00:00:00
P0118,WH04,1,0.1,0.5,1500.0,750.0,2024-01-01 00:00:00
P0118,WH04,2,0.1,0.5,1500.0,750.0,2024-01-01 00:00:00
P0118,WH04,3,0.1,0.5,1500.0,750.0,2024-01-01 00:00:00
P0118,WH04,4,0.1,0.5,1500.0,750.0,2024-01-01 00:00:00
P0118,WH04,5,0.1,0.5,1500.0,750.0,2024-01-01 00:00:00
P0118,WH04,6,0.1,0.5,1500.0,750.0,2024-01-01 00:00:00
P0118,WH04,7,0.1,0.5,1500.0,750.0,2024-01-01 00:00:00
P0118,WH04,8,0.1,0.5,1500.0,750.0,2024-01-01 00:00:00
P0118,WH04,9,0.1,0.5,1500.0,750.0,2024-01-01 00:00:00
P0118,WH04,10,0.1,0.5,1500.0,750.0,2024-01-01 00:00:00
P0118,WH05,1,0.1,0.5,1500.0,750.0,2024-01-01 00:00:00
P0118,WH05,2,0.1,0.5,1500.0,750.0,2024-01-01 00:00:00
P0118,WH05,3,0.1,0.5,1500.0,750.0,2024-01-01 00:00:00
P0118,WH05,4,0.1,0.5,1500.0,750.0,2024-01-01 00:00:00
P0118,WH05,5,0.1,0.5,1500.0,750.0,2024-01-01 00:00:00
P0118,WH05,6,0.1,0.5,1500.0,750.0,2024-01-01 00:00:00
P0118,WH05,7,0.1,0.5,1500.0,750.0,2024-01-01 00:00:00
P0118,WH05,8,0.1,0.5,1500.0,750.0,2024-01-01 00:00:00
P0118,WH05,9,0.1,0.5,1500.0,750.0,2024-01-01 00:00:00
P0118,WH05,10,0.1,0.5,1500.0,750.0,2024-01-01 00:00:00
P0118,WH06,1,0.1,0.5,1500.0,750.0,2024-01-01 00:00:00
P0118,WH06,2,0.1,0.5,1500.0,750.0,2024-01-01 00:00:00
P0118,WH06,3,0.1,0.5,1500.0,750.0,2024-01-01 00:00:00
P0118,WH06,4,0.1,0.5,1500.0,750.0,2024-01-01 00:00:00
P0118,WH06,5,0.1,0.5,1500.0,750.0,2024-01-01 00:00:00
P0118,WH06,6,0.1,0.5,1500.0,750.0,2024-01-01 00:00:00
P0118,WH06,7,0.1,0.5,1500.0,750.0,2024-01-01 00:00:00
P0118,WH06,8,0.1,0.5,1500.0,750.0,2024-01-01 00:00:00
P0118,WH06,9,0.1,0.5,1500.0,750.0,2024-01-01 00:00:00
P0118,WH06,10,0.1,0.5,1500.0,750.0,2024-01-01 00:00:00
P0140,WH01,1,0.1,0.5,1500.0,750.0,2024-01-01 00:00:00
P0140,WH01,2,0.1,0.5,1500.0,750.0,2024-01-01 00:00:00
P0140,WH01,3,0.1,0.5,1500.0,750.0,2024-01-01 00:00:00
P0140,WH01,4,0.1,0.5,1500.0,750.0,2024-01-01 00:00:00
P0140,WH01,5,0.1,0.5,1500.0,750.0,2024-01-01 00:00:00
P0140,WH01,6,0.1,0.5,1500.0,750.0,2024-01-01 00:00:00
P0140,WH01,7,0.1,0.5,1500.0,750.0,2024-01-01 00:00:00
P0140,WH01,8,0.1,0.5,1500.0,750.0,2024-01-01 00:00:00
P0140,WH01,9,0.1,0.5,1500.0,750.0,2024-01-01 00:00:00
P0140,WH01,10,0.1,0.5,1500.0,750.0,2024-01-01 00:00:00
P0140,WH03,1,0.1,0.5,1500.0,750.0,2024-01-01 00:00:00
P0140,WH03,2,0.1,0.5,1500.0,750.0,2024-01-01 00:00:00
P0140,WH03,3,0.1,0.5,1500.0,750.0,2024-01-01 00:00:00
P0140,WH03,4,0.1,0.5,1500.0,750.0,2024-01-01 00:00:00
P0140,WH03,5,0.1,0.5,1500.0,750.0,2024-01-01 00:00:00
P0140,WH03,6,0.1,0.5,1500.0,750.0,2024-01-01 00:00:00
P0140,WH03,7,0.1,0.5,1500.0,750.0,2024-01-01 00:00:00
P0140,WH03,8,0.1,0.5,1500.0,750.0,2024-01-01 00:00:00
P0140,WH03,9,0.1,0.5,1500.0,750.0,2024-01-01 00:00:00
P0140,WH03,10,0.1,0.5,1500.0,750.0,2024-01-01 00:00:00
P0140,WH04,1,0.1,0.5,1500.0,750.0,2024-01-01 00:00:00
P0140,WH04,2,0.1,0.5,1500.0,750.0,2024-01-01 00:00:00
P0140,WH04,3,0.1,0.5,1500.0,750.0,2024-01-01 00:00:00
P0140,WH04,4,0.1,0.5,1500.0,750.0,2024-01-01 00:00:00
P0140,WH04,5,0.1,0.5,1500.0,750.0,2024-01-01 00:00:00
P0140,WH04,6,0.1,0.5,1500.0,750.0,2024-01-01 00:00:00
P0140,WH04,7,0.1,0.5,1500.0,750.0,2024-01-01 00:00:00
P0140,WH04,8,0.1,0.5,1500.0,750.0,2024-01-01 00:00:00
P0140,WH04,9,0.1,0.5,1500.0,750.0,2024-01-01 00:00:00
P0140,WH04,10,0.1,0.5,1500.0,750.0,2024-01-01 00:00:00
P0140,WH05,1,0.1,0.5,1500.0,750.0,2024-01-01 00:00:00
P0140,WH05,2,0.1,0.5,1500.0,750.0,2024-01-01 00:00:00
P0140,WH05,3,0.1,0.5,1500.0,750.0,2024-01-01 00:00:00
P0140,WH05,4,0.1,0.5,1500.0,750.0,2024-01-01 00:00:00
P0140,WH05,5,0.1,0.5,1500.0,750.0,2024-01-01 00:00:00
P0140,WH05,6,0.1,0.5,1500.0,750.0,2024-01-01 00:00:00
P0140,WH05,7,0.1,0.5,1500.0,750.0,2024-01-01 00:00:00
P0140,WH05,8,0.1,0.5,1500.0,750.0,2024-01-01 00:00:00
P0140,WH05,9,0.1,0.5,1500.0,750.0,2024-01-01 00:00:00
P0140,WH05,10,0.1,0.5,1500.0,750.0,2024-01-01 00:00:00
P0140,WH06,1,0.1,0.5,1500.0,750.0,2024-01-01 00:00:00
P0140,WH06,2,0.1,0.5,1500.0,750.0,2024-01-01 00:00:00
P0140,WH06,3,0.1,0.5,1500.0,750.0,2024-01-01 00:00:00
P0140,WH06,4,0.1,0.5,1500.0,750.0,2024-01-01 00:00:00
P0140,WH06,5,0.1,0.5,1500.0,750.0,2024-01-01 00:00:00
P0140,WH06,6,0.1,0.5,1500.0,750.0,2024-01-01 00:00:00
P0140,WH06,7,0.1,0.5,1500.0,750.0,2024-01-01 00:00:00
P0140,WH06,8,0.1,0.5,1500.0,750.0,2024-01-01 00:00:00
P0140,WH06,9,0.1,0.5,1500.0,750.0,2024-01-01 00:00:00
P0140,WH06,10,0.1,0.5,1500.0,750.0,2024-01-01 00:00:00
P0155,WH01,1,0.1,0.5,1500.0,500.0,2024-01-01 00:00:00
P0155,WH01,2,0.1,0.5,1500.0,500.0,2024-01-01 00:00:00
P0155,WH01,3,0.1,0.5,1500.0,500.0,2024-01-01 00:00:00
P0155,WH01,4,0.1,0.5,1500.0,500.0,2024-01-01 00:00:00
P0155,WH01,5,0.1,0.5,1500.0,500.0,2024-01-01 00:00:00
P0155,WH01,6,0.1,0.5,1500.0,500.0,2024-01-01 00:00:00
P0155,WH01,7,0.1,0.5,1500.0,500.0,2024-01-01 00:00:00
P0155,WH01,8,0.1,0.5,1500.0,500.0,2024-01-01 00:00:00
P0155,WH01,9,0.1,0.5,1500.0,500.0,2024-01-01 00:00:00
P0155,WH01,10,0.1,0.5,1500.0,500.0,2024-01-01 00:00:00
P0155,WH03,1,0.1,0.5,1500.0,500.0,2024-01-01 00:00:00
P0155,WH03,2,0.1,0.5,1500.0,500.0,2024-01-01 00:00:00
P0155,WH03,3,0.1,0.5,1500.0,500.0,2024-01-01 00:00:00
P0155,WH03,4,0.1,0.5,1500.0,500.0,2024-01-01 00:00:00
P0155,WH03,5,0.1,0.5,1500.0,500.0,2024-01-01 00:00:00
P0155,WH03,6,0.1,0.5,1500.0,500.0,2024-01-01 00:00:00
P0155,WH03,7,0.1,0.5,1500.0,500.0,2024-01-01 00:00:00
P0155,WH03,8,0.1,0.5,1500.0,500.0,2024-01-01 00:00:00
P0155,WH03,9,0.1,0.5,1500.0,500.0,2024-01-01 00:00:00
P0155,WH03,10,0.1,0.5,1500.0,500.0,2024-01-01 00:00:00
P0155,WH04,1,0.1,0.5,1500.0,500.0,2024-01-01 00:00:00
P0155,WH04,2,0.1,0.5,1500.0,500.0,2024-01-01 00:00:00
P0155,WH04,3,0.1,0.5,1500.0,500.0,2024-01-01 00:00:00
P0155,WH04,4,0.1,0.5,1500.0,500.0,2024-01-01 00:00:00
P0155,WH04,5,0.1,0.5,1500.0,500.0,2024-01-01 00:00:00
P0155,WH04,6,0.1,0.5,1500.0,500.0,2024-01-01 00:00:00
P0155,WH04,7,0.1,0.5,1500.0,500.0,2024-01-01 00:00:00
P0155,WH04,8,0.1,0.5,1500.0,500.0,2024-01-01 00:00:00
P0155,WH04,9,0.1,0.5,1500.0,500.0,2024-01-01 00:00:00
P0155,WH04,10,0.1,0.5,1500.0,500.0,2024-01-01 00:00:00
P0155,WH05,1,0.1,0.5,1500.0,500.0,2024-01-01 00:00:00
P0155,WH05,2,0.1,0.5,1500.0,500.0,2024-01-01 00:00:00
P0155,WH05,3,0.1,0.5,1500.0,500.0,2024-01-01 00:00:00
P0155,WH05,4,0.1,0.5,1500.0,500.0,2024-01-01 00:00:00
P0155,WH05,5,0.1,0.5,1500.0,500.0,2024-01-01 00:00:00
P0155,WH05,6,0.1,0.5,1500.0,500.0,2024-01-01 00:00:00
P0155,WH05,7,0.1,0.5,1500.0,500.0,2024-01-01 00:00:00
P0155,WH05,8,0.1,0.5,1500.0,500.0,2024-01-01 00:00:00
P0155,WH05,9,0.1,0.5,1500.0,500.0,2024-01-01 00:00:00
P0155,WH05,10,0.1,0.5,1500.0,500.0,2024-01-01 00:00:00
P0155,WH06,1,0.1,0.5,1500.0,500.0,2024-01-01 00:00:00
P0155,WH06,2,0.1,0.5,1500.0,500.0,2024-01-01 00:00:00
P0155,WH06,3,0.1,0.5,1500.0,500.0,2024-01-01 00:00:00
P0155,WH06,4,0.1,0.5,1500.0,500.0,2024-01-01 00:00:00
P0155,WH06,5,0.1,0.5,1500.0,500.0,2024-01-01 00:00:00
P0155,WH06,6,0.1,0.5,1500.0,500.0,2024-01-01 00:00:00
P0155,WH06,7,0.1,0.5,1500.0,500.0,2024-01-01 00:00:00
P0155,WH06,8,0.1,0.5,1500.0,500.0,2024-01-01 00:00:00
P0155,WH06,9,0.1,0.5,1500.0,500.0,2024-01-01 00:00:00
P0155,WH06,10,0.1,0.5,1500.0,500.0,2024-01-01 00:00:00
P0188,WH01,1,0.1,0.5,1500.0,500.0,2024-01-01 00:00:00
P0188,WH01,2,0.1,0.5,1500.0,500.0,2024-01-01 00:00:00
P0188,WH01,3,0.1,0.5,1500.0,500.0,2024-01-01 00:00:00
P0188,WH01,4,0.1,0.5,1500.0,500.0,2024-01-01 00:00:00
P0188,WH01,5,0.1,0.5,1500.0,500.0,2024-01-01 00:00:00
P0188,WH01,6,0.1,0.5,1500.0,500.0,2024-01-01 00:00:00
P0188,WH01,7,0.1,0.5,1500.0,500.0,2024-01-01 00:00:00
P0188,WH01,8,0.1,0.5,1500.0,500.0,2024-01-01 00:00:00
P0188,WH01,9,0.1,0.5,1500.0,500.0,2024-01-01 00:00:00
P0188,WH01,10,0.1,0.5,1500.0,500.0,2024-01-01 00:00:00
P0188,WH03,1,0.1,0.5,1500.0,500.0,2024-01-01 00:00:00
P0188,WH03,2,0.1,0.5,1500.0,500.0,2024-01-01 00:00:00
P0188,WH03,3,0.1,0.5,1500.0,500.0,2024-01-01 00:00:00
P0188,WH03,4,0.1,0.5,1500.0,500.0,2024-01-01 00:00:00
P0188,WH03,5,0.1,0.5,1500.0,500.0,2024-01-01 00:00:00
P0188,WH03,6,0.1,0.5,1500.0,500.0,2024-01-01 00:00:00
P0188,WH03,7,0.1,0.5,1500.0,500.0,2024-01-01 00:00:00
P0188,WH03,8,0.1,0.5,1500.0,500.0,2024-01-01 00:00:00
P0188,WH03,9,0.1,0.5,1500.0,500.0,2024-01-01 00:00:00
P0188,WH03,10,0.1,0.5,1500.0,500.0,2024-01-01 00:00:00
P0188,WH04,1,0.1,0.5,1500.0,500.0,2024-01-01 00:00:00
P0188,WH04,2,0.1,0.5,1500.0,500.0,2024-01-01 00:00:00
P0188,WH04,3,0.1,0.5,1500.0,500.0,2024-01-01 00:00:00
P0188,WH04,4,0.1,0.5,1500.0,500.0,2024-01-01 00:00:00
P0188,WH04,5,0.1,0.5,1500.0,500.0,2024-01-01 00:00:00
P0188,WH04,6,0.1,0.5,1500.0,500.0,2024-01-01 00:00:00
P0188,WH04,7,0.1,0.5,1500.0,500.0,2024-01-01 00:00:00
P0188,WH04,8,0.1,0.5,1500.0,500.0,2024-01-01 00:00:00
P0188,WH04,9,0.1,0.5,1500.0,500.0,2024-01-01 00:00:00
P0188,WH04,10,0.1,0.5,1500.0,500.0,2024-01-01 00:00:00
P0188,WH05,1,0.1,0.5,1500.0,500.0,2024-01-01 00:00:00
P0188,WH05,2,0.1,0.5,1500.0,500.0,2024-01-01 00:00:00
P0188,WH05,3,0.1,0.5,1500.0,500.0,2024-01-01 00:00:00
P0188,WH05,4,0.1,0.5,1500.0,500.0,2024-01-01 00:00:00
P0188,WH05,5,0.1,0.5,1500.0,500.0,2024-01-01 00:00:00
P0188,WH05,6,0.1,0.5,1500.0,500.0,2024-01-01 00:00:00
P0188,WH05,7,0.1,0.5,1500.0,500.0,2024-01-01 00:00:00
P0188,WH05,8,0.1,0.5,1500.0,500.0,2024-01-01 00:00:00
P0188,WH05,9,0.1,0.5,1500.0,500.0,2024-01-01 00:00:00
P0188,WH05,10,0.1,0.5,1500.0,500.0,2024-01-01 00:00:00
P0188,WH06,1,0.1,0.5,1500.0,500.0,2024-01-01 00:00:00
P0188,WH06,2,0.1,0.5,1500.0,500.0,2024-01-01 00:00:00
P0188,WH06,3,0.1,0.5,1500.0,500.0,2024-01-01 00:00:00
P0188,WH06,4,0.1,0.5,1500.0,500.0,2024-01-01 00:00:00
P0188,WH06,5,0.1,0.5,1500.0,500.0,2024-01-01 00:00:00
P0188,WH06,6,0.1,0.5,1500.0,500.0,2024-01-01 00:00:00
P0188,WH06,7,0.1,0.5,1500.0,500.0,2024-01-01 00:00:00
P0188,WH06,8,0.1,0.5,1500.0,500.0,2024-01-01 00:00:00
P0188,WH06,9,0.1,0.5,1500.0,500.0,2024-01-01 00:00:00
P0188,WH06,10,0.1,0.5,1500.0,500.0,2024-01-01 00:00:00
P0231,WH01,1,0.1,0.5,1500.0,500.0,2024-01-01 00:00:00
P0231,WH01,2,0.1,0.5,1500.0,500.0,2024-01-01 00:00:00
P0231,WH01,3,0.1,0.5,1500.0,500.0,2024-01-01 00:00:00
P0231,WH01,4,0.1,0.5,1500.0,500.0,2024-01-01 00:00:00
P0231,WH01,5,0.1,0.5,1500.0,500.0,2024-01-01 00:00:00
P0231,WH01,6,0.1,0.5,1500.0,500.0,2024-01-01 00:00:00
P0231,WH01,7,0.1,0.5,1500.0,500.0,2024-01-01 00:00:00
P0231,WH01,8,0.1,0.5,1500.0,500.0,2024-01-01 00:00:00
P0231,WH01,9,0.1,0.5,1500.0,500.0,2024-01-01 00:00:00
P0231,WH01,10,0.1,0.5,1500.0,500.0,2024-01-01 00:00:00
P0231,WH03,1,0.1,0.5,1500.0,500.0,2024-01-01 00:00:00
P0231,WH03,2,0.1,0.5,1500.0,500.0,2024-01-01 00:00:00
P0231,WH03,3,0.1,0.5,1500.0,500.0,2024-01-01 00:00:00
P0231,WH03,4,0.1,0.5,1500.0,500.0,2024-01-01 00:00:00
P0231,WH03,5,0.1,0.5,1500.0,500.0,2024-01-01 00:00:00
P0231,WH03,6,0.1,0.5,1500.0,500.0,2024-01-01 00:00:00
P0231,WH03,7,0.1,0.5,1500.0,500.0,2024-01-01 00:00:00
P0231,WH03,8,0.1,0.5,1500.0,500.0,2024-01-01 00:00:00
P0231,WH03,9,0.1,0.5,1500.0,500.0,2024-01-01 00:00:00
P0231,WH03,10,0.1,0.5,1500.0,500.0,2024-01-01 00:00:00
P0231,WH04,1,0.1,0.5,1500.0,500.0,2024-01-01 00:00:00
P0231,WH04,2,0.1,0.5,1500.0,500.0,2024-01-01 00:00:00
P0231,WH04,3,0.1,0.5,1500.0,500.0,2024-01-01 00:00:00
P0231,WH04,4,0.1,0.5,1500.0,500.0,2024-01-01 00:00:00
P0231,WH04,5,0.1,0.5,1500.0,500.0,2024-01-01 00:00:00
P0231,WH04,6,0.1,0.5,1500.0,500.0,2024-01-01 00:00:00
P0231,WH04,7,0.1,0.5,1500.0,500.0,2024-01-01 00:00:00
P0231,WH04,8,0.1,0.5,1500.0,500.0,2024-01-01 00:00:00
P0231,WH04,9,0.1,0.5,1500.0,500.0,2024-01-01 00:00:00
P0231,WH04,10,0.1,0.5,1500.0,500.0,2024-01-01 00:00:00
P0231,WH05,1,0.1,0.5,1500.0,500.0,2024-01-01 00:00:00
P0231,WH05,2,0.1,0.5,1500.0,500.0,2024-01-01 00:00:00
P0231,WH05,3,0.1,0.5,1500.0,500.0,2024-01-01 00:00:00
P0231,WH05,4,0.1,0.5,1500.0,500.0,2024-01-01 00:00:00
P0231,WH05,5,0.1,0.5,1500.0,500.0,2024-01-01 00:00:00
P0231,WH05,6,0.1,0.5,1500.0,500.0,2024-01-01 00:00:00
P0231,WH05,7,0.1,0.5,1500.0,500.0,2024-01-01 00:00:00
P0231,WH05,8,0.1,0.5,1500.0,500.0,2024-01-01 00:00:00
P0231,WH05,9,0.1,0.5,1500.0,500.0,2024-01-01 00:00:00
P0231,WH05,10,0.1,0.5,1500.0,500.0,2024-01-01 00:00:00
P0231,WH06,1,0.1,0.5,1500.0,500.0,2024-01-01 00:00:00
P0231,WH06,2,0.1,0.5,1500.0,500.0,2024-01-01 00:00:00
P0231,WH06,3,0.1,0.5,1500.0,500.0,2024-01-01 00:00:00
P0231,WH06,4,0.1,0.5,1500.0,500.0,2024-01-01 00:00:00
P0231,WH06,5,0.1,0.5,1500.0,500.0,2024-01-01 00:00:00
P0231,WH06,6,0.1,0.5,1500.0,500.0,2024-01-01 00:00:00
P0231,WH06,7,0.1,0.5,1500.0,500.0,2024-01-01 00:00:00
P0231,WH06,8,0.1,0.5,1500.0,500.0,2024-01-01 00:00:00
P0231,WH06,9,0.1,0.5,1500.0,500.0,2024-01-01 00:00:00
P0231,WH06,10,0.1,0.5,1500.0,500.0,2024-01-01 00:00:00
P0281,WH01,1,0.1,0.5,1500.0,750.0,2024-01-01 00:00:00
P0281,WH01,2,0.1,0.5,1500.0,750.0,2024-01-01 00:00:00
P0281,WH01,3,0.1,0.5,1500.0,750.0,2024-01-01 00:00:00
P0281,WH01,4,0.1,0.5,1500.0,750.0,2024-01-01 00:00:00
P0281,WH01,5,0.1,0.5,1500.0,750.0,2024-01-01 00:00:00
P0281,WH01,6,0.1,0.5,1500.0,750.0,2024-01-01 00:00:00
P0281,WH01,7,0.1,0.5,1500.0,750.0,2024-01-01 00:00:00
P0281,WH01,8,0.1,0.5,1500.0,750.0,2024-01-01 00:00:00
P0281,WH01,9,0.1,0.5,1500.0,750.0,2024-01-01 00:00:00
P0281,WH01,10,0.1,0.5,1500.0,750.0,2024-01-01 00:00:00
P0281,WH03,1,0.1,0.5,1500.0,750.0,2024-01-01 00:00:00
P0281,WH03,2,0.1,0.5,1500.0,750.0,2024-01-01 00:00:00
P0281,WH03,3,0.1,0.5,1500.0,750.0,2024-01-01 00:00:00
P0281,WH03,4,0.1,0.5,1500.0,750.0,2024-01-01 00:00:00
P0281,WH03,5,0.1,0.5,1500.0,750.0,2024-01-01 00:00:00
P0281,WH03,6,0.1,0.5,1500.0,750.0,2024-01-01 00:00:00
P0281,WH03,7,0.1,0.5,1500.0,750.0,2024-01-01 00:00:00
P0281,WH03,8,0.1,0.5,1500.0,750.0,2024-01-01 00:00:00
P0281,WH03,9,0.1,0.5,1500.0,750.0,2024-01-01 00:00:00
P0281,WH03,10,0.1,0.5,1500.0,750.0,2024-01-01 00:00:00
P0281,WH04,1,0.1,0.5,1500.0,750.0,2024-01-01 00:00:00
P0281,WH04,2,0.1,0.5,1500.0,750.0,2024-01-01 00:00:00
P0281,WH04,3,0.1,0.5,1500.0,750.0,2024-01-01 00:00:00
P0281,WH04,4,0.1,0.5,1500.0,750.0,2024-01-01 00:00:00
P0281,WH04,5,0.1,0.5,1500.0,750.0,2024-01-01 00:00:00
P0281,WH04,6,0.1,0.5,1500.0,750.0,2024-01-01 00:00:00
P0281,WH04,7,0.1,0.5,1500.0,750.0,2024-01-01 00:00:00
P0281,WH04,8,0.1,0.5,1500.0,750.0,2024-01-01 00:00:00
P0281,WH04,9,0.1,0.5,1500.0,750.0,2024-01-01 00:00:00
P0281,WH04,10,0.1,0.5,1500.0,750.0,2024-01-01 00:00:00
P0281,WH05,1,0.1,0.5,1500.0,750.0,2024-01-01 00:00:00
P0281,WH05,2,0.1,0.5,1500.0,750.0,2024-01-01 00:00:00
P0281,WH05,3,0.1,0.5,1500.0,750.0,2024-01-01 00:00:00
P0281,WH05,4,0.1,0.5,1500.0,750.0,2024-01-01 00:00:00
P0281,WH05,5,0.1,0.5,1500.0,750.0,2024-01-01 00:00:00
P0281,WH05,6,0.1,0.5,1500.0,750.0,2024-01-01 00:00:00
P0281,WH05,7,0.1,0.5,1500.0,750.0,2024-01-01 00:00:00
P0281,WH05,8,0.1,0.5,1500.0,750.0,2024-01-01 00:00:00
P0281,WH05,9,0.1,0.5,1500.0,750.0,2024-01-01 00:00:00
P0281,WH05,10,0.1,0.5,1500.0,750.0,2024-01-01 00:00:00
P0281,WH06,1,0.1,0.5,1500.0,750.0,2024-01-01 00:00:00
P0281,WH06,2,0.1,0.5,1500.0,750.0,2024-01-01 00:00:00
P0281,WH06,3,0.1,0.5,1500.0,750.0,2024-01-01 00:00:00
P0281,WH06,4,0.1,0.5,1500.0,750.0,2024-01-01 00:00:00
P0281,WH06,5,0.1,0.5,1500.0,750.0,2024-01-01 00:00:00
P0281,WH06,6,0.1,0.5,1500.0,750.0,2024-01-01 00:00:00
P0281,WH06,7,0.1,0.5,1500.0,750.0,2024-01-01 00:00:00
P0281,WH06,8,0.1,0.5,1500.0,750.0,2024-01-01 00:00:00
P0281,WH06,9,0.1,0.5,1500.0,750.0,2024-01-01 00:00:00
P0281,WH06,10,0.1,0.5,1500.0,750.0,2024-01-01 00:00:00
P0404,WH01,1,0.1,0.5,1500.0,500.0,2024-01-01 00:00:00
P0404,WH01,2,0.1,0.5,1500.0,500.0,2024-01-01 00:00:00
P0404,WH01,3,0.1,0.5,1500.0,500.0,2024-01-01 00:00:00
P0404,WH01,4,0.1,0.5,1500.0,500.0,2024-01-01 00:00:00
P0404,WH01,5,0.1,0.5,1500.0,500.0,2024-01-01 00:00:00
P0404,WH01,6,0.1,0.5,1500.0,500.0,2024-01-01 00:00:00
P0404,WH01,7,0.1,0.5,1500.0,500.0,2024-01-01 00:00:00
P0404,WH01,8,0.1,0.5,1500.0,500.0,2024-01-01 00:00:00
P0404,WH01,9,0.1,0.5,1500.0,500.0,2024-01-01 00:00:00
P0404,WH01,10,0.1,0.5,1500.0,500.0,2024-01-01 00:00:00
P0404,WH03,1,0.1,0.5,1500.0,500.0,2024-01-01 00:00:00
P0404,WH03,2,0.1,0.5,1500.0,500.0,2024-01-01 00:00:00
P0404,WH03,3,0.1,0.5,1500.0,500.0,2024-01-01 00:00:00
P0404,WH03,4,0.1,0.5,1500.0,500.0,2024-01-01 00:00:00
P0404,WH03,5,0.1,0.5,1500.0,500.0,2024-01-01 00:00:00
P0404,WH03,6,0.1,0.5,1500.0,500.0,2024-01-01 00:00:00
P0404,WH03,7,0.1,0.5,1500.0,500.0,2024-01-01 00:00:00
P0404,WH03,8,0.1,0.5,1500.0,500.0,2024-01-01 00:00:00
P0404,WH03,9,0.1,0.5,1500.0,500.0,2024-01-01 00:00:00
P0404,WH03,10,0.1,0.5,1500.0,500.0,2024-01-01 00:00:00
P0404,WH04,1,0.1,0.5,1500.0,500.0,2024-01-01 00:00:00
P0404,WH04,2,0.1,0.5,1500.0,500.0,2024-01-01 00:00:00
P0404,WH04,3,0.1,0.5,1500.0,500.0,2024-01-01 00:00:00
P0404,WH04,4,0.1,0.5,1500.0,500.0,2024-01-01 00:00:00
P0404,WH04,5,0.1,0.5,1500.0,500.0,2024-01-01 00:00:00
P0404,WH04,6,0.1,0.5,1500.0,500.0,2024-01-01 00:00:00
P0404,WH04,7,0.1,0.5,1500.0,500.0,2024-01-01 00:00:00
P0404,WH04,8,0.1,0.5,1500.0,500.0,2024-01-01 00:00:00
P0404,WH04,9,0.1,0.5,1500.0,500.0,2024-01-01 00:00:00
P0404,WH04,10,0.1,0.5,1500.0,500.0,2024-01-01 00:00:00
P0404,WH05,1,0.1,0.5,1500.0,500.0,2024-01-01 00:00:00
P0404,WH05,2,0.1,0.5,1500.0,500.0,2024-01-01 00:00:00
P0404,WH05,3,0.1,0.5,1500.0,500.0,2024-01-01 00:00:00
P0404,WH05,4,0.1,0.5,1500.0,500.0,2024-01-01 00:00:00
P0404,WH05,5,0.1,0.5,1500.0,500.0,2024-01-01 00:00:00
P0404,WH05,6,0.1,0.5,1500.0,500.0,2024-01-01 00:00:00
P0404,WH05,7,0.1,0.5,1500.0,500.0,2024-01-01 00:00:00
P0404,WH05,8,0.1,0.5,1500.0,500.0,2024-01-01 00:00:00
P0404,WH05,9,0.1,0.5,1500.0,500.0,2024-01-01 00:00:00
P0404,WH05,10,0.1,0.5,1500.0,500.0,2024-01-01 00:00:00
P0404,WH06,1,0.1,0.5,1500.0,500.0,2024-01-01 00:00:00
P0404,WH06,2,0.1,0.5,1500.0,500.0,2024-01-01 00:00:00
P0404,WH06,3,0.1,0.5,1500.0,500.0,2024-01-01 00:00:00
P0404,WH06,4,0.1,0.5,1500.0,500.0,2024-01-01 00:00:00
P0404,WH06,5,0.1,0.5,1500.0,500.0,2024-01-01 00:00:00
P0404,WH06,6,0.1,0.5,1500.0,500.0,2024-01-01 00:00:00
P0404,WH06,7,0.1,0.5,1500.0,500.0,2024-01-01 00:00:00
P0404,WH06,8,0.1,0.5,1500.0,500.0,2024-01-01 00:00:00
P0404,WH06,9,0.1,0.5,1500.0,500.0,2024-01-01 00:00:00
P0404,WH06,10,0.1,0.5,1500.0,500.0,2024-01-01 00:00:00
P0462,WH01,1,0.1,0.5,1500.0,500.0,2024-01-01 00:00:00
P0462,WH01,2,0.1,0.5,1500.0,500.0,2024-01-01 00:00:00
P0462,WH01,3,0.1,0.5,1500.0,500.0,2024-01-01 00:00:00
P0462,WH01,4,0.1,0.5,1500.0,500.0,2024-01-01 00:00:00
P0462,WH01,5,0.1,0.5,1500.0,500.0,2024-01-01 00:00:00
P0462,WH01,6,0.1,0.5,1500.0,500.0,2024-01-01 00:00:00
P0462,WH01,7,0.1,0.5,1500.0,500.0,2024-01-01 00:00:00
P0462,WH01,8,0.1,0.5,1500.0,500.0,2024-01-01 00:00:00
P0462,WH01,9,0.1,0.5,1500.0,500.0,2024-01-01 00:00:00
P0462,WH01,10,0.1,0.5,1500.0,500.0,2024-01-01 00:00:00
P0462,WH03,1,0.1,0.5,1500.0,500.0,2024-01-01 00:00:00
P0462,WH03,2,0.1,0.5,1500.0,500.0,2024-01-01 00:00:00
P0462,WH03,3,0.1,0.5,1500.0,500.0,2024-01-01 00:00:00
P0462,WH03,4,0.1,0.5,1500.0,500.0,2024-01-01 00:00:00
P0462,WH03,5,0.1,0.5,1500.0,500.0,2024-01-01 00:00:00
P0462,WH03,6,0.1,0.5,1500.0,500.0,2024-01-01 00:00:00
P0462,WH03,7,0.1,0.5,1500.0,500.0,2024-01-01 00:00:00
P0462,WH03,8,0.1,0.5,1500.0,500.0,2024-01-01 00:00:00
P0462,WH03,9,0.1,0.5,1500.0,500.0,2024-01-01 00:00:00
P0462,WH03,10,0.1,0.5,1500.0,500.0,2024-01-01 00:00:00
P0462,WH04,1,0.1,0.5,1500.0,500.0,2024-01-01 00:00:00
P0462,WH04,2,0.1,0.5,1500.0,500.0,2024-01-01 00:00:00
P0462,WH04,3,0.1,0.5,1500.0,500.0,2024-01-01 00:00:00
P0462,WH04,4,0.1,0.5,1500.0,500.0,2024-01-01 00:00:00
P0462,WH04,5,0.1,0.5,1500.0,500.0,2024-01-01 00:00:00
P0462,WH04,6,0.1,0.5,1500.0,500.0,2024-01-01 00:00:00
P0462,WH04,7,0.1,0.5,1500.0,500.0,2024-01-01 00:00:00
P0462,WH04,8,0.1,0.5,1500.0,500.0,2024-01-01 00:00:00
P0462,WH04,9,0.1,0.5,1500.0,500.0,2024-01-01 00:00:00
P0462,WH04,10,0.1,0.5,1500.0,500.0,2024-01-01 00:00:00
P0462,WH05,1,0.1,0.5,1500.0,500.0,2024-01-01 00:00:00
P0462,WH05,2,0.1,0.5,1500.0,500.0,2024-01-01 00:00:00
P0462,WH05,3,0.1,0.5,1500.0,500.0,2024-01-01 00:00:00
P0462,WH05,4,0.1,0.5,1500.0,500.0,2024-01-01 00:00:00
P0462,WH05,5,0.1,0.5,1500.0,500.0,2024-01-01 00:00:00
P0462,WH05,6,0.1,0.5,1500.0,500.0,2024-01-01 00:00:00
P0462,WH05,7,0.1,0.5,1500.0,500.0,2024-01-01 00:00:00
P0462,WH05,8,0.1,0.5,1500.0,500.0,2024-01-01 00:00:00
P0462,WH05,9,0.1,0.5,1500.0,500.0,2024-01-01 00:00:00
P0462,WH05,10,0.1,0.5,1500.0,500.0,2024-01-01 00:00:00
P0462,WH06,1,0.1,0.5,1500.0,500.0,2024-01-01 00:00:00
P0462,WH06,2,0.1,0.5,1500.0,500.0,2024-01-01 00:00:00
P0462,WH06,3,0.1,0.5,1500.0,500.0,2024-01-01 00:00:00
P0462,WH06,4,0.1,0.5,1500.0,500.0,2024-01-01 00:00:00
P0462,WH06,5,0.1,0.5,1500.0,500.0,2024-01-01 00:00:00
P0462,WH06,6,0.1,0.5,1500.0,500.0,2024-01-01 00:00:00
P0462,WH06,7,0.1,0.5,1500.0,500.0,2024-01-01 00:00:00
P0462,WH06,8,0.1,0.5,1500.0,500.0,2024-01-01 00:00:00
P0462,WH06,9,0.1,0.5,1500.0,500.0,2024-01-01 00:00:00
P0462,WH06,10,0.1,0.5,1500.0,500.0,2024-01-01 00:00:00
P0601,WH01,1,0.1,0.5,1500.0,500.0,2024-01-01 00:00:00
P0601,WH01,2,0.1,0.5,1500.0,500.0,2024-01-01 00:00:00
P0601,WH01,3,0.1,0.5,1500.0,500.0,2024-01-01 00:00:00
P0601,WH01,4,0.1,0.5,1500.0,500.0,2024-01-01 00:00:00
P0601,WH01,5,0.1,0.5,1500.0,500.0,2024-01-01 00:00:00
P0601,WH01,6,0.1,0.5,1500.0,500.0,2024-01-01 00:00:00
P0601,WH01,7,0.1,0.5,1500.0,500.0,2024-01-01 00:00:00
P0601,WH01,8,0.1,0.5,1500.0,500.0,2024-01-01 00:00:00
P0601,WH01,9,0.1,0.5,1500.0,500.0,2024-01-01 00:00:00
P0601,WH01,10,0.1,0.5,1500.0,500.0,2024-01-01 00:00:00
P0601,WH03,1,0.1,0.5,1500.0,500.0,2024-01-01 00:00:00
P0601,WH03,2,0.1,0.5,1500.0,500.0,2024-01-01 00:00:00
P0601,WH03,3,0.1,0.5,1500.0,500.0,2024-01-01 00:00:00
P0601,WH03,4,0.1,0.5,1500.0,500.0,2024-01-01 00:00:00
P0601,WH03,5,0.1,0.5,1500.0,500.0,2024-01-01 00:00:00
P0601,WH03,6,0.1,0.5,1500.0,500.0,2024-01-01 00:00:00
P0601,WH03,7,0.1,0.5,1500.0,500.0,2024-01-01 00:00:00
P0601,WH03,8,0.1,0.5,1500.0,500.0,2024-01-01 00:00:00
P0601,WH03,9,0.1,0.5,1500.0,500.0,2024-01-01 00:00:00
P0601,WH03,10,0.1,0.5,1500.0,500.0,2024-01-01 00:00:00
P0601,WH04,1,0.1,0.5,1500.0,500.0,2024-01-01 00:00:00
P0601,WH04,2,0.1,0.5,1500.0,500.0,2024-01-01 00:00:00
P0601,WH04,3,0.1,0.5,1500.0,500.0,2024-01-01 00:00:00
P0601,WH04,4,0.1,0.5,1500.0,500.0,2024-01-01 00:00:00
P0601,WH04,5,0.1,0.5,1500.0,500.0,2024-01-01 00:00:00
P0601,WH04,6,0.1,0.5,1500.0,500.0,2024-01-01 00:00:00
P0601,WH04,7,0.1,0.5,1500.0,500.0,2024-01-01 00:00:00
P0601,WH04,8,0.1,0.5,1500.0,500.0,2024-01-01 00:00:00
P0601,WH04,9,0.1,0.5,1500.0,500.0,2024-01-01 00:00:00
P0601,WH04,10,0.1,0.5,1500.0,500.0,2024-01-01 00:00:00
P0601,WH05,1,0.1,0.5,1500.0,500.0,2024-01-01 00:00:00
P0601,WH05,2,0.1,0.5,1500.0,500.0,2024-01-01 00:00:00
P0601,WH05,3,0.1,0.5,1500.0,500.0,2024-01-01 00:00:00
P0601,WH05,4,0.1,0.5,1500.0,500.0,2024-01-01 00:00:00
P0601,WH05,5,0.1,0.5,1500.0,500.0,2024-01-01 00:00:00
P0601,WH05,6,0.1,0.5,1500.0,500.0,2024-01-01 00:00:00
P0601,WH05,7,0.1,0.5,1500.0,500.0,2024-01-01 00:00:00
P0601,WH05,8,0.1,0.5,1500.0,500.0,2024-01-01 00:00:00
P0601,WH05,9,0.1,0.5,1500.0,500.0,2024-01-01 00:00:00
P0601,WH05,10,0.1,0.5,1500.0,500.0,2024-01-01 00:00:00
P0601,WH06,1,0.1,0.5,1500.0,500.0,2024-01-01 00:00:00
P0601,WH06,2,0.1,0.5,1500.0,500.0,2024-01-01 00:00:00
P0601,WH06,3,0.1,0.5,1500.0,500.0,2024-01-01 00:00:00
P0601,WH06,4,0.1,0.5,1500.0,500.0,2024-01-01 00:00:00
P0601,WH06,5,0.1,0.5,1500.0,500.0,2024-01-01 00:00:00
P0601,WH06,6,0.1,0.5,1500.0,500.0,2024-01-01 00:00:00
P0601,WH06,7,0.1,0.5,1500.0,500.0,2024-01-01 00:00:00
P0601,WH06,8,0.1,0.5,1500.0,500.0,2024-01-01 00:00:00
P0601,WH06,9,0.1,0.5,1500.0,500.0,2024-01-01 00:00:00
P0601,WH06,10,0.1,0.5,1500.0,500.0,2024-01-01 00:00:00
P0628,WH01,1,0.1,0.5,1500.0,500.0,2024-01-01 00:00:00
P0628,WH01,2,0.1,0.5,1500.0,500.0,2024-01-01 00:00:00
P0628,WH01,3,0.1,0.5,1500.0,500.0,2024-01-01 00:00:00
P0628,WH01,4,0.1,0.5,1500.0,500.0,2024-01-01 00:00:00
P0628,WH01,5,0.1,0.5,1500.0,500.0,2024-01-01 00:00:00
P0628,WH01,6,0.1,0.5,1500.0,500.0,2024-01-01 00:00:00
P0628,WH01,7,0.1,0.5,1500.0,500.0,2024-01-01 00:00:00
P0628,WH01,8,0.1,0.5,1500.0,500.0,2024-01-01 00:00:00
P0628,WH01,9,0.1,0.5,1500.0,500.0,2024-01-01 00:00:00
P0628,WH01,10,0.1,0.5,1500.0,500.0,2024-01-01 00:00:00
P0628,WH03,1,0.1,0.5,1500.0,500.0,2024-01-01 00:00:00
P0628,WH03,2,0.1,0.5,1500.0,500.0,2024-01-01 00:00:00
P0628,WH03,3,0.1,0.5,1500.0,500.0,2024-01-01 00:00:00
P0628,WH03,4,0.1,0.5,1500.0,500.0,2024-01-01 00:00:00
P0628,WH03,5,0.1,0.5,1500.0,500.0,2024-01-01 00:00:00
P0628,WH03,6,0.1,0.5,1500.0,500.0,2024-01-01 00:00:00
P0628,WH03,7,0.1,0.5,1500.0,500.0,2024-01-01 00:00:00
P0628,WH03,8,0.1,0.5,1500.0,500.0,2024-01-01 00:00:00
P0628,WH03,9,0.1,0.5,1500.0,500.0,2024-01-01 00:00:00
P0628,WH03,10,0.1,0.5,1500.0,500.0,2024-01-01 00:00:00
P0628,WH04,1,0.1,0.5,1500.0,500.0,2024-01-01 00:00:00
P0628,WH04,2,0.1,0.5,1500.0,500.0,2024-01-01 00:00:00
P0628,WH04,3,0.1,0.5,1500.0,500.0,2024-01-01 00:00:00
P0628,WH04,4,0.1,0.5,1500.0,500.0,2024-01-01 00:00:00
P0628,WH04,5,0.1,0.5,1500.0,500.0,2024-01-01 00:00:00
P0628,WH04,6,0.1,0.5,1500.0,500.0,2024-01-01 00:00:00
P0628,WH04,7,0.1,0.5,1500.0,500.0,2024-01-01 00:00:00
P0628,WH04,8,0.1,0.5,1500.0,500.0,2024-01-01 00:00:00
P0628,WH04,9,0.1,0.5,1500.0,500.0,2024-01-01 00:00:00
P0628,WH04,10,0.1,0.5,1500.0,500.0,2024-01-01 00:00:00
P0628,WH05,1,0.1,0.5,1500.0,500.0,2024-01-01 00:00:00
P0628,WH05,2,0.1,0.5,1500.0,500.0,2024-01-01 00:00:00
P0628,WH05,3,0.1,0.5,1500.0,500.0,2024-01-01 00:00:00
P0628,WH05,4,0.1,0.5,1500.0,500.0,2024-01-01 00:00:00
P0628,WH05,5,0.1,0.5,1500.0,500.0,2024-01-01 00:00:00
P0628,WH05,6,0.1,0.5,1500.0,500.0,2024-01-01 00:00:00
P0628,WH05,7,0.1,0.5,1500.0,500.0,2024-01-01 00:00:00
P0628,WH05,8,0.1,0.5,1500.0,500.0,2024-01-01 00:00:00
P0628,WH05,9,0.1,0.5,1500.0,500.0,2024-01-01 00:00:00
P0628,WH05,10,0.1,0.5,1500.0,500.0,2024-01-01 00:00:00
P0628,WH06,1,0.1,0.5,1500.0,500.0,2024-01-01 00:00:00
P0628,WH06,2,0.1,0.5,1500.0,500.0,2024-01-01 00:00:00
P0628,WH06,3,0.1,0.5,1500.0,500.0,2024-01-01 00:00:00
P0628,WH06,4,0.1,0.5,1500.0,500.0,2024-01-01 00:00:00
P0628,WH06,5,0.1,0.5,1500.0,500.0,2024-01-01 00:00:00
P0628,WH06,6,0.1,0.5,1500.0,500.0,2024-01-01 00:00:00
P0628,WH06,7,0.1,0.5,1500.0,500.0,2024-01-01 00:00:00
P0628,WH06,8,0.1,0.5,1500.0,500.0,2024-01-01 00:00:00
P0628,WH06,9,0.1,0.5,1500.0,500.0,2024-01-01 00:00:00
P0628,WH06,10,0.1,0.5,1500.0,500.0,2024-01-01 00:00:00
P0830,WH01,1,0.1,0.5,1500.0,750.0,2024-01-01 00:00:00
P0830,WH01,2,0.1,0.5,1500.0,750.0,2024-01-01 00:00:00
P0830,WH01,3,0.1,0.5,1500.0,750.0,2024-01-01 00:00:00
P0830,WH01,4,0.1,0.5,1500.0,750.0,2024-01-01 00:00:00
P0830,WH01,5,0.1,0.5,1500.0,750.0,2024-01-01 00:00:00
P0830,WH01,6,0.1,0.5,1500.0,750.0,2024-01-01 00:00:00
P0830,WH01,7,0.1,0.5,1500.0,750.0,2024-01-01 00:00:00
P0830,WH01,8,0.1,0.5,1500.0,750.0,2024-01-01 00:00:00
P0830,WH01,9,0.1,0.5,1500.0,750.0,2024-01-01 00:00:00
P0830,WH01,10,0.1,0.5,1500.0,750.0,2024-01-01 00:00:00
P0830,WH03,1,0.1,0.5,1500.0,750.0,2024-01-01 00:00:00
P0830,WH03,2,0.1,0.5,1500.0,750.0,2024-01-01 00:00:00
P0830,WH03,3,0.1,0.5,1500.0,750.0,2024-01-01 00:00:00
P0830,WH03,4,0.1,0.5,1500.0,750.0,2024-01-01 00:00:00
P0830,WH03,5,0.1,0.5,1500.0,750.0,2024-01-01 00:00:00
P0830,WH03,6,0.1,0.5,1500.0,750.0,2024-01-01 00:00:00
P0830,WH03,7,0.1,0.5,1500.0,750.0,2024-01-01 00:00:00
P0830,WH03,8,0.1,0.5,1500.0,750.0,2024-01-01 00:00:00
P0830,WH03,9,0.1,0.5,1500.0,750.0,2024-01-01 00:00:00
P0830,WH03,10,0.1,0.5,1500.0,750.0,2024-01-01 00:00:00
P0830,WH04,1,0.1,0.5,1500.0,750.0,2024-01-01 00:00:00
P0830,WH04,2,0.1,0.5,1500.0,750.0,2024-01-01 00:00:00
P0830,WH04,3,0.1,0.5,1500.0,750.0,2024-01-01 00:00:00
P0830,WH04,4,0.1,0.5,1500.0,750.0,2024-01-01 00:00:00
P0830,WH04,5,0.1,0.5,1500.0,750.0,2024-01-01 00:00:00
P0830,WH04,6,0.1,0.5,1500.0,750.0,2024-01-01 00:00:00
P0830,WH04,7,0.1,0.5,1500.0,750.0,2024-01-01 00:00:00
P0830,WH04,8,0.1,0.5,1500.0,750.0,2024-01-01 00:00:00
P0830,WH04,9,0.1,0.5,1500.0,750.0,2024-01-01 00:00:00
P0830,WH04,10,0.1,0.5,1500.0,750.0,2024-01-01 00:00:00
P0830,WH05,1,0.1,0.5,1500.0,750.0,2024-01-01 00:00:00
P0830,WH05,2,0.1,0.5,1500.0,750.0,2024-01-01 00:00:00
P0830,WH05,3,0.1,0.5,1500.0,750.0,2024-01-01 00:00:00
P0830,WH05,4,0.1,0.5,1500.0,750.0,2024-01-01 00:00:00
P0830,WH05,5,0.1,0.5,1500.0,750.0,2024-01-01 00:00:00
P0830,WH05,6,0.1,0.5,1500.0,750.0,2024-01-01 00:00:00
P0830,WH05,7,0.1,0.5,1500.0,750.0,2024-01-01 00:00:00
P0830,WH05,8,0.1,0.5,1500.0,750.0,2024-01-01 00:00:00
P0830,WH05,9,0.1,0.5,1500.0,750.0,2024-01-01 00:00:00
P0830,WH05,10,0.1,0.5,1500.0,750.0,2024-01-01 00:00:00
P0830,WH06,1,0.1,0.5,1500.0,750.0,2024-01-01 00:00:00
P0830,WH06,2,0.1,0.5,1500.0,750.0,2024-01-01 00:00:00
P0830,WH06,3,0.1,0.5,1500.0,750.0,2024-01-01 00:00:00
P0830,WH06,4,0.1,0.5,1500.0,750.0,2024-01-01 00:00:00
P0830,WH06,5,0.1,0.5,1500.0,750.0,2024-01-01 00:00:00
P0830,WH06,6,0.1,0.5,1500.0,750.0,2024-01-01 00:00:00
P0830,WH06,7,0.1,0.5,1500.0,750.0,2024-01-01 00:00:00
P0830,WH06,8,0.1,0.5,1500.0,750.0,2024-01-01 00:00:00
P0830,WH06,9,0.1,0.5,1500.0,750.0,2024-01-01 00:00:00
P0830,WH06,10,0.1,0.5,1500.0,750.0,2024-01-01 00:00:00
P0865,WH01,1,0.1,0.5,1500.0,500.0,2024-01-01 00:00:00
P0865,WH01,2,0.1,0.5,1500.0,500.0,2024-01-01 00:00:00
P0865,WH01,3,0.1,0.5,1500.0,500.0,2024-01-01 00:00:00
P0865,WH01,4,0.1,0.5,1500.0,500.0,2024-01-01 00:00:00
P0865,WH01,5,0.1,0.5,1500.0,500.0,2024-01-01 00:00:00
P0865,WH01,6,0.1,0.5,1500.0,500.0,2024-01-01 00:00:00
P0865,WH01,7,0.1,0.5,1500.0,500.0,2024-01-01 00:00:00
P0865,WH01,8,0.1,0.5,1500.0,500.0,2024-01-01 00:00:00
P0865,WH01,9,0.1,0.5,1500.0,500.0,2024-01-01 00:00:00
P0865,WH01,10,0.1,0.5,1500.0,500.0,2024-01-01 00:00:00
P0865,WH03,1,0.1,0.5,1500.0,500.0,2024-01-01 00:00:00
P0865,WH03,2,0.1,0.5,1500.0,500.0,2024-01-01 00:00:00
P0865,WH03,3,0.1,0.5,1500.0,500.0,2024-01-01 00:00:00
P0865,WH03,4,0.1,0.5,1500.0,500.0,2024-01-01 00:00:00
P0865,WH03,5,0.1,0.5,1500.0,500.0,2024-01-01 00:00:00
P0865,WH03,6,0.1,0.5,1500.0,500.0,2024-01-01 00:00:00
P0865,WH03,7,0.1,0.5,1500.0,500.0,2024-01-01 00:00:00
P0865,WH03,8,0.1,0.5,1500.0,500.0,2024-01-01 00:00:00
P0865,WH03,9,0.1,0.5,1500.0,500.0,2024-01-01 00:00:00
P0865,WH03,10,0.1,0.5,1500.0,500.0,2024-01-01 00:00:00
P0865,WH04,1,0.1,0.5,1500.0,500.0,2024-01-01 00:00:00
P0865,WH04,2,0.1,0.5,1500.0,500.0,2024-01-01 00:00:00
P0865,WH04,3,0.1,0.5,1500.0,500.0,2024-01-01 00:00:00
P0865,WH04,4,0.1,0.5,1500.0,500.0,2024-01-01 00:00:00
P0865,WH04,5,0.1,0.5,1500.0,500.0,2024-01-01 00:00:00
P0865,WH04,6,0.1,0.5,1500.0,500.0,2024-01-01 00:00:00
P0865,WH04,7,0.1,0.5,1500.0,500.0,2024-01-01 00:00:00
P0865,WH04,8,0.1,0.5,1500.0,500.0,2024-01-01 00:00:00
P0865,WH04,9,0.1,0.5,1500.0,500.0,2024-01-01 00:00:00
P0865,WH04,10,0.1,0.5,1500.0,500.0,2024-01-01 00:00:00
P0865,WH05,1,0.1,0.5,1500.0,500.0,2024-01-01 00:00:00
P0865,WH05,2,0.1,0.5,1500.0,500.0,2024-01-01 00:00:00
P0865,WH05,3,0.1,0.5,1500.0,500.0,2024-01-01 00:00:00
P0865,WH05,4,0.1,0.5,1500.0,500.0,2024-01-01 00:00:00
P0865,WH05,5,0.1,0.5,1500.0,500.0,2024-01-01 00:00:00
P0865,WH05,6,0.1,0.5,1500.0,500.0,2024-01-01 00:00:00
P0865,WH05,7,0.1,0.5,1500.0,500.0,2024-01-01 00:00:00
P0865,WH05,8,0.1,0.5,1500.0,500.0,2024-01-01 00:00:00
P0865,WH05,9,0.1,0.5,1500.0,500.0,2024-01-01 00:00:00
P0865,WH05,10,0.1,0.5,1500.0,500.0,2024-01-01 00:00:00
P0865,WH06,1,0.1,0.5,1500.0,500.0,2024-01-01 00:00:00
P0865,WH06,2,0.1,0.5,1500.0,500.0,2024-01-01 00:00:00
P0865,WH06,3,0.1,0.5,1500.0,500.0,2024-01-01 00:00:00
P0865,WH06,4,0.1,0.5,1500.0,500.0,2024-01-01 00:00:00
P0865,WH06,5,0.1,0.5,1500.0,500.0,2024-01-01 00:00:00
P0865,WH06,6,0.1,0.5,1500.0,500.0,2024-01-01 00:00:00
P0865,WH06,7,0.1,0.5,1500.0,500.0,2024-01-01 00:00:00
P0865,WH06,8,0.1,0.5,1500.0,500.0,2024-01-01 00:00:00
P0865,WH06,9,0.1,0.5,1500.0,500.0,2024-01-01 00:00:00
P0865,WH06,10,0.1,0.5,1500.0,500.0,2024-01-01 00:00:00
P1038,WH01,1,0.1,0.5,1500.0,500.0,2024-01-01 00:00:00
P1038,WH01,2,0.1,0.5,1500.0,500.0,2024-01-01 00:00:00
P1038,WH01,3,0.1,0.5,1500.0,500.0,2024-01-01 00:00:00
P1038,WH01,4,0.1,0.5,1500.0,500.0,2024-01-01 00:00:00
P1038,WH01,5,0.1,0.5,1500.0,500.0,2024-01-01 00:00:00
P1038,WH01,6,0.1,0.5,1500.0,500.0,2024-01-01 00:00:00
P1038,WH01,7,0.1,0.5,1500.0,500.0,2024-01-01 00:00:00
P1038,WH01,8,0.1,0.5,1500.0,500.0,2024-01-01 00:00:00
P1038,WH01,9,0.1,0.5,1500.0,500.0,2024-01-01 00:00:00
P1038,WH01,10,0.1,0.5,1500.0,500.0,2024-01-01 00:00:00
P1038,WH03,1,0.1,0.5,1500.0,500.0,2024-01-01 00:00:00
P1038,WH03,2,0.1,0.5,1500.0,500.0,2024-01-01 00:00:00
P1038,WH03,3,0.1,0.5,1500.0,500.0,2024-01-01 00:00:00
P1038,WH03,4,0.1,0.5,1500.0,500.0,2024-01-01 00:00:00
P1038,WH03,5,0.1,0.5,1500.0,500.0,2024-01-01 00:00:00
P1038,WH03,6,0.1,0.5,1500.0,500.0,2024-01-01 00:00:00
P1038,WH03,7,0.1,0.5,1500.0,500.0,2024-01-01 00:00:00
P1038,WH03,8,0.1,0.5,1500.0,500.0,2024-01-01 00:00:00
P1038,WH03,9,0.1,0.5,1500.0,500.0,2024-01-01 00:00:00
P1038,WH03,10,0.1,0.5,1500.0,500.0,2024-01-01 00:00:00
P1038,WH04,1,0.1,0.5,1500.0,500.0,2024-01-01 00:00:00
P1038,WH04,2,0.1,0.5,1500.0,500.0,2024-01-01 00:00:00
P1038,WH04,3,0.1,0.5,1500.0,500.0,2024-01-01 00:00:00
P1038,WH04,4,0.1,0.5,1500.0,500.0,2024-01-01 00:00:00
P1038,WH04,5,0.1,0.5,1500.0,500.0,2024-01-01 00:00:00
P1038,WH04,6,0.1,0.5,1500.0,500.0,2024-01-01 00:00:00
P1038,WH04,7,0.1,0.5,1500.0,500.0,2024-01-01 00:00:00
P1038,WH04,8,0.1,0.5,1500.0,500.0,2024-01-01 00:00:00
P1038,WH04,9,0.1,0.5,1500.0,500.0,2024-01-01 00:00:00
P1038,WH04,10,0.1,0.5,1500.0,500.0,2024-01-01 00:00:00
P1038,WH05,1,0.1,0.5,1500.0,500.0,2024-01-01 00:00:00
P1038,WH05,2,0.1,0.5,1500.0,500.0,2024-01-01 00:00:00
P1038,WH05,3,0.1,0.5,1500.0,500.0,2024-01-01 00:00:00
P1038,WH05,4,0.1,0.5,1500.0,500.0,2024-01-01 00:00:00
P1038,WH05,5,0.1,0.5,1500.0,500.0,2024-01-01 00:00:00
P1038,WH05,6,0.1,0.5,1500.0,500.0,2024-01-01 00:00:00
P1038,WH05,7,0.1,0.5,1500.0,500.0,2024-01-01 00:00:00
P1038,WH05,8,0.1,0.5,1500.0,500.0,2024-01-01 00:00:00
P1038,WH05,9,0.1,0.5,1500.0,500.0,2024-01-01 00:00:00
P1038,WH05,10,0.1,0.5,1500.0,500.0,2024-01-01 00:00:00
P1038,WH06,1,0.1,0.5,1500.0,500.0,2024-01-01 00:00:00
P1038,WH06,2,0.1,0.5,1500.0,500.0,2024-01-01 00:00:00
P1038,WH06,3,0.1,0.5,1500.0,500.0,2024-01-01 00:00:00
P1038,WH06,4,0.1,0.5,1500.0,500.0,2024-01-01 00:00:00
P1038,WH06,5,0.1,0.5,1500.0,500.0,2024-01-01 00:00:00
P1038,WH06,6,0.1,0.5,1500.0,500.0,2024-01-01 00:00:00
P1038,WH06,7,0.1,0.5,1500.0,500.0,2024-01-01 00:00:00
P1038,WH06,8,0.1,0.5,1500.0,500.0,2024-01-01 00:00:00
P1038,WH06,9,0.1,0.5,1500.0,500.0,2024-01-01 00:00:00
P1038,WH06,10,0.1,0.5,1500.0,500.0,2024-01-01 00:00:00
P1172,WH01,1,0.1,0.5,1500.0,500.0,2024-01-01 00:00:00
P1172,WH01,2,0.1,0.5,1500.0,500.0,2024-01-01 00:00:00
P1172,WH01,3,0.1,0.5,1500.0,500.0,2024-01-01 00:00:00
P1172,WH01,4,0.1,0.5,1500.0,500.0,2024-01-01 00:00:00
P1172,WH01,5,0.1,0.5,1500.0,500.0,2024-01-01 00:00:00
P1172,WH01,6,0.1,0.5,1500.0,500.0,2024-01-01 00:00:00
P1172,WH01,7,0.1,0.5,1500.0,500.0,2024-01-01 00:00:00
P1172,WH01,8,0.1,0.5,1500.0,500.0,2024-01-01 00:00:00
P1172,WH01,9,0.1,0.5,1500.0,500.0,2024-01-01 00:00:00
P1172,WH01,10,0.1,0.5,1500.0,500.0,2024-01-01 00:00:00
P1172,WH03,1,0.1,0.5,1500.0,500.0,2024-01-01 00:00:00
P1172,WH03,2,0.1,0.5,1500.0,500.0,2024-01-01 00:00:00
P1172,WH03,3,0.1,0.5,1500.0,500.0,2024-01-01 00:00:00
P1172,WH03,4,0.1,0.5,1500.0,500.0,2024-01-01 00:00:00
P1172,WH03,5,0.1,0.5,1500.0,500.0,2024-01-01 00:00:00
P1172,WH03,6,0.1,0.5,1500.0,500.0,2024-01-01 00:00:00
P1172,WH03,7,0.1,0.5,1500.0,500.0,2024-01-01 00:00:00
P1172,WH03,8,0.1,0.5,1500.0,500.0,2024-01-01 00:00:00
P1172,WH03,9,0.1,0.5,1500.0,500.0,2024-01-01 00:00:00
P1172,WH03,10,0.1,0.5,1500.0,500.0,2024-01-01 00:00:00
P1172,WH04,1,0.1,0.5,1500.0,500.0,2024-01-01 00:00:00
P1172,WH04,2,0.1,0.5,1500.0,500.0,2024-01-01 00:00:00
P1172,WH04,3,0.1,0.5,1500.0,500.0,2024-01-01 00:00:00
P1172,WH04,4,0.1,0.5,1500.0,500.0,2024-01-01 00:00:00
P1172,WH04,5,0.1,0.5,1500.0,500.0,2024-01-01 00:00:00
P1172,WH04,6,0.1,0.5,1500.0,500.0,2024-01-01 00:00:00
P1172,WH04,7,0.1,0.5,1500.0,500.0,2024-01-01 00:00:00
P1172,WH04,8,0.1,0.5,1500.0,500.0,2024-01-01 00:00:00
P1172,WH04,9,0.1,0.5,1500.0,500.0,2024-01-01 00:00:00
P1172,WH04,10,0.1,0.5,1500.0,500.0,2024-01-01 00:00:00
P1172,WH05,1,0.1,0.5,1500.0,500.0,2024-01-01 00:00:00
P1172,WH05,2,0.1,0.5,1500.0,500.0,2024-01-01 00:00:00
P1172,WH05,3,0.1,0.5,1500.0,500.0,2024-01-01 00:00:00
P1172,WH05,4,0.1,0.5,1500.0,500.0,2024-01-01 00:00:00
P1172,WH05,5,0.1,0.5,1500.0,500.0,2024-01-01 00:00:00
P1172,WH05,6,0.1,0.5,1500.0,500.0,2024-01-01 00:00:00
P1172,WH05,7,0.1,0.5,1500.0,500.0,2024-01-01 00:00:00
P1172,WH05,8,0.1,0.5,1500.0,500.0,2024-01-01 00:00:00
P1172,WH05,9,0.1,0.5,1500.0,500.0,2024-01-01 00:00:00
P1172,WH05,10,0.1,0.5,1500.0,500.0,2024-01-01 00:00:00
P1172,WH06,1,0.1,0.5,1500.0,500.0,2024-01-01 00:00:00
P1172,WH06,2,0.1,0.5,1500.0,500.0,2024-01-01 00:00:00
P1172,WH06,3,0.1,0.5,1500.0,500.0,2024-01-01 00:00:00
P1172,WH06,4,0.1,0.5,1500.0,500.0,2024-01-01 00:00:00
P1172,WH06,5,0.1,0.5,1500.0,500.0,2024-01-01 00:00:00
P1172,WH06,6,0.1,0.5,1500.0,500.0,2024-01-01 00:00:00
P1172,WH06,7,0.1,0.5,1500.0,500.0,2024-01-01 00:00:00
P1172,WH06,8,0.1,0.5,1500.0,500.0,2024-01-01 00:00:00
P1172,WH06,9,0.1,0.5,1500.0,500.0,2024-01-01 00:00:00
P1172,WH06,10,0.1,0.5,1500.0,500.0,2024-01-01 00:00:00
P1193,WH01,1,0.1,0.5,1500.0,750.0,2024-01-01 00:00:00
P1193,WH01,2,0.1,0.5,1500.0,750.0,2024-01-01 00:00:00
P1193,WH01,3,0.1,0.5,1500.0,750.0,2024-01-01 00:00:00
P1193,WH01,4,0.1,0.5,1500.0,750.0,2024-01-01 00:00:00
P1193,WH01,5,0.1,0.5,1500.0,750.0,2024-01-01 00:00:00
P1193,WH01,6,0.1,0.5,1500.0,750.0,2024-01-01 00:00:00
P1193,WH01,7,0.1,0.5,1500.0,750.0,2024-01-01 00:00:00
P1193,WH01,8,0.1,0.5,1500.0,750.0,2024-01-01 00:00:00
P1193,WH01,9,0.1,0.5,1500.0,750.0,2024-01-01 00:00:00
P1193,WH01,10,0.1,0.5,1500.0,750.0,2024-01-01 00:00:00
P1193,WH03,1,0.1,0.5,1500.0,750.0,2024-01-01 00:00:00
P1193,WH03,2,0.1,0.5,1500.0,750.0,2024-01-01 00:00:00
P1193,WH03,3,0.1,0.5,1500.0,750.0,2024-01-01 00:00:00
P1193,WH03,4,0.1,0.5,1500.0,750.0,2024-01-01 00:00:00
P1193,WH03,5,0.1,0.5,1500.0,750.0,2024-01-01 00:00:00
P1193,WH03,6,0.1,0.5,1500.0,750.0,2024-01-01 00:00:00
P1193,WH03,7,0.1,0.5,1500.0,750.0,2024-01-01 00:00:00
P1193,WH03,8,0.1,0.5,1500.0,750.0,2024-01-01 00:00:00
P1193,WH03,9,0.1,0.5,1500.0,750.0,2024-01-01 00:00:00
P1193,WH03,10,0.1,0.5,1500.0,750.0,2024-01-01 00:00:00
P1193,WH04,1,0.1,0.5,1500.0,750.0,2024-01-01 00:00:00
P1193,WH04,2,0.1,0.5,1500.0,750.0,2024-01-01 00:00:00
P1193,WH04,3,0.1,0.5,1500.0,750.0,2024-01-01 00:00:00
P1193,WH04,4,0.1,0.5,1500.0,750.0,2024-01-01 00:00:00
P1193,WH04,5,0.1,0.5,1500.0,750.0,2024-01-01 00:00:00
P1193,WH04,6,0.1,0.5,1500.0,750.0,2024-01-01 00:00:00
P1193,WH04,7,0.1,0.5,1500.0,750.0,2024-01-01 00:00:00
P1193,WH04,8,0.1,0.5,1500.0,750.0,2024-01-01 00:00:00
P1193,WH04,9,0.1,0.5,1500.0,750.0,2024-01-01 00:00:00
P1193,WH04,10,0.1,0.5,1500.0,750.0,2024-01-01 00:00:00
P1193,WH05,1,0.1,0.5,1500.0,750.0,2024-01-01 00:00:00
P1193,WH05,2,0.1,0.5,1500.0,750.0,2024-01-01 00:00:00
P1193,WH05,3,0.1,0.5,1500.0,750.0,2024-01-01 00:00:00
P1193,WH05,4,0.1,0.5,1500.0,750.0,2024-01-01 00:00:00
P1193,WH05,5,0.1,0.5,1500.0,750.0,2024-01-01 00:00:00
P1193,WH05,6,0.1,0.5,1500.0,750.0,2024-01-01 00:00:00
P1193,WH05,7,0.1,0.5,1500.0,750.0,2024-01-01 00:00:00
P1193,WH05,8,0.1,0.5,1500.0,750.0,2024-01-01 00:00:00
P1193,WH05,9,0.1,0.5,1500.0,750.0,2024-01-01 00:00:00
P1193,WH05,10,0.1,0.5,1500.0,750.0,2024-01-01 00:00:00
P1193,WH06,1,0.1,0.5,1500.0,750.0,2024-01-01 00:00:00
P1193,WH06,2,0.1,0.5,1500.0,750.0,2024-01-01 00:00:00
P1193,WH06,3,0.1,0.5,1500.0,750.0,2024-01-01 00:00:00
P1193,WH06,4,0.1,0.5,1500.0,750.0,2024-01-01 00:00:00
P1193,WH06,5,0.1,0.5,1500.0,750.0,2024-01-01 00:00:00
P1193,WH06,6,0.1,0.5,1500.0,750.0,2024-01-01 00:00:00
P1193,WH06,7,0.1,0.5,1500.0,750.0,2024-01-01 00:00:00
P1193,WH06,8,0.1,0.5,1500.0,750.0,2024-01-01 00:00:00
P1193,WH06,9,0.1,0.5,1500.0,750.0,2024-01-01 00:00:00
P1193,WH06,10,0.1,0.5,1500.0,750.0,2024-01-01 00:00:00
P1639,WH01,1,0.1,0.5,1500.0,500.0,2024-01-01 00:00:00
P1639,WH01,2,0.1,0.5,1500.0,500.0,2024-01-01 00:00:00
P1639,WH01,3,0.1,0.5,1500.0,500.0,2024-01-01 00:00:00
P1639,WH01,4,0.1,0.5,1500.0,500.0,2024-01-01 00:00:00
P1639,WH01,5,0.1,0.5,1500.0,500.0,2024-01-01 00:00:00
P1639,WH01,6,0.1,0.5,1500.0,500.0,2024-01-01 00:00:00
P1639,WH01,7,0.1,0.5,1500.0,500.0,2024-01-01 00:00:00
P1639,WH01,8,0.1,0.5,1500.0,500.0,2024-01-01 00:00:00
P1639,WH01,9,0.1,0.5,1500.0,500.0,2024-01-01 00:00:00
P1639,WH01,10,0.1,0.5,1500.0,500.0,2024-01-01 00:00:00
P1639,WH03,1,0.1,0.5,1500.0,500.0,2024-01-01 00:00:00
P1639,WH03,2,0.1,0.5,1500.0,500.0,2024-01-01 00:00:00
P1639,WH03,3,0.1,0.5,1500.0,500.0,2024-01-01 00:00:00
P1639,WH03,4,0.1,0.5,1500.0,500.0,2024-01-01 00:00:00
P1639,WH03,5,0.1,0.5,1500.0,500.0,2024-01-01 00:00:00
P1639,WH03,6,0.1,0.5,1500.0,500.0,2024-01-01 00:00:00
P1639,WH03,7,0.1,0.5,1500.0,500.0,2024-01-01 00:00:00
P1639,WH03,8,0.1,0.5,1500.0,500.0,2024-01-01 00:00:00
P1639,WH03,9,0.1,0.5,1500.0,500.0,2024-01-01 00:00:00
P1639,WH03,10,0.1,0.5,1500.0,500.0,2024-01-01 00:00:00
P1639,WH04,1,0.1,0.5,1500.0,500.0,2024-01-01 00:00:00
P1639,WH04,2,0.1,0.5,1500.0,500.0,2024-01-01 00:00:00
P1639,WH04,3,0.1,0.5,1500.0,500.0,2024-01-01 00:00:00
P1639,WH04,4,0.1,0.5,1500.0,500.0,2024-01-01 00:00:00
P1639,WH04,5,0.1,0.5,1500.0,500.0,2024-01-01 00:00:00
P1639,WH04,6,0.1,0.5,1500.0,500.0,2024-01-01 00:00:00
P1639,WH04,7,0.1,0.5,1500.0,500.0,2024-01-01 00:00:00
P1639,WH04,8,0.1,0.5,1500.0,500.0,2024-01-01 00:00:00
P1639,WH04,9,0.1,0.5,1500.0,500.0,2024-01-01 00:00:00
P1639,WH04,10,0.1,0.5,1500.0,500.0,2024-01-01 00:00:00
P1639,WH05,1,0.1,0.5,1500.0,500.0,2024-01-01 00:00:00
P1639,WH05,2,0.1,0.5,1500.0,500.0,2024-01-01 00:00:00
P1639,WH05,3,0.1,0.5,1500.0,500.0,2024-01-01 00:00:00
P1639,WH05,4,0.1,0.5,1500.0,500.0,2024-01-01 00:00:00
P1639,WH05,5,0.1,0.5,1500.0,500.0,2024-01-01 00:00:00
P1639,WH05,6,0.1,0.5,1500.0,500.0,2024-01-01 00:00:00
P1639,WH05,7,0.1,0.5,1500.0,500.0,2024-01-01 00:00:00
P1639,WH05,8,0.1,0.5,1500.0,500.0,2024-01-01 00:00:00
P1639,WH05,9,0.1,0.5,1500.0,500.0,2024-01-01 00:00:00
P1639,WH05,10,0.1,0.5,1500.0,500.0,2024-01-01 00:00:00
P1639,WH06,1,0.1,0.5,1500.0,500.0,2024-01-01 00:00:00
P1639,WH06,2,0.1,0.5,1500.0,500.0,2024-01-01 00:00:00
P1639,WH06,3,0.1,0.5,1500.0,500.0,2024-01-01 00:00:00
P1639,WH06,4,0.1,0.5,1500.0,500.0,2024-01-01 00:00:00
P1639,WH06,5,0.1,0.5,1500.0,500.0,2024-01-01 00:00:00
P1639,WH06,6,0.1,0.5,1500.0,500.0,2024-01-01 00:00:00
P1639,WH06,7,0.1,0.5,1500.0,500.0,2024-01-01 00:00:00
P1639,WH06,8,0.1,0.5,1500.0,500.0,2024-01-01 00:00:00
P1639,WH06,9,0.1,0.5,1500.0,500.0,2024-01-01 00:00:00
P1639,WH06,10,0.1,0.5,1500.0,500.0,2024-01-01 00:00:00
P1917,WH01,1,0.1,0.5,1500.0,500.0,2024-01-01 00:00:00
P1917,WH01,2,0.1,0.5,1500.0,500.0,2024-01-01 00:00:00
P1917,WH01,3,0.1,0.5,1500.0,500.0,2024-01-01 00:00:00
P1917,WH01,4,0.1,0.5,1500.0,500.0,2024-01-01 00:00:00
P1917,WH01,5,0.1,0.5,1500.0,500.0,2024-01-01 00:00:00
P1917,WH01,6,0.1,0.5,1500.0,500.0,2024-01-01 00:00:00
P1917,WH01,7,0.1,0.5,1500.0,500.0,2024-01-01 00:00:00
P1917,WH01,8,0.1,0.5,1500.0,500.0,2024-01-01 00:00:00
P1917,WH01,9,0.1,0.5,1500.0,500.0,2024-01-01 00:00:00
P1917,WH01,10,0.1,0.5,1500.0,500.0,2024-01-01 00:00:00
P1917,WH03,1,0.1,0.5,1500.0,500.0,2024-01-01 00:00:00
P1917,WH03,2,0.1,0.5,1500.0,500.0,2024-01-01 00:00:00
P1917,WH03,3,0.1,0.5,1500.0,500.0,2024-01-01 00:00:00
P1917,WH03,4,0.1,0.5,1500.0,500.0,2024-01-01 00:00:00
P1917,WH03,5,0.1,0.5,1500.0,500.0,2024-01-01 00:00:00
P1917,WH03,6,0.1,0.5,1500.0,500.0,2024-01-01 00:00:00
P1917,WH03,7,0.1,0.5,1500.0,500.0,2024-01-01 00:00:00
P1917,WH03,8,0.1,0.5,1500.0,500.0,2024-01-01 00:00:00
P1917,WH03,9,0.1,0.5,1500.0,500.0,2024-01-01 00:00:00
P1917,WH03,10,0.1,0.5,1500.0,500.0,2024-01-01 00:00:00
P1917,WH04,1,0.1,0.5,1500.0,500.0,2024-01-01 00:00:00
P1917,WH04,2,0.1,0.5,1500.0,500.0,2024-01-01 00:00:00
P1917,WH04,3,0.1,0.5,1500.0,500.0,2024-01-01 00:00:00
P1917,WH04,4,0.1,0.5,1500.0,500.0,2024-01-01 00:00:00
P1917,WH04,5,0.1,0.5,1500.0,500.0,2024-01-01 00:00:00
P1917,WH04,6,0.1,0.5,1500.0,500.0,2024-01-01 00:00:00
P1917,WH04,7,0.1,0.5,1500.0,500.0,2024-01-01 00:00:00
P1917,WH04,8,0.1,0.5,1500.0,500.0,2024-01-01 00:00:00
P1917,WH04,9,0.1,0.5,1500.0,500.0,2024-01-01 00:00:00
P1917,WH04,10,0.1,0.5,1500.0,500.0,2024-01-01 00:00:00
P1917,WH05,1,0.1,0.5,1500.0,500.0,2024-01-01 00:00:00
P1917,WH05,2,0.1,0.5,1500.0,500.0,2024-01-01 00:00:00
P1917,WH05,3,0.1,0.5,1500.0,500.0,2024-01-01 00:00:00
P1917,WH05,4,0.1,0.5,1500.0,500.0,2024-01-01 00:00:00
P1917,WH05,5,0.1,0.5,1500.0,500.0,2024-01-01 00:00:00
P1917,WH05,6,0.1,0.5,1500.0,500.0,2024-01-01 00:00:00
P1917,WH05,7,0.1,0.5,1500.0,500.0,2024-01-01 00:00:00
P1917,WH05,8,0.1,0.5,1500.0,500.0,2024-01-01 00:00:00
P1917,WH05,9,0.1,0.5,1500.0,500.0,2024-01-01 00:00:00
P1917,WH05,10,0.1,0.5,1500.0,500.0,2024-01-01 00:00:00
P1917,WH06,1,0.1,0.5,1500.0,500.0,2024-01-01 00:00:00
P1917,WH06,2,0.1,0.5,1500.0,500.0,2024-01-01 00:00:00
P1917,WH06,3,0.1,0.5,1500.0,500.0,2024-01-01 00:00:00
P1917,WH06,4,0.1,0.5,1500.0,500.0,2024-01-01 00:00:00
P1917,WH06,5,0.1,0.5,1500.0,500.0,2024-01-01 00:00:00
P1917,WH06,6,0.1,0.5,1500.0,500.0,2024-01-01 00:00:00
P1917,WH06,7,0.1,0.5,1500.0,500.0,2024-01-01 00:00:00
P1917,WH06,8,0.1,0.5,1500.0,500.0,2024-01-01 00:00:00
P1917,WH06,9,0.1,0.5,1500.0,500.0,2024-01-01 00:00:00
P1917,WH06,10,0.1,0.5,1500.0,500.0,2024-01-01 00:00:00
P1947,WH01,1,0.1,0.5,1500.0,750.0,2024-01-01 00:00:00
P1947,WH01,2,0.1,0.5,1500.0,750.0,2024-01-01 00:00:00
P1947,WH01,3,0.1,0.5,1500.0,750.0,2024-01-01 00:00:00
P1947,WH01,4,0.1,0.5,1500.0,750.0,2024-01-01 00:00:00
P1947,WH01,5,0.1,0.5,1500.0,750.0,2024-01-01 00:00:00
P1947,WH01,6,0.1,0.5,1500.0,750.0,2024-01-01 00:00:00
P1947,WH01,7,0.1,0.5,1500.0,750.0,2024-01-01 00:00:00
P1947,WH01,8,0.1,0.5,1500.0,750.0,2024-01-01 00:00:00
P1947,WH01,9,0.1,0.5,1500.0,750.0,2024-01-01 00:00:00
P1947,WH01,10,0.1,0.5,1500.0,750.0,2024-01-01 00:00:00
P1947,WH03,1,0.1,0.5,1500.0,750.0,2024-01-01 00:00:00
P1947,WH03,2,0.1,0.5,1500.0,750.0,2024-01-01 00:00:00
P1947,WH03,3,0.1,0.5,1500.0,750.0,2024-01-01 00:00:00
P1947,WH03,4,0.1,0.5,1500.0,750.0,2024-01-01 00:00:00
P1947,WH03,5,0.1,0.5,1500.0,750.0,2024-01-01 00:00:00
P1947,WH03,6,0.1,0.5,1500.0,750.0,2024-01-01 00:00:00
P1947,WH03,7,0.1,0.5,1500.0,750.0,2024-01-01 00:00:00
P1947,WH03,8,0.1,0.5,1500.0,750.0,2024-01-01 00:00:00
P1947,WH03,9,0.1,0.5,1500.0,750.0,2024-01-01 00:00:00
P1947,WH03,10,0.1,0.5,1500.0,750.0,2024-01-01 00:00:00
P1947,WH04,1,0.1,0.5,1500.0,750.0,2024-01-01 00:00:00
P1947,WH04,2,0.1,0.5,1500.0,750.0,2024-01-01 00:00:00
P1947,WH04,3,0.1,0.5,1500.0,750.0,2024-01-01 00:00:00
P1947,WH04,4,0.1,0.5,1500.0,750.0,2024-01-01 00:00:00
P1947,WH04,5,0.1,0.5,1500.0,750.0,2024-01-01 00:00:00
P1947,WH04,6,0.1,0.5,1500.0,750.0,2024-01-01 00:00:00
P1947,WH04,7,0.1,0.5,1500.0,750.0,2024-01-01 00:00:00
P1947,WH04,8,0.1,0.5,1500.0,750.0,2024-01-01 00:00:00
P1947,WH04,9,0.1,0.5,1500.0,750.0,2024-01-01 00:00:00
P1947,WH04,10,0.1,0.5,1500.0,750.0,2024-01-01 00:00:00
P1947,WH05,1,0.1,0.5,1500.0,750.0,2024-01-01 00:00:00
P1947,WH05,2,0.1,0.5,1500.0,750.0,2024-01-01 00:00:00
P1947,WH05,3,0.1,0.5,1500.0,750.0,2024-01-01 00:00:00
P1947,WH05,4,0.1,0.5,1500.0,750.0,2024-01-01 00:00:00
P1947,WH05,5,0.1,0.5,1500.0,750.0,2024-01-01 00:00:00
P1947,WH05,6,0.1,0.5,1500.0,750.0,2024-01-01 00:00:00
P1947,WH05,7,0.1,0.5,1500.0,750.0,2024-01-01 00:00:00
P1947,WH05,8,0.1,0.5,1500.0,750.0,2024-01-01 00:00:00
P1947,WH05,9,0.1,0.5,1500.0,750.0,2024-01-01 00:00:00
P1947,WH05,10,0.1,0.5,1500.0,750.0,2024-01-01 00:00:00
P1947,WH06,1,0.1,0.5,1500.0,750.0,2024-01-01 00:00:00
P1947,WH06,2,0.1,0.5,1500.0,750.0,2024-01-01 00:00:00
P1947,WH06,3,0.1,0.5,1500.0,750.0,2024-01-01 00:00:00
P1947,WH06,4,0.1,0.5,1500.0,750.0,2024-01-01 00:00:00
P1947,WH06,5,0.1,0.5,1500.0,750.0,2024-01-01 00:00:00
P1947,WH06,6,0.1,0.5,1500.0,750.0,2024-01-01 00:00:00
P1947,WH06,7,0.1,0.5,1500.0,750.0,2024-01-01 00:00:00
P1947,WH06,8,0.1,0.5,1500.0,750.0,2024-01-01 00:00:00
P1947,WH06,9,0.1,0.5,1500.0,750.0,2024-01-01 00:00:00
P1947,WH06,10,0.1,0.5,1500.0,750.0,2024-01-01 00:00:00
P1961,WH01,1,0.1,0.5,1500.0,500.0,2024-01-01 00:00:00
P1961,WH01,2,0.1,0.5,1500.0,500.0,2024-01-01 00:00:00
P1961,WH01,3,0.1,0.5,1500.0,500.0,2024-01-01 00:00:00
P1961,WH01,4,0.1,0.5,1500.0,500.0,2024-01-01 00:00:00
P1961,WH01,5,0.1,0.5,1500.0,500.0,2024-01-01 00:00:00
P1961,WH01,6,0.1,0.5,1500.0,500.0,2024-01-01 00:00:00
P1961,WH01,7,0.1,0.5,1500.0,500.0,2024-01-01 00:00:00
P1961,WH01,8,0.1,0.5,1500.0,500.0,2024-01-01 00:00:00
P1961,WH01,9,0.1,0.5,1500.0,500.0,2024-01-01 00:00:00
P1961,WH01,10,0.1,0.5,1500.0,500.0,2024-01-01 00:00:00
P1961,WH03,1,0.1,0.5,1500.0,500.0,2024-01-01 00:00:00
P1961,WH03,2,0.1,0.5,1500.0,500.0,2024-01-01 00:00:00
P1961,WH03,3,0.1,0.5,1500.0,500.0,2024-01-01 00:00:00
P1961,WH03,4,0.1,0.5,1500.0,500.0,2024-01-01 00:00:00
P1961,WH03,5,0.1,0.5,1500.0,500.0,2024-01-01 00:00:00
P1961,WH03,6,0.1,0.5,1500.0,500.0,2024-01-01 00:00:00
P1961,WH03,7,0.1,0.5,1500.0,500.0,2024-01-01 00:00:00
P1961,WH03,8,0.1,0.5,1500.0,500.0,2024-01-01 00:00:00
P1961,WH03,9,0.1,0.5,1500.0,500.0,2024-01-01 00:00:00
P1961,WH03,10,0.1,0.5,1500.0,500.0,2024-01-01 00:00:00
P1961,WH04,1,0.1,0.5,1500.0,500.0,2024-01-01 00:00:00
P1961,WH04,2,0.1,0.5,1500.0,500.0,2024-01-01 00:00:00
P1961,WH04,3,0.1,0.5,1500.0,500.0,2024-01-01 00:00:00
P1961,WH04,4,0.1,0.5,1500.0,500.0,2024-01-01 00:00:00
P1961,WH04,5,0.1,0.5,1500.0,500.0,2024-01-01 00:00:00
P1961,WH04,6,0.1,0.5,1500.0,500.0,2024-01-01 00:00:00
P1961,WH04,7,0.1,0.5,1500.0,500.0,2024-01-01 00:00:00
P1961,WH04,8,0.1,0.5,1500.0,500.0,2024-01-01 00:00:00
P1961,WH04,9,0.1,0.5,1500.0,500.0,2024-01-01 00:00:00
P1961,WH04,10,0.1,0.5,1500.0,500.0,2024-01-01 00:00:00
P1961,WH05,1,0.1,0.5,1500.0,500.0,2024-01-01 00:00:00
P1961,WH05,2,0.1,0.5,1500.0,500.0,2024-01-01 00:00:00
P1961,WH05,3,0.1,0.5,1500.0,500.0,2024-01-01 00:00:00
P1961,WH05,4,0.1,0.5,1500.0,500.0,2024-01-01 00:00:00
P1961,WH05,5,0.1,0.5,1500.0,500.0,2024-01-01 00:00:00
P1961,WH05,6,0.1,0.5,1500.0,500.0,2024-01-01 00:00:00
P1961,WH05,7,0.1,0.5,1500.0,500.0,2024-01-01 00:00:00
P1961,WH05,8,0.1,0.5,1500.0,500.0,2024-01-01 00:00:00
P1961,WH05,9,0.1,0.5,1500.0,500.0,2024-01-01 00:00:00
P1961,WH05,10,0.1,0.5,1500.0,500.0,2024-01-01 00:00:00
P1961,WH06,1,0.1,0.5,1500.0,500.0,2024-01-01 00:00:00
P1961,WH06,2,0.1,0.5,1500.0,500.0,2024-01-01 00:00:00
P1961,WH06,3,0.1,0.5,1500.0,500.0,2024-01-01 00:00:00
P1961,WH06,4,0.1,0.5,1500.0,500.0,2024-01-01 00:00:00
P1961,WH06,5,0.1,0.5,1500.0,500.0,2024-01-01 00:00:00
P1961,WH06,6,0.1,0.5,1500.0,500.0,2024-01-01 00:00:00
P1961,WH06,7,0.1,0.5,1500.0,500.0,2024-01-01 00:00:00
P1961,WH06,8,0.1,0.5,1500.0,500.0,2024-01-01 00:00:00
P1961,WH06,9,0.1,0.5,1500.0,500.0,2024-01-01 00:00:00
P1961,WH06,10,0.1,0.5,1500.0,500.0,2024-01-01 00:00:00
P1971,WH01,1,0.1,0.5,1500.0,750.0,2024-01-01 00:00:00
P1971,WH01,2,0.1,0.5,1500.0,750.0,2024-01-01 00:00:00
P1971,WH01,3,0.1,0.5,1500.0,750.0,2024-01-01 00:00:00
P1971,WH01,4,0.1,0.5,1500.0,750.0,2024-01-01 00:00:00
P1971,WH01,5,0.1,0.5,1500.0,750.0,2024-01-01 00:00:00
P1971,WH01,6,0.1,0.5,1500.0,750.0,2024-01-01 00:00:00
P1971,WH01,7,0.1,0.5,1500.0,750.0,2024-01-01 00:00:00
P1971,WH01,8,0.1,0.5,1500.0,750.0,2024-01-01 00:00:00
P1971,WH01,9,0.1,0.5,1500.0,750.0,2024-01-01 00:00:00
P1971,WH01,10,0.1,0.5,1500.0,750.0,2024-01-01 00:00:00
P1971,WH03,1,0.1,0.5,1500.0,750.0,2024-01-01 00:00:00
P1971,WH03,2,0.1,0.5,1500.0,750.0,2024-01-01 00:00:00
P1971,WH03,3,0.1,0.5,1500.0,750.0,2024-01-01 00:00:00
P1971,WH03,4,0.1,0.5,1500.0,750.0,2024-01-01 00:00:00
P1971,WH03,5,0.1,0.5,1500.0,750.0,2024-01-01 00:00:00
P1971,WH03,6,0.1,0.5,1500.0,750.0,2024-01-01 00:00:00
P1971,WH03,7,0.1,0.5,1500.0,750.0,2024-01-01 00:00:00
P1971,WH03,8,0.1,0.5,1500.0,750.0,2024-01-01 00:00:00
P1971,WH03,9,0.1,0.5,1500.0,750.0,2024-01-01 00:00:00
P1971,WH03,10,0.1,0.5,1500.0,750.0,2024-01-01 00:00:00
P1971,WH04,1,0.1,0.5,1500.0,750.0,2024-01-01 00:00:00
P1971,WH04,2,0.1,0.5,1500.0,750.0,2024-01-01 00:00:00
P1971,WH04,3,0.1,0.5,1500.0,750.0,2024-01-01 00:00:00
P1971,WH04,4,0.1,0.5,1500.0,750.0,2024-01-01 00:00:00
P1971,WH04,5,0.1,0.5,1500.0,750.0,2024-01-01 00:00:00
P1971,WH04,6,0.1,0.5,1500.0,750.0,2024-01-01 00:00:00
P1971,WH04,7,0.1,0.5,1500.0,750.0,2024-01-01 00:00:00
P1971,WH04,8,0.1,0.5,1500.0,750.0,2024-01-01 00:00:00
P1971,WH04,9,0.1,0.5,1500.0,750.0,2024-01-01 00:00:00
P1971,WH04,10,0.1,0.5,1500.0,750.0,2024-01-01 00:00:00
P1971,WH05,1,0.1,0.5,1500.0,750.0,2024-01-01 00:00:00
P1971,WH05,2,0.1,0.5,1500.0,750.0,2024-01-01 00:00:00
P1971,WH05,3,0.1,0.5,1500.0,750.0,2024-01-01 00:00:00
P1971,WH05,4,0.1,0.5,1500.0,750.0,2024-01-01 00:00:00
P1971,WH05,5,0.1,0.5,1500.0,750.0,2024-01-01 00:00:00
P1971,WH05,6,0.1,0.5,1500.0,750.0,2024-01-01 00:00:00
P1971,WH05,7,0.1,0.5,1500.0,750.0,2024-01-01 00:00:00
P1971,WH05,8,0.1,0.5,1500.0,750.0,2024-01-01 00:00:00
P1971,WH05,9,0.1,0.5,1500.0,750.0,2024-01-01 00:00:00
P1971,WH05,10,0.1,0.5,1500.0,750.0,2024-01-01 00:00:00
P1971,WH06,1,0.1,0.5,1500.0,750.0,2024-01-01 00:00:00
P1971,WH06,2,0.1,0.5,1500.0,750.0,2024-01-01 00:00:00
P1971,WH06,3,0.1,0.5,1500.0,750.0,2024-01-01 00:00:00
P1971,WH06,4,0.1,0.5,1500.0,750.0,2024-01-01 00:00:00
P1971,WH06,5,0.1,0.5,1500.0,750.0,2024-01-01 00:00:00
P1971,WH06,6,0.1,0.5,1500.0,750.0,2024-01-01 00:00:00
P1971,WH06,7,0.1,0.5,1500.0,750.0,2024-01-01 00:00:00
P1971,WH06,8,0.1,0.5,1500.0,750.0,2024-01-01 00:00:00
P1971,WH06,9,0.1,0.5,1500.0,750.0,2024-01-01 00:00:00
P1971,WH06,10,0.1,0.5,1500.0,750.0,2024-01-01 00:00:00
P2086,WH01,1,0.1,0.5,1500.0,500.0,2024-01-01 00:00:00
P2086,WH01,2,0.1,0.5,1500.0,500.0,2024-01-01 00:00:00
P2086,WH01,3,0.1,0.5,1500.0,500.0,2024-01-01 00:00:00
P2086,WH01,4,0.1,0.5,1500.0,500.0,2024-01-01 00:00:00
P2086,WH01,5,0.1,0.5,1500.0,500.0,2024-01-01 00:00:00
P2086,WH01,6,0.1,0.5,1500.0,500.0,2024-01-01 00:00:00
P2086,WH01,7,0.1,0.5,1500.0,500.0,2024-01-01 00:00:00
P2086,WH01,8,0.1,0.5,1500.0,500.0,2024-01-01 00:00:00
P2086,WH01,9,0.1,0.5,1500.0,500.0,2024-01-01 00:00:00
P2086,WH01,10,0.1,0.5,1500.0,500.0,2024-01-01 00:00:00
P2086,WH03,1,0.1,0.5,1500.0,500.0,2024-01-01 00:00:00
P2086,WH03,2,0.1,0.5,1500.0,500.0,2024-01-01 00:00:00
P2086,WH03,3,0.1,0.5,1500.0,500.0,2024-01-01 00:00:00
P2086,WH03,4,0.1,0.5,1500.0,500.0,2024-01-01 00:00:00
P2086,WH03,5,0.1,0.5,1500.0,500.0,2024-01-01 00:00:00
P2086,WH03,6,0.1,0.5,1500.0,500.0,2024-01-01 00:00:00
P2086,WH03,7,0.1,0.5,1500.0,500.0,2024-01-01 00:00:00
P2086,WH03,8,0.1,0.5,1500.0,500.0,2024-01-01 00:00:00
P2086,WH03,9,0.1,0.5,1500.0,500.0,2024-01-01 00:00:00
P2086,WH03,10,0.1,0.5,1500.0,500.0,2024-01-01 00:00:00
P2086,WH04,1,0.1,0.5,1500.0,500.0,2024-01-01 00:00:00
P2086,WH04,2,0.1,0.5,1500.0,500.0,2024-01-01 00:00:00
P2086,WH04,3,0.1,0.5,1500.0,500.0,2024-01-01 00:00:00
P2086,WH04,4,0.1,0.5,1500.0,500.0,2024-01-01 00:00:00
P2086,WH04,5,0.1,0.5,1500.0,500.0,2024-01-01 00:00:00
P2086,WH04,6,0.1,0.5,1500.0,500.0,2024-01-01 00:00:00
P2086,WH04,7,0.1,0.5,1500.0,500.0,2024-01-01 00:00:00
P2086,WH04,8,0.1,0.5,1500.0,500.0,2024-01-01 00:00:00
P2086,WH04,9,0.1,0.5,1500.0,500.0,2024-01-01 00:00:00
P2086,WH04,10,0.1,0.5,1500.0,500.0,2024-01-01 00:00:00
P2086,WH05,1,0.1,0.5,1500.0,500.0,2024-01-01 00:00:00
P2086,WH05,2,0.1,0.5,1500.0,500.0,2024-01-01 00:00:00
P2086,WH05,3,0.1,0.5,1500.0,500.0,2024-01-01 00:00:00
P2086,WH05,4,0.1,0.5,1500.0,500.0,2024-01-01 00:00:00
P2086,WH05,5,0.1,0.5,1500.0,500.0,2024-01-01 00:00:00
P2086,WH05,6,0.1,0.5,1500.0,500.0,2024-01-01 00:00:00
P2086,WH05,7,0.1,0.5,1500.0,500.0,2024-01-01 00:00:00
P2086,WH05,8,0.1,0.5,1500.0,500.0,2024-01-01 00:00:00
P2086,WH05,9,0.1,0.5,1500.0,500.0,2024-01-01 00:00:00
P2086,WH05,10,0.1,0.5,1500.0,500.0,2024-01-01 00:00:00
P2086,WH06,1,0.1,0.5,1500.0,500.0,2024-01-01 00:00:00
P2086,WH06,2,0.1,0.5,1500.0,500.0,2024-01-01 00:00:00
P2086,WH06,3,0.1,0.5,1500.0,500.0,2024-01-01 00:00:00
P2086,WH06,4,0.1,0.5,1500.0,500.0,2024-01-01 00:00:00
P2086,WH06,5,0.1,0.5,1500.0,500.0,2024-01-01 00:00:00
P2086,WH06,6,0.1,0.5,1500.0,500.0,2024-01-01 00:00:00
P2086,WH06,7,0.1,0.5,1500.0,500.0,2024-01-01 00:00:00
P2086,WH06,8,0.1,0.5,1500.0,500.0,2024-01-01 00:00:00
P2086,WH06,9,0.1,0.5,1500.0,500.0,2024-01-01 00:00:00
P2086,WH06,10,0.1,0.5,1500.0,500.0,2024-01-01 00:00:00
P2091,WH01,1,0.1,0.5,1500.0,500.0,2024-01-01 00:00:00
P2091,WH01,2,0.1,0.5,1500.0,500.0,2024-01-01 00:00:00
P2091,WH01,3,0.1,0.5,1500.0,500.0,2024-01-01 00:00:00
P2091,WH01,4,0.1,0.5,1500.0,500.0,2024-01-01 00:00:00
P2091,WH01,5,0.1,0.5,1500.0,500.0,2024-01-01 00:00:00
P2091,WH01,6,0.1,0.5,1500.0,500.0,2024-01-01 00:00:00
P2091,WH01,7,0.1,0.5,1500.0,500.0,2024-01-01 00:00:00
P2091,WH01,8,0.1,0.5,1500.0,500.0,2024-01-01 00:00:00
P2091,WH01,9,0.1,0.5,1500.0,500.0,2024-01-01 00:00:00
P2091,WH01,10,0.1,0.5,1500.0,500.0,2024-01-01 00:00:00
P2091,WH03,1,0.1,0.5,1500.0,500.0,2024-01-01 00:00:00
P2091,WH03,2,0.1,0.5,1500.0,500.0,2024-01-01 00:00:00
P2091,WH03,3,0.1,0.5,1500.0,500.0,2024-01-01 00:00:00
P2091,WH03,4,0.1,0.5,1500.0,500.0,2024-01-01 00:00:00
P2091,WH03,5,0.1,0.5,1500.0,500.0,2024-01-01 00:00:00
P2091,WH03,6,0.1,0.5,1500.0,500.0,2024-01-01 00:00:00
P2091,WH03,7,0.1,0.5,1500.0,500.0,2024-01-01 00:00:00
P2091,WH03,8,0.1,0.5,1500.0,500.0,2024-01-01 00:00:00
P2091,WH03,9,0.1,0.5,1500.0,500.0,2024-01-01 00:00:00
P2091,WH03,10,0.1,0.5,1500.0,500.0,2024-01-01 00:00:00
P2091,WH04,1,0.1,0.5,1500.0,500.0,2024-01-01 00:00:00
P2091,WH04,2,0.1,0.5,1500.0,500.0,2024-01-01 00:00:00
P2091,WH04,3,0.1,0.5,1500.0,500.0,2024-01-01 00:00:00
P2091,WH04,4,0.1,0.5,1500.0,500.0,2024-01-01 00:00:00
P2091,WH04,5,0.1,0.5,1500.0,500.0,2024-01-01 00:00:00
P2091,WH04,6,0.1,0.5,1500.0,500.0,2024-01-01 00:00:00
P2091,WH04,7,0.1,0.5,1500.0,500.0,2024-01-01 00:00:00
P2091,WH04,8,0.1,0.5,1500.0,500.0,2024-01-01 00:00:00
P2091,WH04,9,0.1,0.5,1500.0,500.0,2024-01-01 00:00:00
P2091,WH04,10,0.1,0.5,1500.0,500.0,2024-01-01 00:00:00
P2091,WH05,1,0.1,0.5,1500.0,500.0,2024-01-01 00:00:00
P2091,WH05,2,0.1,0.5,1500.0,500.0,2024-01-01 00:00:00
P2091,WH05,3,0.1,0.5,1500.0,500.0,2024-01-01 00:00:00
P2091,WH05,4,0.1,0.5,1500.0,500.0,2024-01-01 00:00:00
P2091,WH05,5,0.1,0.5,1500.0,500.0,2024-01-01 00:00:00
P2091,WH05,6,0.1,0.5,1500.0,500.0,2024-01-01 00:00:00
P2091,WH05,7,0.1,0.5,1500.0,500.0,2024-01-01 00:00:00
P2091,WH05,8,0.1,0.5,1500.0,500.0,2024-01-01 00:00:00
P2091,WH05,9,0.1,0.5,1500.0,500.0,2024-01-01 00:00:00
P2091,WH05,10,0.1,0.5,1500.0,500.0,2024-01-01 00:00:00
P2091,WH06,1,0.1,0.5,1500.0,500.0,2024-01-01 00:00:00
P2091,WH06,2,0.1,0.5,1500.0,500.0,2024-01-01 00:00:00
P2091,WH06,3,0.1,0.5,1500.0,500.0,2024-01-01 00:00:00
P2091,WH06,4,0.1,0.5,1500.0,500.0,2024-01-01 00:00:00
P2091,WH06,5,0.1,0.5,1500.0,500.0,2024-01-01 00:00:00
P2091,WH06,6,0.1,0.5,1500.0,500.0,2024-01-01 00:00:00
P2091,WH06,7,0.1,0.5,1500.0,500.0,2024-01-01 00:00:00
P2091,WH06,8,0.1,0.5,1500.0,500.0,2024-01-01 00:00:00
P2091,WH06,9,0.1,0.5,1500.0,500.0,2024-01-01 00:00:00
P2091,WH06,10,0.1,0.5,1500.0,500.0,2024-01-01 00:00:00
P2093,WH01,1,0.1,0.5,1500.0,500.0,2024-01-01 00:00:00
P2093,WH01,2,0.1,0.5,1500.0,500.0,2024-01-01 00:00:00
P2093,WH01,3,0.1,0.5,1500.0,500.0,2024-01-01 00:00:00
P2093,WH01,4,0.1,0.5,1500.0,500.0,2024-01-01 00:00:00
P2093,WH01,5,0.1,0.5,1500.0,500.0,2024-01-01 00:00:00
P2093,WH01,6,0.1,0.5,1500.0,500.0,2024-01-01 00:00:00
P2093,WH01,7,0.1,0.5,1500.0,500.0,2024-01-01 00:00:00
P2093,WH01,8,0.1,0.5,1500.0,500.0,2024-01-01 00:00:00
P2093,WH01,9,0.1,0.5,1500.0,500.0,2024-01-01 00:00:00
P2093,WH01,10,0.1,0.5,1500.0,500.0,2024-01-01 00:00:00
P2093,WH03,1,0.1,0.5,1500.0,500.0,2024-01-01 00:00:00
P2093,WH03,2,0.1,0.5,1500.0,500.0,2024-01-01 00:00:00
P2093,WH03,3,0.1,0.5,1500.0,500.0,2024-01-01 00:00:00
P2093,WH03,4,0.1,0.5,1500.0,500.0,2024-01-01 00:00:00
P2093,WH03,5,0.1,0.5,1500.0,500.0,2024-01-01 00:00:00
P2093,WH03,6,0.1,0.5,1500.0,500.0,2024-01-01 00:00:00
P2093,WH03,7,0.1,0.5,1500.0,500.0,2024-01-01 00:00:00
P2093,WH03,8,0.1,0.5,1500.0,500.0,2024-01-01 00:00:00
P2093,WH03,9,0.1,0.5,1500.0,500.0,2024-01-01 00:00:00
P2093,WH03,10,0.1,0.5,1500.0,500.0,2024-01-01 00:00:00
P2093,WH04,1,0.1,0.5,1500.0,500.0,2024-01-01 00:00:00
P2093,WH04,2,0.1,0.5,1500.0,500.0,2024-01-01 00:00:00
P2093,WH04,3,0.1,0.5,1500.0,500.0,2024-01-01 00:00:00
P2093,WH04,4,0.1,0.5,1500.0,500.0,2024-01-01 00:00:00
P2093,WH04,5,0.1,0.5,1500.0,500.0,2024-01-01 00:00:00
P2093,WH04,6,0.1,0.5,1500.0,500.0,2024-01-01 00:00:00
P2093,WH04,7,0.1,0.5,1500.0,500.0,2024-01-01 00:00:00
P2093,WH04,8,0.1,0.5,1500.0,500.0,2024-01-01 00:00:00
P2093,WH04,9,0.1,0.5,1500.0,500.0,2024-01-01 00:00:00
P2093,WH04,10,0.1,0.5,1500.0,500.0,2024-01-01 00:00:00
P2093,WH05,1,0.1,0.5,1500.0,500.0,2024-01-01 00:00:00
P2093,WH05,2,0.1,0.5,1500.0,500.0,2024-01-01 00:00:00
P2093,WH05,3,0.1,0.5,1500.0,500.0,2024-01-01 00:00:00
P2093,WH05,4,0.1,0.5,1500.0,500.0,2024-01-01 00:00:00
P2093,WH05,5,0.1,0.5,1500.0,500.0,2024-01-01 00:00:00
P2093,WH05,6,0.1,0.5,1500.0,500.0,2024-01-01 00:00:00
P2093,WH05,7,0.1,0.5,1500.0,500.0,2024-01-01 00:00:00
P2093,WH05,8,0.1,0.5,1500.0,500.0,2024-01-01 00:00:00
P2093,WH05,9,0.1,0.5,1500.0,500.0,2024-01-01 00:00:00
P2093,WH05,10,0.1,0.5,1500.0,500.0,2024-01-01 00:00:00
P2093,WH06,1,0.1,0.5,1500.0,500.0,2024-01-01 00:00:00
P2093,WH06,2,0.1,0.5,1500.0,500.0,2024-01-01 00:00:00
P2093,WH06,3,0.1,0.5,1500.0,500.0,2024-01-01 00:00:00
P2093,WH06,4,0.1,0.5,1500.0,500.0,2024-01-01 00:00:00
P2093,WH06,5,0.1,0.5,1500.0,500.0,2024-01-01 00:00:00
P2093,WH06,6,0.1,0.5,1500.0,500.0,2024-01-01 00:00:00
P2093,WH06,7,0.1,0.5,1500.0,500.0,2024-01-01 00:00:00
P2093,WH06,8,0.1,0.5,1500.0,500.0,2024-01-01 00:00:00
P2093,WH06,9,0.1,0.5,1500.0,500.0,2024-01-01 00:00:00
P2093,WH06,10,0.1,0.5,1500.0,500.0,2024-01-01 00:00:00
P2097,WH01,1,0.1,0.5,1500.0,500.0,2024-01-01 00:00:00
P2097,WH01,2,0.1,0.5,1500.0,500.0,2024-01-01 00:00:00
P2097,WH01,3,0.1,0.5,1500.0,500.0,2024-01-01 00:00:00
P2097,WH01,4,0.1,0.5,1500.0,500.0,2024-01-01 00:00:00
P2097,WH01,5,0.1,0.5,1500.0,500.0,2024-01-01 00:00:00
P2097,WH01,6,0.1,0.5,1500.0,500.0,2024-01-01 00:00:00
P2097,WH01,7,0.1,0.5,1500.0,500.0,2024-01-01 00:00:00
P2097,WH01,8,0.1,0.5,1500.0,500.0,2024-01-01 00:00:00
P2097,WH01,9,0.1,0.5,1500.0,500.0,2024-01-01 00:00:00
P2097,WH01,10,0.1,0.5,1500.0,500.0,2024-01-01 00:00:00
P2097,WH03,1,0.1,0.5,1500.0,500.0,2024-01-01 00:00:00
P2097,WH03,2,0.1,0.5,1500.0,500.0,2024-01-01 00:00:00
P2097,WH03,3,0.1,0.5,1500.0,500.0,2024-01-01 00:00:00
P2097,WH03,4,0.1,0.5,1500.0,500.0,2024-01-01 00:00:00
P2097,WH03,5,0.1,0.5,1500.0,500.0,2024-01-01 00:00:00
P2097,WH03,6,0.1,0.5,1500.0,500.0,2024-01-01 00:00:00
P2097,WH03,7,0.1,0.5,1500.0,500.0,2024-01-01 00:00:00
P2097,WH03,8,0.1,0.5,1500.0,500.0,2024-01-01 00:00:00
P2097,WH03,9,0.1,0.5,1500.0,500.0,2024-01-01 00:00:00
P2097,WH03,10,0.1,0.5,1500.0,500.0,2024-01-01 00:00:00
P2097,WH04,1,0.1,0.5,1500.0,500.0,2024-01-01 00:00:00
P2097,WH04,2,0.1,0.5,1500.0,500.0,2024-01-01 00:00:00
P2097,WH04,3,0.1,0.5,1500.0,500.0,2024-01-01 00:00:00
P2097,WH04,4,0.1,0.5,1500.0,500.0,2024-01-01 00:00:00
P2097,WH04,5,0.1,0.5,1500.0,500.0,2024-01-01 00:00:00
P2097,WH04,6,0.1,0.5,1500.0,500.0,2024-01-01 00:00:00
P2097,WH04,7,0.1,0.5,1500.0,500.0,2024-01-01 00:00:00
P2097,WH04,8,0.1,0.5,1500.0,500.0,2024-01-01 00:00:00
P2097,WH04,9,0.1,0.5,1500.0,500.0,2024-01-01 00:00:00
P2097,WH04,10,0.1,0.5,1500.0,500.0,2024-01-01 00:00:00
P2097,WH05,1,0.1,0.5,1500.0,500.0,2024-01-01 00:00:00
P2097,WH05,2,0.1,0.5,1500.0,500.0,2024-01-01 00:00:00
P2097,WH05,3,0.1,0.5,1500.0,500.0,2024-01-01 00:00:00
P2097,WH05,4,0.1,0.5,1500.0,500.0,2024-01-01 00:00:00
P2097,WH05,5,0.1,0.5,1500.0,500.0,2024-01-01 00:00:00
P2097,WH05,6,0.1,0.5,1500.0,500.0,2024-01-01 00:00:00
P2097,WH05,7,0.1,0.5,1500.0,500.0,2024-01-01 00:00:00
P2097,WH05,8,0.1,0.5,1500.0,500.0,2024-01-01 00:00:00
P2097,WH05,9,0.1,0.5,1500.0,500.0,2024-01-01 00:00:00
P2097,WH05,10,0.1,0.5,1500.0,500.0,2024-01-01 00:00:00
P2097,WH06,1,0.1,0.5,1500.0,500.0,2024-01-01 00:00:00
P2097,WH06,2,0.1,0.5,1500.0,500.0,2024-01-01 00:00:00
P2097,WH06,3,0.1,0.5,1500.0,500.0,2024-01-01 00:00:00
P2097,WH06,4,0.1,0.5,1500.0,500.0,2024-01-01 00:00:00
P2097,WH06,5,0.1,0.5,1500.0,500.0,2024-01-01 00:00:00
P2097,WH06,6,0.1,0.5,1500.0,500.0,2024-01-01 00:00:00
P2097,WH06,7,0.1,0.5,1500.0,500.0,2024-01-01 00:00:00
P2097,WH06,8,0.1,0.5,1500.0,500.0,2024-01-01 00:00:00
P2097,WH06,9,0.1,0.5,1500.0,500.0,2024-01-01 00:00:00
P2097,WH06,10,0.1,0.5,1500.0,500.0,2024-01-01 00:00:00
P2108,WH01,1,0.1,0.5,1500.0,500.0,2024-01-01 00:00:00
P2108,WH01,2,0.1,0.5,1500.0,500.0,2024-01-01 00:00:00
P2108,WH01,3,0.1,0.5,1500.0,500.0,2024-01-01 00:00:00
P2108,WH01,4,0.1,0.5,1500.0,500.0,2024-01-01 00:00:00
P2108,WH01,5,0.1,0.5,1500.0,500.0,2024-01-01 00:00:00
P2108,WH01,6,0.1,0.5,1500.0,500.0,2024-01-01 00:00:00
P2108,WH01,7,0.1,0.5,1500.0,500.0,2024-01-01 00:00:00
P2108,WH01,8,0.1,0.5,1500.0,500.0,2024-01-01 00:00:00
P2108,WH01,9,0.1,0.5,1500.0,500.0,2024-01-01 00:00:00
P2108,WH01,10,0.1,0.5,1500.0,500.0,2024-01-01 00:00:00
P2108,WH03,1,0.1,0.5,1500.0,500.0,2024-01-01 00:00:00
P2108,WH03,2,0.1,0.5,1500.0,500.0,2024-01-01 00:00:00
P2108,WH03,3,0.1,0.5,1500.0,500.0,2024-01-01 00:00:00
P2108,WH03,4,0.1,0.5,1500.0,500.0,2024-01-01 00:00:00
P2108,WH03,5,0.1,0.5,1500.0,500.0,2024-01-01 00:00:00
P2108,WH03,6,0.1,0.5,1500.0,500.0,2024-01-01 00:00:00
P2108,WH03,7,0.1,0.5,1500.0,500.0,2024-01-01 00:00:00
P2108,WH03,8,0.1,0.5,1500.0,500.0,2024-01-01 00:00:00
P2108,WH03,9,0.1,0.5,1500.0,500.0,2024-01-01 00:00:00
P2108,WH03,10,0.1,0.5,1500.0,500.0,2024-01-01 00:00:00
P2108,WH04,1,0.1,0.5,1500.0,500.0,2024-01-01 00:00:00
P2108,WH04,2,0.1,0.5,1500.0,500.0,2024-01-01 00:00:00
P2108,WH04,3,0.1,0.5,1500.0,500.0,2024-01-01 00:00:00
P2108,WH04,4,0.1,0.5,1500.0,500.0,2024-01-01 00:00:00
P2108,WH04,5,0.1,0.5,1500.0,500.0,2024-01-01 00:00:00
P2108,WH04,6,0.1,0.5,1500.0,500.0,2024-01-01 00:00:00
P2108,WH04,7,0.1,0.5,1500.0,500.0,2024-01-01 00:00:00
P2108,WH04,8,0.1,0.5,1500.0,500.0,2024-01-01 00:00:00
P2108,WH04,9,0.1,0.5,1500.0,500.0,2024-01-01 00:00:00
P2108,WH04,10,0.1,0.5,1500.0,500.0,2024-01-01 00:00:00
P2108,WH05,1,0.1,0.5,1500.0,500.0,2024-01-01 00:00:00
P2108,WH05,2,0.1,0.5,1500.0,500.0,2024-01-01 00:00:00
P2108,WH05,3,0.1,0.5,1500.0,500.0,2024-01-01 00:00:00
P2108,WH05,4,0.1,0.5,1500.0,500.0,2024-01-01 00:00:00
P2108,WH05,5,0.1,0.5,1500.0,500.0,2024-01-01 00:00:00
P2108,WH05,6,0.1,0.5,1500.0,500.0,2024-01-01 00:00:00
P2108,WH05,7,0.1,0.5,1500.0,500.0,2024-01-01 00:00:00
P2108,WH05,8,0.1,0.5,1500.0,500.0,2024-01-01 00:00:00
P2108,WH05,9,0.1,0.5,1500.0,500.0,2024-01-01 00:00:00
P2108,WH05,10,0.1,0.5,1500.0,500.0,2024-01-01 00:00:00
P2108,WH06,1,0.1,0.5,1500.0,500.0,2024-01-01 00:00:00
P2108,WH06,2,0.1,0.5,1500.0,500.0,2024-01-01 00:00:00
P2108,WH06,3,0.1,0.5,1500.0,500.0,2024-01-01 00:00:00
P2108,WH06,4,0.1,0.5,1500.0,500.0,2024-01-01 00:00:00
P2108,WH06,5,0.1,0.5,1500.0,500.0,2024-01-01 00:00:00
P2108,WH06,6,0.1,0.5,1500.0,500.0,2024-01-01 00:00:00
P2108,WH06,7,0.1,0.5,1500.0,500.0,2024-01-01 00:00:00
P2108,WH06,8,0.1,0.5,1500.0,500.0,2024-01-01 00:00:00
P2108,WH06,9,0.1,0.5,1500.0,500.0,2024-01-01 00:00:00
P2108,WH06,10,0.1,0.5,1500.0,500.0,2024-01-01 00:00:00
P0179,WH01,1,0.1,0.5,1500.0,750.0,2024-01-01 00:00:00
P0179,WH01,2,0.1,0.5,1500.0,750.0,2024-01-01 00:00:00
P0179,WH01,3,0.1,0.5,1500.0,750.0,2024-01-01 00:00:00
P0179,WH01,4,0.1,0.5,1500.0,750.0,2024-01-01 00:00:00
P0179,WH01,5,0.1,0.5,1500.0,750.0,2024-01-01 00:00:00
P0179,WH01,6,0.1,0.5,1500.0,750.0,2024-01-01 00:00:00
P0179,WH01,7,0.1,0.5,1500.0,750.0,2024-01-01 00:00:00
P0179,WH01,8,0.1,0.5,1500.0,750.0,2024-01-01 00:00:00
P0179,WH01,9,0.1,0.5,1500.0,750.0,2024-01-01 00:00:00
P0179,WH01,10,0.1,0.5,1500.0,750.0,2024-01-01 00:00:00
P0179,WH03,1,0.1,0.5,1500.0,750.0,2024-01-01 00:00:00
P0179,WH03,2,0.1,0.5,1500.0,750.0,2024-01-01 00:00:00
P0179,WH03,3,0.1,0.5,1500.0,750.0,2024-01-01 00:00:00
P0179,WH03,4,0.1,0.5,1500.0,750.0,2024-01-01 00:00:00
P0179,WH03,5,0.1,0.5,1500.0,750.0,2024-01-01 00:00:00
P0179,WH03,6,0.1,0.5,1500.0,750.0,2024-01-01 00:00:00
P0179,WH03,7,0.1,0.5,1500.0,750.0,2024-01-01 00:00:00
P0179,WH03,8,0.1,0.5,1500.0,750.0,2024-01-01 00:00:00
P0179,WH03,9,0.1,0.5,1500.0,750.0,2024-01-01 00:00:00
P0179,WH03,10,0.1,0.5,1500.0,750.0,2024-01-01 00:00:00
P0179,WH04,1,0.1,0.5,1500.0,750.0,2024-01-01 00:00:00
P0179,WH04,2,0.1,0.5,1500.0,750.0,2024-01-01 00:00:00
P0179,WH04,3,0.1,0.5,1500.0,750.0,2024-01-01 00:00:00
P0179,WH04,4,0.1,0.5,1500.0,750.0,2024-01-01 00:00:00
P0179,WH04,5,0.1,0.5,1500.0,750.0,2024-01-01 00:00:00
P0179,WH04,6,0.1,0.5,1500.0,750.0,2024-01-01 00:00:00
P0179,WH04,7,0.1,0.5,1500.0,750.0,2024-01-01 00:00:00
P0179,WH04,8,0.1,0.5,1500.0,750.0,2024-01-01 00:00:00
P0179,WH04,9,0.1,0.5,1500.0,750.0,2024-01-01 00:00:00
P0179,WH04,10,0.1,0.5,1500.0,750.0,2024-01-01 00:00:00
P0179,WH05,1,0.1,0.5,1500.0,750.0,2024-01-01 00:00:00
P0179,WH05,2,0.1,0.5,1500.0,750.0,2024-01-01 00:00:00
P0179,WH05,3,0.1,0.5,1500.0,750.0,2024-01-01 00:00:00
P0179,WH05,4,0.1,0.5,1500.0,750.0,2024-01-01 00:00:00
P0179,WH05,5,0.1,0.5,1500.0,750.0,2024-01-01 00:00:00
P0179,WH05,6,0.1,0.5,1500.0,750.0,2024-01-01 00:00:00
P0179,WH05,7,0.1,0.5,1500.0,750.0,2024-01-01 00:00:00
P0179,WH05,8,0.1,0.5,1500.0,750.0,2024-01-01 00:00:00
P0179,WH05,9,0.1,0.5,1500.0,750.0,2024-01-01 00:00:00
P0179,WH05,10,0.1,0.5,1500.0,750.0,2024-01-01 00:00:00
P0179,WH06,1,0.1,0.5,1500.0,750.0,2024-01-01 00:00:00
P0179,WH06,2,0.1,0.5,1500.0,750.0,2024-01-01 00:00:00
P0179,WH06,3,0.1,0.5,1500.0,750.0,2024-01-01 00:00:00
P0179,WH06,4,0.1,0.5,1500.0,750.0,2024-01-01 00:00:00
P0179,WH06,5,0.1,0.5,1500.0,750.0,2024-01-01 00:00:00
P0179,WH06,6,0.1,0.5,1500.0,750.0,2024-01-01 00:00:00
P0179,WH06,7,0.1,0.5,1500.0,750.0,2024-01-01 00:00:00
P0179,WH06,8,0.1,0.5,1500.0,750.0,2024-01-01 00:00:00
P0179,WH06,9,0.1,0.5,1500.0,750.0,2024-01-01 00:00:00
P0179,WH06,10,0.1,0.5,1500.0,750.0,2024-01-01 00:00:00
P0183,WH01,1,0.1,0.5,1500.0,750.0,2024-01-01 00:00:00
P0183,WH01,2,0.1,0.5,1500.0,750.0,2024-01-01 00:00:00
P0183,WH01,3,0.1,0.5,1500.0,750.0,2024-01-01 00:00:00
P0183,WH01,4,0.1,0.5,1500.0,750.0,2024-01-01 00:00:00
P0183,WH01,5,0.1,0.5,1500.0,750.0,2024-01-01 00:00:00
P0183,WH01,6,0.1,0.5,1500.0,750.0,2024-01-01 00:00:00
P0183,WH01,7,0.1,0.5,1500.0,750.0,2024-01-01 00:00:00
P0183,WH01,8,0.1,0.5,1500.0,750.0,2024-01-01 00:00:00
P0183,WH01,9,0.1,0.5,1500.0,750.0,2024-01-01 00:00:00
P0183,WH01,10,0.1,0.5,1500.0,750.0,2024-01-01 00:00:00
P0183,WH03,1,0.1,0.5,1500.0,750.0,2024-01-01 00:00:00
P0183,WH03,2,0.1,0.5,1500.0,750.0,2024-01-01 00:00:00
P0183,WH03,3,0.1,0.5,1500.0,750.0,2024-01-01 00:00:00
P0183,WH03,4,0.1,0.5,1500.0,750.0,2024-01-01 00:00:00
P0183,WH03,5,0.1,0.5,1500.0,750.0,2024-01-01 00:00:00
P0183,WH03,6,0.1,0.5,1500.0,750.0,2024-01-01 00:00:00
P0183,WH03,7,0.1,0.5,1500.0,750.0,2024-01-01 00:00:00
P0183,WH03,8,0.1,0.5,1500.0,750.0,2024-01-01 00:00:00
P0183,WH03,9,0.1,0.5,1500.0,750.0,2024-01-01 00:00:00
P0183,WH03,10,0.1,0.5,1500.0,750.0,2024-01-01 00:00:00
P0183,WH04,1,0.1,0.5,1500.0,750.0,2024-01-01 00:00:00
P0183,WH04,2,0.1,0.5,1500.0,750.0,2024-01-01 00:00:00
P0183,WH04,3,0.1,0.5,1500.0,750.0,2024-01-01 00:00:00
P0183,WH04,4,0.1,0.5,1500.0,750.0,2024-01-01 00:00:00
P0183,WH04,5,0.1,0.5,1500.0,750.0,2024-01-01 00:00:00
P0183,WH04,6,0.1,0.5,1500.0,750.0,2024-01-01 00:00:00
P0183,WH04,7,0.1,0.5,1500.0,750.0,2024-01-01 00:00:00
P0183,WH04,8,0.1,0.5,1500.0,750.0,2024-01-01 00:00:00
P0183,WH04,9,0.1,0.5,1500.0,750.0,2024-01-01 00:00:00
P0183,WH04,10,0.1,0.5,1500.0,750.0,2024-01-01 00:00:00
P0183,WH05,1,0.1,0.5,1500.0,750.0,2024-01-01 00:00:00
P0183,WH05,2,0.1,0.5,1500.0,750.0,2024-01-01 00:00:00
P0183,WH05,3,0.1,0.5,1500.0,750.0,2024-01-01 00:00:00
P0183,WH05,4,0.1,0.5,1500.0,750.0,2024-01-01 00:00:00
P0183,WH05,5,0.1,0.5,1500.0,750.0,2024-01-01 00:00:00
P0183,WH05,6,0.1,0.5,1500.0,750.0,2024-01-01 00:00:00
P0183,WH05,7,0.1,0.5,1500.0,750.0,2024-01-01 00:00:00
P0183,WH05,8,0.1,0.5,1500.0,750.0,2024-01-01 00:00:00
P0183,WH05,9,0.1,0.5,1500.0,750.0,2024-01-01 00:00:00
P0183,WH05,10,0.1,0.5,1500.0,750.0,2024-01-01 00:00:00
P0183,WH06,1,0.1,0.5,1500.0,750.0,2024-01-01 00:00:00
P0183,WH06,2,0.1,0.5,1500.0,750.0,2024-01-01 00:00:00
P0183,WH06,3,0.1,0.5,1500.0,750.0,2024-01-01 00:00:00
P0183,WH06,4,0.1,0.5,1500.0,750.0,2024-01-01 00:00:00
P0183,WH06,5,0.1,0.5,1500.0,750.0,2024-01-01 00:00:00
P0183,WH06,6,0.1,0.5,1500.0,750.0,2024-01-01 00:00:00
P0183,WH06,7,0.1,0.5,1500.0,750.0,2024-01-01 00:00:00
P0183,WH06,8,0.1,0.5,1500.0,750.0,2024-01-01 00:00:00
P0183,WH06,9,0.1,0.5,1500.0,750.0,2024-01-01 00:00:00
P0183,WH06,10,0.1,0.5,1500.0,750.0,2024-01-01 00:00:00
P0264,WH01,1,0.1,0.5,1500.0,500.0,2024-01-01 00:00:00
P0264,WH01,2,0.1,0.5,1500.0,500.0,2024-01-01 00:00:00
P0264,WH01,3,0.1,0.5,1500.0,500.0,2024-01-01 00:00:00
P0264,WH01,4,0.1,0.5,1500.0,500.0,2024-01-01 00:00:00
P0264,WH01,5,0.1,0.5,1500.0,500.0,2024-01-01 00:00:00
P0264,WH01,6,0.1,0.5,1500.0,500.0,2024-01-01 00:00:00
P0264,WH01,7,0.1,0.5,1500.0,500.0,2024-01-01 00:00:00
P0264,WH01,8,0.1,0.5,1500.0,500.0,2024-01-01 00:00:00
P0264,WH01,9,0.1,0.5,1500.0,500.0,2024-01-01 00:00:00
P0264,WH01,10,0.1,0.5,1500.0,500.0,2024-01-01 00:00:00
P0264,WH03,1,0.1,0.5,1500.0,500.0,2024-01-01 00:00:00
P0264,WH03,2,0.1,0.5,1500.0,500.0,2024-01-01 00:00:00
P0264,WH03,3,0.1,0.5,1500.0,500.0,2024-01-01 00:00:00
P0264,WH03,4,0.1,0.5,1500.0,500.0,2024-01-01 00:00:00
P0264,WH03,5,0.1,0.5,1500.0,500.0,2024-01-01 00:00:00
P0264,WH03,6,0.1,0.5,1500.0,500.0,2024-01-01 00:00:00
P0264,WH03,7,0.1,0.5,1500.0,500.0,2024-01-01 00:00:00
P0264,WH03,8,0.1,0.5,1500.0,500.0,2024-01-01 00:00:00
P0264,WH03,9,0.1,0.5,1500.0,500.0,2024-01-01 00:00:00
P0264,WH03,10,0.1,0.5,1500.0,500.0,2024-01-01 00:00:00
P0264,WH04,1,0.1,0.5,1500.0,500.0,2024-01-01 00:00:00
P0264,WH04,2,0.1,0.5,1500.0,500.0,2024-01-01 00:00:00
P0264,WH04,3,0.1,0.5,1500.0,500.0,2024-01-01 00:00:00
P0264,WH04,4,0.1,0.5,1500.0,500.0,2024-01-01 00:00:00
P0264,WH04,5,0.1,0.5,1500.0,500.0,2024-01-01 00:00:00
P0264,WH04,6,0.1,0.5,1500.0,500.0,2024-01-01 00:00:00
P0264,WH04,7,0.1,0.5,1500.0,500.0,2024-01-01 00:00:00
P0264,WH04,8,0.1,0.5,1500.0,500.0,2024-01-01 00:00:00
P0264,WH04,9,0.1,0.5,1500.0,500.0,2024-01-01 00:00:00
P0264,WH04,10,0.1,0.5,1500.0,500.0,2024-01-01 00:00:00
P0264,WH05,1,0.1,0.5,1500.0,500.0,2024-01-01 00:00:00
P0264,WH05,2,0.1,0.5,1500.0,500.0,2024-01-01 00:00:00
P0264,WH05,3,0.1,0.5,1500.0,500.0,2024-01-01 00:00:00
P0264,WH05,4,0.1,0.5,1500.0,500.0,2024-01-01 00:00:00
P0264,WH05,5,0.1,0.5,1500.0,500.0,2024-01-01 00:00:00
P0264,WH05,6,0.1,0.5,1500.0,500.0,2024-01-01 00:00:00
P0264,WH05,7,0.1,0.5,1500.0,500.0,2024-01-01 00:00:00
P0264,WH05,8,0.1,0.5,1500.0,500.0,2024-01-01 00:00:00
P0264,WH05,9,0.1,0.5,1500.0,500.0,2024-01-01 00:00:00
P0264,WH05,10,0.1,0.5,1500.0,500.0,2024-01-01 00:00:00
P0264,WH06,1,0.1,0.5,1500.0,500.0,2024-01-01 00:00:00
P0264,WH06,2,0.1,0.5,1500.0,500.0,2024-01-01 00:00:00
P0264,WH06,3,0.1,0.5,1500.0,500.0,2024-01-01 00:00:00
P0264,WH06,4,0.1,0.5,1500.0,500.0,2024-01-01 00:00:00
P0264,WH06,5,0.1,0.5,1500.0,500.0,2024-01-01 00:00:00
P0264,WH06,6,0.1,0.5,1500.0,500.0,2024-01-01 00:00:00
P0264,WH06,7,0.1,0.5,1500.0,500.0,2024-01-01 00:00:00
P0264,WH06,8,0.1,0.5,1500.0,500.0,2024-01-01 00:00:00
P0264,WH06,9,0.1,0.5,1500.0,500.0,2024-01-01 00:00:00
P0264,WH06,10,0.1,0.5,1500.0,500.0,2024-01-01 00:00:00
P0296,WH01,1,0.1,0.5,1500.0,500.0,2024-01-01 00:00:00
P0296,WH01,2,0.1,0.5,1500.0,500.0,2024-01-01 00:00:00
P0296,WH01,3,0.1,0.5,1500.0,500.0,2024-01-01 00:00:00
P0296,WH01,4,0.1,0.5,1500.0,500.0,2024-01-01 00:00:00
P0296,WH01,5,0.1,0.5,1500.0,500.0,2024-01-01 00:00:00
P0296,WH01,6,0.1,0.5,1500.0,500.0,2024-01-01 00:00:00
P0296,WH01,7,0.1,0.5,1500.0,500.0,2024-01-01 00:00:00
P0296,WH01,8,0.1,0.5,1500.0,500.0,2024-01-01 00:00:00
P0296,WH01,9,0.1,0.5,1500.0,500.0,2024-01-01 00:00:00
P0296,WH01,10,0.1,0.5,1500.0,500.0,2024-01-01 00:00:00
P0296,WH03,1,0.1,0.5,1500.0,500.0,2024-01-01 00:00:00
P0296,WH03,2,0.1,0.5,1500.0,500.0,2024-01-01 00:00:00
P0296,WH03,3,0.1,0.5,1500.0,500.0,2024-01-01 00:00:00
P0296,WH03,4,0.1,0.5,1500.0,500.0,2024-01-01 00:00:00
P0296,WH03,5,0.1,0.5,1500.0,500.0,2024-01-01 00:00:00
P0296,WH03,6,0.1,0.5,1500.0,500.0,2024-01-01 00:00:00
P0296,WH03,7,0.1,0.5,1500.0,500.0,2024-01-01 00:00:00
P0296,WH03,8,0.1,0.5,1500.0,500.0,2024-01-01 00:00:00
P0296,WH03,9,0.1,0.5,1500.0,500.0,2024-01-01 00:00:00
P0296,WH03,10,0.1,0.5,1500.0,500.0,2024-01-01 00:00:00
P0296,WH04,1,0.1,0.5,1500.0,500.0,2024-01-01 00:00:00
P0296,WH04,2,0.1,0.5,1500.0,500.0,2024-01-01 00:00:00
P0296,WH04,3,0.1,0.5,1500.0,500.0,2024-01-01 00:00:00
P0296,WH04,4,0.1,0.5,1500.0,500.0,2024-01-01 00:00:00
P0296,WH04,5,0.1,0.5,1500.0,500.0,2024-01-01 00:00:00
P0296,WH04,6,0.1,0.5,1500.0,500.0,2024-01-01 00:00:00
P0296,WH04,7,0.1,0.5,1500.0,500.0,2024-01-01 00:00:00
P0296,WH04,8,0.1,0.5,1500.0,500.0,2024-01-01 00:00:00
P0296,WH04,9,0.1,0.5,1500.0,500.0,2024-01-01 00:00:00
P0296,WH04,10,0.1,0.5,1500.0,500.0,2024-01-01 00:00:00
P0296,WH05,1,0.1,0.5,1500.0,500.0,2024-01-01 00:00:00
P0296,WH05,2,0.1,0.5,1500.0,500.0,2024-01-01 00:00:00
P0296,WH05,3,0.1,0.5,1500.0,500.0,2024-01-01 00:00:00
P0296,WH05,4,0.1,0.5,1500.0,500.0,2024-01-01 00:00:00
P0296,WH05,5,0.1,0.5,1500.0,500.0,2024-01-01 00:00:00
P0296,WH05,6,0.1,0.5,1500.0,500.0,2024-01-01 00:00:00
P0296,WH05,7,0.1,0.5,1500.0,500.0,2024-01-01 00:00:00
P0296,WH05,8,0.1,0.5,1500.0,500.0,2024-01-01 00:00:00
P0296,WH05,9,0.1,0.5,1500.0,500.0,2024-01-01 00:00:00
P0296,WH05,10,0.1,0.5,1500.0,500.0,2024-01-01 00:00:00
P0296,WH06,1,0.1,0.5,1500.0,500.0,2024-01-01 00:00:00
P0296,WH06,2,0.1,0.5,1500.0,500.0,2024-01-01 00:00:00
P0296,WH06,3,0.1,0.5,1500.0,500.0,2024-01-01 00:00:00
P0296,WH06,4,0.1,0.5,1500.0,500.0,2024-01-01 00:00:00
P0296,WH06,5,0.1,0.5,1500.0,500.0,2024-01-01 00:00:00
P0296,WH06,6,0.1,0.5,1500.0,500.0,2024-01-01 00:00:00
P0296,WH06,7,0.1,0.5,1500.0,500.0,2024-01-01 00:00:00
P0296,WH06,8,0.1,0.5,1500.0,500.0,2024-01-01 00:00:00
P0296,WH06,9,0.1,0.5,1500.0,500.0,2024-01-01 00:00:00
P0296,WH06,10,0.1,0.5,1500.0,500.0,2024-01-01 00:00:00
P0341,WH01,1,0.1,0.5,1500.0,500.0,2024-01-01 00:00:00
P0341,WH01,2,0.1,0.5,1500.0,500.0,2024-01-01 00:00:00
P0341,WH01,3,0.1,0.5,1500.0,500.0,2024-01-01 00:00:00
P0341,WH01,4,0.1,0.5,1500.0,500.0,2024-01-01 00:00:00
P0341,WH01,5,0.1,0.5,1500.0,500.0,2024-01-01 00:00:00
P0341,WH01,6,0.1,0.5,1500.0,500.0,2024-01-01 00:00:00
P0341,WH01,7,0.1,0.5,1500.0,500.0,2024-01-01 00:00:00
P0341,WH01,8,0.1,0.5,1500.0,500.0,2024-01-01 00:00:00
P0341,WH01,9,0.1,0.5,1500.0,500.0,2024-01-01 00:00:00
P0341,WH01,10,0.1,0.5,1500.0,500.0,2024-01-01 00:00:00
P0341,WH03,1,0.1,0.5,1500.0,500.0,2024-01-01 00:00:00
P0341,WH03,2,0.1,0.5,1500.0,500.0,2024-01-01 00:00:00
P0341,WH03,3,0.1,0.5,1500.0,500.0,2024-01-01 00:00:00
P0341,WH03,4,0.1,0.5,1500.0,500.0,2024-01-01 00:00:00
P0341,WH03,5,0.1,0.5,1500.0,500.0,2024-01-01 00:00:00
P0341,WH03,6,0.1,0.5,1500.0,500.0,2024-01-01 00:00:00
P0341,WH03,7,0.1,0.5,1500.0,500.0,2024-01-01 00:00:00
P0341,WH03,8,0.1,0.5,1500.0,500.0,2024-01-01 00:00:00
P0341,WH03,9,0.1,0.5,1500.0,500.0,2024-01-01 00:00:00
P0341,WH03,10,0.1,0.5,1500.0,500.0,2024-01-01 00:00:00
P0341,WH04,1,0.1,0.5,1500.0,500.0,2024-01-01 00:00:00
P0341,WH04,2,0.1,0.5,1500.0,500.0,2024-01-01 00:00:00
P0341,WH04,3,0.1,0.5,1500.0,500.0,2024-01-01 00:00:00
P0341,WH04,4,0.1,0.5,1500.0,500.0,2024-01-01 00:00:00
P0341,WH04,5,0.1,0.5,1500.0,500.0,2024-01-01 00:00:00
P0341,WH04,6,0.1,0.5,1500.0,500.0,2024-01-01 00:00:00
P0341,WH04,7,0.1,0.5,1500.0,500.0,2024-01-01 00:00:00
P0341,WH04,8,0.1,0.5,1500.0,500.0,2024-01-01 00:00:00
P0341,WH04,9,0.1,0.5,1500.0,500.0,2024-01-01 00:00:00
P0341,WH04,10,0.1,0.5,1500.0,500.0,2024-01-01 00:00:00
P0341,WH05,1,0.1,0.5,1500.0,500.0,2024-01-01 00:00:00
P0341,WH05,2,0.1,0.5,1500.0,500.0,2024-01-01 00:00:00
P0341,WH05,3,0.1,0.5,1500.0,500.0,2024-01-01 00:00:00
P0341,WH05,4,0.1,0.5,1500.0,500.0,2024-01-01 00:00:00
P0341,WH05,5,0.1,0.5,1500.0,500.0,2024-01-01 00:00:00
P0341,WH05,6,0.1,0.5,1500.0,500.0,2024-01-01 00:00:00
P0341,WH05,7,0.1,0.5,1500.0,500.0,2024-01-01 00:00:00
P0341,WH05,8,0.1,0.5,1500.0,500.0,2024-01-01 00:00:00
P0341,WH05,9,0.1,0.5,1500.0,500.0,2024-01-01 00:00:00
P0341,WH05,10,0.1,0.5,1500.0,500.0,2024-01-01 00:00:00
P0341,WH06,1,0.1,0.5,1500.0,500.0,2024-01-01 00:00:00
P0341,WH06,2,0.1,0.5,1500.0,500.0,2024-01-01 00:00:00
P0341,WH06,3,0.1,0.5,1500.0,500.0,2024-01-01 00:00:00
P0341,WH06,4,0.1,0.5,1500.0,500.0,2024-01-01 00:00:00
P0341,WH06,5,0.1,0.5,1500.0,500.0,2024-01-01 00:00:00
P0341,WH06,6,0.1,0.5,1500.0,500.0,2024-01-01 00:00:00
P0341,WH06,7,0.1,0.5,1500.0,500.0,2024-01-01 00:00:00
P0341,WH06,8,0.1,0.5,1500.0,500.0,2024-01-01 00:00:00
P0341,WH06,9,0.1,0.5,1500.0,500.0,2024-01-01 00:00:00
P0341,WH06,10,0.1,0.5,1500.0,500.0,2024-01-01 00:00:00
P0416,WH01,1,0.1,0.5,1500.0,750.0,2024-01-01 00:00:00
P0416,WH01,2,0.1,0.5,1500.0,750.0,2024-01-01 00:00:00
P0416,WH01,3,0.1,0.5,1500.0,750.0,2024-01-01 00:00:00
P0416,WH01,4,0.1,0.5,1500.0,750.0,2024-01-01 00:00:00
P0416,WH01,5,0.1,0.5,1500.0,750.0,2024-01-01 00:00:00
P0416,WH01,6,0.1,0.5,1500.0,750.0,2024-01-01 00:00:00
P0416,WH01,7,0.1,0.5,1500.0,750.0,2024-01-01 00:00:00
P0416,WH01,8,0.1,0.5,1500.0,750.0,2024-01-01 00:00:00
P0416,WH01,9,0.1,0.5,1500.0,750.0,2024-01-01 00:00:00
P0416,WH01,10,0.1,0.5,1500.0,750.0,2024-01-01 00:00:00
P0416,WH03,1,0.1,0.5,1500.0,750.0,2024-01-01 00:00:00
P0416,WH03,2,0.1,0.5,1500.0,750.0,2024-01-01 00:00:00
P0416,WH03,3,0.1,0.5,1500.0,750.0,2024-01-01 00:00:00
P0416,WH03,4,0.1,0.5,1500.0,750.0,2024-01-01 00:00:00
P0416,WH03,5,0.1,0.5,1500.0,750.0,2024-01-01 00:00:00
P0416,WH03,6,0.1,0.5,1500.0,750.0,2024-01-01 00:00:00
P0416,WH03,7,0.1,0.5,1500.0,750.0,2024-01-01 00:00:00
P0416,WH03,8,0.1,0.5,1500.0,750.0,2024-01-01 00:00:00
P0416,WH03,9,0.1,0.5,1500.0,750.0,2024-01-01 00:00:00
P0416,WH03,10,0.1,0.5,1500.0,750.0,2024-01-01 00:00:00
P0416,WH04,1,0.1,0.5,1500.0,750.0,2024-01-01 00:00:00
P0416,WH04,2,0.1,0.5,1500.0,750.0,2024-01-01 00:00:00
P0416,WH04,3,0.1,0.5,1500.0,750.0,2024-01-01 00:00:00
P0416,WH04,4,0.1,0.5,1500.0,750.0,2024-01-01 00:00:00
P0416,WH04,5,0.1,0.5,1500.0,750.0,2024-01-01 00:00:00
P0416,WH04,6,0.1,0.5,1500.0,750.0,2024-01-01 00:00:00
P0416,WH04,7,0.1,0.5,1500.0,750.0,2024-01-01 00:00:00
P0416,WH04,8,0.1,0.5,1500.0,750.0,2024-01-01 00:00:00
P0416,WH04,9,0.1,0.5,1500.0,750.0,2024-01-01 00:00:00
P0416,WH04,10,0.1,0.5,1500.0,750.0,2024-01-01 00:00:00
P0416,WH05,1,0.1,0.5,1500.0,750.0,2024-01-01 00:00:00
P0416,WH05,2,0.1,0.5,1500.0,750.0,2024-01-01 00:00:00
P0416,WH05,3,0.1,0.5,1500.0,750.0,2024-01-01 00:00:00
P0416,WH05,4,0.1,0.5,1500.0,750.0,2024-01-01 00:00:00
P0416,WH05,5,0.1,0.5,1500.0,750.0,2024-01-01 00:00:00
P0416,WH05,6,0.1,0.5,1500.0,750.0,2024-01-01 00:00:00
P0416,WH05,7,0.1,0.5,1500.0,750.0,2024-01-01 00:00:00
P0416,WH05,8,0.1,0.5,1500.0,750.0,2024-01-01 00:00:00
P0416,WH05,9,0.1,0.5,1500.0,750.0,2024-01-01 00:00:00
P0416,WH05,10,0.1,0.5,1500.0,750.0,2024-01-01 00:00:00
P0416,WH06,1,0.1,0.5,1500.0,750.0,2024-01-01 00:00:00
P0416,WH06,2,0.1,0.5,1500.0,750.0,2024-01-01 00:00:00
P0416,WH06,3,0.1,0.5,1500.0,750.0,2024-01-01 00:00:00
P0416,WH06,4,0.1,0.5,1500.0,750.0,2024-01-01 00:00:00
P0416,WH06,5,0.1,0.5,1500.0,750.0,2024-01-01 00:00:00
P0416,WH06,6,0.1,0.5,1500.0,750.0,2024-01-01 00:00:00
P0416,WH06,7,0.1,0.5,1500.0,750.0,2024-01-01 00:00:00
P0416,WH06,8,0.1,0.5,1500.0,750.0,2024-01-01 00:00:00
P0416,WH06,9,0.1,0.5,1500.0,750.0,2024-01-01 00:00:00
P0416,WH06,10,0.1,0.5,1500.0,750.0,2024-01-01 00:00:00
P0519,WH01,1,0.1,0.5,1500.0,500.0,2024-01-01 00:00:00
P0519,WH01,2,0.1,0.5,1500.0,500.0,2024-01-01 00:00:00
P0519,WH01,3,0.1,0.5,1500.0,500.0,2024-01-01 00:00:00
P0519,WH01,4,0.1,0.5,1500.0,500.0,2024-01-01 00:00:00
P0519,WH01,5,0.1,0.5,1500.0,500.0,2024-01-01 00:00:00
P0519,WH01,6,0.1,0.5,1500.0,500.0,2024-01-01 00:00:00
P0519,WH01,7,0.1,0.5,1500.0,500.0,2024-01-01 00:00:00
P0519,WH01,8,0.1,0.5,1500.0,500.0,2024-01-01 00:00:00
P0519,WH01,9,0.1,0.5,1500.0,500.0,2024-01-01 00:00:00
P0519,WH01,10,0.1,0.5,1500.0,500.0,2024-01-01 00:00:00
P0519,WH03,1,0.1,0.5,1500.0,500.0,2024-01-01 00:00:00
P0519,WH03,2,0.1,0.5,1500.0,500.0,2024-01-01 00:00:00
P0519,WH03,3,0.1,0.5,1500.0,500.0,2024-01-01 00:00:00
P0519,WH03,4,0.1,0.5,1500.0,500.0,2024-01-01 00:00:00
P0519,WH03,5,0.1,0.5,1500.0,500.0,2024-01-01 00:00:00
P0519,WH03,6,0.1,0.5,1500.0,500.0,2024-01-01 00:00:00
P0519,WH03,7,0.1,0.5,1500.0,500.0,2024-01-01 00:00:00
P0519,WH03,8,0.1,0.5,1500.0,500.0,2024-01-01 00:00:00
P0519,WH03,9,0.1,0.5,1500.0,500.0,2024-01-01 00:00:00
P0519,WH03,10,0.1,0.5,1500.0,500.0,2024-01-01 00:00:00
P0519,WH04,1,0.1,0.5,1500.0,500.0,2024-01-01 00:00:00
P0519,WH04,2,0.1,0.5,1500.0,500.0,2024-01-01 00:00:00
P0519,WH04,3,0.1,0.5,1500.0,500.0,2024-01-01 00:00:00
P0519,WH04,4,0.1,0.5,1500.0,500.0,2024-01-01 00:00:00
P0519,WH04,5,0.1,0.5,1500.0,500.0,2024-01-01 00:00:00
P0519,WH04,6,0.1,0.5,1500.0,500.0,2024-01-01 00:00:00
P0519,WH04,7,0.1,0.5,1500.0,500.0,2024-01-01 00:00:00
P0519,WH04,8,0.1,0.5,1500.0,500.0,2024-01-01 00:00:00
P0519,WH04,9,0.1,0.5,1500.0,500.0,2024-01-01 00:00:00
P0519,WH04,10,0.1,0.5,1500.0,500.0,2024-01-01 00:00:00
P0519,WH05,1,0.1,0.5,1500.0,500.0,2024-01-01 00:00:00
P0519,WH05,2,0.1,0.5,1500.0,500.0,2024-01-01 00:00:00
P0519,WH05,3,0.1,0.5,1500.0,500.0,2024-01-01 00:00:00
P0519,WH05,4,0.1,0.5,1500.0,500.0,2024-01-01 00:00:00
P0519,WH05,5,0.1,0.5,1500.0,500.0,2024-01-01 00:00:00
P0519,WH05,6,0.1,0.5,1500.0,500.0,2024-01-01 00:00:00
P0519,WH05,7,0.1,0.5,1500.0,500.0,2024-01-01 00:00:00
P0519,WH05,8,0.1,0.5,1500.0,500.0,2024-01-01 00:00:00
P0519,WH05,9,0.1,0.5,1500.0,500.0,2024-01-01 00:00:00
P0519,WH05,10,0.1,0.5,1500.0,500.0,2024-01-01 00:00:00
P0519,WH06,1,0.1,0.5,1500.0,500.0,2024-01-01 00:00:00
P0519,WH06,2,0.1,0.5,1500.0,500.0,2024-01-01 00:00:00
P0519,WH06,3,0.1,0.5,1500.0,500.0,2024-01-01 00:00:00
P0519,WH06,4,0.1,0.5,1500.0,500.0,2024-01-01 00:00:00
P0519,WH06,5,0.1,0.5,1500.0,500.0,2024-01-01 00:00:00
P0519,WH06,6,0.1,0.5,1500.0,500.0,2024-01-01 00:00:00
P0519,WH06,7,0.1,0.5,1500.0,500.0,2024-01-01 00:00:00
P0519,WH06,8,0.1,0.5,1500.0,500.0,2024-01-01 00:00:00
P0519,WH06,9,0.1,0.5,1500.0,500.0,2024-01-01 00:00:00
P0519,WH06,10,0.1,0.5,1500.0,500.0,2024-01-01 00:00:00
P0652,WH01,1,0.1,0.5,1500.0,500.0,2024-01-01 00:00:00
P0652,WH01,2,0.1,0.5,1500.0,500.0,2024-01-01 00:00:00
P0652,WH01,3,0.1,0.5,1500.0,500.0,2024-01-01 00:00:00
P0652,WH01,4,0.1,0.5,1500.0,500.0,2024-01-01 00:00:00
P0652,WH01,5,0.1,0.5,1500.0,500.0,2024-01-01 00:00:00
P0652,WH01,6,0.1,0.5,1500.0,500.0,2024-01-01 00:00:00
P0652,WH01,7,0.1,0.5,1500.0,500.0,2024-01-01 00:00:00
P0652,WH01,8,0.1,0.5,1500.0,500.0,2024-01-01 00:00:00
P0652,WH01,9,0.1,0.5,1500.0,500.0,2024-01-01 00:00:00
P0652,WH01,10,0.1,0.5,1500.0,500.0,2024-01-01 00:00:00
P0652,WH03,1,0.1,0.5,1500.0,500.0,2024-01-01 00:00:00
P0652,WH03,2,0.1,0.5,1500.0,500.0,2024-01-01 00:00:00
P0652,WH03,3,0.1,0.5,1500.0,500.0,2024-01-01 00:00:00
P0652,WH03,4,0.1,0.5,1500.0,500.0,2024-01-01 00:00:00
P0652,WH03,5,0.1,0.5,1500.0,500.0,2024-01-01 00:00:00
P0652,WH03,6,0.1,0.5,1500.0,500.0,2024-01-01 00:00:00
P0652,WH03,7,0.1,0.5,1500.0,500.0,2024-01-01 00:00:00
P0652,WH03,8,0.1,0.5,1500.0,500.0,2024-01-01 00:00:00
P0652,WH03,9,0.1,0.5,1500.0,500.0,2024-01-01 00:00:00
P0652,WH03,10,0.1,0.5,1500.0,500.0,2024-01-01 00:00:00
P0652,WH04,1,0.1,0.5,1500.0,500.0,2024-01-01 00:00:00
P0652,WH04,2,0.1,0.5,1500.0,500.0,2024-01-01 00:00:00
P0652,WH04,3,0.1,0.5,1500.0,500.0,2024-01-01 00:00:00
P0652,WH04,4,0.1,0.5,1500.0,500.0,2024-01-01 00:00:00
P0652,WH04,5,0.1,0.5,1500.0,500.0,2024-01-01 00:00:00
P0652,WH04,6,0.1,0.5,1500.0,500.0,2024-01-01 00:00:00
P0652,WH04,7,0.1,0.5,1500.0,500.0,2024-01-01 00:00:00
P0652,WH04,8,0.1,0.5,1500.0,500.0,2024-01-01 00:00:00
P0652,WH04,9,0.1,0.5,1500.0,500.0,2024-01-01 00:00:00
P0652,WH04,10,0.1,0.5,1500.0,500.0,2024-01-01 00:00:00
P0652,WH05,1,0.1,0.5,1500.0,500.0,2024-01-01 00:00:00
P0652,WH05,2,0.1,0.5,1500.0,500.0,2024-01-01 00:00:00
P0652,WH05,3,0.1,0.5,1500.0,500.0,2024-01-01 00:00:00
P0652,WH05,4,0.1,0.5,1500.0,500.0,2024-01-01 00:00:00
P0652,WH05,5,0.1,0.5,1500.0,500.0,2024-01-01 00:00:00
P0652,WH05,6,0.1,0.5,1500.0,500.0,2024-01-01 00:00:00
P0652,WH05,7,0.1,0.5,1500.0,500.0,2024-01-01 00:00:00
P0652,WH05,8,0.1,0.5,1500.0,500.0,2024-01-01 00:00:00
P0652,WH05,9,0.1,0.5,1500.0,500.0,2024-01-01 00:00:00
P0652,WH05,10,0.1,0.5,1500.0,500.0,2024-01-01 00:00:00
P0652,WH06,1,0.1,0.5,1500.0,500.0,2024-01-01 00:00:00
P0652,WH06,2,0.1,0.5,1500.0,500.0,2024-01-01 00:00:00
P0652,WH06,3,0.1,0.5,1500.0,500.0,2024-01-01 00:00:00
P0652,WH06,4,0.1,0.5,1500.0,500.0,2024-01-01 00:00:00
P0652,WH06,5,0.1,0.5,1500.0,500.0,2024-01-01 00:00:00
P0652,WH06,6,0.1,0.5,1500.0,500.0,2024-01-01 00:00:00
P0652,WH06,7,0.1,0.5,1500.0,500.0,2024-01-01 00:00:00
P0652,WH06,8,0.1,0.5,1500.0,500.0,2024-01-01 00:00:00
P0652,WH06,9,0.1,0.5,1500.0,500.0,2024-01-01 00:00:00
P0652,WH06,10,0.1,0.5,1500.0,500.0,2024-01-01 00:00:00
P0817,WH01,1,0.1,0.5,1500.0,500.0,2024-01-01 00:00:00
P0817,WH01,2,0.1,0.5,1500.0,500.0,2024-01-01 00:00:00
P0817,WH01,3,0.1,0.5,1500.0,500.0,2024-01-01 00:00:00
P0817,WH01,4,0.1,0.5,1500.0,500.0,2024-01-01 00:00:00
P0817,WH01,5,0.1,0.5,1500.0,500.0,2024-01-01 00:00:00
P0817,WH01,6,0.1,0.5,1500.0,500.0,2024-01-01 00:00:00
P0817,WH01,7,0.1,0.5,1500.0,500.0,2024-01-01 00:00:00
P0817,WH01,8,0.1,0.5,1500.0,500.0,2024-01-01 00:00:00
P0817,WH01,9,0.1,0.5,1500.0,500.0,2024-01-01 00:00:00
P0817,WH01,10,0.1,0.5,1500.0,500.0,2024-01-01 00:00:00
P0817,WH03,1,0.1,0.5,1500.0,500.0,2024-01-01 00:00:00
P0817,WH03,2,0.1,0.5,1500.0,500.0,2024-01-01 00:00:00
P0817,WH03,3,0.1,0.5,1500.0,500.0,2024-01-01 00:00:00
P0817,WH03,4,0.1,0.5,1500.0,500.0,2024-01-01 00:00:00
P0817,WH03,5,0.1,0.5,1500.0,500.0,2024-01-01 00:00:00
P0817,WH03,6,0.1,0.5,1500.0,500.0,2024-01-01 00:00:00
P0817,WH03,7,0.1,0.5,1500.0,500.0,2024-01-01 00:00:00
P0817,WH03,8,0.1,0.5,1500.0,500.0,2024-01-01 00:00:00
P0817,WH03,9,0.1,0.5,1500.0,500.0,2024-01-01 00:00:00
P0817,WH03,10,0.1,0.5,1500.0,500.0,2024-01-01 00:00:00
P0817,WH04,1,0.1,0.5,1500.0,500.0,2024-01-01 00:00:00
P0817,WH04,2,0.1,0.5,1500.0,500.0,2024-01-01 00:00:00
P0817,WH04,3,0.1,0.5,1500.0,500.0,2024-01-01 00:00:00
P0817,WH04,4,0.1,0.5,1500.0,500.0,2024-01-01 00:00:00
P0817,WH04,5,0.1,0.5,1500.0,500.0,2024-01-01 00:00:00
P0817,WH04,6,0.1,0.5,1500.0,500.0,2024-01-01 00:00:00
P0817,WH04,7,0.1,0.5,1500.0,500.0,2024-01-01 00:00:00
P0817,WH04,8,0.1,0.5,1500.0,500.0,2024-01-01 00:00:00
P0817,WH04,9,0.1,0.5,1500.0,500.0,2024-01-01 00:00:00
P0817,WH04,10,0.1,0.5,1500.0,500.0,2024-01-01 00:00:00
P0817,WH05,1,0.1,0.5,1500.0,500.0,2024-01-01 00:00:00
P0817,WH05,2,0.1,0.5,1500.0,500.0,2024-01-01 00:00:00
P0817,WH05,3,0.1,0.5,1500.0,500.0,2024-01-01 00:00:00
P0817,WH05,4,0.1,0.5,1500.0,500.0,2024-01-01 00:00:00
P0817,WH05,5,0.1,0.5,1500.0,500.0,2024-01-01 00:00:00
P0817,WH05,6,0.1,0.5,1500.0,500.0,2024-01-01 00:00:00
P0817,WH05,7,0.1,0.5,1500.0,500.0,2024-01-01 00:00:00
P0817,WH05,8,0.1,0.5,1500.0,500.0,2024-01-01 00:00:00
P0817,WH05,9,0.1,0.5,1500.0,500.0,2024-01-01 00:00:00
P0817,WH05,10,0.1,0.5,1500.0,500.0,2024-01-01 00:00:00
P0817,WH06,1,0.1,0.5,1500.0,500.0,2024-01-01 00:00:00
P0817,WH06,2,0.1,0.5,1500.0,500.0,2024-01-01 00:00:00
P0817,WH06,3,0.1,0.5,1500.0,500.0,2024-01-01 00:00:00
P0817,WH06,4,0.1,0.5,1500.0,500.0,2024-01-01 00:00:00
P0817,WH06,5,0.1,0.5,1500.0,500.0,2024-01-01 00:00:00
P0817,WH06,6,0.1,0.5,1500.0,500.0,2024-01-01 00:00:00
P0817,WH06,7,0.1,0.5,1500.0,500.0,2024-01-01 00:00:00
P0817,WH06,8,0.1,0.5,1500.0,500.0,2024-01-01 00:00:00
P0817,WH06,9,0.1,0.5,1500.0,500.0,2024-01-01 00:00:00
P0817,WH06,10,0.1,0.5,1500.0,500.0,2024-01-01 00:00:00
P0825,WH01,1,0.1,0.5,1500.0,500.0,2024-01-01 00:00:00
P0825,WH01,2,0.1,0.5,1500.0,500.0,2024-01-01 00:00:00
P0825,WH01,3,0.1,0.5,1500.0,500.0,2024-01-01 00:00:00
P0825,WH01,4,0.1,0.5,1500.0,500.0,2024-01-01 00:00:00
P0825,WH01,5,0.1,0.5,1500.0,500.0,2024-01-01 00:00:00
P0825,WH01,6,0.1,0.5,1500.0,500.0,2024-01-01 00:00:00
P0825,WH01,7,0.1,0.5,1500.0,500.0,2024-01-01 00:00:00
P0825,WH01,8,0.1,0.5,1500.0,500.0,2024-01-01 00:00:00
P0825,WH01,9,0.1,0.5,1500.0,500.0,2024-01-01 00:00:00
P0825,WH01,10,0.1,0.5,1500.0,500.0,2024-01-01 00:00:00
P0825,WH03,1,0.1,0.5,1500.0,500.0,2024-01-01 00:00:00
P0825,WH03,2,0.1,0.5,1500.0,500.0,2024-01-01 00:00:00
P0825,WH03,3,0.1,0.5,1500.0,500.0,2024-01-01 00:00:00
P0825,WH03,4,0.1,0.5,1500.0,500.0,2024-01-01 00:00:00
P0825,WH03,5,0.1,0.5,1500.0,500.0,2024-01-01 00:00:00
P0825,WH03,6,0.1,0.5,1500.0,500.0,2024-01-01 00:00:00
P0825,WH03,7,0.1,0.5,1500.0,500.0,2024-01-01 00:00:00
P0825,WH03,8,0.1,0.5,1500.0,500.0,2024-01-01 00:00:00
P0825,WH03,9,0.1,0.5,1500.0,500.0,2024-01-01 00:00:00
P0825,WH03,10,0.1,0.5,1500.0,500.0,2024-01-01 00:00:00
P0825,WH04,1,0.1,0.5,1500.0,500.0,2024-01-01 00:00:00
P0825,WH04,2,0.1,0.5,1500.0,500.0,2024-01-01 00:00:00
P0825,WH04,3,0.1,0.5,1500.0,500.0,2024-01-01 00:00:00
P0825,WH04,4,0.1,0.5,1500.0,500.0,2024-01-01 00:00:00
P0825,WH04,5,0.1,0.5,1500.0,500.0,2024-01-01 00:00:00
P0825,WH04,6,0.1,0.5,1500.0,500.0,2024-01-01 00:00:00
P0825,WH04,7,0.1,0.5,1500.0,500.0,2024-01-01 00:00:00
P0825,WH04,8,0.1,0.5,1500.0,500.0,2024-01-01 00:00:00
P0825,WH04,9,0.1,0.5,1500.0,500.0,2024-01-01 00:00:00
P0825,WH04,10,0.1,0.5,1500.0,500.0,2024-01-01 00:00:00
P0825,WH05,1,0.1,0.5,1500.0,500.0,2024-01-01 00:00:00
P0825,WH05,2,0.1,0.5,1500.0,500.0,2024-01-01 00:00:00
P0825,WH05,3,0.1,0.5,1500.0,500.0,2024-01-01 00:00:00
P0825,WH05,4,0.1,0.5,1500.0,500.0,2024-01-01 00:00:00
P0825,WH05,5,0.1,0.5,1500.0,500.0,2024-01-01 00:00:00
P0825,WH05,6,0.1,0.5,1500.0,500.0,2024-01-01 00:00:00
P0825,WH05,7,0.1,0.5,1500.0,500.0,2024-01-01 00:00:00
P0825,WH05,8,0.1,0.5,1500.0,500.0,2024-01-01 00:00:00
P0825,WH05,9,0.1,0.5,1500.0,500.0,2024-01-01 00:00:00
P0825,WH05,10,0.1,0.5,1500.0,500.0,2024-01-01 00:00:00
P0825,WH06,1,0.1,0.5,1500.0,500.0,2024-01-01 00:00:00
P0825,WH06,2,0.1,0.5,1500.0,500.0,2024-01-01 00:00:00
P0825,WH06,3,0.1,0.5,1500.0,500.0,2024-01-01 00:00:00
P0825,WH06,4,0.1,0.5,1500.0,500.0,2024-01-01 00:00:00
P0825,WH06,5,0.1,0.5,1500.0,500.0,2024-01-01 00:00:00
P0825,WH06,6,0.1,0.5,1500.0,500.0,2024-01-01 00:00:00
P0825,WH06,7,0.1,0.5,1500.0,500.0,2024-01-01 00:00:00
P0825,WH06,8,0.1,0.5,1500.0,500.0,2024-01-01 00:00:00
P0825,WH06,9,0.1,0.5,1500.0,500.0,2024-01-01 00:00:00
P0825,WH06,10,0.1,0.5,1500.0,500.0,2024-01-01 00:00:00
P0900,WH01,1,0.1,0.5,1500.0,750.0,2024-01-01 00:00:00
P0900,WH01,2,0.1,0.5,1500.0,750.0,2024-01-01 00:00:00
P0900,WH01,3,0.1,0.5,1500.0,750.0,2024-01-01 00:00:00
P0900,WH01,4,0.1,0.5,1500.0,750.0,2024-01-01 00:00:00
P0900,WH01,5,0.1,0.5,1500.0,750.0,2024-01-01 00:00:00
P0900,WH01,6,0.1,0.5,1500.0,750.0,2024-01-01 00:00:00
P0900,WH01,7,0.1,0.5,1500.0,750.0,2024-01-01 00:00:00
P0900,WH01,8,0.1,0.5,1500.0,750.0,2024-01-01 00:00:00
P0900,WH01,9,0.1,0.5,1500.0,750.0,2024-01-01 00:00:00
P0900,WH01,10,0.1,0.5,1500.0,750.0,2024-01-01 00:00:00
P0900,WH03,1,0.1,0.5,1500.0,750.0,2024-01-01 00:00:00
P0900,WH03,2,0.1,0.5,1500.0,750.0,2024-01-01 00:00:00
P0900,WH03,3,0.1,0.5,1500.0,750.0,2024-01-01 00:00:00
P0900,WH03,4,0.1,0.5,1500.0,750.0,2024-01-01 00:00:00
P0900,WH03,5,0.1,0.5,1500.0,750.0,2024-01-01 00:00:00
P0900,WH03,6,0.1,0.5,1500.0,750.0,2024-01-01 00:00:00
P0900,WH03,7,0.1,0.5,1500.0,750.0,2024-01-01 00:00:00
P0900,WH03,8,0.1,0.5,1500.0,750.0,2024-01-01 00:00:00
P0900,WH03,9,0.1,0.5,1500.0,750.0,2024-01-01 00:00:00
P0900,WH03,10,0.1,0.5,1500.0,750.0,2024-01-01 00:00:00
P0900,WH04,1,0.1,0.5,1500.0,750.0,2024-01-01 00:00:00
P0900,WH04,2,0.1,0.5,1500.0,750.0,2024-01-01 00:00:00
P0900,WH04,3,0.1,0.5,1500.0,750.0,2024-01-01 00:00:00
P0900,WH04,4,0.1,0.5,1500.0,750.0,2024-01-01 00:00:00
P0900,WH04,5,0.1,0.5,1500.0,750.0,2024-01-01 00:00:00
P0900,WH04,6,0.1,0.5,1500.0,750.0,2024-01-01 00:00:00
P0900,WH04,7,0.1,0.5,1500.0,750.0,2024-01-01 00:00:00
P0900,WH04,8,0.1,0.5,1500.0,750.0,2024-01-01 00:00:00
P0900,WH04,9,0.1,0.5,1500.0,750.0,2024-01-01 00:00:00
P0900,WH04,10,0.1,0.5,1500.0,750.0,2024-01-01 00:00:00
P0900,WH05,1,0.1,0.5,1500.0,750.0,2024-01-01 00:00:00
P0900,WH05,2,0.1,0.5,1500.0,750.0,2024-01-01 00:00:00
P0900,WH05,3,0.1,0.5,1500.0,750.0,2024-01-01 00:00:00
P0900,WH05,4,0.1,0.5,1500.0,750.0,2024-01-01 00:00:00
P0900,WH05,5,0.1,0.5,1500.0,750.0,2024-01-01 00:00:00
P0900,WH05,6,0.1,0.5,1500.0,750.0,2024-01-01 00:00:00
P0900,WH05,7,0.1,0.5,1500.0,750.0,2024-01-01 00:00:00
P0900,WH05,8,0.1,0.5,1500.0,750.0,2024-01-01 00:00:00
P0900,WH05,9,0.1,0.5,1500.0,750.0,2024-01-01 00:00:00
P0900,WH05,10,0.1,0.5,1500.0,750.0,2024-01-01 00:00:00
P0900,WH06,1,0.1,0.5,1500.0,750.0,2024-01-01 00:00:00
P0900,WH06,2,0.1,0.5,1500.0,750.0,2024-01-01 00:00:00
P0900,WH06,3,0.1,0.5,1500.0,750.0,2024-01-01 00:00:00
P0900,WH06,4,0.1,0.5,1500.0,750.0,2024-01-01 00:00:00
P0900,WH06,5,0.1,0.5,1500.0,750.0,2024-01-01 00:00:00
P0900,WH06,6,0.1,0.5,1500.0,750.0,2024-01-01 00:00:00
P0900,WH06,7,0.1,0.5,1500.0,750.0,2024-01-01 00:00:00
P0900,WH06,8,0.1,0.5,1500.0,750.0,2024-01-01 00:00:00
P0900,WH06,9,0.1,0.5,1500.0,750.0,2024-01-01 00:00:00
P0900,WH06,10,0.1,0.5,1500.0,750.0,2024-01-01 00:00:00
P0905,WH01,1,0.1,0.5,1500.0,500.0,2024-01-01 00:00:00
P0905,WH01,2,0.1,0.5,1500.0,500.0,2024-01-01 00:00:00
P0905,WH01,3,0.1,0.5,1500.0,500.0,2024-01-01 00:00:00
P0905,WH01,4,0.1,0.5,1500.0,500.0,2024-01-01 00:00:00
P0905,WH01,5,0.1,0.5,1500.0,500.0,2024-01-01 00:00:00
P0905,WH01,6,0.1,0.5,1500.0,500.0,2024-01-01 00:00:00
P0905,WH01,7,0.1,0.5,1500.0,500.0,2024-01-01 00:00:00
P0905,WH01,8,0.1,0.5,1500.0,500.0,2024-01-01 00:00:00
P0905,WH01,9,0.1,0.5,1500.0,500.0,2024-01-01 00:00:00
P0905,WH01,10,0.1,0.5,1500.0,500.0,2024-01-01 00:00:00
P0905,WH03,1,0.1,0.5,1500.0,500.0,2024-01-01 00:00:00
P0905,WH03,2,0.1,0.5,1500.0,500.0,2024-01-01 00:00:00
P0905,WH03,3,0.1,0.5,1500.0,500.0,2024-01-01 00:00:00
P0905,WH03,4,0.1,0.5,1500.0,500.0,2024-01-01 00:00:00
P0905,WH03,5,0.1,0.5,1500.0,500.0,2024-01-01 00:00:00
P0905,WH03,6,0.1,0.5,1500.0,500.0,2024-01-01 00:00:00
P0905,WH03,7,0.1,0.5,1500.0,500.0,2024-01-01 00:00:00
P0905,WH03,8,0.1,0.5,1500.0,500.0,2024-01-01 00:00:00
P0905,WH03,9,0.1,0.5,1500.0,500.0,2024-01-01 00:00:00
P0905,WH03,10,0.1,0.5,1500.0,500.0,2024-01-01 00:00:00
P0905,WH04,1,0.1,0.5,1500.0,500.0,2024-01-01 00:00:00
P0905,WH04,2,0.1,0.5,1500.0,500.0,2024-01-01 00:00:00
P0905,WH04,3,0.1,0.5,1500.0,500.0,2024-01-01 00:00:00
P0905,WH04,4,0.1,0.5,1500.0,500.0,2024-01-01 00:00:00
P0905,WH04,5,0.1,0.5,1500.0,500.0,2024-01-01 00:00:00
P0905,WH04,6,0.1,0.5,1500.0,500.0,2024-01-01 00:00:00
P0905,WH04,7,0.1,0.5,1500.0,500.0,2024-01-01 00:00:00
P0905,WH04,8,0.1,0.5,1500.0,500.0,2024-01-01 00:00:00
P0905,WH04,9,0.1,0.5,1500.0,500.0,2024-01-01 00:00:00
P0905,WH04,10,0.1,0.5,1500.0,500.0,2024-01-01 00:00:00
P0905,WH05,1,0.1,0.5,1500.0,500.0,2024-01-01 00:00:00
P0905,WH05,2,0.1,0.5,1500.0,500.0,2024-01-01 00:00:00
P0905,WH05,3,0.1,0.5,1500.0,500.0,2024-01-01 00:00:00
P0905,WH05,4,0.1,0.5,1500.0,500.0,2024-01-01 00:00:00
P0905,WH05,5,0.1,0.5,1500.0,500.0,2024-01-01 00:00:00
P0905,WH05,6,0.1,0.5,1500.0,500.0,2024-01-01 00:00:00
P0905,WH05,7,0.1,0.5,1500.0,500.0,2024-01-01 00:00:00
P0905,WH05,8,0.1,0.5,1500.0,500.0,2024-01-01 00:00:00
P0905,WH05,9,0.1,0.5,1500.0,500.0,2024-01-01 00:00:00
P0905,WH05,10,0.1,0.5,1500.0,500.0,2024-01-01 00:00:00
P0905,WH06,1,0.1,0.5,1500.0,500.0,2024-01-01 00:00:00
P0905,WH06,2,0.1,0.5,1500.0,500.0,2024-01-01 00:00:00
P0905,WH06,3,0.1,0.5,1500.0,500.0,2024-01-01 00:00:00
P0905,WH06,4,0.1,0.5,1500.0,500.0,2024-01-01 00:00:00
P0905,WH06,5,0.1,0.5,1500.0,500.0,2024-01-01 00:00:00
P0905,WH06,6,0.1,0.5,1500.0,500.0,2024-01-01 00:00:00
P0905,WH06,7,0.1,0.5,1500.0,500.0,2024-01-01 00:00:00
P0905,WH06,8,0.1,0.5,1500.0,500.0,2024-01-01 00:00:00
P0905,WH06,9,0.1,0.5,1500.0,500.0,2024-01-01 00:00:00
P0905,WH06,10,0.1,0.5,1500.0,500.0,2024-01-01 00:00:00
P0968,WH01,1,0.1,0.5,1500.0,750.0,2024-01-01 00:00:00
P0968,WH01,2,0.1,0.5,1500.0,750.0,2024-01-01 00:00:00
P0968,WH01,3,0.1,0.5,1500.0,750.0,2024-01-01 00:00:00
P0968,WH01,4,0.1,0.5,1500.0,750.0,2024-01-01 00:00:00
P0968,WH01,5,0.1,0.5,1500.0,750.0,2024-01-01 00:00:00
P0968,WH01,6,0.1,0.5,1500.0,750.0,2024-01-01 00:00:00
P0968,WH01,7,0.1,0.5,1500.0,750.0,2024-01-01 00:00:00
P0968,WH01,8,0.1,0.5,1500.0,750.0,2024-01-01 00:00:00
P0968,WH01,9,0.1,0.5,1500.0,750.0,2024-01-01 00:00:00
P0968,WH01,10,0.1,0.5,1500.0,750.0,2024-01-01 00:00:00
P0968,WH03,1,0.1,0.5,1500.0,750.0,2024-01-01 00:00:00
P0968,WH03,2,0.1,0.5,1500.0,750.0,2024-01-01 00:00:00
P0968,WH03,3,0.1,0.5,1500.0,750.0,2024-01-01 00:00:00
P0968,WH03,4,0.1,0.5,1500.0,750.0,2024-01-01 00:00:00
P0968,WH03,5,0.1,0.5,1500.0,750.0,2024-01-01 00:00:00
P0968,WH03,6,0.1,0.5,1500.0,750.0,2024-01-01 00:00:00
P0968,WH03,7,0.1,0.5,1500.0,750.0,2024-01-01 00:00:00
P0968,WH03,8,0.1,0.5,1500.0,750.0,2024-01-01 00:00:00
P0968,WH03,9,0.1,0.5,1500.0,750.0,2024-01-01 00:00:00
P0968,WH03,10,0.1,0.5,1500.0,750.0,2024-01-01 00:00:00
P0968,WH04,1,0.1,0.5,1500.0,750.0,2024-01-01 00:00:00
P0968,WH04,2,0.1,0.5,1500.0,750.0,2024-01-01 00:00:00
P0968,WH04,3,0.1,0.5,1500.0,750.0,2024-01-01 00:00:00
P0968,WH04,4,0.1,0.5,1500.0,750.0,2024-01-01 00:00:00
P0968,WH04,5,0.1,0.5,1500.0,750.0,2024-01-01 00:00:00
P0968,WH04,6,0.1,0.5,1500.0,750.0,2024-01-01 00:00:00
P0968,WH04,7,0.1,0.5,1500.0,750.0,2024-01-01 00:00:00
P0968,WH04,8,0.1,0.5,1500.0,750.0,2024-01-01 00:00:00
P0968,WH04,9,0.1,0.5,1500.0,750.0,2024-01-01 00:00:00
P0968,WH04,10,0.1,0.5,1500.0,750.0,2024-01-01 00:00:00
P0968,WH05,1,0.1,0.5,1500.0,750.0,2024-01-01 00:00:00
P0968,WH05,2,0.1,0.5,1500.0,750.0,2024-01-01 00:00:00
P0968,WH05,3,0.1,0.5,1500.0,750.0,2024-01-01 00:00:00
P0968,WH05,4,0.1,0.5,1500.0,750.0,2024-01-01 00:00:00
P0968,WH05,5,0.1,0.5,1500.0,750.0,2024-01-01 00:00:00
P0968,WH05,6,0.1,0.5,1500.0,750.0,2024-01-01 00:00:00
P0968,WH05,7,0.1,0.5,1500.0,750.0,2024-01-01 00:00:00
P0968,WH05,8,0.1,0.5,1500.0,750.0,2024-01-01 00:00:00
P0968,WH05,9,0.1,0.5,1500.0,750.0,2024-01-01 00:00:00
P0968,WH05,10,0.1,0.5,1500.0,750.0,2024-01-01 00:00:00
P0968,WH06,1,0.1,0.5,1500.0,750.0,2024-01-01 00:00:00
P0968,WH06,2,0.1,0.5,1500.0,750.0,2024-01-01 00:00:00
P0968,WH06,3,0.1,0.5,1500.0,750.0,2024-01-01 00:00:00
P0968,WH06,4,0.1,0.5,1500.0,750.0,2024-01-01 00:00:00
P0968,WH06,5,0.1,0.5,1500.0,750.0,2024-01-01 00:00:00
P0968,WH06,6,0.1,0.5,1500.0,750.0,2024-01-01 00:00:00
P0968,WH06,7,0.1,0.5,1500.0,750.0,2024-01-01 00:00:00
P0968,WH06,8,0.1,0.5,1500.0,750.0,2024-01-01 00:00:00
P0968,WH06,9,0.1,0.5,1500.0,750.0,2024-01-01 00:00:00
P0968,WH06,10,0.1,0.5,1500.0,750.0,2024-01-01 00:00:00
P1168,WH01,1,0.1,0.5,1500.0,750.0,2024-01-01 00:00:00
P1168,WH01,2,0.1,0.5,1500.0,750.0,2024-01-01 00:00:00
P1168,WH01,3,0.1,0.5,1500.0,750.0,2024-01-01 00:00:00
P1168,WH01,4,0.1,0.5,1500.0,750.0,2024-01-01 00:00:00
P1168,WH01,5,0.1,0.5,1500.0,750.0,2024-01-01 00:00:00
P1168,WH01,6,0.1,0.5,1500.0,750.0,2024-01-01 00:00:00
P1168,WH01,7,0.1,0.5,1500.0,750.0,2024-01-01 00:00:00
P1168,WH01,8,0.1,0.5,1500.0,750.0,2024-01-01 00:00:00
P1168,WH01,9,0.1,0.5,1500.0,750.0,2024-01-01 00:00:00
P1168,WH01,10,0.1,0.5,1500.0,750.0,2024-01-01 00:00:00
P1168,WH03,1,0.1,0.5,1500.0,750.0,2024-01-01 00:00:00
P1168,WH03,2,0.1,0.5,1500.0,750.0,2024-01-01 00:00:00
P1168,WH03,3,0.1,0.5,1500.0,750.0,2024-01-01 00:00:00
P1168,WH03,4,0.1,0.5,1500.0,750.0,2024-01-01 00:00:00
P1168,WH03,5,0.1,0.5,1500.0,750.0,2024-01-01 00:00:00
P1168,WH03,6,0.1,0.5,1500.0,750.0,2024-01-01 00:00:00
P1168,WH03,7,0.1,0.5,1500.0,750.0,2024-01-01 00:00:00
P1168,WH03,8,0.1,0.5,1500.0,750.0,2024-01-01 00:00:00
P1168,WH03,9,0.1,0.5,1500.0,750.0,2024-01-01 00:00:00
P1168,WH03,10,0.1,0.5,1500.0,750.0,2024-01-01 00:00:00
P1168,WH04,1,0.1,0.5,1500.0,750.0,2024-01-01 00:00:00
P1168,WH04,2,0.1,0.5,1500.0,750.0,2024-01-01 00:00:00
P1168,WH04,3,0.1,0.5,1500.0,750.0,2024-01-01 00:00:00
P1168,WH04,4,0.1,0.5,1500.0,750.0,2024-01-01 00:00:00
P1168,WH04,5,0.1,0.5,1500.0,750.0,2024-01-01 00:00:00
P1168,WH04,6,0.1,0.5,1500.0,750.0,2024-01-01 00:00:00
P1168,WH04,7,0.1,0.5,1500.0,750.0,2024-01-01 00:00:00
P1168,WH04,8,0.1,0.5,1500.0,750.0,2024-01-01 00:00:00
P1168,WH04,9,0.1,0.5,1500.0,750.0,2024-01-01 00:00:00
P1168,WH04,10,0.1,0.5,1500.0,750.0,2024-01-01 00:00:00
P1168,WH05,1,0.1,0.5,1500.0,750.0,2024-01-01 00:00:00
P1168,WH05,2,0.1,0.5,1500.0,750.0,2024-01-01 00:00:00
P1168,WH05,3,0.1,0.5,1500.0,750.0,2024-01-01 00:00:00
P1168,WH05,4,0.1,0.5,1500.0,750.0,2024-01-01 00:00:00
P1168,WH05,5,0.1,0.5,1500.0,750.0,2024-01-01 00:00:00
P1168,WH05,6,0.1,0.5,1500.0,750.0,2024-01-01 00:00:00
P1168,WH05,7,0.1,0.5,1500.0,750.0,2024-01-01 00:00:00
P1168,WH05,8,0.1,0.5,1500.0,750.0,2024-01-01 00:00:00
P1168,WH05,9,0.1,0.5,1500.0,750.0,2024-01-01 00:00:00
P1168,WH05,10,0.1,0.5,1500.0,750.0,2024-01-01 00:00:00
P1168,WH06,1,0.1,0.5,1500.0,750.0,2024-01-01 00:00:00
P1168,WH06,2,0.1,0.5,1500.0,750.0,2024-01-01 00:00:00
P1168,WH06,3,0.1,0.5,1500.0,750.0,2024-01-01 00:00:00
P1168,WH06,4,0.1,0.5,1500.0,750.0,2024-01-01 00:00:00
P1168,WH06,5,0.1,0.5,1500.0,750.0,2024-01-01 00:00:00
P1168,WH06,6,0.1,0.5,1500.0,750.0,2024-01-01 00:00:00
P1168,WH06,7,0.1,0.5,1500.0,750.0,2024-01-01 00:00:00
P1168,WH06,8,0.1,0.5,1500.0,750.0,2024-01-01 00:00:00
P1168,WH06,9,0.1,0.5,1500.0,750.0,2024-01-01 00:00:00
P1168,WH06,10,0.1,0.5,1500.0,750.0,2024-01-01 00:00:00
P1192,WH01,1,0.1,0.5,1500.0,750.0,2024-01-01 00:00:00
P1192,WH01,2,0.1,0.5,1500.0,750.0,2024-01-01 00:00:00
P1192,WH01,3,0.1,0.5,1500.0,750.0,2024-01-01 00:00:00
P1192,WH01,4,0.1,0.5,1500.0,750.0,2024-01-01 00:00:00
P1192,WH01,5,0.1,0.5,1500.0,750.0,2024-01-01 00:00:00
P1192,WH01,6,0.1,0.5,1500.0,750.0,2024-01-01 00:00:00
P1192,WH01,7,0.1,0.5,1500.0,750.0,2024-01-01 00:00:00
P1192,WH01,8,0.1,0.5,1500.0,750.0,2024-01-01 00:00:00
P1192,WH01,9,0.1,0.5,1500.0,750.0,2024-01-01 00:00:00
P1192,WH01,10,0.1,0.5,1500.0,750.0,2024-01-01 00:00:00
P1192,WH03,1,0.1,0.5,1500.0,750.0,2024-01-01 00:00:00
P1192,WH03,2,0.1,0.5,1500.0,750.0,2024-01-01 00:00:00
P1192,WH03,3,0.1,0.5,1500.0,750.0,2024-01-01 00:00:00
P1192,WH03,4,0.1,0.5,1500.0,750.0,2024-01-01 00:00:00
P1192,WH03,5,0.1,0.5,1500.0,750.0,2024-01-01 00:00:00
P1192,WH03,6,0.1,0.5,1500.0,750.0,2024-01-01 00:00:00
P1192,WH03,7,0.1,0.5,1500.0,750.0,2024-01-01 00:00:00
P1192,WH03,8,0.1,0.5,1500.0,750.0,2024-01-01 00:00:00
P1192,WH03,9,0.1,0.5,1500.0,750.0,2024-01-01 00:00:00
P1192,WH03,10,0.1,0.5,1500.0,750.0,2024-01-01 00:00:00
P1192,WH04,1,0.1,0.5,1500.0,750.0,2024-01-01 00:00:00
P1192,WH04,2,0.1,0.5,1500.0,750.0,2024-01-01 00:00:00
P1192,WH04,3,0.1,0.5,1500.0,750.0,2024-01-01 00:00:00
P1192,WH04,4,0.1,0.5,1500.0,750.0,2024-01-01 00:00:00
P1192,WH04,5,0.1,0.5,1500.0,750.0,2024-01-01 00:00:00
P1192,WH04,6,0.1,0.5,1500.0,750.0,2024-01-01 00:00:00
P1192,WH04,7,0.1,0.5,1500.0,750.0,2024-01-01 00:00:00
P1192,WH04,8,0.1,0.5,1500.0,750.0,2024-01-01 00:00:00
P1192,WH04,9,0.1,0.5,1500.0,750.0,2024-01-01 00:00:00
P1192,WH04,10,0.1,0.5,1500.0,750.0,2024-01-01 00:00:00
P1192,WH05,1,0.1,0.5,1500.0,750.0,2024-01-01 00:00:00
P1192,WH05,2,0.1,0.5,1500.0,750.0,2024-01-01 00:00:00
P1192,WH05,3,0.1,0.5,1500.0,750.0,2024-01-01 00:00:00
P1192,WH05,4,0.1,0.5,1500.0,750.0,2024-01-01 00:00:00
P1192,WH05,5,0.1,0.5,1500.0,750.0,2024-01-01 00:00:00
P1192,WH05,6,0.1,0.5,1500.0,750.0,2024-01-01 00:00:00
P1192,WH05,7,0.1,0.5,1500.0,750.0,2024-01-01 00:00:00
P1192,WH05,8,0.1,0.5,1500.0,750.0,2024-01-01 00:00:00
P1192,WH05,9,0.1,0.5,1500.0,750.0,2024-01-01 00:00:00
P1192,WH05,10,0.1,0.5,1500.0,750.0,2024-01-01 00:00:00
P1192,WH06,1,0.1,0.5,1500.0,750.0,2024-01-01 00:00:00
P1192,WH06,2,0.1,0.5,1500.0,750.0,2024-01-01 00:00:00
P1192,WH06,3,0.1,0.5,1500.0,750.0,2024-01-01 00:00:00
P1192,WH06,4,0.1,0.5,1500.0,750.0,2024-01-01 00:00:00
P1192,WH06,5,0.1,0.5,1500.0,750.0,2024-01-01 00:00:00
P1192,WH06,6,0.1,0.5,1500.0,750.0,2024-01-01 00:00:00
P1192,WH06,7,0.1,0.5,1500.0,750.0,2024-01-01 00:00:00
P1192,WH06,8,0.1,0.5,1500.0,750.0,2024-01-01 00:00:00
P1192,WH06,9,0.1,0.5,1500.0,750.0,2024-01-01 00:00:00
P1192,WH06,10,0.1,0.5,1500.0,750.0,2024-01-01 00:00:00
P1254,WH01,1,0.1,0.5,1500.0,750.0,2024-01-01 00:00:00
P1254,WH01,2,0.1,0.5,1500.0,750.0,2024-01-01 00:00:00
P1254,WH01,3,0.1,0.5,1500.0,750.0,2024-01-01 00:00:00
P1254,WH01,4,0.1,0.5,1500.0,750.0,2024-01-01 00:00:00
P1254,WH01,5,0.1,0.5,1500.0,750.0,2024-01-01 00:00:00
P1254,WH01,6,0.1,0.5,1500.0,750.0,2024-01-01 00:00:00
P1254,WH01,7,0.1,0.5,1500.0,750.0,2024-01-01 00:00:00
P1254,WH01,8,0.1,0.5,1500.0,750.0,2024-01-01 00:00:00
P1254,WH01,9,0.1,0.5,1500.0,750.0,2024-01-01 00:00:00
P1254,WH01,10,0.1,0.5,1500.0,750.0,2024-01-01 00:00:00
P1254,WH03,1,0.1,0.5,1500.0,750.0,2024-01-01 00:00:00
P1254,WH03,2,0.1,0.5,1500.0,750.0,2024-01-01 00:00:00
P1254,WH03,3,0.1,0.5,1500.0,750.0,2024-01-01 00:00:00
P1254,WH03,4,0.1,0.5,1500.0,750.0,2024-01-01 00:00:00
P1254,WH03,5,0.1,0.5,1500.0,750.0,2024-01-01 00:00:00
P1254,WH03,6,0.1,0.5,1500.0,750.0,2024-01-01 00:00:00
P1254,WH03,7,0.1,0.5,1500.0,750.0,2024-01-01 00:00:00
P1254,WH03,8,0.1,0.5,1500.0,750.0,2024-01-01 00:00:00
P1254,WH03,9,0.1,0.5,1500.0,750.0,2024-01-01 00:00:00
P1254,WH03,10,0.1,0.5,1500.0,750.0,2024-01-01 00:00:00
P1254,WH04,1,0.1,0.5,1500.0,750.0,2024-01-01 00:00:00
P1254,WH04,2,0.1,0.5,1500.0,750.0,2024-01-01 00:00:00
P1254,WH04,3,0.1,0.5,1500.0,750.0,2024-01-01 00:00:00
P1254,WH04,4,0.1,0.5,1500.0,750.0,2024-01-01 00:00:00
P1254,WH04,5,0.1,0.5,1500.0,750.0,2024-01-01 00:00:00
P1254,WH04,6,0.1,0.5,1500.0,750.0,2024-01-01 00:00:00
P1254,WH04,7,0.1,0.5,1500.0,750.0,2024-01-01 00:00:00
P1254,WH04,8,0.1,0.5,1500.0,750.0,2024-01-01 00:00:00
P1254,WH04,9,0.1,0.5,1500.0,750.0,2024-01-01 00:00:00
P1254,WH04,10,0.1,0.5,1500.0,750.0,2024-01-01 00:00:00
P1254,WH05,1,0.1,0.5,1500.0,750.0,2024-01-01 00:00:00
P1254,WH05,2,0.1,0.5,1500.0,750.0,2024-01-01 00:00:00
P1254,WH05,3,0.1,0.5,1500.0,750.0,2024-01-01 00:00:00
P1254,WH05,4,0.1,0.5,1500.0,750.0,2024-01-01 00:00:00
P1254,WH05,5,0.1,0.5,1500.0,750.0,2024-01-01 00:00:00
P1254,WH05,6,0.1,0.5,1500.0,750.0,2024-01-01 00:00:00
P1254,WH05,7,0.1,0.5,1500.0,750.0,2024-01-01 00:00:00
P1254,WH05,8,0.1,0.5,1500.0,750.0,2024-01-01 00:00:00
P1254,WH05,9,0.1,0.5,1500.0,750.0,2024-01-01 00:00:00
P1254,WH05,10,0.1,0.5,1500.0,750.0,2024-01-01 00:00:00
P1254,WH06,1,0.1,0.5,1500.0,750.0,2024-01-01 00:00:00
P1254,WH06,2,0.1,0.5,1500.0,750.0,2024-01-01 00:00:00
P1254,WH06,3,0.1,0.5,1500.0,750.0,2024-01-01 00:00:00
P1254,WH06,4,0.1,0.5,1500.0,750.0,2024-01-01 00:00:00
P1254,WH06,5,0.1,0.5,1500.0,750.0,2024-01-01 00:00:00
P1254,WH06,6,0.1,0.5,1500.0,750.0,2024-01-01 00:00:00
P1254,WH06,7,0.1,0.5,1500.0,750.0,2024-01-01 00:00:00
P1254,WH06,8,0.1,0.5,1500.0,750.0,2024-01-01 00:00:00
P1254,WH06,9,0.1,0.5,1500.0,750.0,2024-01-01 00:00:00
P1254,WH06,10,0.1,0.5,1500.0,750.0,2024-01-01 00:00:00
P1640,WH01,1,0.1,0.5,1500.0,500.0,2024-01-01 00:00:00
P1640,WH01,2,0.1,0.5,1500.0,500.0,2024-01-01 00:00:00
P1640,WH01,3,0.1,0.5,1500.0,500.0,2024-01-01 00:00:00
P1640,WH01,4,0.1,0.5,1500.0,500.0,2024-01-01 00:00:00
P1640,WH01,5,0.1,0.5,1500.0,500.0,2024-01-01 00:00:00
P1640,WH01,6,0.1,0.5,1500.0,500.0,2024-01-01 00:00:00
P1640,WH01,7,0.1,0.5,1500.0,500.0,2024-01-01 00:00:00
P1640,WH01,8,0.1,0.5,1500.0,500.0,2024-01-01 00:00:00
P1640,WH01,9,0.1,0.5,1500.0,500.0,2024-01-01 00:00:00
P1640,WH01,10,0.1,0.5,1500.0,500.0,2024-01-01 00:00:00
P1640,WH03,1,0.1,0.5,1500.0,500.0,2024-01-01 00:00:00
P1640,WH03,2,0.1,0.5,1500.0,500.0,2024-01-01 00:00:00
P1640,WH03,3,0.1,0.5,1500.0,500.0,2024-01-01 00:00:00
P1640,WH03,4,0.1,0.5,1500.0,500.0,2024-01-01 00:00:00
P1640,WH03,5,0.1,0.5,1500.0,500.0,2024-01-01 00:00:00
P1640,WH03,6,0.1,0.5,1500.0,500.0,2024-01-01 00:00:00
P1640,WH03,7,0.1,0.5,1500.0,500.0,2024-01-01 00:00:00
P1640,WH03,8,0.1,0.5,1500.0,500.0,2024-01-01 00:00:00
P1640,WH03,9,0.1,0.5,1500.0,500.0,2024-01-01 00:00:00
P1640,WH03,10,0.1,0.5,1500.0,500.0,2024-01-01 00:00:00
P1640,WH04,1,0.1,0.5,1500.0,500.0,2024-01-01 00:00:00
P1640,WH04,2,0.1,0.5,1500.0,500.0,2024-01-01 00:00:00
P1640,WH04,3,0.1,0.5,1500.0,500.0,2024-01-01 00:00:00
P1640,WH04,4,0.1,0.5,1500.0,500.0,2024-01-01 00:00:00
P1640,WH04,5,0.1,0.5,1500.0,500.0,2024-01-01 00:00:00
P1640,WH04,6,0.1,0.5,1500.0,500.0,2024-01-01 00:00:00
P1640,WH04,7,0.1,0.5,1500.0,500.0,2024-01-01 00:00:00
P1640,WH04,8,0.1,0.5,1500.0,500.0,2024-01-01 00:00:00
P1640,WH04,9,0.1,0.5,1500.0,500.0,2024-01-01 00:00:00
P1640,WH04,10,0.1,0.5,1500.0,500.0,2024-01-01 00:00:00
P1640,WH05,1,0.1,0.5,1500.0,500.0,2024-01-01 00:00:00
P1640,WH05,2,0.1,0.5,1500.0,500.0,2024-01-01 00:00:00
P1640,WH05,3,0.1,0.5,1500.0,500.0,2024-01-01 00:00:00
P1640,WH05,4,0.1,0.5,1500.0,500.0,2024-01-01 00:00:00
P1640,WH05,5,0.1,0.5,1500.0,500.0,2024-01-01 00:00:00
P1640,WH05,6,0.1,0.5,1500.0,500.0,2024-01-01 00:00:00
P1640,WH05,7,0.1,0.5,1500.0,500.0,2024-01-01 00:00:00
P1640,WH05,8,0.1,0.5,1500.0,500.0,2024-01-01 00:00:00
P1640,WH05,9,0.1,0.5,1500.0,500.0,2024-01-01 00:00:00
P1640,WH05,10,0.1,0.5,1500.0,500.0,2024-01-01 00:00:00
P1640,WH06,1,0.1,0.5,1500.0,500.0,2024-01-01 00:00:00
P1640,WH06,2,0.1,0.5,1500.0,500.0,2024-01-01 00:00:00
P1640,WH06,3,0.1,0.5,1500.0,500.0,2024-01-01 00:00:00
P1640,WH06,4,0.1,0.5,1500.0,500.0,2024-01-01 00:00:00
P1640,WH06,5,0.1,0.5,1500.0,500.0,2024-01-01 00:00:00
P1640,WH06,6,0.1,0.5,1500.0,500.0,2024-01-01 00:00:00
P1640,WH06,7,0.1,0.5,1500.0,500.0,2024-01-01 00:00:00
P1640,WH06,8,0.1,0.5,1500.0,500.0,2024-01-01 00:00:00
P1640,WH06,9,0.1,0.5,1500.0,500.0,2024-01-01 00:00:00
P1640,WH06,10,0.1,0.5,1500.0,500.0,2024-01-01 00:00:00
P1866,WH01,1,0.1,0.5,1500.0,500.0,2024-01-01 00:00:00
P1866,WH01,2,0.1,0.5,1500.0,500.0,2024-01-01 00:00:00
P1866,WH01,3,0.1,0.5,1500.0,500.0,2024-01-01 00:00:00
P1866,WH01,4,0.1,0.5,1500.0,500.0,2024-01-01 00:00:00
P1866,WH01,5,0.1,0.5,1500.0,500.0,2024-01-01 00:00:00
P1866,WH01,6,0.1,0.5,1500.0,500.0,2024-01-01 00:00:00
P1866,WH01,7,0.1,0.5,1500.0,500.0,2024-01-01 00:00:00
P1866,WH01,8,0.1,0.5,1500.0,500.0,2024-01-01 00:00:00
P1866,WH01,9,0.1,0.5,1500.0,500.0,2024-01-01 00:00:00
P1866,WH01,10,0.1,0.5,1500.0,500.0,2024-01-01 00:00:00
P1866,WH03,1,0.1,0.5,1500.0,500.0,2024-01-01 00:00:00
P1866,WH03,2,0.1,0.5,1500.0,500.0,2024-01-01 00:00:00
P1866,WH03,3,0.1,0.5,1500.0,500.0,2024-01-01 00:00:00
P1866,WH03,4,0.1,0.5,1500.0,500.0,2024-01-01 00:00:00
P1866,WH03,5,0.1,0.5,1500.0,500.0,2024-01-01 00:00:00
P1866,WH03,6,0.1,0.5,1500.0,500.0,2024-01-01 00:00:00
P1866,WH03,7,0.1,0.5,1500.0,500.0,2024-01-01 00:00:00
P1866,WH03,8,0.1,0.5,1500.0,500.0,2024-01-01 00:00:00
P1866,WH03,9,0.1,0.5,1500.0,500.0,2024-01-01 00:00:00
P1866,WH03,10,0.1,0.5,1500.0,500.0,2024-01-01 00:00:00
P1866,WH04,1,0.1,0.5,1500.0,500.0,2024-01-01 00:00:00
P1866,WH04,2,0.1,0.5,1500.0,500.0,2024-01-01 00:00:00
P1866,WH04,3,0.1,0.5,1500.0,500.0,2024-01-01 00:00:00
P1866,WH04,4,0.1,0.5,1500.0,500.0,2024-01-01 00:00:00
P1866,WH04,5,0.1,0.5,1500.0,500.0,2024-01-01 00:00:00
P1866,WH04,6,0.1,0.5,1500.0,500.0,2024-01-01 00:00:00
P1866,WH04,7,0.1,0.5,1500.0,500.0,2024-01-01 00:00:00
P1866,WH04,8,0.1,0.5,1500.0,500.0,2024-01-01 00:00:00
P1866,WH04,9,0.1,0.5,1500.0,500.0,2024-01-01 00:00:00
P1866,WH04,10,0.1,0.5,1500.0,500.0,2024-01-01 00:00:00
P1866,WH05,1,0.1,0.5,1500.0,500.0,2024-01-01 00:00:00
P1866,WH05,2,0.1,0.5,1500.0,500.0,2024-01-01 00:00:00
P1866,WH05,3,0.1,0.5,1500.0,500.0,2024-01-01 00:00:00
P1866,WH05,4,0.1,0.5,1500.0,500.0,2024-01-01 00:00:00
P1866,WH05,5,0.1,0.5,1500.0,500.0,2024-01-01 00:00:00
P1866,WH05,6,0.1,0.5,1500.0,500.0,2024-01-01 00:00:00
P1866,WH05,7,0.1,0.5,1500.0,500.0,2024-01-01 00:00:00
P1866,WH05,8,0.1,0.5,1500.0,500.0,2024-01-01 00:00:00
P1866,WH05,9,0.1,0.5,1500.0,500.0,2024-01-01 00:00:00
P1866,WH05,10,0.1,0.5,1500.0,500.0,2024-01-01 00:00:00
P1866,WH06,1,0.1,0.5,1500.0,500.0,2024-01-01 00:00:00
P1866,WH06,2,0.1,0.5,1500.0,500.0,2024-01-01 00:00:00
P1866,WH06,3,0.1,0.5,1500.0,500.0,2024-01-01 00:00:00
P1866,WH06,4,0.1,0.5,1500.0,500.0,2024-01-01 00:00:00
P1866,WH06,5,0.1,0.5,1500.0,500.0,2024-01-01 00:00:00
P1866,WH06,6,0.1,0.5,1500.0,500.0,2024-01-01 00:00:00
P1866,WH06,7,0.1,0.5,1500.0,500.0,2024-01-01 00:00:00
P1866,WH06,8,0.1,0.5,1500.0,500.0,2024-01-01 00:00:00
P1866,WH06,9,0.1,0.5,1500.0,500.0,2024-01-01 00:00:00
P1866,WH06,10,0.1,0.5,1500.0,500.0,2024-01-01 00:00:00
P1869,WH01,1,0.1,0.5,1500.0,500.0,2024-01-01 00:00:00
P1869,WH01,2,0.1,0.5,1500.0,500.0,2024-01-01 00:00:00
P1869,WH01,3,0.1,0.5,1500.0,500.0,2024-01-01 00:00:00
P1869,WH01,4,0.1,0.5,1500.0,500.0,2024-01-01 00:00:00
P1869,WH01,5,0.1,0.5,1500.0,500.0,2024-01-01 00:00:00
P1869,WH01,6,0.1,0.5,1500.0,500.0,2024-01-01 00:00:00
P1869,WH01,7,0.1,0.5,1500.0,500.0,2024-01-01 00:00:00
P1869,WH01,8,0.1,0.5,1500.0,500.0,2024-01-01 00:00:00
P1869,WH01,9,0.1,0.5,1500.0,500.0,2024-01-01 00:00:00
P1869,WH01,10,0.1,0.5,1500.0,500.0,2024-01-01 00:00:00
P1869,WH03,1,0.1,0.5,1500.0,500.0,2024-01-01 00:00:00
P1869,WH03,2,0.1,0.5,1500.0,500.0,2024-01-01 00:00:00
P1869,WH03,3,0.1,0.5,1500.0,500.0,2024-01-01 00:00:00
P1869,WH03,4,0.1,0.5,1500.0,500.0,2024-01-01 00:00:00
P1869,WH03,5,0.1,0.5,1500.0,500.0,2024-01-01 00:00:00
P1869,WH03,6,0.1,0.5,1500.0,500.0,2024-01-01 00:00:00
P1869,WH03,7,0.1,0.5,1500.0,500.0,2024-01-01 00:00:00
P1869,WH03,8,0.1,0.5,1500.0,500.0,2024-01-01 00:00:00
P1869,WH03,9,0.1,0.5,1500.0,500.0,2024-01-01 00:00:00
P1869,WH03,10,0.1,0.5,1500.0,500.0,2024-01-01 00:00:00
P1869,WH04,1,0.1,0.5,1500.0,500.0,2024-01-01 00:00:00
P1869,WH04,2,0.1,0.5,1500.0,500.0,2024-01-01 00:00:00
P1869,WH04,3,0.1,0.5,1500.0,500.0,2024-01-01 00:00:00
P1869,WH04,4,0.1,0.5,1500.0,500.0,2024-01-01 00:00:00
P1869,WH04,5,0.1,0.5,1500.0,500.0,2024-01-01 00:00:00
P1869,WH04,6,0.1,0.5,1500.0,500.0,2024-01-01 00:00:00
P1869,WH04,7,0.1,0.5,1500.0,500.0,2024-01-01 00:00:00
P1869,WH04,8,0.1,0.5,1500.0,500.0,2024-01-01 00:00:00
P1869,WH04,9,0.1,0.5,1500.0,500.0,2024-01-01 00:00:00
P1869,WH04,10,0.1,0.5,1500.0,500.0,2024-01-01 00:00:00
P1869,WH05,1,0.1,0.5,1500.0,500.0,2024-01-01 00:00:00
P1869,WH05,2,0.1,0.5,1500.0,500.0,2024-01-01 00:00:00
P1869,WH05,3,0.1,0.5,1500.0,500.0,2024-01-01 00:00:00
P1869,WH05,4,0.1,0.5,1500.0,500.0,2024-01-01 00:00:00
P1869,WH05,5,0.1,0.5,1500.0,500.0,2024-01-01 00:00:00
P1869,WH05,6,0.1,0.5,1500.0,500.0,2024-01-01 00:00:00
P1869,WH05,7,0.1,0.5,1500.0,500.0,2024-01-01 00:00:00
P1869,WH05,8,0.1,0.5,1500.0,500.0,2024-01-01 00:00:00
P1869,WH05,9,0.1,0.5,1500.0,500.0,2024-01-01 00:00:00
P1869,WH05,10,0.1,0.5,1500.0,500.0,2024-01-01 00:00:00
P1869,WH06,1,0.1,0.5,1500.0,500.0,2024-01-01 00:00:00
P1869,WH06,2,0.1,0.5,1500.0,500.0,2024-01-01 00:00:00
P1869,WH06,3,0.1,0.5,1500.0,500.0,2024-01-01 00:00:00
P1869,WH06,4,0.1,0.5,1500.0,500.0,2024-01-01 00:00:00
P1869,WH06,5,0.1,0.5,1500.0,500.0,2024-01-01 00:00:00
P1869,WH06,6,0.1,0.5,1500.0,500.0,2024-01-01 00:00:00
P1869,WH06,7,0.1,0.5,1500.0,500.0,2024-01-01 00:00:00
P1869,WH06,8,0.1,0.5,1500.0,500.0,2024-01-01 00:00:00
P1869,WH06,9,0.1,0.5,1500.0,500.0,2024-01-01 00:00:00
P1869,WH06,10,0.1,0.5,1500.0,500.0,2024-01-01 00:00:00
P1924,WH01,1,0.1,0.5,1500.0,750.0,2024-01-01 00:00:00
P1924,WH01,2,0.1,0.5,1500.0,750.0,2024-01-01 00:00:00
P1924,WH01,3,0.1,0.5,1500.0,750.0,2024-01-01 00:00:00
P1924,WH01,4,0.1,0.5,1500.0,750.0,2024-01-01 00:00:00
P1924,WH01,5,0.1,0.5,1500.0,750.0,2024-01-01 00:00:00
P1924,WH01,6,0.1,0.5,1500.0,750.0,2024-01-01 00:00:00
P1924,WH01,7,0.1,0.5,1500.0,750.0,2024-01-01 00:00:00
P1924,WH01,8,0.1,0.5,1500.0,750.0,2024-01-01 00:00:00
P1924,WH01,9,0.1,0.5,1500.0,750.0,2024-01-01 00:00:00
P1924,WH01,10,0.1,0.5,1500.0,750.0,2024-01-01 00:00:00
P1924,WH03,1,0.1,0.5,1500.0,750.0,2024-01-01 00:00:00
P1924,WH03,2,0.1,0.5,1500.0,750.0,2024-01-01 00:00:00
P1924,WH03,3,0.1,0.5,1500.0,750.0,2024-01-01 00:00:00
P1924,WH03,4,0.1,0.5,1500.0,750.0,2024-01-01 00:00:00
P1924,WH03,5,0.1,0.5,1500.0,750.0,2024-01-01 00:00:00
P1924,WH03,6,0.1,0.5,1500.0,750.0,2024-01-01 00:00:00
P1924,WH03,7,0.1,0.5,1500.0,750.0,2024-01-01 00:00:00
P1924,WH03,8,0.1,0.5,1500.0,750.0,2024-01-01 00:00:00
P1924,WH03,9,0.1,0.5,1500.0,750.0,2024-01-01 00:00:00
P1924,WH03,10,0.1,0.5,1500.0,750.0,2024-01-01 00:00:00
P1924,WH04,1,0.1,0.5,1500.0,750.0,2024-01-01 00:00:00
P1924,WH04,2,0.1,0.5,1500.0,750.0,2024-01-01 00:00:00
P1924,WH04,3,0.1,0.5,1500.0,750.0,2024-01-01 00:00:00
P1924,WH04,4,0.1,0.5,1500.0,750.0,2024-01-01 00:00:00
P1924,WH04,5,0.1,0.5,1500.0,750.0,2024-01-01 00:00:00
P1924,WH04,6,0.1,0.5,1500.0,750.0,2024-01-01 00:00:00
P1924,WH04,7,0.1,0.5,1500.0,750.0,2024-01-01 00:00:00
P1924,WH04,8,0.1,0.5,1500.0,750.0,2024-01-01 00:00:00
P1924,WH04,9,0.1,0.5,1500.0,750.0,2024-01-01 00:00:00
P1924,WH04,10,0.1,0.5,1500.0,750.0,2024-01-01 00:00:00
P1924,WH05,1,0.1,0.5,1500.0,750.0,2024-01-01 00:00:00
P1924,WH05,2,0.1,0.5,1500.0,750.0,2024-01-01 00:00:00
P1924,WH05,3,0.1,0.5,1500.0,750.0,2024-01-01 00:00:00
P1924,WH05,4,0.1,0.5,1500.0,750.0,2024-01-01 00:00:00
P1924,WH05,5,0.1,0.5,1500.0,750.0,2024-01-01 00:00:00
P1924,WH05,6,0.1,0.5,1500.0,750.0,2024-01-01 00:00:00
P1924,WH05,7,0.1,0.5,1500.0,750.0,2024-01-01 00:00:00
P1924,WH05,8,0.1,0.5,1500.0,750.0,2024-01-01 00:00:00
P1924,WH05,9,0.1,0.5,1500.0,750.0,2024-01-01 00:00:00
P1924,WH05,10,0.1,0.5,1500.0,750.0,2024-01-01 00:00:00
P1924,WH06,1,0.1,0.5,1500.0,750.0,2024-01-01 00:00:00
P1924,WH06,2,0.1,0.5,1500.0,750.0,2024-01-01 00:00:00
P1924,WH06,3,0.1,0.5,1500.0,750.0,2024-01-01 00:00:00
P1924,WH06,4,0.1,0.5,1500.0,750.0,2024-01-01 00:00:00
P1924,WH06,5,0.1,0.5,1500.0,750.0,2024-01-01 00:00:00
P1924,WH06,6,0.1,0.5,1500.0,750.0,2024-01-01 00:00:00
P1924,WH06,7,0.1,0.5,1500.0,750.0,2024-01-01 00:00:00
P1924,WH06,8,0.1,0.5,1500.0,750.0,2024-01-01 00:00:00
P1924,WH06,9,0.1,0.5,1500.0,750.0,2024-01-01 00:00:00
P1924,WH06,10,0.1,0.5,1500.0,750.0,2024-01-01 00:00:00
P2028,WH01,1,0.1,0.5,1500.0,500.0,2024-01-01 00:00:00
P2028,WH01,2,0.1,0.5,1500.0,500.0,2024-01-01 00:00:00
P2028,WH01,3,0.1,0.5,1500.0,500.0,2024-01-01 00:00:00
P2028,WH01,4,0.1,0.5,1500.0,500.0,2024-01-01 00:00:00
P2028,WH01,5,0.1,0.5,1500.0,500.0,2024-01-01 00:00:00
P2028,WH01,6,0.1,0.5,1500.0,500.0,2024-01-01 00:00:00
P2028,WH01,7,0.1,0.5,1500.0,500.0,2024-01-01 00:00:00
P2028,WH01,8,0.1,0.5,1500.0,500.0,2024-01-01 00:00:00
P2028,WH01,9,0.1,0.5,1500.0,500.0,2024-01-01 00:00:00
P2028,WH01,10,0.1,0.5,1500.0,500.0,2024-01-01 00:00:00
P2028,WH03,1,0.1,0.5,1500.0,500.0,2024-01-01 00:00:00
P2028,WH03,2,0.1,0.5,1500.0,500.0,2024-01-01 00:00:00
P2028,WH03,3,0.1,0.5,1500.0,500.0,2024-01-01 00:00:00
P2028,WH03,4,0.1,0.5,1500.0,500.0,2024-01-01 00:00:00
P2028,WH03,5,0.1,0.5,1500.0,500.0,2024-01-01 00:00:00
P2028,WH03,6,0.1,0.5,1500.0,500.0,2024-01-01 00:00:00
P2028,WH03,7,0.1,0.5,1500.0,500.0,2024-01-01 00:00:00
P2028,WH03,8,0.1,0.5,1500.0,500.0,2024-01-01 00:00:00
P2028,WH03,9,0.1,0.5,1500.0,500.0,2024-01-01 00:00:00
P2028,WH03,10,0.1,0.5,1500.0,500.0,2024-01-01 00:00:00
P2028,WH04,1,0.1,0.5,1500.0,500.0,2024-01-01 00:00:00
P2028,WH04,2,0.1,0.5,1500.0,500.0,2024-01-01 00:00:00
P2028,WH04,3,0.1,0.5,1500.0,500.0,2024-01-01 00:00:00
P2028,WH04,4,0.1,0.5,1500.0,500.0,2024-01-01 00:00:00
P2028,WH04,5,0.1,0.5,1500.0,500.0,2024-01-01 00:00:00
P2028,WH04,6,0.1,0.5,1500.0,500.0,2024-01-01 00:00:00
P2028,WH04,7,0.1,0.5,1500.0,500.0,2024-01-01 00:00:00
P2028,WH04,8,0.1,0.5,1500.0,500.0,2024-01-01 00:00:00
P2028,WH04,9,0.1,0.5,1500.0,500.0,2024-01-01 00:00:00
P2028,WH04,10,0.1,0.5,1500.0,500.0,2024-01-01 00:00:00
P2028,WH05,1,0.1,0.5,1500.0,500.0,2024-01-01 00:00:00
P2028,WH05,2,0.1,0.5,1500.0,500.0,2024-01-01 00:00:00
P2028,WH05,3,0.1,0.5,1500.0,500.0,2024-01-01 00:00:00
P2028,WH05,4,0.1,0.5,1500.0,500.0,2024-01-01 00:00:00
P2028,WH05,5,0.1,0.5,1500.0,500.0,2024-01-01 00:00:00
P2028,WH05,6,0.1,0.5,1500.0,500.0,2024-01-01 00:00:00
P2028,WH05,7,0.1,0.5,1500.0,500.0,2024-01-01 00:00:00
P2028,WH05,8,0.1,0.5,1500.0,500.0,2024-01-01 00:00:00
P2028,WH05,9,0.1,0.5,1500.0,500.0,2024-01-01 00:00:00
P2028,WH05,10,0.1,0.5,1500.0,500.0,2024-01-01 00:00:00
P2028,WH06,1,0.1,0.5,1500.0,500.0,2024-01-01 00:00:00
P2028,WH06,2,0.1,0.5,1500.0,500.0,2024-01-01 00:00:00
P2028,WH06,3,0.1,0.5,1500.0,500.0,2024-01-01 00:00:00
P2028,WH06,4,0.1,0.5,1500.0,500.0,2024-01-01 00:00:00
P2028,WH06,5,0.1,0.5,1500.0,500.0,2024-01-01 00:00:00
P2028,WH06,6,0.1,0.5,1500.0,500.0,2024-01-01 00:00:00
P2028,WH06,7,0.1,0.5,1500.0,500.0,2024-01-01 00:00:00
P2028,WH06,8,0.1,0.5,1500.0,500.0,2024-01-01 00:00:00
P2028,WH06,9,0.1,0.5,1500.0,500.0,2024-01-01 00:00:00
P2028,WH06,10,0.1,0.5,1500.0,500.0,2024-01-01 00:00:00
P2044,WH01,1,0.1,0.5,1500.0,750.0,2024-01-01 00:00:00
P2044,WH01,2,0.1,0.5,1500.0,750.0,2024-01-01 00:00:00
P2044,WH01,3,0.1,0.5,1500.0,750.0,2024-01-01 00:00:00
P2044,WH01,4,0.1,0.5,1500.0,750.0,2024-01-01 00:00:00
P2044,WH01,5,0.1,0.5,1500.0,750.0,2024-01-01 00:00:00
P2044,WH01,6,0.1,0.5,1500.0,750.0,2024-01-01 00:00:00
P2044,WH01,7,0.1,0.5,1500.0,750.0,2024-01-01 00:00:00
P2044,WH01,8,0.1,0.5,1500.0,750.0,2024-01-01 00:00:00
P2044,WH01,9,0.1,0.5,1500.0,750.0,2024-01-01 00:00:00
P2044,WH01,10,0.1,0.5,1500.0,750.0,2024-01-01 00:00:00
P2044,WH03,1,0.1,0.5,1500.0,750.0,2024-01-01 00:00:00
P2044,WH03,2,0.1,0.5,1500.0,750.0,2024-01-01 00:00:00
P2044,WH03,3,0.1,0.5,1500.0,750.0,2024-01-01 00:00:00
P2044,WH03,4,0.1,0.5,1500.0,750.0,2024-01-01 00:00:00
P2044,WH03,5,0.1,0.5,1500.0,750.0,2024-01-01 00:00:00
P2044,WH03,6,0.1,0.5,1500.0,750.0,2024-01-01 00:00:00
P2044,WH03,7,0.1,0.5,1500.0,750.0,2024-01-01 00:00:00
P2044,WH03,8,0.1,0.5,1500.0,750.0,2024-01-01 00:00:00
P2044,WH03,9,0.1,0.5,1500.0,750.0,2024-01-01 00:00:00
P2044,WH03,10,0.1,0.5,1500.0,750.0,2024-01-01 00:00:00
P2044,WH04,1,0.1,0.5,1500.0,750.0,2024-01-01 00:00:00
P2044,WH04,2,0.1,0.5,1500.0,750.0,2024-01-01 00:00:00
P2044,WH04,3,0.1,0.5,1500.0,750.0,2024-01-01 00:00:00
P2044,WH04,4,0.1,0.5,1500.0,750.0,2024-01-01 00:00:00
P2044,WH04,5,0.1,0.5,1500.0,750.0,2024-01-01 00:00:00
P2044,WH04,6,0.1,0.5,1500.0,750.0,2024-01-01 00:00:00
P2044,WH04,7,0.1,0.5,1500.0,750.0,2024-01-01 00:00:00
P2044,WH04,8,0.1,0.5,1500.0,750.0,2024-01-01 00:00:00
P2044,WH04,9,0.1,0.5,1500.0,750.0,2024-01-01 00:00:00
P2044,WH04,10,0.1,0.5,1500.0,750.0,2024-01-01 00:00:00
P2044,WH05,1,0.1,0.5,1500.0,750.0,2024-01-01 00:00:00
P2044,WH05,2,0.1,0.5,1500.0,750.0,2024-01-01 00:00:00
P2044,WH05,3,0.1,0.5,1500.0,750.0,2024-01-01 00:00:00
P2044,WH05,4,0.1,0.5,1500.0,750.0,2024-01-01 00:00:00
P2044,WH05,5,0.1,0.5,1500.0,750.0,2024-01-01 00:00:00
P2044,WH05,6,0.1,0.5,1500.0,750.0,2024-01-01 00:00:00
P2044,WH05,7,0.1,0.5,1500.0,750.0,2024-01-01 00:00:00
P2044,WH05,8,0.1,0.5,1500.0,750.0,2024-01-01 00:00:00
P2044,WH05,9,0.1,0.5,1500.0,750.0,2024-01-01 00:00:00
P2044,WH05,10,0.1,0.5,1500.0,750.0,2024-01-01 00:00:00
P2044,WH06,1,0.1,0.5,1500.0,750.0,2024-01-01 00:00:00
P2044,WH06,2,0.1,0.5,1500.0,750.0,2024-01-01 00:00:00
P2044,WH06,3,0.1,0.5,1500.0,750.0,2024-01-01 00:00:00
P2044,WH06,4,0.1,0.5,1500.0,750.0,2024-01-01 00:00:00
P2044,WH06,5,0.1,0.5,1500.0,750.0,2024-01-01 00:00:00
P2044,WH06,6,0.1,0.5,1500.0,750.0,2024-01-01 00:00:00
P2044,WH06,7,0.1,0.5,1500.0,750.0,2024-01-01 00:00:00
P2044,WH06,8,0.1,0.5,1500.0,750.0,2024-01-01 00:00:00
P2044,WH06,9,0.1,0.5,1500.0,750.0,2024-01-01 00:00:00
P2044,WH06,10,0.1,0.5,1500.0,750.0,2024-01-01 00:00:00
P2088,WH01,1,0.1,0.5,1500.0,500.0,2024-01-01 00:00:00
P2088,WH01,2,0.1,0.5,1500.0,500.0,2024-01-01 00:00:00
P2088,WH01,3,0.1,0.5,1500.0,500.0,2024-01-01 00:00:00
P2088,WH01,4,0.1,0.5,1500.0,500.0,2024-01-01 00:00:00
P2088,WH01,5,0.1,0.5,1500.0,500.0,2024-01-01 00:00:00
P2088,WH01,6,0.1,0.5,1500.0,500.0,2024-01-01 00:00:00
P2088,WH01,7,0.1,0.5,1500.0,500.0,2024-01-01 00:00:00
P2088,WH01,8,0.1,0.5,1500.0,500.0,2024-01-01 00:00:00
P2088,WH01,9,0.1,0.5,1500.0,500.0,2024-01-01 00:00:00
P2088,WH01,10,0.1,0.5,1500.0,500.0,2024-01-01 00:00:00
P2088,WH03,1,0.1,0.5,1500.0,500.0,2024-01-01 00:00:00
P2088,WH03,2,0.1,0.5,1500.0,500.0,2024-01-01 00:00:00
P2088,WH03,3,0.1,0.5,1500.0,500.0,2024-01-01 00:00:00
P2088,WH03,4,0.1,0.5,1500.0,500.0,2024-01-01 00:00:00
P2088,WH03,5,0.1,0.5,1500.0,500.0,2024-01-01 00:00:00
P2088,WH03,6,0.1,0.5,1500.0,500.0,2024-01-01 00:00:00
P2088,WH03,7,0.1,0.5,1500.0,500.0,2024-01-01 00:00:00
P2088,WH03,8,0.1,0.5,1500.0,500.0,2024-01-01 00:00:00
P2088,WH03,9,0.1,0.5,1500.0,500.0,2024-01-01 00:00:00
P2088,WH03,10,0.1,0.5,1500.0,500.0,2024-01-01 00:00:00
P2088,WH04,1,0.1,0.5,1500.0,500.0,2024-01-01 00:00:00
P2088,WH04,2,0.1,0.5,1500.0,500.0,2024-01-01 00:00:00
P2088,WH04,3,0.1,0.5,1500.0,500.0,2024-01-01 00:00:00
P2088,WH04,4,0.1,0.5,1500.0,500.0,2024-01-01 00:00:00
P2088,WH04,5,0.1,0.5,1500.0,500.0,2024-01-01 00:00:00
P2088,WH04,6,0.1,0.5,1500.0,500.0,2024-01-01 00:00:00
P2088,WH04,7,0.1,0.5,1500.0,500.0,2024-01-01 00:00:00
P2088,WH04,8,0.1,0.5,1500.0,500.0,2024-01-01 00:00:00
P2088,WH04,9,0.1,0.5,1500.0,500.0,2024-01-01 00:00:00
P2088,WH04,10,0.1,0.5,1500.0,500.0,2024-01-01 00:00:00
P2088,WH05,1,0.1,0.5,1500.0,500.0,2024-01-01 00:00:00
P2088,WH05,2,0.1,0.5,1500.0,500.0,2024-01-01 00:00:00
P2088,WH05,3,0.1,0.5,1500.0,500.0,2024-01-01 00:00:00
P2088,WH05,4,0.1,0.5,1500.0,500.0,2024-01-01 00:00:00
P2088,WH05,5,0.1,0.5,1500.0,500.0,2024-01-01 00:00:00
P2088,WH05,6,0.1,0.5,1500.0,500.0,2024-01-01 00:00:00
P2088,WH05,7,0.1,0.5,1500.0,500.0,2024-01-01 00:00:00
P2088,WH05,8,0.1,0.5,1500.0,500.0,2024-01-01 00:00:00
P2088,WH05,9,0.1,0.5,1500.0,500.0,2024-01-01 00:00:00
P2088,WH05,10,0.1,0.5,1500.0,500.0,2024-01-01 00:00:00
P2088,WH06,1,0.1,0.5,1500.0,500.0,2024-01-01 00:00:00
P2088,WH06,2,0.1,0.5,1500.0,500.0,2024-01-01 00:00:00
P2088,WH06,3,0.1,0.5,1500.0,500.0,2024-01-01 00:00:00
P2088,WH06,4,0.1,0.5,1500.0,500.0,2024-01-01 00:00:00
P2088,WH06,5,0.1,0.5,1500.0,500.0,2024-01-01 00:00:00
P2088,WH06,6,0.1,0.5,1500.0,500.0,2024-01-01 00:00:00
P2088,WH06,7,0.1,0.5,1500.0,500.0,2024-01-01 00:00:00
P2088,WH06,8,0.1,0.5,1500.0,500.0,2024-01-01 00:00:00
P2088,WH06,9,0.1,0.5,1500.0,500.0,2024-01-01 00:00:00
P2088,WH06,10,0.1,0.5,1500.0,500.0,2024-01-01 00:00:00
P2094,WH01,1,0.1,0.5,1500.0,500.0,2024-01-01 00:00:00
P2094,WH01,2,0.1,0.5,1500.0,500.0,2024-01-01 00:00:00
P2094,WH01,3,0.1,0.5,1500.0,500.0,2024-01-01 00:00:00
P2094,WH01,4,0.1,0.5,1500.0,500.0,2024-01-01 00:00:00
P2094,WH01,5,0.1,0.5,1500.0,500.0,2024-01-01 00:00:00
P2094,WH01,6,0.1,0.5,1500.0,500.0,2024-01-01 00:00:00
P2094,WH01,7,0.1,0.5,1500.0,500.0,2024-01-01 00:00:00
P2094,WH01,8,0.1,0.5,1500.0,500.0,2024-01-01 00:00:00
P2094,WH01,9,0.1,0.5,1500.0,500.0,2024-01-01 00:00:00
P2094,WH01,10,0.1,0.5,1500.0,500.0,2024-01-01 00:00:00
P2094,WH03,1,0.1,0.5,1500.0,500.0,2024-01-01 00:00:00
P2094,WH03,2,0.1,0.5,1500.0,500.0,2024-01-01 00:00:00
P2094,WH03,3,0.1,0.5,1500.0,500.0,2024-01-01 00:00:00
P2094,WH03,4,0.1,0.5,1500.0,500.0,2024-01-01 00:00:00
P2094,WH03,5,0.1,0.5,1500.0,500.0,2024-01-01 00:00:00
P2094,WH03,6,0.1,0.5,1500.0,500.0,2024-01-01 00:00:00
P2094,WH03,7,0.1,0.5,1500.0,500.0,2024-01-01 00:00:00
P2094,WH03,8,0.1,0.5,1500.0,500.0,2024-01-01 00:00:00
P2094,WH03,9,0.1,0.5,1500.0,500.0,2024-01-01 00:00:00
P2094,WH03,10,0.1,0.5,1500.0,500.0,2024-01-01 00:00:00
P2094,WH04,1,0.1,0.5,1500.0,500.0,2024-01-01 00:00:00
P2094,WH04,2,0.1,0.5,1500.0,500.0,2024-01-01 00:00:00
P2094,WH04,3,0.1,0.5,1500.0,500.0,2024-01-01 00:00:00
P2094,WH04,4,0.1,0.5,1500.0,500.0,2024-01-01 00:00:00
P2094,WH04,5,0.1,0.5,1500.0,500.0,2024-01-01 00:00:00
P2094,WH04,6,0.1,0.5,1500.0,500.0,2024-01-01 00:00:00
P2094,WH04,7,0.1,0.5,1500.0,500.0,2024-01-01 00:00:00
P2094,WH04,8,0.1,0.5,1500.0,500.0,2024-01-01 00:00:00
P2094,WH04,9,0.1,0.5,1500.0,500.0,2024-01-01 00:00:00
P2094,WH04,10,0.1,0.5,1500.0,500.0,2024-01-01 00:00:00
P2094,WH05,1,0.1,0.5,1500.0,500.0,2024-01-01 00:00:00
P2094,WH05,2,0.1,0.5,1500.0,500.0,2024-01-01 00:00:00
P2094,WH05,3,0.1,0.5,1500.0,500.0,2024-01-01 00:00:00
P2094,WH05,4,0.1,0.5,1500.0,500.0,2024-01-01 00:00:00
P2094,WH05,5,0.1,0.5,1500.0,500.0,2024-01-01 00:00:00
P2094,WH05,6,0.1,0.5,1500.0,500.0,2024-01-01 00:00:00
P2094,WH05,7,0.1,0.5,1500.0,500.0,2024-01-01 00:00:00
P2094,WH05,8,0.1,0.5,1500.0,500.0,2024-01-01 00:00:00
P2094,WH05,9,0.1,0.5,1500.0,500.0,2024-01-01 00:00:00
P2094,WH05,10,0.1,0.5,1500.0,500.0,2024-01-01 00:00:00
P2094,WH06,1,0.1,0.5,1500.0,500.0,2024-01-01 00:00:00
P2094,WH06,2,0.1,0.5,1500.0,500.0,2024-01-01 00:00:00
P2094,WH06,3,0.1,0.5,1500.0,500.0,2024-01-01 00:00:00
P2094,WH06,4,0.1,0.5,1500.0,500.0,2024-01-01 00:00:00
P2094,WH06,5,0.1,0.5,1500.0,500.0,2024-01-01 00:00:00
P2094,WH06,6,0.1,0.5,1500.0,500.0,2024-01-01 00:00:00
P2094,WH06,7,0.1,0.5,1500.0,500.0,2024-01-01 00:00:00
P2094,WH06,8,0.1,0.5,1500.0,500.0,2024-01-01 00:00:00
P2094,WH06,9,0.1,0.5,1500.0,500.0,2024-01-01 00:00:00
P2094,WH06,10,0.1,0.5,1500.0,500.0,2024-01-01 00:00:00
P2096,WH01,1,0.1,0.5,1500.0,500.0,2024-01-01 00:00:00
P2096,WH01,2,0.1,0.5,1500.0,500.0,2024-01-01 00:00:00
P2096,WH01,3,0.1,0.5,1500.0,500.0,2024-01-01 00:00:00
P2096,WH01,4,0.1,0.5,1500.0,500.0,2024-01-01 00:00:00
P2096,WH01,5,0.1,0.5,1500.0,500.0,2024-01-01 00:00:00
P2096,WH01,6,0.1,0.5,1500.0,500.0,2024-01-01 00:00:00
P2096,WH01,7,0.1,0.5,1500.0,500.0,2024-01-01 00:00:00
P2096,WH01,8,0.1,0.5,1500.0,500.0,2024-01-01 00:00:00
P2096,WH01,9,0.1,0.5,1500.0,500.0,2024-01-01 00:00:00
P2096,WH01,10,0.1,0.5,1500.0,500.0,2024-01-01 00:00:00
P2096,WH03,1,0.1,0.5,1500.0,500.0,2024-01-01 00:00:00
P2096,WH03,2,0.1,0.5,1500.0,500.0,2024-01-01 00:00:00
P2096,WH03,3,0.1,0.5,1500.0,500.0,2024-01-01 00:00:00
P2096,WH03,4,0.1,0.5,1500.0,500.0,2024-01-01 00:00:00
P2096,WH03,5,0.1,0.5,1500.0,500.0,2024-01-01 00:00:00
P2096,WH03,6,0.1,0.5,1500.0,500.0,2024-01-01 00:00:00
P2096,WH03,7,0.1,0.5,1500.0,500.0,2024-01-01 00:00:00
P2096,WH03,8,0.1,0.5,1500.0,500.0,2024-01-01 00:00:00
P2096,WH03,9,0.1,0.5,1500.0,500.0,2024-01-01 00:00:00
P2096,WH03,10,0.1,0.5,1500.0,500.0,2024-01-01 00:00:00
P2096,WH04,1,0.1,0.5,1500.0,500.0,2024-01-01 00:00:00
P2096,WH04,2,0.1,0.5,1500.0,500.0,2024-01-01 00:00:00
P2096,WH04,3,0.1,0.5,1500.0,500.0,2024-01-01 00:00:00
P2096,WH04,4,0.1,0.5,1500.0,500.0,2024-01-01 00:00:00
P2096,WH04,5,0.1,0.5,1500.0,500.0,2024-01-01 00:00:00
P2096,WH04,6,0.1,0.5,1500.0,500.0,2024-01-01 00:00:00
P2096,WH04,7,0.1,0.5,1500.0,500.0,2024-01-01 00:00:00
P2096,WH04,8,0.1,0.5,1500.0,500.0,2024-01-01 00:00:00
P2096,WH04,9,0.1,0.5,1500.0,500.0,2024-01-01 00:00:00
P2096,WH04,10,0.1,0.5,1500.0,500.0,2024-01-01 00:00:00
P2096,WH05,1,0.1,0.5,1500.0,500.0,2024-01-01 00:00:00
P2096,WH05,2,0.1,0.5,1500.0,500.0,2024-01-01 00:00:00
P2096,WH05,3,0.1,0.5,1500.0,500.0,2024-01-01 00:00:00
P2096,WH05,4,0.1,0.5,1500.0,500.0,2024-01-01 00:00:00
P2096,WH05,5,0.1,0.5,1500.0,500.0,2024-01-01 00:00:00
P2096,WH05,6,0.1,0.5,1500.0,500.0,2024-01-01 00:00:00
P2096,WH05,7,0.1,0.5,1500.0,500.0,2024-01-01 00:00:00
P2096,WH05,8,0.1,0.5,1500.0,500.0,2024-01-01 00:00:00
P2096,WH05,9,0.1,0.5,1500.0,500.0,2024-01-01 00:00:00
P2096,WH05,10,0.1,0.5,1500.0,500.0,2024-01-01 00:00:00
P2096,WH06,1,0.1,0.5,1500.0,500.0,2024-01-01 00:00:00
P2096,WH06,2,0.1,0.5,1500.0,500.0,2024-01-01 00:00:00
P2096,WH06,3,0.1,0.5,1500.0,500.0,2024-01-01 00:00:00
P2096,WH06,4,0.1,0.5,1500.0,500.0,2024-01-01 00:00:00
P2096,WH06,5,0.1,0.5,1500.0,500.0,2024-01-01 00:00:00
P2096,WH06,6,0.1,0.5,1500.0,500.0,2024-01-01 00:00:00
P2096,WH06,7,0.1,0.5,1500.0,500.0,2024-01-01 00:00:00
P2096,WH06,8,0.1,0.5,1500.0,500.0,2024-01-01 00:00:00
P2096,WH06,9,0.1,0.5,1500.0,500.0,2024-01-01 00:00:00
P2096,WH06,10,0.1,0.5,1500.0,500.0,2024-01-01 00:00:00
