product_id,time_period,capacity,created_at
P0001,1,47,2024-01-01 00:00:00
P0001,2,51,2024-01-01 00:00:00
P0001,3,48,2024-01-01 00:00:00
P0001,4,48,2024-01-01 00:00:00
P0001,5,45,2024-01-01 00:00:00
P0001,6,43,2024-01-01 00:00:00
P0001,7,51,2024-01-01 00:00:00
P0001,8,34,2024-01-01 00:00:00
P0001,9,31,2024-01-01 00:00:00
P0001,10,36,2024-01-01 00:00:00
P0002,1,50,2024-01-01 00:00:00
P0002,2,54,2024-01-01 00:00:00
P0002,3,51,2024-01-01 00:00:00
P0002,4,47,2024-01-01 00:00:00
P0002,5,40,2024-01-01 00:00:00
P0002,6,43,2024-01-01 00:00:00
P0002,7,47,2024-01-01 00:00:00
P0002,8,32,2024-01-01 00:00:00
P0002,9,39,2024-01-01 00:00:00
P0002,10,37,2024-01-01 00:00:00
P0003,1,57,2024-01-01 00:00:00
P0003,2,60,2024-01-01 00:00:00
P0003,3,55,2024-01-01 00:00:00
P0003,4,54,2024-01-01 00:00:00
P0003,5,46,2024-01-01 00:00:00
P0003,6,47,2024-01-01 00:00:00
P0003,7,53,2024-01-01 00:00:00
P0003,8,36,2024-01-01 00:00:00
P0003,9,38,2024-01-01 00:00:00
P0003,10,35,2024-01-01 00:00:00
P0004,1,62,2024-01-01 00:00:00
P0004,2,64,2024-01-01 00:00:00
P0004,3,64,2024-01-01 00:00:00
P0004,4,60,2024-01-01 00:00:00
P0004,5,53,2024-01-01 00:00:00
P0004,6,56,2024-01-01 00:00:00
P0004,7,50,2024-01-01 00:00:00
P0004,8,49,2024-01-01 00:00:00
P0004,9,49,2024-01-01 00:00:00
P0004,10,37,2024-01-01 00:00:00
P0005,1,57,2024-01-01 00:00:00
P0005,2,57,2024-01-01 00:00:00
P0005,3,54,2024-01-01 00:00:00
P0005,4,58,2024-01-01 00:00:00
P0005,5,54,2024-01-01 00:00:00
P0005,6,58,2024-01-01 00:00:00
P0005,7,49,2024-01-01 00:00:00
P0005,8,43,2024-01-01 00:00:00
P0005,9,44,2024-01-01 00:00:00
P0005,10,40,2024-01-01 00:00:00
P0006,1,73,2024-01-01 00:00:00
P0006,2,80,2024-01-01 00:00:00
P0006,3,81,2024-01-01 00:00:00
P0006,4,61,2024-01-01 00:00:00
P0006,5,84,2024-01-01 00:00:00
P0006,6,89,2024-01-01 00:00:00
P0006,7,46,2024-01-01 00:00:00
P0006,8,59,2024-01-01 00:00:00
P0006,9,85,2024-01-01 00:00:00
P0006,10,79,2024-01-01 00:00:00
P0007,1,104,2024-01-01 00:00:00
P0007,2,99,2024-01-01 00:00:00
P0007,3,84,2024-01-01 00:00:00
P0007,4,68,2024-01-01 00:00:00
P0007,5,86,2024-01-01 00:00:00
P0007,6,89,2024-01-01 00:00:00
P0007,7,93,2024-01-01 00:00:00
P0007,8,74,2024-01-01 00:00:00
P0007,9,85,2024-01-01 00:00:00
P0007,10,60,2024-01-01 00:00:00
P0008,1,49,2024-01-01 00:00:00
P0008,2,51,2024-01-01 00:00:00
P0008,3,50,2024-01-01 00:00:00
P0008,4,53,2024-01-01 00:00:00
P0008,5,53,2024-01-01 00:00:00
P0008,6,55,2024-01-01 00:00:00
P0008,7,50,2024-01-01 00:00:00
P0008,8,42,2024-01-01 00:00:00
P0008,9,46,2024-01-01 00:00:00
P0008,10,34,2024-01-01 00:00:00
P0009,1,87,2024-01-01 00:00:00
P0009,2,98,2024-01-01 00:00:00
P0009,3,68,2024-01-01 00:00:00
P0009,4,46,2024-01-01 00:00:00
P0009,5,100,2024-01-01 00:00:00
P0009,6,101,2024-01-01 00:00:00
P0009,7,63,2024-01-01 00:00:00
P0009,8,80,2024-01-01 00:00:00
P0009,9,90,2024-01-01 00:00:00
P0009,10,47,2024-01-01 00:00:00
P0010,1,66,2024-01-01 00:00:00
P0010,2,86,2024-01-01 00:00:00
P0010,3,89,2024-01-01 00:00:00
P0010,4,68,2024-01-01 00:00:00
P0010,5,95,2024-01-01 00:00:00
P0010,6,53,2024-01-01 00:00:00
P0010,7,88,2024-01-01 00:00:00
P0010,8,47,2024-01-01 00:00:00
P0010,9,83,2024-01-01 00:00:00
P0010,10,94,2024-01-01 00:00:00
P0011,1,50,2024-01-01 00:00:00
P0011,2,50,2024-01-01 00:00:00
P0011,3,48,2024-01-01 00:00:00
P0011,4,47,2024-01-01 00:00:00
P0011,5,52,2024-01-01 00:00:00
P0011,6,47,2024-01-01 00:00:00
P0011,7,54,2024-01-01 00:00:00
P0011,8,43,2024-01-01 00:00:00
P0011,9,33,2024-01-01 00:00:00
P0011,10,39,2024-01-01 00:00:00
P0012,1,55,2024-01-01 00:00:00
P0012,2,91,2024-01-01 00:00:00
P0012,3,60,2024-01-01 00:00:00
P0012,4,60,2024-01-01 00:00:00
P0012,5,79,2024-01-01 00:00:00
P0012,6,59,2024-01-01 00:00:00
P0012,7,63,2024-01-01 00:00:00
P0012,8,100,2024-01-01 00:00:00
P0012,9,48,2024-01-01 00:00:00
P0012,10,88,2024-01-01 00:00:00
P0013,1,63,2024-01-01 00:00:00
P0013,2,54,2024-01-01 00:00:00
P0013,3,66,2024-01-01 00:00:00
P0013,4,90,2024-01-01 00:00:00
P0013,5,99,2024-01-01 00:00:00
P0013,6,101,2024-01-01 00:00:00
P0013,7,84,2024-01-01 00:00:00
P0013,8,65,2024-01-01 00:00:00
P0013,9,79,2024-01-01 00:00:00
P0013,10,80,2024-01-01 00:00:00
P0014,1,53,2024-01-01 00:00:00
P0014,2,56,2024-01-01 00:00:00
P0014,3,50,2024-01-01 00:00:00
P0014,4,56,2024-01-01 00:00:00
P0014,5,55,2024-01-01 00:00:00
P0014,6,54,2024-01-01 00:00:00
P0014,7,56,2024-01-01 00:00:00
P0014,8,35,2024-01-01 00:00:00
P0014,9,45,2024-01-01 00:00:00
P0014,10,35,2024-01-01 00:00:00
P0015,1,57,2024-01-01 00:00:00
P0015,2,48,2024-01-01 00:00:00
P0015,3,60,2024-01-01 00:00:00
P0015,4,44,2024-01-01 00:00:00
P0015,5,47,2024-01-01 00:00:00
P0015,6,48,2024-01-01 00:00:00
P0015,7,50,2024-01-01 00:00:00
P0015,8,37,2024-01-01 00:00:00
P0015,9,44,2024-01-01 00:00:00
P0015,10,37,2024-01-01 00:00:00
P0016,1,49,2024-01-01 00:00:00
P0016,2,69,2024-01-01 00:00:00
P0016,3,76,2024-01-01 00:00:00
P0016,4,68,2024-01-01 00:00:00
P0016,5,57,2024-01-01 00:00:00
P0016,6,81,2024-01-01 00:00:00
P0016,7,81,2024-01-01 00:00:00
P0016,8,95,2024-01-01 00:00:00
P0016,9,45,2024-01-01 00:00:00
P0016,10,57,2024-01-01 00:00:00
P0017,1,88,2024-01-01 00:00:00
P0017,2,99,2024-01-01 00:00:00
P0017,3,52,2024-01-01 00:00:00
P0017,4,47,2024-01-01 00:00:00
P0017,5,99,2024-01-01 00:00:00
P0017,6,79,2024-01-01 00:00:00
P0017,7,62,2024-01-01 00:00:00
P0017,8,91,2024-01-01 00:00:00
P0017,9,53,2024-01-01 00:00:00
P0017,10,76,2024-01-01 00:00:00
P0018,1,60,2024-01-01 00:00:00
P0018,2,65,2024-01-01 00:00:00
P0018,3,84,2024-01-01 00:00:00
P0018,4,97,2024-01-01 00:00:00
P0018,5,47,2024-01-01 00:00:00
P0018,6,87,2024-01-01 00:00:00
P0018,7,70,2024-01-01 00:00:00
P0018,8,91,2024-01-01 00:00:00
P0018,9,105,2024-01-01 00:00:00
P0018,10,72,2024-01-01 00:00:00
P0019,1,53,2024-01-01 00:00:00
P0019,2,55,2024-01-01 00:00:00
P0019,3,60,2024-01-01 00:00:00
P0019,4,46,2024-01-01 00:00:00
P0019,5,57,2024-01-01 00:00:00
P0019,6,58,2024-01-01 00:00:00
P0019,7,58,2024-01-01 00:00:00
P0019,8,44,2024-01-01 00:00:00
P0019,9,43,2024-01-01 00:00:00
P0019,10,43,2024-01-01 00:00:00
P0020,1,55,2024-01-01 00:00:00
P0020,2,57,2024-01-01 00:00:00
P0020,3,51,2024-01-01 00:00:00
P0020,4,47,2024-01-01 00:00:00
P0020,5,45,2024-01-01 00:00:00
P0020,6,47,2024-01-01 00:00:00
P0020,7,51,2024-01-01 00:00:00
P0020,8,36,2024-01-01 00:00:00
P0020,9,40,2024-01-01 00:00:00
P0020,10,45,2024-01-01 00:00:00
P0021,1,56,2024-01-01 00:00:00
P0021,2,51,2024-01-01 00:00:00
P0021,3,61,2024-01-01 00:00:00
P0021,4,54,2024-01-01 00:00:00
P0021,5,50,2024-01-01 00:00:00
P0021,6,49,2024-01-01 00:00:00
P0021,7,50,2024-01-01 00:00:00
P0021,8,34,2024-01-01 00:00:00
P0021,9,43,2024-01-01 00:00:00
P0021,10,35,2024-01-01 00:00:00
P0022,1,54,2024-01-01 00:00:00
P0022,2,77,2024-01-01 00:00:00
P0022,3,78,2024-01-01 00:00:00
P0022,4,59,2024-01-01 00:00:00
P0022,5,100,2024-01-01 00:00:00
P0022,6,81,2024-01-01 00:00:00
P0022,7,53,2024-01-01 00:00:00
P0022,8,93,2024-01-01 00:00:00
P0022,9,95,2024-01-01 00:00:00
P0022,10,63,2024-01-01 00:00:00
P0023,1,73,2024-01-01 00:00:00
P0023,2,50,2024-01-01 00:00:00
P0023,3,67,2024-01-01 00:00:00
P0023,4,87,2024-01-01 00:00:00
P0023,5,95,2024-01-01 00:00:00
P0023,6,71,2024-01-01 00:00:00
P0023,7,85,2024-01-01 00:00:00
P0023,8,74,2024-01-01 00:00:00
P0023,9,45,2024-01-01 00:00:00
P0023,10,82,2024-01-01 00:00:00
P0024,1,52,2024-01-01 00:00:00
P0024,2,68,2024-01-01 00:00:00
P0024,3,93,2024-01-01 00:00:00
P0024,4,75,2024-01-01 00:00:00
P0024,5,90,2024-01-01 00:00:00
P0024,6,59,2024-01-01 00:00:00
P0024,7,62,2024-01-01 00:00:00
P0024,8,91,2024-01-01 00:00:00
P0024,9,54,2024-01-01 00:00:00
P0024,10,68,2024-01-01 00:00:00
P0025,1,45,2024-01-01 00:00:00
P0025,2,88,2024-01-01 00:00:00
P0025,3,95,2024-01-01 00:00:00
P0025,4,95,2024-01-01 00:00:00
P0025,5,50,2024-01-01 00:00:00
P0025,6,57,2024-01-01 00:00:00
P0025,7,51,2024-01-01 00:00:00
P0025,8,97,2024-01-01 00:00:00
P0025,9,45,2024-01-01 00:00:00
P0025,10,97,2024-01-01 00:00:00
P0026,1,92,2024-01-01 00:00:00
P0026,2,94,2024-01-01 00:00:00
P0026,3,67,2024-01-01 00:00:00
P0026,4,69,2024-01-01 00:00:00
P0026,5,54,2024-01-01 00:00:00
P0026,6,46,2024-01-01 00:00:00
P0026,7,58,2024-01-01 00:00:00
P0026,8,59,2024-01-01 00:00:00
P0026,9,100,2024-01-01 00:00:00
P0026,10,62,2024-01-01 00:00:00
P0027,1,54,2024-01-01 00:00:00
P0027,2,101,2024-01-01 00:00:00
P0027,3,80,2024-01-01 00:00:00
P0027,4,77,2024-01-01 00:00:00
P0027,5,78,2024-01-01 00:00:00
P0027,6,75,2024-01-01 00:00:00
P0027,7,81,2024-01-01 00:00:00
P0027,8,49,2024-01-01 00:00:00
P0027,9,71,2024-01-01 00:00:00
P0027,10,84,2024-01-01 00:00:00
P0028,1,99,2024-01-01 00:00:00
P0028,2,97,2024-01-01 00:00:00
P0028,3,69,2024-01-01 00:00:00
P0028,4,87,2024-01-01 00:00:00
P0028,5,65,2024-01-01 00:00:00
P0028,6,52,2024-01-01 00:00:00
P0028,7,80,2024-01-01 00:00:00
P0028,8,54,2024-01-01 00:00:00
P0028,9,93,2024-01-01 00:00:00
P0028,10,85,2024-01-01 00:00:00
P0029,1,101,2024-01-01 00:00:00
P0029,2,76,2024-01-01 00:00:00
P0029,3,69,2024-01-01 00:00:00
P0029,4,91,2024-01-01 00:00:00
P0029,5,94,2024-01-01 00:00:00
P0029,6,73,2024-01-01 00:00:00
P0029,7,47,2024-01-01 00:00:00
P0029,8,73,2024-01-01 00:00:00
P0029,9,57,2024-01-01 00:00:00
P0029,10,86,2024-01-01 00:00:00
P0030,1,47,2024-01-01 00:00:00
P0030,2,105,2024-01-01 00:00:00
P0030,3,73,2024-01-01 00:00:00
P0030,4,57,2024-01-01 00:00:00
P0030,5,73,2024-01-01 00:00:00
P0030,6,83,2024-01-01 00:00:00
P0030,7,79,2024-01-01 00:00:00
P0030,8,82,2024-01-01 00:00:00
P0030,9,88,2024-01-01 00:00:00
P0030,10,78,2024-01-01 00:00:00
P0031,1,47,2024-01-01 00:00:00
P0031,2,95,2024-01-01 00:00:00
P0031,3,79,2024-01-01 00:00:00
P0031,4,72,2024-01-01 00:00:00
P0031,5,54,2024-01-01 00:00:00
P0031,6,102,2024-01-01 00:00:00
P0031,7,70,2024-01-01 00:00:00
P0031,8,105,2024-01-01 00:00:00
P0031,9,81,2024-01-01 00:00:00
P0031,10,77,2024-01-01 00:00:00
P0032,1,62,2024-01-01 00:00:00
P0032,2,94,2024-01-01 00:00:00
P0032,3,83,2024-01-01 00:00:00
P0032,4,90,2024-01-01 00:00:00
P0032,5,95,2024-01-01 00:00:00
P0032,6,84,2024-01-01 00:00:00
P0032,7,83,2024-01-01 00:00:00
P0032,8,53,2024-01-01 00:00:00
P0032,9,80,2024-01-01 00:00:00
P0032,10,60,2024-01-01 00:00:00
P0033,1,63,2024-01-01 00:00:00
P0033,2,89,2024-01-01 00:00:00
P0033,3,77,2024-01-01 00:00:00
P0033,4,81,2024-01-01 00:00:00
P0033,5,96,2024-01-01 00:00:00
P0033,6,94,2024-01-01 00:00:00
P0033,7,93,2024-01-01 00:00:00
P0033,8,89,2024-01-01 00:00:00
P0033,9,62,2024-01-01 00:00:00
P0033,10,69,2024-01-01 00:00:00
P0034,1,47,2024-01-01 00:00:00
P0034,2,96,2024-01-01 00:00:00
P0034,3,63,2024-01-01 00:00:00
P0034,4,80,2024-01-01 00:00:00
P0034,5,55,2024-01-01 00:00:00
P0034,6,102,2024-01-01 00:00:00
P0034,7,103,2024-01-01 00:00:00
P0034,8,68,2024-01-01 00:00:00
P0034,9,74,2024-01-01 00:00:00
P0034,10,88,2024-01-01 00:00:00
P0035,1,93,2024-01-01 00:00:00
P0035,2,69,2024-01-01 00:00:00
P0035,3,77,2024-01-01 00:00:00
P0035,4,61,2024-01-01 00:00:00
P0035,5,68,2024-01-01 00:00:00
P0035,6,65,2024-01-01 00:00:00
P0035,7,82,2024-01-01 00:00:00
P0035,8,86,2024-01-01 00:00:00
P0035,9,81,2024-01-01 00:00:00
P0035,10,54,2024-01-01 00:00:00
P0036,1,83,2024-01-01 00:00:00
P0036,2,45,2024-01-01 00:00:00
P0036,3,47,2024-01-01 00:00:00
P0036,4,56,2024-01-01 00:00:00
P0036,5,101,2024-01-01 00:00:00
P0036,6,82,2024-01-01 00:00:00
P0036,7,89,2024-01-01 00:00:00
P0036,8,94,2024-01-01 00:00:00
P0036,9,84,2024-01-01 00:00:00
P0036,10,64,2024-01-01 00:00:00
P0037,1,63,2024-01-01 00:00:00
P0037,2,101,2024-01-01 00:00:00
P0037,3,47,2024-01-01 00:00:00
P0037,4,63,2024-01-01 00:00:00
P0037,5,104,2024-01-01 00:00:00
P0037,6,94,2024-01-01 00:00:00
P0037,7,99,2024-01-01 00:00:00
P0037,8,58,2024-01-01 00:00:00
P0037,9,85,2024-01-01 00:00:00
P0037,10,90,2024-01-01 00:00:00
P0038,1,49,2024-01-01 00:00:00
P0038,2,56,2024-01-01 00:00:00
P0038,3,47,2024-01-01 00:00:00
P0038,4,96,2024-01-01 00:00:00
P0038,5,89,2024-01-01 00:00:00
P0038,6,78,2024-01-01 00:00:00
P0038,7,61,2024-01-01 00:00:00
P0038,8,51,2024-01-01 00:00:00
P0038,9,64,2024-01-01 00:00:00
P0038,10,92,2024-01-01 00:00:00
P0039,1,83,2024-01-01 00:00:00
P0039,2,49,2024-01-01 00:00:00
P0039,3,71,2024-01-01 00:00:00
P0039,4,46,2024-01-01 00:00:00
P0039,5,105,2024-01-01 00:00:00
P0039,6,66,2024-01-01 00:00:00
P0039,7,47,2024-01-01 00:00:00
P0039,8,92,2024-01-01 00:00:00
P0039,9,53,2024-01-01 00:00:00
P0039,10,64,2024-01-01 00:00:00
P0040,1,92,2024-01-01 00:00:00
P0040,2,58,2024-01-01 00:00:00
P0040,3,78,2024-01-01 00:00:00
P0040,4,72,2024-01-01 00:00:00
P0040,5,101,2024-01-01 00:00:00
P0040,6,72,2024-01-01 00:00:00
P0040,7,84,2024-01-01 00:00:00
P0040,8,73,2024-01-01 00:00:00
P0040,9,65,2024-01-01 00:00:00
P0040,10,59,2024-01-01 00:00:00
P0041,1,105,2024-01-01 00:00:00
P0041,2,70,2024-01-01 00:00:00
P0041,3,90,2024-01-01 00:00:00
P0041,4,96,2024-01-01 00:00:00
P0041,5,76,2024-01-01 00:00:00
P0041,6,101,2024-01-01 00:00:00
P0041,7,60,2024-01-01 00:00:00
P0041,8,87,2024-01-01 00:00:00
P0041,9,46,2024-01-01 00:00:00
P0041,10,56,2024-01-01 00:00:00
P0042,1,70,2024-01-01 00:00:00
P0042,2,74,2024-01-01 00:00:00
P0042,3,79,2024-01-01 00:00:00
P0042,4,87,2024-01-01 00:00:00
P0042,5,91,2024-01-01 00:00:00
P0042,6,53,2024-01-01 00:00:00
P0042,7,56,2024-01-01 00:00:00
P0042,8,63,2024-01-01 00:00:00
P0042,9,84,2024-01-01 00:00:00
P0042,10,57,2024-01-01 00:00:00
P0043,1,61,2024-01-01 00:00:00
P0043,2,89,2024-01-01 00:00:00
P0043,3,47,2024-01-01 00:00:00
P0043,4,52,2024-01-01 00:00:00
P0043,5,75,2024-01-01 00:00:00
P0043,6,55,2024-01-01 00:00:00
P0043,7,69,2024-01-01 00:00:00
P0043,8,49,2024-01-01 00:00:00
P0043,9,69,2024-01-01 00:00:00
P0043,10,89,2024-01-01 00:00:00
P0044,1,55,2024-01-01 00:00:00
P0044,2,50,2024-01-01 00:00:00
P0044,3,57,2024-01-01 00:00:00
P0044,4,55,2024-01-01 00:00:00
P0044,5,51,2024-01-01 00:00:00
P0044,6,41,2024-01-01 00:00:00
P0044,7,49,2024-01-01 00:00:00
P0044,8,47,2024-01-01 00:00:00
P0044,9,37,2024-01-01 00:00:00
P0044,10,33,2024-01-01 00:00:00
P0045,1,51,2024-01-01 00:00:00
P0045,2,54,2024-01-01 00:00:00
P0045,3,57,2024-01-01 00:00:00
P0045,4,48,2024-01-01 00:00:00
P0045,5,52,2024-01-01 00:00:00
P0045,6,48,2024-01-01 00:00:00
P0045,7,52,2024-01-01 00:00:00
P0045,8,40,2024-01-01 00:00:00
P0045,9,37,2024-01-01 00:00:00
P0045,10,47,2024-01-01 00:00:00
P0046,1,67,2024-01-01 00:00:00
P0046,2,79,2024-01-01 00:00:00
P0046,3,53,2024-01-01 00:00:00
P0046,4,69,2024-01-01 00:00:00
P0046,5,92,2024-01-01 00:00:00
P0046,6,49,2024-01-01 00:00:00
P0046,7,65,2024-01-01 00:00:00
P0046,8,79,2024-01-01 00:00:00
P0046,9,75,2024-01-01 00:00:00
P0046,10,76,2024-01-01 00:00:00
P0047,1,102,2024-01-01 00:00:00
P0047,2,93,2024-01-01 00:00:00
P0047,3,56,2024-01-01 00:00:00
P0047,4,87,2024-01-01 00:00:00
P0047,5,76,2024-01-01 00:00:00
P0047,6,49,2024-01-01 00:00:00
P0047,7,82,2024-01-01 00:00:00
P0047,8,53,2024-01-01 00:00:00
P0047,9,69,2024-01-01 00:00:00
P0047,10,49,2024-01-01 00:00:00
P0048,1,66,2024-01-01 00:00:00
P0048,2,96,2024-01-01 00:00:00
P0048,3,74,2024-01-01 00:00:00
P0048,4,92,2024-01-01 00:00:00
P0048,5,52,2024-01-01 00:00:00
P0048,6,100,2024-01-01 00:00:00
P0048,7,100,2024-01-01 00:00:00
P0048,8,89,2024-01-01 00:00:00
P0048,9,71,2024-01-01 00:00:00
P0048,10,103,2024-01-01 00:00:00
P0049,1,48,2024-01-01 00:00:00
P0049,2,69,2024-01-01 00:00:00
P0049,3,79,2024-01-01 00:00:00
P0049,4,48,2024-01-01 00:00:00
P0049,5,78,2024-01-01 00:00:00
P0049,6,105,2024-01-01 00:00:00
P0049,7,45,2024-01-01 00:00:00
P0049,8,58,2024-01-01 00:00:00
P0049,9,74,2024-01-01 00:00:00
P0049,10,57,2024-01-01 00:00:00
P0050,1,54,2024-01-01 00:00:00
P0050,2,48,2024-01-01 00:00:00
P0050,3,90,2024-01-01 00:00:00
P0050,4,57,2024-01-01 00:00:00
P0050,5,98,2024-01-01 00:00:00
P0050,6,54,2024-01-01 00:00:00
P0050,7,83,2024-01-01 00:00:00
P0050,8,101,2024-01-01 00:00:00
P0050,9,105,2024-01-01 00:00:00
P0050,10,96,2024-01-01 00:00:00
P0051,1,47,2024-01-01 00:00:00
P0051,2,99,2024-01-01 00:00:00
P0051,3,100,2024-01-01 00:00:00
P0051,4,46,2024-01-01 00:00:00
P0051,5,65,2024-01-01 00:00:00
P0051,6,48,2024-01-01 00:00:00
P0051,7,51,2024-01-01 00:00:00
P0051,8,46,2024-01-01 00:00:00
P0051,9,75,2024-01-01 00:00:00
P0051,10,63,2024-01-01 00:00:00
P0052,1,68,2024-01-01 00:00:00
P0052,2,71,2024-01-01 00:00:00
P0052,3,101,2024-01-01 00:00:00
P0052,4,69,2024-01-01 00:00:00
P0052,5,95,2024-01-01 00:00:00
P0052,6,101,2024-01-01 00:00:00
P0052,7,52,2024-01-01 00:00:00
P0052,8,54,2024-01-01 00:00:00
P0052,9,98,2024-01-01 00:00:00
P0052,10,50,2024-01-01 00:00:00
P0053,1,48,2024-01-01 00:00:00
P0053,2,52,2024-01-01 00:00:00
P0053,3,52,2024-01-01 00:00:00
P0053,4,46,2024-01-01 00:00:00
P0053,5,48,2024-01-01 00:00:00
P0053,6,48,2024-01-01 00:00:00
P0053,7,48,2024-01-01 00:00:00
P0053,8,39,2024-01-01 00:00:00
P0053,9,43,2024-01-01 00:00:00
P0053,10,40,2024-01-01 00:00:00
P0054,1,52,2024-01-01 00:00:00
P0054,2,58,2024-01-01 00:00:00
P0054,3,49,2024-01-01 00:00:00
P0054,4,43,2024-01-01 00:00:00
P0054,5,50,2024-01-01 00:00:00
P0054,6,42,2024-01-01 00:00:00
P0054,7,43,2024-01-01 00:00:00
P0054,8,36,2024-01-01 00:00:00
P0054,9,36,2024-01-01 00:00:00
P0054,10,36,2024-01-01 00:00:00
P0055,1,66,2024-01-01 00:00:00
P0055,2,53,2024-01-01 00:00:00
P0055,3,55,2024-01-01 00:00:00
P0055,4,48,2024-01-01 00:00:00
P0055,5,53,2024-01-01 00:00:00
P0055,6,59,2024-01-01 00:00:00
P0055,7,53,2024-01-01 00:00:00
P0055,8,47,2024-01-01 00:00:00
P0055,9,37,2024-01-01 00:00:00
P0055,10,45,2024-01-01 00:00:00
P0056,1,80,2024-01-01 00:00:00
P0056,2,83,2024-01-01 00:00:00
P0056,3,100,2024-01-01 00:00:00
P0056,4,72,2024-01-01 00:00:00
P0056,5,52,2024-01-01 00:00:00
P0056,6,45,2024-01-01 00:00:00
P0056,7,68,2024-01-01 00:00:00
P0056,8,57,2024-01-01 00:00:00
P0056,9,52,2024-01-01 00:00:00
P0056,10,64,2024-01-01 00:00:00
P0057,1,68,2024-01-01 00:00:00
P0057,2,59,2024-01-01 00:00:00
P0057,3,60,2024-01-01 00:00:00
P0057,4,99,2024-01-01 00:00:00
P0057,5,61,2024-01-01 00:00:00
P0057,6,64,2024-01-01 00:00:00
P0057,7,74,2024-01-01 00:00:00
P0057,8,90,2024-01-01 00:00:00
P0057,9,65,2024-01-01 00:00:00
P0057,10,87,2024-01-01 00:00:00
P0058,1,102,2024-01-01 00:00:00
P0058,2,74,2024-01-01 00:00:00
P0058,3,45,2024-01-01 00:00:00
P0058,4,83,2024-01-01 00:00:00
P0058,5,56,2024-01-01 00:00:00
P0058,6,59,2024-01-01 00:00:00
P0058,7,95,2024-01-01 00:00:00
P0058,8,63,2024-01-01 00:00:00
P0058,9,84,2024-01-01 00:00:00
P0058,10,94,2024-01-01 00:00:00
P0059,1,66,2024-01-01 00:00:00
P0059,2,84,2024-01-01 00:00:00
P0059,3,64,2024-01-01 00:00:00
P0059,4,65,2024-01-01 00:00:00
P0059,5,86,2024-01-01 00:00:00
P0059,6,96,2024-01-01 00:00:00
P0059,7,75,2024-01-01 00:00:00
P0059,8,104,2024-01-01 00:00:00
P0059,9,72,2024-01-01 00:00:00
P0059,10,71,2024-01-01 00:00:00
P0060,1,89,2024-01-01 00:00:00
P0060,2,85,2024-01-01 00:00:00
P0060,3,90,2024-01-01 00:00:00
P0060,4,80,2024-01-01 00:00:00
P0060,5,53,2024-01-01 00:00:00
P0060,6,68,2024-01-01 00:00:00
P0060,7,57,2024-01-01 00:00:00
P0060,8,69,2024-01-01 00:00:00
P0060,9,58,2024-01-01 00:00:00
P0060,10,67,2024-01-01 00:00:00
P0061,1,101,2024-01-01 00:00:00
P0061,2,89,2024-01-01 00:00:00
P0061,3,54,2024-01-01 00:00:00
P0061,4,45,2024-01-01 00:00:00
P0061,5,62,2024-01-01 00:00:00
P0061,6,48,2024-01-01 00:00:00
P0061,7,103,2024-01-01 00:00:00
P0061,8,81,2024-01-01 00:00:00
P0061,9,53,2024-01-01 00:00:00
P0061,10,54,2024-01-01 00:00:00
P0062,1,94,2024-01-01 00:00:00
P0062,2,48,2024-01-01 00:00:00
P0062,3,63,2024-01-01 00:00:00
P0062,4,68,2024-01-01 00:00:00
P0062,5,79,2024-01-01 00:00:00
P0062,6,81,2024-01-01 00:00:00
P0062,7,50,2024-01-01 00:00:00
P0062,8,80,2024-01-01 00:00:00
P0062,9,69,2024-01-01 00:00:00
P0062,10,100,2024-01-01 00:00:00
P0063,1,74,2024-01-01 00:00:00
P0063,2,75,2024-01-01 00:00:00
P0063,3,68,2024-01-01 00:00:00
P0063,4,71,2024-01-01 00:00:00
P0063,5,85,2024-01-01 00:00:00
P0063,6,87,2024-01-01 00:00:00
P0063,7,82,2024-01-01 00:00:00
P0063,8,86,2024-01-01 00:00:00
P0063,9,81,2024-01-01 00:00:00
P0063,10,45,2024-01-01 00:00:00
P0064,1,67,2024-01-01 00:00:00
P0064,2,105,2024-01-01 00:00:00
P0064,3,97,2024-01-01 00:00:00
P0064,4,54,2024-01-01 00:00:00
P0064,5,85,2024-01-01 00:00:00
P0064,6,83,2024-01-01 00:00:00
P0064,7,82,2024-01-01 00:00:00
P0064,8,104,2024-01-01 00:00:00
P0064,9,57,2024-01-01 00:00:00
P0064,10,80,2024-01-01 00:00:00
P0065,1,96,2024-01-01 00:00:00
P0065,2,48,2024-01-01 00:00:00
P0065,3,87,2024-01-01 00:00:00
P0065,4,61,2024-01-01 00:00:00
P0065,5,82,2024-01-01 00:00:00
P0065,6,45,2024-01-01 00:00:00
P0065,7,87,2024-01-01 00:00:00
P0065,8,49,2024-01-01 00:00:00
P0065,9,86,2024-01-01 00:00:00
P0065,10,105,2024-01-01 00:00:00
P0066,1,76,2024-01-01 00:00:00
P0066,2,47,2024-01-01 00:00:00
P0066,3,90,2024-01-01 00:00:00
P0066,4,80,2024-01-01 00:00:00
P0066,5,58,2024-01-01 00:00:00
P0066,6,94,2024-01-01 00:00:00
P0066,7,84,2024-01-01 00:00:00
P0066,8,87,2024-01-01 00:00:00
P0066,9,63,2024-01-01 00:00:00
P0066,10,104,2024-01-01 00:00:00
P0067,1,93,2024-01-01 00:00:00
P0067,2,52,2024-01-01 00:00:00
P0067,3,87,2024-01-01 00:00:00
P0067,4,67,2024-01-01 00:00:00
P0067,5,93,2024-01-01 00:00:00
P0067,6,65,2024-01-01 00:00:00
P0067,7,77,2024-01-01 00:00:00
P0067,8,95,2024-01-01 00:00:00
P0067,9,81,2024-01-01 00:00:00
P0067,10,95,2024-01-01 00:00:00
P0068,1,82,2024-01-01 00:00:00
P0068,2,79,2024-01-01 00:00:00
P0068,3,64,2024-01-01 00:00:00
P0068,4,89,2024-01-01 00:00:00
P0068,5,105,2024-01-01 00:00:00
P0068,6,51,2024-01-01 00:00:00
P0068,7,46,2024-01-01 00:00:00
P0068,8,90,2024-01-01 00:00:00
P0068,9,79,2024-01-01 00:00:00
P0068,10,82,2024-01-01 00:00:00
P0069,1,55,2024-01-01 00:00:00
P0069,2,55,2024-01-01 00:00:00
P0069,3,62,2024-01-01 00:00:00
P0069,4,44,2024-01-01 00:00:00
P0069,5,44,2024-01-01 00:00:00
P0069,6,54,2024-01-01 00:00:00
P0069,7,42,2024-01-01 00:00:00
P0069,8,37,2024-01-01 00:00:00
P0069,9,41,2024-01-01 00:00:00
P0069,10,45,2024-01-01 00:00:00
P0070,1,55,2024-01-01 00:00:00
P0070,2,54,2024-01-01 00:00:00
P0070,3,46,2024-01-01 00:00:00
P0070,4,41,2024-01-01 00:00:00
P0070,5,44,2024-01-01 00:00:00
P0070,6,51,2024-01-01 00:00:00
P0070,7,49,2024-01-01 00:00:00
P0070,8,41,2024-01-01 00:00:00
P0070,9,34,2024-01-01 00:00:00
P0070,10,39,2024-01-01 00:00:00
P0071,1,61,2024-01-01 00:00:00
P0071,2,61,2024-01-01 00:00:00
P0071,3,78,2024-01-01 00:00:00
P0071,4,104,2024-01-01 00:00:00
P0071,5,46,2024-01-01 00:00:00
P0071,6,48,2024-01-01 00:00:00
P0071,7,74,2024-01-01 00:00:00
P0071,8,102,2024-01-01 00:00:00
P0071,9,70,2024-01-01 00:00:00
P0071,10,94,2024-01-01 00:00:00
P0072,1,92,2024-01-01 00:00:00
P0072,2,104,2024-01-01 00:00:00
P0072,3,61,2024-01-01 00:00:00
P0072,4,49,2024-01-01 00:00:00
P0072,5,74,2024-01-01 00:00:00
P0072,6,85,2024-01-01 00:00:00
P0072,7,55,2024-01-01 00:00:00
P0072,8,93,2024-01-01 00:00:00
P0072,9,72,2024-01-01 00:00:00
P0072,10,90,2024-01-01 00:00:00
P0073,1,62,2024-01-01 00:00:00
P0073,2,91,2024-01-01 00:00:00
P0073,3,57,2024-01-01 00:00:00
P0073,4,80,2024-01-01 00:00:00
P0073,5,75,2024-01-01 00:00:00
P0073,6,104,2024-01-01 00:00:00
P0073,7,91,2024-01-01 00:00:00
P0073,8,83,2024-01-01 00:00:00
P0073,9,91,2024-01-01 00:00:00
P0073,10,88,2024-01-01 00:00:00
P0074,1,76,2024-01-01 00:00:00
P0074,2,64,2024-01-01 00:00:00
P0074,3,46,2024-01-01 00:00:00
P0074,4,67,2024-01-01 00:00:00
P0074,5,76,2024-01-01 00:00:00
P0074,6,60,2024-01-01 00:00:00
P0074,7,69,2024-01-01 00:00:00
P0074,8,89,2024-01-01 00:00:00
P0074,9,59,2024-01-01 00:00:00
P0074,10,66,2024-01-01 00:00:00
P0075,1,67,2024-01-01 00:00:00
P0075,2,102,2024-01-01 00:00:00
P0075,3,88,2024-01-01 00:00:00
P0075,4,96,2024-01-01 00:00:00
P0075,5,72,2024-01-01 00:00:00
P0075,6,51,2024-01-01 00:00:00
P0075,7,91,2024-01-01 00:00:00
P0075,8,86,2024-01-01 00:00:00
P0075,9,69,2024-01-01 00:00:00
P0075,10,58,2024-01-01 00:00:00
P0076,1,83,2024-01-01 00:00:00
P0076,2,93,2024-01-01 00:00:00
P0076,3,89,2024-01-01 00:00:00
P0076,4,89,2024-01-01 00:00:00
P0076,5,63,2024-01-01 00:00:00
P0076,6,81,2024-01-01 00:00:00
P0076,7,97,2024-01-01 00:00:00
P0076,8,67,2024-01-01 00:00:00
P0076,9,87,2024-01-01 00:00:00
P0076,10,103,2024-01-01 00:00:00
P0077,1,69,2024-01-01 00:00:00
P0077,2,54,2024-01-01 00:00:00
P0077,3,64,2024-01-01 00:00:00
P0077,4,94,2024-01-01 00:00:00
P0077,5,72,2024-01-01 00:00:00
P0077,6,89,2024-01-01 00:00:00
P0077,7,85,2024-01-01 00:00:00
P0077,8,94,2024-01-01 00:00:00
P0077,9,102,2024-01-01 00:00:00
P0077,10,75,2024-01-01 00:00:00
P0078,1,101,2024-01-01 00:00:00
P0078,2,88,2024-01-01 00:00:00
P0078,3,58,2024-01-01 00:00:00
P0078,4,60,2024-01-01 00:00:00
P0078,5,97,2024-01-01 00:00:00
P0078,6,105,2024-01-01 00:00:00
P0078,7,69,2024-01-01 00:00:00
P0078,8,57,2024-01-01 00:00:00
P0078,9,57,2024-01-01 00:00:00
P0078,10,84,2024-01-01 00:00:00
P0079,1,56,2024-01-01 00:00:00
P0079,2,87,2024-01-01 00:00:00
P0079,3,84,2024-01-01 00:00:00
P0079,4,72,2024-01-01 00:00:00
P0079,5,51,2024-01-01 00:00:00
P0079,6,81,2024-01-01 00:00:00
P0079,7,82,2024-01-01 00:00:00
P0079,8,53,2024-01-01 00:00:00
P0079,9,97,2024-01-01 00:00:00
P0079,10,73,2024-01-01 00:00:00
P0080,1,75,2024-01-01 00:00:00
P0080,2,66,2024-01-01 00:00:00
P0080,3,76,2024-01-01 00:00:00
P0080,4,89,2024-01-01 00:00:00
P0080,5,82,2024-01-01 00:00:00
P0080,6,104,2024-01-01 00:00:00
P0080,7,82,2024-01-01 00:00:00
P0080,8,54,2024-01-01 00:00:00
P0080,9,60,2024-01-01 00:00:00
P0080,10,75,2024-01-01 00:00:00
P0081,1,90,2024-01-01 00:00:00
P0081,2,98,2024-01-01 00:00:00
P0081,3,65,2024-01-01 00:00:00
P0081,4,48,2024-01-01 00:00:00
P0081,5,65,2024-01-01 00:00:00
P0081,6,85,2024-01-01 00:00:00
P0081,7,85,2024-01-01 00:00:00
P0081,8,88,2024-01-01 00:00:00
P0081,9,61,2024-01-01 00:00:00
P0081,10,100,2024-01-01 00:00:00
P0082,1,56,2024-01-01 00:00:00
P0082,2,67,2024-01-01 00:00:00
P0082,3,86,2024-01-01 00:00:00
P0082,4,48,2024-01-01 00:00:00
P0082,5,93,2024-01-01 00:00:00
P0082,6,78,2024-01-01 00:00:00
P0082,7,104,2024-01-01 00:00:00
P0082,8,80,2024-01-01 00:00:00
P0082,9,99,2024-01-01 00:00:00
P0082,10,97,2024-01-01 00:00:00
P0083,1,52,2024-01-01 00:00:00
P0083,2,102,2024-01-01 00:00:00
P0083,3,49,2024-01-01 00:00:00
P0083,4,52,2024-01-01 00:00:00
P0083,5,64,2024-01-01 00:00:00
P0083,6,65,2024-01-01 00:00:00
P0083,7,89,2024-01-01 00:00:00
P0083,8,58,2024-01-01 00:00:00
P0083,9,75,2024-01-01 00:00:00
P0083,10,64,2024-01-01 00:00:00
P0084,1,76,2024-01-01 00:00:00
P0084,2,90,2024-01-01 00:00:00
P0084,3,68,2024-01-01 00:00:00
P0084,4,55,2024-01-01 00:00:00
P0084,5,89,2024-01-01 00:00:00
P0084,6,64,2024-01-01 00:00:00
P0084,7,45,2024-01-01 00:00:00
P0084,8,104,2024-01-01 00:00:00
P0084,9,63,2024-01-01 00:00:00
P0084,10,74,2024-01-01 00:00:00
P0085,1,46,2024-01-01 00:00:00
P0085,2,79,2024-01-01 00:00:00
P0085,3,74,2024-01-01 00:00:00
P0085,4,76,2024-01-01 00:00:00
P0085,5,45,2024-01-01 00:00:00
P0085,6,52,2024-01-01 00:00:00
P0085,7,61,2024-01-01 00:00:00
P0085,8,80,2024-01-01 00:00:00
P0085,9,90,2024-01-01 00:00:00
P0085,10,104,2024-01-01 00:00:00
P0086,1,104,2024-01-01 00:00:00
P0086,2,59,2024-01-01 00:00:00
P0086,3,58,2024-01-01 00:00:00
P0086,4,59,2024-01-01 00:00:00
P0086,5,74,2024-01-01 00:00:00
P0086,6,99,2024-01-01 00:00:00
P0086,7,89,2024-01-01 00:00:00
P0086,8,50,2024-01-01 00:00:00
P0086,9,105,2024-01-01 00:00:00
P0086,10,67,2024-01-01 00:00:00
P0087,1,65,2024-01-01 00:00:00
P0087,2,59,2024-01-01 00:00:00
P0087,3,54,2024-01-01 00:00:00
P0087,4,93,2024-01-01 00:00:00
P0087,5,77,2024-01-01 00:00:00
P0087,6,97,2024-01-01 00:00:00
P0087,7,105,2024-01-01 00:00:00
P0087,8,101,2024-01-01 00:00:00
P0087,9,90,2024-01-01 00:00:00
P0087,10,64,2024-01-01 00:00:00
P0088,1,103,2024-01-01 00:00:00
P0088,2,68,2024-01-01 00:00:00
P0088,3,98,2024-01-01 00:00:00
P0088,4,67,2024-01-01 00:00:00
P0088,5,50,2024-01-01 00:00:00
P0088,6,86,2024-01-01 00:00:00
P0088,7,62,2024-01-01 00:00:00
P0088,8,104,2024-01-01 00:00:00
P0088,9,70,2024-01-01 00:00:00
P0088,10,65,2024-01-01 00:00:00
P0089,1,71,2024-01-01 00:00:00
P0089,2,69,2024-01-01 00:00:00
P0089,3,55,2024-01-01 00:00:00
P0089,4,85,2024-01-01 00:00:00
P0089,5,96,2024-01-01 00:00:00
P0089,6,90,2024-01-01 00:00:00
P0089,7,55,2024-01-01 00:00:00
P0089,8,47,2024-01-01 00:00:00
P0089,9,73,2024-01-01 00:00:00
P0089,10,105,2024-01-01 00:00:00
P0090,1,95,2024-01-01 00:00:00
P0090,2,50,2024-01-01 00:00:00
P0090,3,79,2024-01-01 00:00:00
P0090,4,51,2024-01-01 00:00:00
P0090,5,73,2024-01-01 00:00:00
P0090,6,87,2024-01-01 00:00:00
P0090,7,48,2024-01-01 00:00:00
P0090,8,86,2024-01-01 00:00:00
P0090,9,70,2024-01-01 00:00:00
P0090,10,58,2024-01-01 00:00:00
P0091,1,54,2024-01-01 00:00:00
P0091,2,53,2024-01-01 00:00:00
P0091,3,58,2024-01-01 00:00:00
P0091,4,55,2024-01-01 00:00:00
P0091,5,52,2024-01-01 00:00:00
P0091,6,50,2024-01-01 00:00:00
P0091,7,51,2024-01-01 00:00:00
P0091,8,42,2024-01-01 00:00:00
P0091,9,43,2024-01-01 00:00:00
P0091,10,46,2024-01-01 00:00:00
P0092,1,82,2024-01-01 00:00:00
P0092,2,48,2024-01-01 00:00:00
P0092,3,94,2024-01-01 00:00:00
P0092,4,48,2024-01-01 00:00:00
P0092,5,65,2024-01-01 00:00:00
P0092,6,52,2024-01-01 00:00:00
P0092,7,76,2024-01-01 00:00:00
P0092,8,63,2024-01-01 00:00:00
P0092,9,77,2024-01-01 00:00:00
P0092,10,63,2024-01-01 00:00:00
P0093,1,50,2024-01-01 00:00:00
P0093,2,70,2024-01-01 00:00:00
P0093,3,80,2024-01-01 00:00:00
P0093,4,77,2024-01-01 00:00:00
P0093,5,95,2024-01-01 00:00:00
P0093,6,72,2024-01-01 00:00:00
P0093,7,101,2024-01-01 00:00:00
P0093,8,49,2024-01-01 00:00:00
P0093,9,83,2024-01-01 00:00:00
P0093,10,75,2024-01-01 00:00:00
P0094,1,88,2024-01-01 00:00:00
P0094,2,75,2024-01-01 00:00:00
P0094,3,62,2024-01-01 00:00:00
P0094,4,95,2024-01-01 00:00:00
P0094,5,48,2024-01-01 00:00:00
P0094,6,79,2024-01-01 00:00:00
P0094,7,92,2024-01-01 00:00:00
P0094,8,101,2024-01-01 00:00:00
P0094,9,83,2024-01-01 00:00:00
P0094,10,71,2024-01-01 00:00:00
P0095,1,50,2024-01-01 00:00:00
P0095,2,51,2024-01-01 00:00:00
P0095,3,54,2024-01-01 00:00:00
P0095,4,54,2024-01-01 00:00:00
P0095,5,43,2024-01-01 00:00:00
P0095,6,49,2024-01-01 00:00:00
P0095,7,53,2024-01-01 00:00:00
P0095,8,38,2024-01-01 00:00:00
P0095,9,35,2024-01-01 00:00:00
P0095,10,33,2024-01-01 00:00:00
P0096,1,95,2024-01-01 00:00:00
P0096,2,60,2024-01-01 00:00:00
P0096,3,103,2024-01-01 00:00:00
P0096,4,81,2024-01-01 00:00:00
P0096,5,104,2024-01-01 00:00:00
P0096,6,95,2024-01-01 00:00:00
P0096,7,81,2024-01-01 00:00:00
P0096,8,97,2024-01-01 00:00:00
P0096,9,61,2024-01-01 00:00:00
P0096,10,94,2024-01-01 00:00:00
P0097,1,91,2024-01-01 00:00:00
P0097,2,72,2024-01-01 00:00:00
P0097,3,79,2024-01-01 00:00:00
P0097,4,65,2024-01-01 00:00:00
P0097,5,71,2024-01-01 00:00:00
P0097,6,78,2024-01-01 00:00:00
P0097,7,94,2024-01-01 00:00:00
P0097,8,83,2024-01-01 00:00:00
P0097,9,54,2024-01-01 00:00:00
P0097,10,105,2024-01-01 00:00:00
P0098,1,100,2024-01-01 00:00:00
P0098,2,84,2024-01-01 00:00:00
P0098,3,94,2024-01-01 00:00:00
P0098,4,48,2024-01-01 00:00:00
P0098,5,50,2024-01-01 00:00:00
P0098,6,90,2024-01-01 00:00:00
P0098,7,78,2024-01-01 00:00:00
P0098,8,94,2024-01-01 00:00:00
P0098,9,96,2024-01-01 00:00:00
P0098,10,51,2024-01-01 00:00:00
P0099,1,65,2024-01-01 00:00:00
P0099,2,65,2024-01-01 00:00:00
P0099,3,56,2024-01-01 00:00:00
P0099,4,76,2024-01-01 00:00:00
P0099,5,90,2024-01-01 00:00:00
P0099,6,104,2024-01-01 00:00:00
P0099,7,103,2024-01-01 00:00:00
P0099,8,79,2024-01-01 00:00:00
P0099,9,88,2024-01-01 00:00:00
P0099,10,97,2024-01-01 00:00:00
P0100,1,53,2024-01-01 00:00:00
P0100,2,55,2024-01-01 00:00:00
P0100,3,57,2024-01-01 00:00:00
P0100,4,56,2024-01-01 00:00:00
P0100,5,52,2024-01-01 00:00:00
P0100,6,55,2024-01-01 00:00:00
P0100,7,49,2024-01-01 00:00:00
P0100,8,36,2024-01-01 00:00:00
P0100,9,38,2024-01-01 00:00:00
P0100,10,40,2024-01-01 00:00:00
P0101,1,55,2024-01-01 00:00:00
P0101,2,52,2024-01-01 00:00:00
P0101,3,56,2024-01-01 00:00:00
P0101,4,52,2024-01-01 00:00:00
P0101,5,56,2024-01-01 00:00:00
P0101,6,48,2024-01-01 00:00:00
P0101,7,48,2024-01-01 00:00:00
P0101,8,46,2024-01-01 00:00:00
P0101,9,43,2024-01-01 00:00:00
P0101,10,40,2024-01-01 00:00:00
P0102,1,51,2024-01-01 00:00:00
P0102,2,53,2024-01-01 00:00:00
P0102,3,49,2024-01-01 00:00:00
P0102,4,46,2024-01-01 00:00:00
P0102,5,52,2024-01-01 00:00:00
P0102,6,43,2024-01-01 00:00:00
P0102,7,46,2024-01-01 00:00:00
P0102,8,43,2024-01-01 00:00:00
P0102,9,46,2024-01-01 00:00:00
P0102,10,43,2024-01-01 00:00:00
P0103,1,78,2024-01-01 00:00:00
P0103,2,77,2024-01-01 00:00:00
P0103,3,98,2024-01-01 00:00:00
P0103,4,46,2024-01-01 00:00:00
P0103,5,105,2024-01-01 00:00:00
P0103,6,81,2024-01-01 00:00:00
P0103,7,46,2024-01-01 00:00:00
P0103,8,79,2024-01-01 00:00:00
P0103,9,77,2024-01-01 00:00:00
P0103,10,100,2024-01-01 00:00:00
P0104,1,61,2024-01-01 00:00:00
P0104,2,69,2024-01-01 00:00:00
P0104,3,96,2024-01-01 00:00:00
P0104,4,105,2024-01-01 00:00:00
P0104,5,59,2024-01-01 00:00:00
P0104,6,75,2024-01-01 00:00:00
P0104,7,64,2024-01-01 00:00:00
P0104,8,48,2024-01-01 00:00:00
P0104,9,64,2024-01-01 00:00:00
P0104,10,51,2024-01-01 00:00:00
P0105,1,55,2024-01-01 00:00:00
P0105,2,63,2024-01-01 00:00:00
P0105,3,62,2024-01-01 00:00:00
P0105,4,53,2024-01-01 00:00:00
P0105,5,47,2024-01-01 00:00:00
P0105,6,53,2024-01-01 00:00:00
P0105,7,58,2024-01-01 00:00:00
P0105,8,43,2024-01-01 00:00:00
P0105,9,47,2024-01-01 00:00:00
P0105,10,35,2024-01-01 00:00:00
P0106,1,68,2024-01-01 00:00:00
P0106,2,70,2024-01-01 00:00:00
P0106,3,72,2024-01-01 00:00:00
P0106,4,69,2024-01-01 00:00:00
P0106,5,55,2024-01-01 00:00:00
P0106,6,57,2024-01-01 00:00:00
P0106,7,58,2024-01-01 00:00:00
P0106,8,48,2024-01-01 00:00:00
P0106,9,50,2024-01-01 00:00:00
P0106,10,45,2024-01-01 00:00:00
P0107,1,58,2024-01-01 00:00:00
P0107,2,62,2024-01-01 00:00:00
P0107,3,63,2024-01-01 00:00:00
P0107,4,53,2024-01-01 00:00:00
P0107,5,61,2024-01-01 00:00:00
P0107,6,52,2024-01-01 00:00:00
P0107,7,63,2024-01-01 00:00:00
P0107,8,42,2024-01-01 00:00:00
P0107,9,48,2024-01-01 00:00:00
P0107,10,50,2024-01-01 00:00:00
P0108,1,94,2024-01-01 00:00:00
P0108,2,73,2024-01-01 00:00:00
P0108,3,70,2024-01-01 00:00:00
P0108,4,85,2024-01-01 00:00:00
P0108,5,79,2024-01-01 00:00:00
P0108,6,103,2024-01-01 00:00:00
P0108,7,74,2024-01-01 00:00:00
P0108,8,64,2024-01-01 00:00:00
P0108,9,91,2024-01-01 00:00:00
P0108,10,86,2024-01-01 00:00:00
P0109,1,71,2024-01-01 00:00:00
P0109,2,63,2024-01-01 00:00:00
P0109,3,61,2024-01-01 00:00:00
P0109,4,64,2024-01-01 00:00:00
P0109,5,68,2024-01-01 00:00:00
P0109,6,55,2024-01-01 00:00:00
P0109,7,64,2024-01-01 00:00:00
P0109,8,49,2024-01-01 00:00:00
P0109,9,50,2024-01-01 00:00:00
P0109,10,42,2024-01-01 00:00:00
P0110,1,67,2024-01-01 00:00:00
P0110,2,69,2024-01-01 00:00:00
P0110,3,62,2024-01-01 00:00:00
P0110,4,58,2024-01-01 00:00:00
P0110,5,66,2024-01-01 00:00:00
P0110,6,65,2024-01-01 00:00:00
P0110,7,59,2024-01-01 00:00:00
P0110,8,49,2024-01-01 00:00:00
P0110,9,50,2024-01-01 00:00:00
P0110,10,48,2024-01-01 00:00:00
P0111,1,64,2024-01-01 00:00:00
P0111,2,68,2024-01-01 00:00:00
P0111,3,75,2024-01-01 00:00:00
P0111,4,71,2024-01-01 00:00:00
P0111,5,59,2024-01-01 00:00:00
P0111,6,63,2024-01-01 00:00:00
P0111,7,60,2024-01-01 00:00:00
P0111,8,51,2024-01-01 00:00:00
P0111,9,51,2024-01-01 00:00:00
P0111,10,53,2024-01-01 00:00:00
P0112,1,69,2024-01-01 00:00:00
P0112,2,64,2024-01-01 00:00:00
P0112,3,60,2024-01-01 00:00:00
P0112,4,66,2024-01-01 00:00:00
P0112,5,63,2024-01-01 00:00:00
P0112,6,53,2024-01-01 00:00:00
P0112,7,61,2024-01-01 00:00:00
P0112,8,49,2024-01-01 00:00:00
P0112,9,53,2024-01-01 00:00:00
P0112,10,53,2024-01-01 00:00:00
P0113,1,73,2024-01-01 00:00:00
P0113,2,66,2024-01-01 00:00:00
P0113,3,71,2024-01-01 00:00:00
P0113,4,65,2024-01-01 00:00:00
P0113,5,65,2024-01-01 00:00:00
P0113,6,60,2024-01-01 00:00:00
P0113,7,60,2024-01-01 00:00:00
P0113,8,55,2024-01-01 00:00:00
P0113,9,49,2024-01-01 00:00:00
P0113,10,60,2024-01-01 00:00:00
P0114,1,57,2024-01-01 00:00:00
P0114,2,94,2024-01-01 00:00:00
P0114,3,97,2024-01-01 00:00:00
P0114,4,46,2024-01-01 00:00:00
P0114,5,101,2024-01-01 00:00:00
P0114,6,86,2024-01-01 00:00:00
P0114,7,97,2024-01-01 00:00:00
P0114,8,45,2024-01-01 00:00:00
P0114,9,70,2024-01-01 00:00:00
P0114,10,49,2024-01-01 00:00:00
P0115,1,66,2024-01-01 00:00:00
P0115,2,71,2024-01-01 00:00:00
P0115,3,73,2024-01-01 00:00:00
P0115,4,63,2024-01-01 00:00:00
P0115,5,68,2024-01-01 00:00:00
P0115,6,65,2024-01-01 00:00:00
P0115,7,58,2024-01-01 00:00:00
P0115,8,50,2024-01-01 00:00:00
P0115,9,51,2024-01-01 00:00:00
P0115,10,48,2024-01-01 00:00:00
P0116,1,91,2024-01-01 00:00:00
P0116,2,89,2024-01-01 00:00:00
P0116,3,49,2024-01-01 00:00:00
P0116,4,105,2024-01-01 00:00:00
P0116,5,98,2024-01-01 00:00:00
P0116,6,66,2024-01-01 00:00:00
P0116,7,73,2024-01-01 00:00:00
P0116,8,105,2024-01-01 00:00:00
P0116,9,47,2024-01-01 00:00:00
P0116,10,53,2024-01-01 00:00:00
P0117,1,93,2024-01-01 00:00:00
P0117,2,65,2024-01-01 00:00:00
P0117,3,85,2024-01-01 00:00:00
P0117,4,99,2024-01-01 00:00:00
P0117,5,75,2024-01-01 00:00:00
P0117,6,96,2024-01-01 00:00:00
P0117,7,70,2024-01-01 00:00:00
P0117,8,90,2024-01-01 00:00:00
P0117,9,96,2024-01-01 00:00:00
P0117,10,100,2024-01-01 00:00:00
P0118,1,68,2024-01-01 00:00:00
P0118,2,72,2024-01-01 00:00:00
P0118,3,71,2024-01-01 00:00:00
P0118,4,74,2024-01-01 00:00:00
P0118,5,70,2024-01-01 00:00:00
P0118,6,66,2024-01-01 00:00:00
P0118,7,67,2024-01-01 00:00:00
P0118,8,58,2024-01-01 00:00:00
P0118,9,61,2024-01-01 00:00:00
P0118,10,60,2024-01-01 00:00:00
P0119,1,63,2024-01-01 00:00:00
P0119,2,59,2024-01-01 00:00:00
P0119,3,61,2024-01-01 00:00:00
P0119,4,60,2024-01-01 00:00:00
P0119,5,64,2024-01-01 00:00:00
P0119,6,67,2024-01-01 00:00:00
P0119,7,58,2024-01-01 00:00:00
P0119,8,51,2024-01-01 00:00:00
P0119,9,48,2024-01-01 00:00:00
P0119,10,47,2024-01-01 00:00:00
P0120,1,70,2024-01-01 00:00:00
P0120,2,65,2024-01-01 00:00:00
P0120,3,60,2024-01-01 00:00:00
P0120,4,65,2024-01-01 00:00:00
P0120,5,55,2024-01-01 00:00:00
P0120,6,62,2024-01-01 00:00:00
P0120,7,60,2024-01-01 00:00:00
P0120,8,46,2024-01-01 00:00:00
P0120,9,47,2024-01-01 00:00:00
P0120,10,51,2024-01-01 00:00:00
P0121,1,70,2024-01-01 00:00:00
P0121,2,62,2024-01-01 00:00:00
P0121,3,59,2024-01-01 00:00:00
P0121,4,67,2024-01-01 00:00:00
P0121,5,61,2024-01-01 00:00:00
P0121,6,61,2024-01-01 00:00:00
P0121,7,57,2024-01-01 00:00:00
P0121,8,48,2024-01-01 00:00:00
P0121,9,44,2024-01-01 00:00:00
P0121,10,53,2024-01-01 00:00:00
P0122,1,90,2024-01-01 00:00:00
P0122,2,76,2024-01-01 00:00:00
P0122,3,96,2024-01-01 00:00:00
P0122,4,69,2024-01-01 00:00:00
P0122,5,101,2024-01-01 00:00:00
P0122,6,53,2024-01-01 00:00:00
P0122,7,92,2024-01-01 00:00:00
P0122,8,67,2024-01-01 00:00:00
P0122,9,84,2024-01-01 00:00:00
P0122,10,85,2024-01-01 00:00:00
P0123,1,66,2024-01-01 00:00:00
P0123,2,81,2024-01-01 00:00:00
P0123,3,70,2024-01-01 00:00:00
P0123,4,90,2024-01-01 00:00:00
P0123,5,53,2024-01-01 00:00:00
P0123,6,78,2024-01-01 00:00:00
P0123,7,86,2024-01-01 00:00:00
P0123,8,80,2024-01-01 00:00:00
P0123,9,55,2024-01-01 00:00:00
P0123,10,79,2024-01-01 00:00:00
P0124,1,63,2024-01-01 00:00:00
P0124,2,59,2024-01-01 00:00:00
P0124,3,68,2024-01-01 00:00:00
P0124,4,56,2024-01-01 00:00:00
P0124,5,63,2024-01-01 00:00:00
P0124,6,59,2024-01-01 00:00:00
P0124,7,66,2024-01-01 00:00:00
P0124,8,42,2024-01-01 00:00:00
P0124,9,44,2024-01-01 00:00:00
P0124,10,49,2024-01-01 00:00:00
P0125,1,78,2024-01-01 00:00:00
P0125,2,93,2024-01-01 00:00:00
P0125,3,69,2024-01-01 00:00:00
P0125,4,90,2024-01-01 00:00:00
P0125,5,103,2024-01-01 00:00:00
P0125,6,72,2024-01-01 00:00:00
P0125,7,45,2024-01-01 00:00:00
P0125,8,59,2024-01-01 00:00:00
P0125,9,87,2024-01-01 00:00:00
P0125,10,70,2024-01-01 00:00:00
P0126,1,70,2024-01-01 00:00:00
P0126,2,70,2024-01-01 00:00:00
P0126,3,66,2024-01-01 00:00:00
P0126,4,53,2024-01-01 00:00:00
P0126,5,61,2024-01-01 00:00:00
P0126,6,67,2024-01-01 00:00:00
P0126,7,64,2024-01-01 00:00:00
P0126,8,46,2024-01-01 00:00:00
P0126,9,52,2024-01-01 00:00:00
P0126,10,54,2024-01-01 00:00:00
P0127,1,64,2024-01-01 00:00:00
P0127,2,94,2024-01-01 00:00:00
P0127,3,100,2024-01-01 00:00:00
P0127,4,64,2024-01-01 00:00:00
P0127,5,58,2024-01-01 00:00:00
P0127,6,66,2024-01-01 00:00:00
P0127,7,55,2024-01-01 00:00:00
P0127,8,48,2024-01-01 00:00:00
P0127,9,54,2024-01-01 00:00:00
P0127,10,48,2024-01-01 00:00:00
P0128,1,53,2024-01-01 00:00:00
P0128,2,75,2024-01-01 00:00:00
P0128,3,76,2024-01-01 00:00:00
P0128,4,67,2024-01-01 00:00:00
P0128,5,59,2024-01-01 00:00:00
P0128,6,52,2024-01-01 00:00:00
P0128,7,67,2024-01-01 00:00:00
P0128,8,95,2024-01-01 00:00:00
P0128,9,90,2024-01-01 00:00:00
P0128,10,93,2024-01-01 00:00:00
P0129,1,92,2024-01-01 00:00:00
P0129,2,92,2024-01-01 00:00:00
P0129,3,104,2024-01-01 00:00:00
P0129,4,66,2024-01-01 00:00:00
P0129,5,50,2024-01-01 00:00:00
P0129,6,85,2024-01-01 00:00:00
P0129,7,67,2024-01-01 00:00:00
P0129,8,66,2024-01-01 00:00:00
P0129,9,100,2024-01-01 00:00:00
P0129,10,69,2024-01-01 00:00:00
P0130,1,64,2024-01-01 00:00:00
P0130,2,97,2024-01-01 00:00:00
P0130,3,103,2024-01-01 00:00:00
P0130,4,52,2024-01-01 00:00:00
P0130,5,99,2024-01-01 00:00:00
P0130,6,53,2024-01-01 00:00:00
P0130,7,65,2024-01-01 00:00:00
P0130,8,68,2024-01-01 00:00:00
P0130,9,85,2024-01-01 00:00:00
P0130,10,62,2024-01-01 00:00:00
P0131,1,90,2024-01-01 00:00:00
P0131,2,77,2024-01-01 00:00:00
P0131,3,58,2024-01-01 00:00:00
P0131,4,67,2024-01-01 00:00:00
P0131,5,83,2024-01-01 00:00:00
P0131,6,99,2024-01-01 00:00:00
P0131,7,102,2024-01-01 00:00:00
P0131,8,74,2024-01-01 00:00:00
P0131,9,53,2024-01-01 00:00:00
P0131,10,105,2024-01-01 00:00:00
P0132,1,95,2024-01-01 00:00:00
P0132,2,53,2024-01-01 00:00:00
P0132,3,46,2024-01-01 00:00:00
P0132,4,50,2024-01-01 00:00:00
P0132,5,58,2024-01-01 00:00:00
P0132,6,67,2024-01-01 00:00:00
P0132,7,81,2024-01-01 00:00:00
P0132,8,92,2024-01-01 00:00:00
P0132,9,101,2024-01-01 00:00:00
P0132,10,50,2024-01-01 00:00:00
P0133,1,62,2024-01-01 00:00:00
P0133,2,71,2024-01-01 00:00:00
P0133,3,97,2024-01-01 00:00:00
P0133,4,70,2024-01-01 00:00:00
P0133,5,103,2024-01-01 00:00:00
P0133,6,85,2024-01-01 00:00:00
P0133,7,75,2024-01-01 00:00:00
P0133,8,60,2024-01-01 00:00:00
P0133,9,71,2024-01-01 00:00:00
P0133,10,71,2024-01-01 00:00:00
P0134,1,55,2024-01-01 00:00:00
P0134,2,55,2024-01-01 00:00:00
P0134,3,98,2024-01-01 00:00:00
P0134,4,49,2024-01-01 00:00:00
P0134,5,76,2024-01-01 00:00:00
P0134,6,57,2024-01-01 00:00:00
P0134,7,84,2024-01-01 00:00:00
P0134,8,47,2024-01-01 00:00:00
P0134,9,104,2024-01-01 00:00:00
P0134,10,74,2024-01-01 00:00:00
P0135,1,56,2024-01-01 00:00:00
P0135,2,54,2024-01-01 00:00:00
P0135,3,89,2024-01-01 00:00:00
P0135,4,100,2024-01-01 00:00:00
P0135,5,95,2024-01-01 00:00:00
P0135,6,48,2024-01-01 00:00:00
P0135,7,81,2024-01-01 00:00:00
P0135,8,54,2024-01-01 00:00:00
P0135,9,55,2024-01-01 00:00:00
P0135,10,84,2024-01-01 00:00:00
P0136,1,88,2024-01-01 00:00:00
P0136,2,90,2024-01-01 00:00:00
P0136,3,59,2024-01-01 00:00:00
P0136,4,83,2024-01-01 00:00:00
P0136,5,65,2024-01-01 00:00:00
P0136,6,90,2024-01-01 00:00:00
P0136,7,52,2024-01-01 00:00:00
P0136,8,53,2024-01-01 00:00:00
P0136,9,51,2024-01-01 00:00:00
P0136,10,50,2024-01-01 00:00:00
P0137,1,96,2024-01-01 00:00:00
P0137,2,57,2024-01-01 00:00:00
P0137,3,60,2024-01-01 00:00:00
P0137,4,45,2024-01-01 00:00:00
P0137,5,85,2024-01-01 00:00:00
P0137,6,60,2024-01-01 00:00:00
P0137,7,79,2024-01-01 00:00:00
P0137,8,99,2024-01-01 00:00:00
P0137,9,83,2024-01-01 00:00:00
P0137,10,78,2024-01-01 00:00:00
P0138,1,66,2024-01-01 00:00:00
P0138,2,93,2024-01-01 00:00:00
P0138,3,57,2024-01-01 00:00:00
P0138,4,103,2024-01-01 00:00:00
P0138,5,101,2024-01-01 00:00:00
P0138,6,56,2024-01-01 00:00:00
P0138,7,64,2024-01-01 00:00:00
P0138,8,49,2024-01-01 00:00:00
P0138,9,60,2024-01-01 00:00:00
P0138,10,61,2024-01-01 00:00:00
P0139,1,57,2024-01-01 00:00:00
P0139,2,63,2024-01-01 00:00:00
P0139,3,95,2024-01-01 00:00:00
P0139,4,98,2024-01-01 00:00:00
P0139,5,55,2024-01-01 00:00:00
P0139,6,68,2024-01-01 00:00:00
P0139,7,87,2024-01-01 00:00:00
P0139,8,95,2024-01-01 00:00:00
P0139,9,92,2024-01-01 00:00:00
P0139,10,104,2024-01-01 00:00:00
P0140,1,64,2024-01-01 00:00:00
P0140,2,66,2024-01-01 00:00:00
P0140,3,75,2024-01-01 00:00:00
P0140,4,65,2024-01-01 00:00:00
P0140,5,62,2024-01-01 00:00:00
P0140,6,64,2024-01-01 00:00:00
P0140,7,62,2024-01-01 00:00:00
P0140,8,60,2024-01-01 00:00:00
P0140,9,56,2024-01-01 00:00:00
P0140,10,51,2024-01-01 00:00:00
P0141,1,81,2024-01-01 00:00:00
P0141,2,90,2024-01-01 00:00:00
P0141,3,91,2024-01-01 00:00:00
P0141,4,95,2024-01-01 00:00:00
P0141,5,69,2024-01-01 00:00:00
P0141,6,97,2024-01-01 00:00:00
P0141,7,89,2024-01-01 00:00:00
P0141,8,86,2024-01-01 00:00:00
P0141,9,89,2024-01-01 00:00:00
P0141,10,87,2024-01-01 00:00:00
P0142,1,65,2024-01-01 00:00:00
P0142,2,63,2024-01-01 00:00:00
P0142,3,62,2024-01-01 00:00:00
P0142,4,63,2024-01-01 00:00:00
P0142,5,63,2024-01-01 00:00:00
P0142,6,65,2024-01-01 00:00:00
P0142,7,66,2024-01-01 00:00:00
P0142,8,43,2024-01-01 00:00:00
P0142,9,43,2024-01-01 00:00:00
P0142,10,52,2024-01-01 00:00:00
P0143,1,72,2024-01-01 00:00:00
P0143,2,60,2024-01-01 00:00:00
P0143,3,63,2024-01-01 00:00:00
P0143,4,56,2024-01-01 00:00:00
P0143,5,67,2024-01-01 00:00:00
P0143,6,58,2024-01-01 00:00:00
P0143,7,59,2024-01-01 00:00:00
P0143,8,51,2024-01-01 00:00:00
P0143,9,55,2024-01-01 00:00:00
P0143,10,55,2024-01-01 00:00:00
P0144,1,59,2024-01-01 00:00:00
P0144,2,69,2024-01-01 00:00:00
P0144,3,70,2024-01-01 00:00:00
P0144,4,55,2024-01-01 00:00:00
P0144,5,63,2024-01-01 00:00:00
P0144,6,58,2024-01-01 00:00:00
P0144,7,54,2024-01-01 00:00:00
P0144,8,50,2024-01-01 00:00:00
P0144,9,49,2024-01-01 00:00:00
P0144,10,48,2024-01-01 00:00:00
P0145,1,67,2024-01-01 00:00:00
P0145,2,61,2024-01-01 00:00:00
P0145,3,59,2024-01-01 00:00:00
P0145,4,55,2024-01-01 00:00:00
P0145,5,58,2024-01-01 00:00:00
P0145,6,54,2024-01-01 00:00:00
P0145,7,59,2024-01-01 00:00:00
P0145,8,47,2024-01-01 00:00:00
P0145,9,39,2024-01-01 00:00:00
P0145,10,41,2024-01-01 00:00:00
P0146,1,60,2024-01-01 00:00:00
P0146,2,59,2024-01-01 00:00:00
P0146,3,78,2024-01-01 00:00:00
P0146,4,79,2024-01-01 00:00:00
P0146,5,68,2024-01-01 00:00:00
P0146,6,93,2024-01-01 00:00:00
P0146,7,63,2024-01-01 00:00:00
P0146,8,56,2024-01-01 00:00:00
P0146,9,59,2024-01-01 00:00:00
P0146,10,92,2024-01-01 00:00:00
P0147,1,76,2024-01-01 00:00:00
P0147,2,95,2024-01-01 00:00:00
P0147,3,87,2024-01-01 00:00:00
P0147,4,69,2024-01-01 00:00:00
P0147,5,56,2024-01-01 00:00:00
P0147,6,67,2024-01-01 00:00:00
P0147,7,92,2024-01-01 00:00:00
P0147,8,62,2024-01-01 00:00:00
P0147,9,78,2024-01-01 00:00:00
P0147,10,53,2024-01-01 00:00:00
P0148,1,56,2024-01-01 00:00:00
P0148,2,100,2024-01-01 00:00:00
P0148,3,78,2024-01-01 00:00:00
P0148,4,89,2024-01-01 00:00:00
P0148,5,72,2024-01-01 00:00:00
P0148,6,91,2024-01-01 00:00:00
P0148,7,100,2024-01-01 00:00:00
P0148,8,49,2024-01-01 00:00:00
P0148,9,85,2024-01-01 00:00:00
P0148,10,76,2024-01-01 00:00:00
P0149,1,46,2024-01-01 00:00:00
P0149,2,48,2024-01-01 00:00:00
P0149,3,59,2024-01-01 00:00:00
P0149,4,100,2024-01-01 00:00:00
P0149,5,72,2024-01-01 00:00:00
P0149,6,83,2024-01-01 00:00:00
P0149,7,78,2024-01-01 00:00:00
P0149,8,96,2024-01-01 00:00:00
P0149,9,62,2024-01-01 00:00:00
P0149,10,97,2024-01-01 00:00:00
P0150,1,61,2024-01-01 00:00:00
P0150,2,50,2024-01-01 00:00:00
P0150,3,104,2024-01-01 00:00:00
P0150,4,70,2024-01-01 00:00:00
P0150,5,105,2024-01-01 00:00:00
P0150,6,65,2024-01-01 00:00:00
P0150,7,46,2024-01-01 00:00:00
P0150,8,89,2024-01-01 00:00:00
P0150,9,97,2024-01-01 00:00:00
P0150,10,76,2024-01-01 00:00:00
P0151,1,64,2024-01-01 00:00:00
P0151,2,70,2024-01-01 00:00:00
P0151,3,70,2024-01-01 00:00:00
P0151,4,62,2024-01-01 00:00:00
P0151,5,55,2024-01-01 00:00:00
P0151,6,55,2024-01-01 00:00:00
P0151,7,66,2024-01-01 00:00:00
P0151,8,50,2024-01-01 00:00:00
P0151,9,52,2024-01-01 00:00:00
P0151,10,49,2024-01-01 00:00:00
P0152,1,105,2024-01-01 00:00:00
P0152,2,90,2024-01-01 00:00:00
P0152,3,76,2024-01-01 00:00:00
P0152,4,83,2024-01-01 00:00:00
P0152,5,97,2024-01-01 00:00:00
P0152,6,70,2024-01-01 00:00:00
P0152,7,57,2024-01-01 00:00:00
P0152,8,60,2024-01-01 00:00:00
P0152,9,104,2024-01-01 00:00:00
P0152,10,90,2024-01-01 00:00:00
P0153,1,46,2024-01-01 00:00:00
P0153,2,56,2024-01-01 00:00:00
P0153,3,59,2024-01-01 00:00:00
P0153,4,64,2024-01-01 00:00:00
P0153,5,62,2024-01-01 00:00:00
P0153,6,68,2024-01-01 00:00:00
P0153,7,90,2024-01-01 00:00:00
P0153,8,74,2024-01-01 00:00:00
P0153,9,55,2024-01-01 00:00:00
P0153,10,47,2024-01-01 00:00:00
P0154,1,55,2024-01-01 00:00:00
P0154,2,59,2024-01-01 00:00:00
P0154,3,63,2024-01-01 00:00:00
P0154,4,57,2024-01-01 00:00:00
P0154,5,63,2024-01-01 00:00:00
P0154,6,53,2024-01-01 00:00:00
P0154,7,63,2024-01-01 00:00:00
P0154,8,51,2024-01-01 00:00:00
P0154,9,43,2024-01-01 00:00:00
P0154,10,41,2024-01-01 00:00:00
P0155,1,76,2024-01-01 00:00:00
P0155,2,64,2024-01-01 00:00:00
P0155,3,74,2024-01-01 00:00:00
P0155,4,74,2024-01-01 00:00:00
P0155,5,66,2024-01-01 00:00:00
P0155,6,59,2024-01-01 00:00:00
P0155,7,62,2024-01-01 00:00:00
P0155,8,47,2024-01-01 00:00:00
P0155,9,57,2024-01-01 00:00:00
P0155,10,60,2024-01-01 00:00:00
P0156,1,55,2024-01-01 00:00:00
P0156,2,59,2024-01-01 00:00:00
P0156,3,57,2024-01-01 00:00:00
P0156,4,54,2024-01-01 00:00:00
P0156,5,55,2024-01-01 00:00:00
P0156,6,61,2024-01-01 00:00:00
P0156,7,60,2024-01-01 00:00:00
P0156,8,41,2024-01-01 00:00:00
P0156,9,49,2024-01-01 00:00:00
P0156,10,43,2024-01-01 00:00:00
P0157,1,67,2024-01-01 00:00:00
P0157,2,69,2024-01-01 00:00:00
P0157,3,61,2024-01-01 00:00:00
P0157,4,54,2024-01-01 00:00:00
P0157,5,63,2024-01-01 00:00:00
P0157,6,61,2024-01-01 00:00:00
P0157,7,63,2024-01-01 00:00:00
P0157,8,43,2024-01-01 00:00:00
P0157,9,50,2024-01-01 00:00:00
P0157,10,52,2024-01-01 00:00:00
P0158,1,63,2024-01-01 00:00:00
P0158,2,71,2024-01-01 00:00:00
P0158,3,61,2024-01-01 00:00:00
P0158,4,70,2024-01-01 00:00:00
P0158,5,45,2024-01-01 00:00:00
P0158,6,101,2024-01-01 00:00:00
P0158,7,92,2024-01-01 00:00:00
P0158,8,88,2024-01-01 00:00:00
P0158,9,74,2024-01-01 00:00:00
P0158,10,65,2024-01-01 00:00:00
P0159,1,84,2024-01-01 00:00:00
P0159,2,103,2024-01-01 00:00:00
P0159,3,48,2024-01-01 00:00:00
P0159,4,79,2024-01-01 00:00:00
P0159,5,85,2024-01-01 00:00:00
P0159,6,105,2024-01-01 00:00:00
P0159,7,53,2024-01-01 00:00:00
P0159,8,67,2024-01-01 00:00:00
P0159,9,77,2024-01-01 00:00:00
P0159,10,104,2024-01-01 00:00:00
P0160,1,56,2024-01-01 00:00:00
P0160,2,75,2024-01-01 00:00:00
P0160,3,62,2024-01-01 00:00:00
P0160,4,49,2024-01-01 00:00:00
P0160,5,86,2024-01-01 00:00:00
P0160,6,51,2024-01-01 00:00:00
P0160,7,102,2024-01-01 00:00:00
P0160,8,86,2024-01-01 00:00:00
P0160,9,62,2024-01-01 00:00:00
P0160,10,97,2024-01-01 00:00:00
P0161,1,80,2024-01-01 00:00:00
P0161,2,93,2024-01-01 00:00:00
P0161,3,85,2024-01-01 00:00:00
P0161,4,51,2024-01-01 00:00:00
P0161,5,98,2024-01-01 00:00:00
P0161,6,73,2024-01-01 00:00:00
P0161,7,95,2024-01-01 00:00:00
P0161,8,75,2024-01-01 00:00:00
P0161,9,92,2024-01-01 00:00:00
P0161,10,88,2024-01-01 00:00:00
P0162,1,49,2024-01-01 00:00:00
P0162,2,59,2024-01-01 00:00:00
P0162,3,87,2024-01-01 00:00:00
P0162,4,103,2024-01-01 00:00:00
P0162,5,55,2024-01-01 00:00:00
P0162,6,80,2024-01-01 00:00:00
P0162,7,86,2024-01-01 00:00:00
P0162,8,99,2024-01-01 00:00:00
P0162,9,83,2024-01-01 00:00:00
P0162,10,82,2024-01-01 00:00:00
P0163,1,70,2024-01-01 00:00:00
P0163,2,72,2024-01-01 00:00:00
P0163,3,69,2024-01-01 00:00:00
P0163,4,70,2024-01-01 00:00:00
P0163,5,63,2024-01-01 00:00:00
P0163,6,59,2024-01-01 00:00:00
P0163,7,69,2024-01-01 00:00:00
P0163,8,56,2024-01-01 00:00:00
P0163,9,46,2024-01-01 00:00:00
P0163,10,50,2024-01-01 00:00:00
P0164,1,80,2024-01-01 00:00:00
P0164,2,89,2024-01-01 00:00:00
P0164,3,87,2024-01-01 00:00:00
P0164,4,85,2024-01-01 00:00:00
P0164,5,88,2024-01-01 00:00:00
P0164,6,88,2024-01-01 00:00:00
P0164,7,86,2024-01-01 00:00:00
P0164,8,62,2024-01-01 00:00:00
P0164,9,73,2024-01-01 00:00:00
P0164,10,67,2024-01-01 00:00:00
P0165,1,78,2024-01-01 00:00:00
P0165,2,80,2024-01-01 00:00:00
P0165,3,78,2024-01-01 00:00:00
P0165,4,77,2024-01-01 00:00:00
P0165,5,77,2024-01-01 00:00:00
P0165,6,74,2024-01-01 00:00:00
P0165,7,76,2024-01-01 00:00:00
P0165,8,70,2024-01-01 00:00:00
P0165,9,58,2024-01-01 00:00:00
P0165,10,68,2024-01-01 00:00:00
P0166,1,81,2024-01-01 00:00:00
P0166,2,80,2024-01-01 00:00:00
P0166,3,87,2024-01-01 00:00:00
P0166,4,81,2024-01-01 00:00:00
P0166,5,81,2024-01-01 00:00:00
P0166,6,78,2024-01-01 00:00:00
P0166,7,75,2024-01-01 00:00:00
P0166,8,63,2024-01-01 00:00:00
P0166,9,61,2024-01-01 00:00:00
P0166,10,67,2024-01-01 00:00:00
P0167,1,75,2024-01-01 00:00:00
P0167,2,80,2024-01-01 00:00:00
P0167,3,83,2024-01-01 00:00:00
P0167,4,70,2024-01-01 00:00:00
P0167,5,69,2024-01-01 00:00:00
P0167,6,72,2024-01-01 00:00:00
P0167,7,72,2024-01-01 00:00:00
P0167,8,55,2024-01-01 00:00:00
P0167,9,59,2024-01-01 00:00:00
P0167,10,54,2024-01-01 00:00:00
P0168,1,72,2024-01-01 00:00:00
P0168,2,78,2024-01-01 00:00:00
P0168,3,76,2024-01-01 00:00:00
P0168,4,67,2024-01-01 00:00:00
P0168,5,71,2024-01-01 00:00:00
P0168,6,68,2024-01-01 00:00:00
P0168,7,71,2024-01-01 00:00:00
P0168,8,63,2024-01-01 00:00:00
P0168,9,55,2024-01-01 00:00:00
P0168,10,58,2024-01-01 00:00:00
P0169,1,86,2024-01-01 00:00:00
P0169,2,78,2024-01-01 00:00:00
P0169,3,45,2024-01-01 00:00:00
P0169,4,91,2024-01-01 00:00:00
P0169,5,92,2024-01-01 00:00:00
P0169,6,66,2024-01-01 00:00:00
P0169,7,103,2024-01-01 00:00:00
P0169,8,57,2024-01-01 00:00:00
P0169,9,81,2024-01-01 00:00:00
P0169,10,96,2024-01-01 00:00:00
P0170,1,78,2024-01-01 00:00:00
P0170,2,67,2024-01-01 00:00:00
P0170,3,57,2024-01-01 00:00:00
P0170,4,79,2024-01-01 00:00:00
P0170,5,95,2024-01-01 00:00:00
P0170,6,63,2024-01-01 00:00:00
P0170,7,58,2024-01-01 00:00:00
P0170,8,56,2024-01-01 00:00:00
P0170,9,56,2024-01-01 00:00:00
P0170,10,103,2024-01-01 00:00:00
P0171,1,88,2024-01-01 00:00:00
P0171,2,80,2024-01-01 00:00:00
P0171,3,98,2024-01-01 00:00:00
P0171,4,86,2024-01-01 00:00:00
P0171,5,55,2024-01-01 00:00:00
P0171,6,61,2024-01-01 00:00:00
P0171,7,93,2024-01-01 00:00:00
P0171,8,74,2024-01-01 00:00:00
P0171,9,51,2024-01-01 00:00:00
P0171,10,97,2024-01-01 00:00:00
P0172,1,89,2024-01-01 00:00:00
P0172,2,67,2024-01-01 00:00:00
P0172,3,90,2024-01-01 00:00:00
P0172,4,105,2024-01-01 00:00:00
P0172,5,103,2024-01-01 00:00:00
P0172,6,100,2024-01-01 00:00:00
P0172,7,45,2024-01-01 00:00:00
P0172,8,77,2024-01-01 00:00:00
P0172,9,102,2024-01-01 00:00:00
P0172,10,91,2024-01-01 00:00:00
P0173,1,52,2024-01-01 00:00:00
P0173,2,66,2024-01-01 00:00:00
P0173,3,52,2024-01-01 00:00:00
P0173,4,60,2024-01-01 00:00:00
P0173,5,88,2024-01-01 00:00:00
P0173,6,49,2024-01-01 00:00:00
P0173,7,45,2024-01-01 00:00:00
P0173,8,87,2024-01-01 00:00:00
P0173,9,72,2024-01-01 00:00:00
P0173,10,75,2024-01-01 00:00:00
P0174,1,82,2024-01-01 00:00:00
P0174,2,78,2024-01-01 00:00:00
P0174,3,80,2024-01-01 00:00:00
P0174,4,82,2024-01-01 00:00:00
P0174,5,75,2024-01-01 00:00:00
P0174,6,79,2024-01-01 00:00:00
P0174,7,78,2024-01-01 00:00:00
P0174,8,64,2024-01-01 00:00:00
P0174,9,66,2024-01-01 00:00:00
P0174,10,69,2024-01-01 00:00:00
P0175,1,81,2024-01-01 00:00:00
P0175,2,78,2024-01-01 00:00:00
P0175,3,81,2024-01-01 00:00:00
P0175,4,73,2024-01-01 00:00:00
P0175,5,70,2024-01-01 00:00:00
P0175,6,77,2024-01-01 00:00:00
P0175,7,68,2024-01-01 00:00:00
P0175,8,55,2024-01-01 00:00:00
P0175,9,55,2024-01-01 00:00:00
P0175,10,60,2024-01-01 00:00:00
P0176,1,78,2024-01-01 00:00:00
P0176,2,84,2024-01-01 00:00:00
P0176,3,81,2024-01-01 00:00:00
P0176,4,74,2024-01-01 00:00:00
P0176,5,79,2024-01-01 00:00:00
P0176,6,74,2024-01-01 00:00:00
P0176,7,73,2024-01-01 00:00:00
P0176,8,60,2024-01-01 00:00:00
P0176,9,62,2024-01-01 00:00:00
P0176,10,64,2024-01-01 00:00:00
P0177,1,90,2024-01-01 00:00:00
P0177,2,80,2024-01-01 00:00:00
P0177,3,90,2024-01-01 00:00:00
P0177,4,88,2024-01-01 00:00:00
P0177,5,72,2024-01-01 00:00:00
P0177,6,74,2024-01-01 00:00:00
P0177,7,77,2024-01-01 00:00:00
P0177,8,59,2024-01-01 00:00:00
P0177,9,61,2024-01-01 00:00:00
P0177,10,62,2024-01-01 00:00:00
P0178,1,91,2024-01-01 00:00:00
P0178,2,89,2024-01-01 00:00:00
P0178,3,87,2024-01-01 00:00:00
P0178,4,77,2024-01-01 00:00:00
P0178,5,82,2024-01-01 00:00:00
P0178,6,86,2024-01-01 00:00:00
P0178,7,88,2024-01-01 00:00:00
P0178,8,64,2024-01-01 00:00:00
P0178,9,64,2024-01-01 00:00:00
P0178,10,65,2024-01-01 00:00:00
P0179,1,84,2024-01-01 00:00:00
P0179,2,94,2024-01-01 00:00:00
P0179,3,91,2024-01-01 00:00:00
P0179,4,80,2024-01-01 00:00:00
P0179,5,89,2024-01-01 00:00:00
P0179,6,88,2024-01-01 00:00:00
P0179,7,82,2024-01-01 00:00:00
P0179,8,68,2024-01-01 00:00:00
P0179,9,67,2024-01-01 00:00:00
P0179,10,68,2024-01-01 00:00:00
P0180,1,105,2024-01-01 00:00:00
P0180,2,99,2024-01-01 00:00:00
P0180,3,77,2024-01-01 00:00:00
P0180,4,96,2024-01-01 00:00:00
P0180,5,85,2024-01-01 00:00:00
P0180,6,79,2024-01-01 00:00:00
P0180,7,89,2024-01-01 00:00:00
P0180,8,81,2024-01-01 00:00:00
P0180,9,55,2024-01-01 00:00:00
P0180,10,45,2024-01-01 00:00:00
P0181,1,54,2024-01-01 00:00:00
P0181,2,94,2024-01-01 00:00:00
P0181,3,79,2024-01-01 00:00:00
P0181,4,80,2024-01-01 00:00:00
P0181,5,67,2024-01-01 00:00:00
P0181,6,50,2024-01-01 00:00:00
P0181,7,65,2024-01-01 00:00:00
P0181,8,85,2024-01-01 00:00:00
P0181,9,79,2024-01-01 00:00:00
P0181,10,45,2024-01-01 00:00:00
P0182,1,52,2024-01-01 00:00:00
P0182,2,98,2024-01-01 00:00:00
P0182,3,95,2024-01-01 00:00:00
P0182,4,50,2024-01-01 00:00:00
P0182,5,84,2024-01-01 00:00:00
P0182,6,100,2024-01-01 00:00:00
P0182,7,93,2024-01-01 00:00:00
P0182,8,96,2024-01-01 00:00:00
P0182,9,59,2024-01-01 00:00:00
P0182,10,90,2024-01-01 00:00:00
P0183,1,84,2024-01-01 00:00:00
P0183,2,77,2024-01-01 00:00:00
P0183,3,82,2024-01-01 00:00:00
P0183,4,79,2024-01-01 00:00:00
P0183,5,76,2024-01-01 00:00:00
P0183,6,77,2024-01-01 00:00:00
P0183,7,85,2024-01-01 00:00:00
P0183,8,68,2024-01-01 00:00:00
P0183,9,69,2024-01-01 00:00:00
P0183,10,60,2024-01-01 00:00:00
P0184,1,54,2024-01-01 00:00:00
P0184,2,53,2024-01-01 00:00:00
P0184,3,46,2024-01-01 00:00:00
P0184,4,78,2024-01-01 00:00:00
P0184,5,77,2024-01-01 00:00:00
P0184,6,75,2024-01-01 00:00:00
P0184,7,52,2024-01-01 00:00:00
P0184,8,70,2024-01-01 00:00:00
P0184,9,51,2024-01-01 00:00:00
P0184,10,101,2024-01-01 00:00:00
P0185,1,71,2024-01-01 00:00:00
P0185,2,71,2024-01-01 00:00:00
P0185,3,61,2024-01-01 00:00:00
P0185,4,75,2024-01-01 00:00:00
P0185,5,45,2024-01-01 00:00:00
P0185,6,63,2024-01-01 00:00:00
P0185,7,45,2024-01-01 00:00:00
P0185,8,92,2024-01-01 00:00:00
P0185,9,100,2024-01-01 00:00:00
P0185,10,68,2024-01-01 00:00:00
P0186,1,58,2024-01-01 00:00:00
P0186,2,91,2024-01-01 00:00:00
P0186,3,47,2024-01-01 00:00:00
P0186,4,86,2024-01-01 00:00:00
P0186,5,64,2024-01-01 00:00:00
P0186,6,94,2024-01-01 00:00:00
P0186,7,65,2024-01-01 00:00:00
P0186,8,72,2024-01-01 00:00:00
P0186,9,85,2024-01-01 00:00:00
P0186,10,79,2024-01-01 00:00:00
P0187,1,70,2024-01-01 00:00:00
P0187,2,81,2024-01-01 00:00:00
P0187,3,64,2024-01-01 00:00:00
P0187,4,53,2024-01-01 00:00:00
P0187,5,94,2024-01-01 00:00:00
P0187,6,105,2024-01-01 00:00:00
P0187,7,60,2024-01-01 00:00:00
P0187,8,54,2024-01-01 00:00:00
P0187,9,78,2024-01-01 00:00:00
P0187,10,99,2024-01-01 00:00:00
P0188,1,79,2024-01-01 00:00:00
P0188,2,82,2024-01-01 00:00:00
P0188,3,79,2024-01-01 00:00:00
P0188,4,78,2024-01-01 00:00:00
P0188,5,67,2024-01-01 00:00:00
P0188,6,69,2024-01-01 00:00:00
P0188,7,72,2024-01-01 00:00:00
P0188,8,54,2024-01-01 00:00:00
P0188,9,53,2024-01-01 00:00:00
P0188,10,63,2024-01-01 00:00:00
P0189,1,87,2024-01-01 00:00:00
P0189,2,100,2024-01-01 00:00:00
P0189,3,59,2024-01-01 00:00:00
P0189,4,95,2024-01-01 00:00:00
P0189,5,50,2024-01-01 00:00:00
P0189,6,55,2024-01-01 00:00:00
P0189,7,57,2024-01-01 00:00:00
P0189,8,64,2024-01-01 00:00:00
P0189,9,72,2024-01-01 00:00:00
P0189,10,56,2024-01-01 00:00:00
P0190,1,50,2024-01-01 00:00:00
P0190,2,61,2024-01-01 00:00:00
P0190,3,96,2024-01-01 00:00:00
P0190,4,84,2024-01-01 00:00:00
P0190,5,81,2024-01-01 00:00:00
P0190,6,105,2024-01-01 00:00:00
P0190,7,70,2024-01-01 00:00:00
P0190,8,80,2024-01-01 00:00:00
P0190,9,81,2024-01-01 00:00:00
P0190,10,96,2024-01-01 00:00:00
P0191,1,63,2024-01-01 00:00:00
P0191,2,76,2024-01-01 00:00:00
P0191,3,63,2024-01-01 00:00:00
P0191,4,62,2024-01-01 00:00:00
P0191,5,63,2024-01-01 00:00:00
P0191,6,82,2024-01-01 00:00:00
P0191,7,76,2024-01-01 00:00:00
P0191,8,61,2024-01-01 00:00:00
P0191,9,78,2024-01-01 00:00:00
P0191,10,45,2024-01-01 00:00:00
P0192,1,85,2024-01-01 00:00:00
P0192,2,61,2024-01-01 00:00:00
P0192,3,104,2024-01-01 00:00:00
P0192,4,94,2024-01-01 00:00:00
P0192,5,82,2024-01-01 00:00:00
P0192,6,97,2024-01-01 00:00:00
P0192,7,89,2024-01-01 00:00:00
P0192,8,84,2024-01-01 00:00:00
P0192,9,74,2024-01-01 00:00:00
P0192,10,49,2024-01-01 00:00:00
P0193,1,86,2024-01-01 00:00:00
P0193,2,62,2024-01-01 00:00:00
P0193,3,99,2024-01-01 00:00:00
P0193,4,51,2024-01-01 00:00:00
P0193,5,101,2024-01-01 00:00:00
P0193,6,65,2024-01-01 00:00:00
P0193,7,65,2024-01-01 00:00:00
P0193,8,60,2024-01-01 00:00:00
P0193,9,71,2024-01-01 00:00:00
P0193,10,83,2024-01-01 00:00:00
P0194,1,73,2024-01-01 00:00:00
P0194,2,80,2024-01-01 00:00:00
P0194,3,74,2024-01-01 00:00:00
P0194,4,71,2024-01-01 00:00:00
P0194,5,71,2024-01-01 00:00:00
P0194,6,73,2024-01-01 00:00:00
P0194,7,67,2024-01-01 00:00:00
P0194,8,60,2024-01-01 00:00:00
P0194,9,52,2024-01-01 00:00:00
P0194,10,57,2024-01-01 00:00:00
P0195,1,96,2024-01-01 00:00:00
P0195,2,82,2024-01-01 00:00:00
P0195,3,90,2024-01-01 00:00:00
P0195,4,89,2024-01-01 00:00:00
P0195,5,79,2024-01-01 00:00:00
P0195,6,77,2024-01-01 00:00:00
P0195,7,80,2024-01-01 00:00:00
P0195,8,66,2024-01-01 00:00:00
P0195,9,65,2024-01-01 00:00:00
P0195,10,74,2024-01-01 00:00:00
P0196,1,76,2024-01-01 00:00:00
P0196,2,76,2024-01-01 00:00:00
P0196,3,77,2024-01-01 00:00:00
P0196,4,73,2024-01-01 00:00:00
P0196,5,67,2024-01-01 00:00:00
P0196,6,82,2024-01-01 00:00:00
P0196,7,66,2024-01-01 00:00:00
P0196,8,53,2024-01-01 00:00:00
P0196,9,64,2024-01-01 00:00:00
P0196,10,63,2024-01-01 00:00:00
P0197,1,89,2024-01-01 00:00:00
P0197,2,85,2024-01-01 00:00:00
P0197,3,87,2024-01-01 00:00:00
P0197,4,79,2024-01-01 00:00:00
P0197,5,74,2024-01-01 00:00:00
P0197,6,77,2024-01-01 00:00:00
P0197,7,82,2024-01-01 00:00:00
P0197,8,63,2024-01-01 00:00:00
P0197,9,69,2024-01-01 00:00:00
P0197,10,67,2024-01-01 00:00:00
P0198,1,95,2024-01-01 00:00:00
P0198,2,101,2024-01-01 00:00:00
P0198,3,72,2024-01-01 00:00:00
P0198,4,92,2024-01-01 00:00:00
P0198,5,78,2024-01-01 00:00:00
P0198,6,95,2024-01-01 00:00:00
P0198,7,89,2024-01-01 00:00:00
P0198,8,68,2024-01-01 00:00:00
P0198,9,86,2024-01-01 00:00:00
P0198,10,68,2024-01-01 00:00:00
P0199,1,72,2024-01-01 00:00:00
P0199,2,72,2024-01-01 00:00:00
P0199,3,75,2024-01-01 00:00:00
P0199,4,77,2024-01-01 00:00:00
P0199,5,64,2024-01-01 00:00:00
P0199,6,70,2024-01-01 00:00:00
P0199,7,53,2024-01-01 00:00:00
P0199,8,105,2024-01-01 00:00:00
P0199,9,100,2024-01-01 00:00:00
P0199,10,79,2024-01-01 00:00:00
P0200,1,68,2024-01-01 00:00:00
P0200,2,86,2024-01-01 00:00:00
P0200,3,83,2024-01-01 00:00:00
P0200,4,87,2024-01-01 00:00:00
P0200,5,60,2024-01-01 00:00:00
P0200,6,84,2024-01-01 00:00:00
P0200,7,101,2024-01-01 00:00:00
P0200,8,49,2024-01-01 00:00:00
P0200,9,64,2024-01-01 00:00:00
P0200,10,52,2024-01-01 00:00:00
P0201,1,85,2024-01-01 00:00:00
P0201,2,88,2024-01-01 00:00:00
P0201,3,56,2024-01-01 00:00:00
P0201,4,74,2024-01-01 00:00:00
P0201,5,87,2024-01-01 00:00:00
P0201,6,74,2024-01-01 00:00:00
P0201,7,60,2024-01-01 00:00:00
P0201,8,104,2024-01-01 00:00:00
P0201,9,57,2024-01-01 00:00:00
P0201,10,91,2024-01-01 00:00:00
P0202,1,82,2024-01-01 00:00:00
P0202,2,56,2024-01-01 00:00:00
P0202,3,54,2024-01-01 00:00:00
P0202,4,83,2024-01-01 00:00:00
P0202,5,87,2024-01-01 00:00:00
P0202,6,75,2024-01-01 00:00:00
P0202,7,51,2024-01-01 00:00:00
P0202,8,63,2024-01-01 00:00:00
P0202,9,95,2024-01-01 00:00:00
P0202,10,104,2024-01-01 00:00:00
P0203,1,58,2024-01-01 00:00:00
P0203,2,95,2024-01-01 00:00:00
P0203,3,89,2024-01-01 00:00:00
P0203,4,67,2024-01-01 00:00:00
P0203,5,94,2024-01-01 00:00:00
P0203,6,58,2024-01-01 00:00:00
P0203,7,101,2024-01-01 00:00:00
P0203,8,70,2024-01-01 00:00:00
P0203,9,95,2024-01-01 00:00:00
P0203,10,90,2024-01-01 00:00:00
P0204,1,66,2024-01-01 00:00:00
P0204,2,76,2024-01-01 00:00:00
P0204,3,98,2024-01-01 00:00:00
P0204,4,105,2024-01-01 00:00:00
P0204,5,47,2024-01-01 00:00:00
P0204,6,94,2024-01-01 00:00:00
P0204,7,81,2024-01-01 00:00:00
P0204,8,90,2024-01-01 00:00:00
P0204,9,48,2024-01-01 00:00:00
P0204,10,93,2024-01-01 00:00:00
P0205,1,69,2024-01-01 00:00:00
P0205,2,98,2024-01-01 00:00:00
P0205,3,80,2024-01-01 00:00:00
P0205,4,79,2024-01-01 00:00:00
P0205,5,98,2024-01-01 00:00:00
P0205,6,103,2024-01-01 00:00:00
P0205,7,45,2024-01-01 00:00:00
P0205,8,78,2024-01-01 00:00:00
P0205,9,87,2024-01-01 00:00:00
P0205,10,104,2024-01-01 00:00:00
P0206,1,103,2024-01-01 00:00:00
P0206,2,73,2024-01-01 00:00:00
P0206,3,98,2024-01-01 00:00:00
P0206,4,103,2024-01-01 00:00:00
P0206,5,94,2024-01-01 00:00:00
P0206,6,61,2024-01-01 00:00:00
P0206,7,47,2024-01-01 00:00:00
P0206,8,70,2024-01-01 00:00:00
P0206,9,48,2024-01-01 00:00:00
P0206,10,54,2024-01-01 00:00:00
P0207,1,104,2024-01-01 00:00:00
P0207,2,80,2024-01-01 00:00:00
P0207,3,75,2024-01-01 00:00:00
P0207,4,62,2024-01-01 00:00:00
P0207,5,98,2024-01-01 00:00:00
P0207,6,80,2024-01-01 00:00:00
P0207,7,78,2024-01-01 00:00:00
P0207,8,96,2024-01-01 00:00:00
P0207,9,78,2024-01-01 00:00:00
P0207,10,78,2024-01-01 00:00:00
P0208,1,72,2024-01-01 00:00:00
P0208,2,46,2024-01-01 00:00:00
P0208,3,97,2024-01-01 00:00:00
P0208,4,89,2024-01-01 00:00:00
P0208,5,96,2024-01-01 00:00:00
P0208,6,52,2024-01-01 00:00:00
P0208,7,64,2024-01-01 00:00:00
P0208,8,62,2024-01-01 00:00:00
P0208,9,89,2024-01-01 00:00:00
P0208,10,52,2024-01-01 00:00:00
P0209,1,80,2024-01-01 00:00:00
P0209,2,69,2024-01-01 00:00:00
P0209,3,63,2024-01-01 00:00:00
P0209,4,78,2024-01-01 00:00:00
P0209,5,79,2024-01-01 00:00:00
P0209,6,67,2024-01-01 00:00:00
P0209,7,62,2024-01-01 00:00:00
P0209,8,45,2024-01-01 00:00:00
P0209,9,82,2024-01-01 00:00:00
P0209,10,103,2024-01-01 00:00:00
P0210,1,55,2024-01-01 00:00:00
P0210,2,76,2024-01-01 00:00:00
P0210,3,48,2024-01-01 00:00:00
P0210,4,99,2024-01-01 00:00:00
P0210,5,76,2024-01-01 00:00:00
P0210,6,102,2024-01-01 00:00:00
P0210,7,78,2024-01-01 00:00:00
P0210,8,90,2024-01-01 00:00:00
P0210,9,83,2024-01-01 00:00:00
P0210,10,103,2024-01-01 00:00:00
P0211,1,95,2024-01-01 00:00:00
P0211,2,81,2024-01-01 00:00:00
P0211,3,102,2024-01-01 00:00:00
P0211,4,72,2024-01-01 00:00:00
P0211,5,95,2024-01-01 00:00:00
P0211,6,86,2024-01-01 00:00:00
P0211,7,74,2024-01-01 00:00:00
P0211,8,94,2024-01-01 00:00:00
P0211,9,75,2024-01-01 00:00:00
P0211,10,82,2024-01-01 00:00:00
P0212,1,53,2024-01-01 00:00:00
P0212,2,75,2024-01-01 00:00:00
P0212,3,74,2024-01-01 00:00:00
P0212,4,68,2024-01-01 00:00:00
P0212,5,101,2024-01-01 00:00:00
P0212,6,60,2024-01-01 00:00:00
P0212,7,48,2024-01-01 00:00:00
P0212,8,49,2024-01-01 00:00:00
P0212,9,67,2024-01-01 00:00:00
P0212,10,64,2024-01-01 00:00:00
P0213,1,97,2024-01-01 00:00:00
P0213,2,45,2024-01-01 00:00:00
P0213,3,50,2024-01-01 00:00:00
P0213,4,94,2024-01-01 00:00:00
P0213,5,72,2024-01-01 00:00:00
P0213,6,77,2024-01-01 00:00:00
P0213,7,52,2024-01-01 00:00:00
P0213,8,79,2024-01-01 00:00:00
P0213,9,62,2024-01-01 00:00:00
P0213,10,49,2024-01-01 00:00:00
P0214,1,89,2024-01-01 00:00:00
P0214,2,47,2024-01-01 00:00:00
P0214,3,87,2024-01-01 00:00:00
P0214,4,76,2024-01-01 00:00:00
P0214,5,60,2024-01-01 00:00:00
P0214,6,62,2024-01-01 00:00:00
P0214,7,47,2024-01-01 00:00:00
P0214,8,49,2024-01-01 00:00:00
P0214,9,78,2024-01-01 00:00:00
P0214,10,79,2024-01-01 00:00:00
P0215,1,103,2024-01-01 00:00:00
P0215,2,74,2024-01-01 00:00:00
P0215,3,96,2024-01-01 00:00:00
P0215,4,98,2024-01-01 00:00:00
P0215,5,77,2024-01-01 00:00:00
P0215,6,100,2024-01-01 00:00:00
P0215,7,57,2024-01-01 00:00:00
P0215,8,46,2024-01-01 00:00:00
P0215,9,79,2024-01-01 00:00:00
P0215,10,78,2024-01-01 00:00:00
P0216,1,87,2024-01-01 00:00:00
P0216,2,91,2024-01-01 00:00:00
P0216,3,60,2024-01-01 00:00:00
P0216,4,88,2024-01-01 00:00:00
P0216,5,58,2024-01-01 00:00:00
P0216,6,76,2024-01-01 00:00:00
P0216,7,95,2024-01-01 00:00:00
P0216,8,56,2024-01-01 00:00:00
P0216,9,90,2024-01-01 00:00:00
P0216,10,87,2024-01-01 00:00:00
P0217,1,89,2024-01-01 00:00:00
P0217,2,83,2024-01-01 00:00:00
P0217,3,80,2024-01-01 00:00:00
P0217,4,83,2024-01-01 00:00:00
P0217,5,81,2024-01-01 00:00:00
P0217,6,82,2024-01-01 00:00:00
P0217,7,81,2024-01-01 00:00:00
P0217,8,58,2024-01-01 00:00:00
P0217,9,58,2024-01-01 00:00:00
P0217,10,70,2024-01-01 00:00:00
P0218,1,81,2024-01-01 00:00:00
P0218,2,82,2024-01-01 00:00:00
P0218,3,82,2024-01-01 00:00:00
P0218,4,79,2024-01-01 00:00:00
P0218,5,81,2024-01-01 00:00:00
P0218,6,85,2024-01-01 00:00:00
P0218,7,83,2024-01-01 00:00:00
P0218,8,57,2024-01-01 00:00:00
P0218,9,70,2024-01-01 00:00:00
P0218,10,62,2024-01-01 00:00:00
P0219,1,82,2024-01-01 00:00:00
P0219,2,92,2024-01-01 00:00:00
P0219,3,83,2024-01-01 00:00:00
P0219,4,79,2024-01-01 00:00:00
P0219,5,92,2024-01-01 00:00:00
P0219,6,78,2024-01-01 00:00:00
P0219,7,80,2024-01-01 00:00:00
P0219,8,73,2024-01-01 00:00:00
P0219,9,63,2024-01-01 00:00:00
P0219,10,59,2024-01-01 00:00:00
P0220,1,84,2024-01-01 00:00:00
P0220,2,80,2024-01-01 00:00:00
P0220,3,84,2024-01-01 00:00:00
P0220,4,78,2024-01-01 00:00:00
P0220,5,73,2024-01-01 00:00:00
P0220,6,75,2024-01-01 00:00:00
P0220,7,79,2024-01-01 00:00:00
P0220,8,59,2024-01-01 00:00:00
P0220,9,63,2024-01-01 00:00:00
P0220,10,70,2024-01-01 00:00:00
P0221,1,84,2024-01-01 00:00:00
P0221,2,78,2024-01-01 00:00:00
P0221,3,87,2024-01-01 00:00:00
P0221,4,72,2024-01-01 00:00:00
P0221,5,77,2024-01-01 00:00:00
P0221,6,80,2024-01-01 00:00:00
P0221,7,68,2024-01-01 00:00:00
P0221,8,65,2024-01-01 00:00:00
P0221,9,59,2024-01-01 00:00:00
P0221,10,65,2024-01-01 00:00:00
P0222,1,81,2024-01-01 00:00:00
P0222,2,77,2024-01-01 00:00:00
P0222,3,72,2024-01-01 00:00:00
P0222,4,71,2024-01-01 00:00:00
P0222,5,80,2024-01-01 00:00:00
P0222,6,70,2024-01-01 00:00:00
P0222,7,70,2024-01-01 00:00:00
P0222,8,59,2024-01-01 00:00:00
P0222,9,55,2024-01-01 00:00:00
P0222,10,60,2024-01-01 00:00:00
P0223,1,80,2024-01-01 00:00:00
P0223,2,79,2024-01-01 00:00:00
P0223,3,80,2024-01-01 00:00:00
P0223,4,76,2024-01-01 00:00:00
P0223,5,73,2024-01-01 00:00:00
P0223,6,69,2024-01-01 00:00:00
P0223,7,84,2024-01-01 00:00:00
P0223,8,64,2024-01-01 00:00:00
P0223,9,60,2024-01-01 00:00:00
P0223,10,64,2024-01-01 00:00:00
P0224,1,83,2024-01-01 00:00:00
P0224,2,80,2024-01-01 00:00:00
P0224,3,88,2024-01-01 00:00:00
P0224,4,100,2024-01-01 00:00:00
P0224,5,57,2024-01-01 00:00:00
P0224,6,55,2024-01-01 00:00:00
P0224,7,76,2024-01-01 00:00:00
P0224,8,87,2024-01-01 00:00:00
P0224,9,90,2024-01-01 00:00:00
P0224,10,60,2024-01-01 00:00:00
P0225,1,76,2024-01-01 00:00:00
P0225,2,67,2024-01-01 00:00:00
P0225,3,47,2024-01-01 00:00:00
P0225,4,80,2024-01-01 00:00:00
P0225,5,65,2024-01-01 00:00:00
P0225,6,79,2024-01-01 00:00:00
P0225,7,65,2024-01-01 00:00:00
P0225,8,63,2024-01-01 00:00:00
P0225,9,50,2024-01-01 00:00:00
P0225,10,88,2024-01-01 00:00:00
P0226,1,57,2024-01-01 00:00:00
P0226,2,91,2024-01-01 00:00:00
P0226,3,91,2024-01-01 00:00:00
P0226,4,53,2024-01-01 00:00:00
P0226,5,99,2024-01-01 00:00:00
P0226,6,77,2024-01-01 00:00:00
P0226,7,56,2024-01-01 00:00:00
P0226,8,105,2024-01-01 00:00:00
P0226,9,58,2024-01-01 00:00:00
P0226,10,79,2024-01-01 00:00:00
P0227,1,51,2024-01-01 00:00:00
P0227,2,81,2024-01-01 00:00:00
P0227,3,81,2024-01-01 00:00:00
P0227,4,102,2024-01-01 00:00:00
P0227,5,83,2024-01-01 00:00:00
P0227,6,96,2024-01-01 00:00:00
P0227,7,97,2024-01-01 00:00:00
P0227,8,83,2024-01-01 00:00:00
P0227,9,65,2024-01-01 00:00:00
P0227,10,89,2024-01-01 00:00:00
P0228,1,79,2024-01-01 00:00:00
P0228,2,83,2024-01-01 00:00:00
P0228,3,76,2024-01-01 00:00:00
P0228,4,74,2024-01-01 00:00:00
P0228,5,70,2024-01-01 00:00:00
P0228,6,71,2024-01-01 00:00:00
P0228,7,74,2024-01-01 00:00:00
P0228,8,61,2024-01-01 00:00:00
P0228,9,56,2024-01-01 00:00:00
P0228,10,55,2024-01-01 00:00:00
P0229,1,90,2024-01-01 00:00:00
P0229,2,93,2024-01-01 00:00:00
P0229,3,95,2024-01-01 00:00:00
P0229,4,91,2024-01-01 00:00:00
P0229,5,95,2024-01-01 00:00:00
P0229,6,86,2024-01-01 00:00:00
P0229,7,92,2024-01-01 00:00:00
P0229,8,72,2024-01-01 00:00:00
P0229,9,73,2024-01-01 00:00:00
P0229,10,72,2024-01-01 00:00:00
P0230,1,106,2024-01-01 00:00:00
P0230,2,104,2024-01-01 00:00:00
P0230,3,102,2024-01-01 00:00:00
P0230,4,98,2024-01-01 00:00:00
P0230,5,99,2024-01-01 00:00:00
P0230,6,98,2024-01-01 00:00:00
P0230,7,100,2024-01-01 00:00:00
P0230,8,81,2024-01-01 00:00:00
P0230,9,80,2024-01-01 00:00:00
P0230,10,81,2024-01-01 00:00:00
P0231,1,93,2024-01-01 00:00:00
P0231,2,93,2024-01-01 00:00:00
P0231,3,99,2024-01-01 00:00:00
P0231,4,94,2024-01-01 00:00:00
P0231,5,97,2024-01-01 00:00:00
P0231,6,92,2024-01-01 00:00:00
P0231,7,95,2024-01-01 00:00:00
P0231,8,76,2024-01-01 00:00:00
P0231,9,74,2024-01-01 00:00:00
P0231,10,72,2024-01-01 00:00:00
P0232,1,106,2024-01-01 00:00:00
P0232,2,108,2024-01-01 00:00:00
P0232,3,104,2024-01-01 00:00:00
P0232,4,100,2024-01-01 00:00:00
P0232,5,99,2024-01-01 00:00:00
P0232,6,96,2024-01-01 00:00:00
P0232,7,104,2024-01-01 00:00:00
P0232,8,79,2024-01-01 00:00:00
P0232,9,75,2024-01-01 00:00:00
P0232,10,74,2024-01-01 00:00:00
P0233,1,102,2024-01-01 00:00:00
P0233,2,92,2024-01-01 00:00:00
P0233,3,97,2024-01-01 00:00:00
P0233,4,97,2024-01-01 00:00:00
P0233,5,90,2024-01-01 00:00:00
P0233,6,94,2024-01-01 00:00:00
P0233,7,92,2024-01-01 00:00:00
P0233,8,78,2024-01-01 00:00:00
P0233,9,69,2024-01-01 00:00:00
P0233,10,72,2024-01-01 00:00:00
P0234,1,97,2024-01-01 00:00:00
P0234,2,89,2024-01-01 00:00:00
P0234,3,93,2024-01-01 00:00:00
P0234,4,90,2024-01-01 00:00:00
P0234,5,93,2024-01-01 00:00:00
P0234,6,91,2024-01-01 00:00:00
P0234,7,87,2024-01-01 00:00:00
P0234,8,68,2024-01-01 00:00:00
P0234,9,79,2024-01-01 00:00:00
P0234,10,66,2024-01-01 00:00:00
P0235,1,93,2024-01-01 00:00:00
P0235,2,100,2024-01-01 00:00:00
P0235,3,89,2024-01-01 00:00:00
P0235,4,85,2024-01-01 00:00:00
P0235,5,97,2024-01-01 00:00:00
P0235,6,85,2024-01-01 00:00:00
P0235,7,88,2024-01-01 00:00:00
P0235,8,69,2024-01-01 00:00:00
P0235,9,77,2024-01-01 00:00:00
P0235,10,78,2024-01-01 00:00:00
P0236,1,93,2024-01-01 00:00:00
P0236,2,92,2024-01-01 00:00:00
P0236,3,87,2024-01-01 00:00:00
P0236,4,88,2024-01-01 00:00:00
P0236,5,89,2024-01-01 00:00:00
P0236,6,78,2024-01-01 00:00:00
P0236,7,82,2024-01-01 00:00:00
P0236,8,62,2024-01-01 00:00:00
P0236,9,63,2024-01-01 00:00:00
P0236,10,64,2024-01-01 00:00:00
P0237,1,84,2024-01-01 00:00:00
P0237,2,102,2024-01-01 00:00:00
P0237,3,102,2024-01-01 00:00:00
P0237,4,77,2024-01-01 00:00:00
P0237,5,62,2024-01-01 00:00:00
P0237,6,47,2024-01-01 00:00:00
P0237,7,105,2024-01-01 00:00:00
P0237,8,86,2024-01-01 00:00:00
P0237,9,62,2024-01-01 00:00:00
P0237,10,100,2024-01-01 00:00:00
P0238,1,94,2024-01-01 00:00:00
P0238,2,98,2024-01-01 00:00:00
P0238,3,84,2024-01-01 00:00:00
P0238,4,55,2024-01-01 00:00:00
P0238,5,91,2024-01-01 00:00:00
P0238,6,104,2024-01-01 00:00:00
P0238,7,103,2024-01-01 00:00:00
P0238,8,96,2024-01-01 00:00:00
P0238,9,91,2024-01-01 00:00:00
P0238,10,91,2024-01-01 00:00:00
P0239,1,99,2024-01-01 00:00:00
P0239,2,105,2024-01-01 00:00:00
P0239,3,111,2024-01-01 00:00:00
P0239,4,101,2024-01-01 00:00:00
P0239,5,94,2024-01-01 00:00:00
P0239,6,96,2024-01-01 00:00:00
P0239,7,96,2024-01-01 00:00:00
P0239,8,84,2024-01-01 00:00:00
P0239,9,82,2024-01-01 00:00:00
P0239,10,79,2024-01-01 00:00:00
P0240,1,100,2024-01-01 00:00:00
P0240,2,94,2024-01-01 00:00:00
P0240,3,94,2024-01-01 00:00:00
P0240,4,91,2024-01-01 00:00:00
P0240,5,88,2024-01-01 00:00:00
P0240,6,91,2024-01-01 00:00:00
P0240,7,88,2024-01-01 00:00:00
P0240,8,70,2024-01-01 00:00:00
P0240,9,71,2024-01-01 00:00:00
P0240,10,78,2024-01-01 00:00:00
P0241,1,98,2024-01-01 00:00:00
P0241,2,52,2024-01-01 00:00:00
P0241,3,51,2024-01-01 00:00:00
P0241,4,49,2024-01-01 00:00:00
P0241,5,62,2024-01-01 00:00:00
P0241,6,87,2024-01-01 00:00:00
P0241,7,55,2024-01-01 00:00:00
P0241,8,45,2024-01-01 00:00:00
P0241,9,75,2024-01-01 00:00:00
P0241,10,100,2024-01-01 00:00:00
P0242,1,83,2024-01-01 00:00:00
P0242,2,95,2024-01-01 00:00:00
P0242,3,82,2024-01-01 00:00:00
P0242,4,95,2024-01-01 00:00:00
P0242,5,66,2024-01-01 00:00:00
P0242,6,96,2024-01-01 00:00:00
P0242,7,70,2024-01-01 00:00:00
P0242,8,85,2024-01-01 00:00:00
P0242,9,81,2024-01-01 00:00:00
P0242,10,91,2024-01-01 00:00:00
P0243,1,69,2024-01-01 00:00:00
P0243,2,73,2024-01-01 00:00:00
P0243,3,62,2024-01-01 00:00:00
P0243,4,72,2024-01-01 00:00:00
P0243,5,100,2024-01-01 00:00:00
P0243,6,81,2024-01-01 00:00:00
P0243,7,62,2024-01-01 00:00:00
P0243,8,59,2024-01-01 00:00:00
P0243,9,65,2024-01-01 00:00:00
P0243,10,73,2024-01-01 00:00:00
P0244,1,57,2024-01-01 00:00:00
P0244,2,84,2024-01-01 00:00:00
P0244,3,52,2024-01-01 00:00:00
P0244,4,62,2024-01-01 00:00:00
P0244,5,89,2024-01-01 00:00:00
P0244,6,67,2024-01-01 00:00:00
P0244,7,99,2024-01-01 00:00:00
P0244,8,64,2024-01-01 00:00:00
P0244,9,98,2024-01-01 00:00:00
P0244,10,63,2024-01-01 00:00:00
P0245,1,51,2024-01-01 00:00:00
P0245,2,84,2024-01-01 00:00:00
P0245,3,95,2024-01-01 00:00:00
P0245,4,63,2024-01-01 00:00:00
P0245,5,93,2024-01-01 00:00:00
P0245,6,61,2024-01-01 00:00:00
P0245,7,71,2024-01-01 00:00:00
P0245,8,88,2024-01-01 00:00:00
P0245,9,67,2024-01-01 00:00:00
P0245,10,96,2024-01-01 00:00:00
P0246,1,55,2024-01-01 00:00:00
P0246,2,87,2024-01-01 00:00:00
P0246,3,90,2024-01-01 00:00:00
P0246,4,60,2024-01-01 00:00:00
P0246,5,104,2024-01-01 00:00:00
P0246,6,89,2024-01-01 00:00:00
P0246,7,69,2024-01-01 00:00:00
P0246,8,101,2024-01-01 00:00:00
P0246,9,104,2024-01-01 00:00:00
P0246,10,55,2024-01-01 00:00:00
P0247,1,87,2024-01-01 00:00:00
P0247,2,59,2024-01-01 00:00:00
P0247,3,65,2024-01-01 00:00:00
P0247,4,50,2024-01-01 00:00:00
P0247,5,83,2024-01-01 00:00:00
P0247,6,66,2024-01-01 00:00:00
P0247,7,60,2024-01-01 00:00:00
P0247,8,98,2024-01-01 00:00:00
P0247,9,69,2024-01-01 00:00:00
P0247,10,58,2024-01-01 00:00:00
P0248,1,93,2024-01-01 00:00:00
P0248,2,98,2024-01-01 00:00:00
P0248,3,48,2024-01-01 00:00:00
P0248,4,83,2024-01-01 00:00:00
P0248,5,97,2024-01-01 00:00:00
P0248,6,76,2024-01-01 00:00:00
P0248,7,97,2024-01-01 00:00:00
P0248,8,86,2024-01-01 00:00:00
P0248,9,69,2024-01-01 00:00:00
P0248,10,91,2024-01-01 00:00:00
P0249,1,95,2024-01-01 00:00:00
P0249,2,80,2024-01-01 00:00:00
P0249,3,51,2024-01-01 00:00:00
P0249,4,47,2024-01-01 00:00:00
P0249,5,57,2024-01-01 00:00:00
P0249,6,49,2024-01-01 00:00:00
P0249,7,99,2024-01-01 00:00:00
P0249,8,79,2024-01-01 00:00:00
P0249,9,78,2024-01-01 00:00:00
P0249,10,61,2024-01-01 00:00:00
P0250,1,98,2024-01-01 00:00:00
P0250,2,67,2024-01-01 00:00:00
P0250,3,67,2024-01-01 00:00:00
P0250,4,60,2024-01-01 00:00:00
P0250,5,45,2024-01-01 00:00:00
P0250,6,99,2024-01-01 00:00:00
P0250,7,67,2024-01-01 00:00:00
P0250,8,88,2024-01-01 00:00:00
P0250,9,105,2024-01-01 00:00:00
P0250,10,83,2024-01-01 00:00:00
P0251,1,108,2024-01-01 00:00:00
P0251,2,100,2024-01-01 00:00:00
P0251,3,102,2024-01-01 00:00:00
P0251,4,99,2024-01-01 00:00:00
P0251,5,91,2024-01-01 00:00:00
P0251,6,90,2024-01-01 00:00:00
P0251,7,95,2024-01-01 00:00:00
P0251,8,77,2024-01-01 00:00:00
P0251,9,72,2024-01-01 00:00:00
P0251,10,77,2024-01-01 00:00:00
P0252,1,55,2024-01-01 00:00:00
P0252,2,56,2024-01-01 00:00:00
P0252,3,58,2024-01-01 00:00:00
P0252,4,92,2024-01-01 00:00:00
P0252,5,97,2024-01-01 00:00:00
P0252,6,66,2024-01-01 00:00:00
P0252,7,62,2024-01-01 00:00:00
P0252,8,46,2024-01-01 00:00:00
P0252,9,98,2024-01-01 00:00:00
P0252,10,103,2024-01-01 00:00:00
P0253,1,71,2024-01-01 00:00:00
P0253,2,50,2024-01-01 00:00:00
P0253,3,70,2024-01-01 00:00:00
P0253,4,51,2024-01-01 00:00:00
P0253,5,64,2024-01-01 00:00:00
P0253,6,51,2024-01-01 00:00:00
P0253,7,79,2024-01-01 00:00:00
P0253,8,68,2024-01-01 00:00:00
P0253,9,73,2024-01-01 00:00:00
P0253,10,49,2024-01-01 00:00:00
P0254,1,96,2024-01-01 00:00:00
P0254,2,95,2024-01-01 00:00:00
P0254,3,100,2024-01-01 00:00:00
P0254,4,80,2024-01-01 00:00:00
P0254,5,89,2024-01-01 00:00:00
P0254,6,96,2024-01-01 00:00:00
P0254,7,92,2024-01-01 00:00:00
P0254,8,71,2024-01-01 00:00:00
P0254,9,78,2024-01-01 00:00:00
P0254,10,70,2024-01-01 00:00:00
P0255,1,94,2024-01-01 00:00:00
P0255,2,74,2024-01-01 00:00:00
P0255,3,54,2024-01-01 00:00:00
P0255,4,71,2024-01-01 00:00:00
P0255,5,67,2024-01-01 00:00:00
P0255,6,60,2024-01-01 00:00:00
P0255,7,79,2024-01-01 00:00:00
P0255,8,45,2024-01-01 00:00:00
P0255,9,90,2024-01-01 00:00:00
P0255,10,85,2024-01-01 00:00:00
P0256,1,58,2024-01-01 00:00:00
P0256,2,48,2024-01-01 00:00:00
P0256,3,86,2024-01-01 00:00:00
P0256,4,93,2024-01-01 00:00:00
P0256,5,87,2024-01-01 00:00:00
P0256,6,101,2024-01-01 00:00:00
P0256,7,65,2024-01-01 00:00:00
P0256,8,77,2024-01-01 00:00:00
P0256,9,59,2024-01-01 00:00:00
P0256,10,82,2024-01-01 00:00:00
P0257,1,95,2024-01-01 00:00:00
P0257,2,101,2024-01-01 00:00:00
P0257,3,92,2024-01-01 00:00:00
P0257,4,85,2024-01-01 00:00:00
P0257,5,100,2024-01-01 00:00:00
P0257,6,92,2024-01-01 00:00:00
P0257,7,88,2024-01-01 00:00:00
P0257,8,82,2024-01-01 00:00:00
P0257,9,75,2024-01-01 00:00:00
P0257,10,77,2024-01-01 00:00:00
P0258,1,54,2024-01-01 00:00:00
P0258,2,100,2024-01-01 00:00:00
P0258,3,51,2024-01-01 00:00:00
P0258,4,48,2024-01-01 00:00:00
P0258,5,65,2024-01-01 00:00:00
P0258,6,81,2024-01-01 00:00:00
P0258,7,101,2024-01-01 00:00:00
P0258,8,61,2024-01-01 00:00:00
P0258,9,68,2024-01-01 00:00:00
P0258,10,87,2024-01-01 00:00:00
P0259,1,97,2024-01-01 00:00:00
P0259,2,47,2024-01-01 00:00:00
P0259,3,75,2024-01-01 00:00:00
P0259,4,90,2024-01-01 00:00:00
P0259,5,89,2024-01-01 00:00:00
P0259,6,82,2024-01-01 00:00:00
P0259,7,89,2024-01-01 00:00:00
P0259,8,78,2024-01-01 00:00:00
P0259,9,46,2024-01-01 00:00:00
P0259,10,90,2024-01-01 00:00:00
P0260,1,72,2024-01-01 00:00:00
P0260,2,92,2024-01-01 00:00:00
P0260,3,78,2024-01-01 00:00:00
P0260,4,66,2024-01-01 00:00:00
P0260,5,52,2024-01-01 00:00:00
P0260,6,65,2024-01-01 00:00:00
P0260,7,81,2024-01-01 00:00:00
P0260,8,83,2024-01-01 00:00:00
P0260,9,93,2024-01-01 00:00:00
P0260,10,54,2024-01-01 00:00:00
P0261,1,84,2024-01-01 00:00:00
P0261,2,99,2024-01-01 00:00:00
P0261,3,68,2024-01-01 00:00:00
P0261,4,65,2024-01-01 00:00:00
P0261,5,68,2024-01-01 00:00:00
P0261,6,52,2024-01-01 00:00:00
P0261,7,72,2024-01-01 00:00:00
P0261,8,96,2024-01-01 00:00:00
P0261,9,68,2024-01-01 00:00:00
P0261,10,100,2024-01-01 00:00:00
P0262,1,48,2024-01-01 00:00:00
P0262,2,60,2024-01-01 00:00:00
P0262,3,73,2024-01-01 00:00:00
P0262,4,45,2024-01-01 00:00:00
P0262,5,59,2024-01-01 00:00:00
P0262,6,93,2024-01-01 00:00:00
P0262,7,79,2024-01-01 00:00:00
P0262,8,71,2024-01-01 00:00:00
P0262,9,64,2024-01-01 00:00:00
P0262,10,80,2024-01-01 00:00:00
P0263,1,79,2024-01-01 00:00:00
P0263,2,80,2024-01-01 00:00:00
P0263,3,103,2024-01-01 00:00:00
P0263,4,50,2024-01-01 00:00:00
P0263,5,51,2024-01-01 00:00:00
P0263,6,57,2024-01-01 00:00:00
P0263,7,71,2024-01-01 00:00:00
P0263,8,51,2024-01-01 00:00:00
P0263,9,62,2024-01-01 00:00:00
P0263,10,46,2024-01-01 00:00:00
P0264,1,106,2024-01-01 00:00:00
P0264,2,101,2024-01-01 00:00:00
P0264,3,104,2024-01-01 00:00:00
P0264,4,102,2024-01-01 00:00:00
P0264,5,95,2024-01-01 00:00:00
P0264,6,100,2024-01-01 00:00:00
P0264,7,97,2024-01-01 00:00:00
P0264,8,79,2024-01-01 00:00:00
P0264,9,81,2024-01-01 00:00:00
P0264,10,78,2024-01-01 00:00:00
P0265,1,92,2024-01-01 00:00:00
P0265,2,93,2024-01-01 00:00:00
P0265,3,95,2024-01-01 00:00:00
P0265,4,82,2024-01-01 00:00:00
P0265,5,84,2024-01-01 00:00:00
P0265,6,92,2024-01-01 00:00:00
P0265,7,92,2024-01-01 00:00:00
P0265,8,68,2024-01-01 00:00:00
P0265,9,73,2024-01-01 00:00:00
P0265,10,70,2024-01-01 00:00:00
P0266,1,95,2024-01-01 00:00:00
P0266,2,72,2024-01-01 00:00:00
P0266,3,49,2024-01-01 00:00:00
P0266,4,69,2024-01-01 00:00:00
P0266,5,67,2024-01-01 00:00:00
P0266,6,72,2024-01-01 00:00:00
P0266,7,46,2024-01-01 00:00:00
P0266,8,61,2024-01-01 00:00:00
P0266,9,96,2024-01-01 00:00:00
P0266,10,95,2024-01-01 00:00:00
P0267,1,96,2024-01-01 00:00:00
P0267,2,56,2024-01-01 00:00:00
P0267,3,104,2024-01-01 00:00:00
P0267,4,99,2024-01-01 00:00:00
P0267,5,47,2024-01-01 00:00:00
P0267,6,53,2024-01-01 00:00:00
P0267,7,63,2024-01-01 00:00:00
P0267,8,86,2024-01-01 00:00:00
P0267,9,45,2024-01-01 00:00:00
P0267,10,102,2024-01-01 00:00:00
P0268,1,49,2024-01-01 00:00:00
P0268,2,103,2024-01-01 00:00:00
P0268,3,46,2024-01-01 00:00:00
P0268,4,80,2024-01-01 00:00:00
P0268,5,89,2024-01-01 00:00:00
P0268,6,87,2024-01-01 00:00:00
P0268,7,86,2024-01-01 00:00:00
P0268,8,58,2024-01-01 00:00:00
P0268,9,103,2024-01-01 00:00:00
P0268,10,85,2024-01-01 00:00:00
P0269,1,72,2024-01-01 00:00:00
P0269,2,74,2024-01-01 00:00:00
P0269,3,88,2024-01-01 00:00:00
P0269,4,80,2024-01-01 00:00:00
P0269,5,97,2024-01-01 00:00:00
P0269,6,87,2024-01-01 00:00:00
P0269,7,55,2024-01-01 00:00:00
P0269,8,81,2024-01-01 00:00:00
P0269,9,51,2024-01-01 00:00:00
P0269,10,61,2024-01-01 00:00:00
P0270,1,95,2024-01-01 00:00:00
P0270,2,88,2024-01-01 00:00:00
P0270,3,81,2024-01-01 00:00:00
P0270,4,77,2024-01-01 00:00:00
P0270,5,88,2024-01-01 00:00:00
P0270,6,91,2024-01-01 00:00:00
P0270,7,82,2024-01-01 00:00:00
P0270,8,68,2024-01-01 00:00:00
P0270,9,77,2024-01-01 00:00:00
P0270,10,74,2024-01-01 00:00:00
P0271,1,47,2024-01-01 00:00:00
P0271,2,88,2024-01-01 00:00:00
P0271,3,78,2024-01-01 00:00:00
P0271,4,103,2024-01-01 00:00:00
P0271,5,101,2024-01-01 00:00:00
P0271,6,81,2024-01-01 00:00:00
P0271,7,74,2024-01-01 00:00:00
P0271,8,58,2024-01-01 00:00:00
P0271,9,85,2024-01-01 00:00:00
P0271,10,57,2024-01-01 00:00:00
P0272,1,89,2024-01-01 00:00:00
P0272,2,104,2024-01-01 00:00:00
P0272,3,95,2024-01-01 00:00:00
P0272,4,92,2024-01-01 00:00:00
P0272,5,88,2024-01-01 00:00:00
P0272,6,87,2024-01-01 00:00:00
P0272,7,88,2024-01-01 00:00:00
P0272,8,82,2024-01-01 00:00:00
P0272,9,76,2024-01-01 00:00:00
P0272,10,66,2024-01-01 00:00:00
P0273,1,97,2024-01-01 00:00:00
P0273,2,95,2024-01-01 00:00:00
P0273,3,92,2024-01-01 00:00:00
P0273,4,81,2024-01-01 00:00:00
P0273,5,92,2024-01-01 00:00:00
P0273,6,88,2024-01-01 00:00:00
P0273,7,89,2024-01-01 00:00:00
P0273,8,66,2024-01-01 00:00:00
P0273,9,71,2024-01-01 00:00:00
P0273,10,76,2024-01-01 00:00:00
P0274,1,104,2024-01-01 00:00:00
P0274,2,105,2024-01-01 00:00:00
P0274,3,105,2024-01-01 00:00:00
P0274,4,100,2024-01-01 00:00:00
P0274,5,93,2024-01-01 00:00:00
P0274,6,91,2024-01-01 00:00:00
P0274,7,97,2024-01-01 00:00:00
P0274,8,71,2024-01-01 00:00:00
P0274,9,81,2024-01-01 00:00:00
P0274,10,74,2024-01-01 00:00:00
P0275,1,79,2024-01-01 00:00:00
P0275,2,91,2024-01-01 00:00:00
P0275,3,101,2024-01-01 00:00:00
P0275,4,45,2024-01-01 00:00:00
P0275,5,62,2024-01-01 00:00:00
P0275,6,60,2024-01-01 00:00:00
P0275,7,67,2024-01-01 00:00:00
P0275,8,105,2024-01-01 00:00:00
P0275,9,49,2024-01-01 00:00:00
P0275,10,80,2024-01-01 00:00:00
P0276,1,99,2024-01-01 00:00:00
P0276,2,103,2024-01-01 00:00:00
P0276,3,92,2024-01-01 00:00:00
P0276,4,97,2024-01-01 00:00:00
P0276,5,88,2024-01-01 00:00:00
P0276,6,97,2024-01-01 00:00:00
P0276,7,96,2024-01-01 00:00:00
P0276,8,76,2024-01-01 00:00:00
P0276,9,74,2024-01-01 00:00:00
P0276,10,75,2024-01-01 00:00:00
P0277,1,116,2024-01-01 00:00:00
P0277,2,101,2024-01-01 00:00:00
P0277,3,110,2024-01-01 00:00:00
P0277,4,106,2024-01-01 00:00:00
P0277,5,103,2024-01-01 00:00:00
P0277,6,104,2024-01-01 00:00:00
P0277,7,109,2024-01-01 00:00:00
P0277,8,78,2024-01-01 00:00:00
P0277,9,76,2024-01-01 00:00:00
P0277,10,91,2024-01-01 00:00:00
P0278,1,95,2024-01-01 00:00:00
P0278,2,101,2024-01-01 00:00:00
P0278,3,102,2024-01-01 00:00:00
P0278,4,96,2024-01-01 00:00:00
P0278,5,89,2024-01-01 00:00:00
P0278,6,97,2024-01-01 00:00:00
P0278,7,88,2024-01-01 00:00:00
P0278,8,72,2024-01-01 00:00:00
P0278,9,80,2024-01-01 00:00:00
P0278,10,73,2024-01-01 00:00:00
P0279,1,101,2024-01-01 00:00:00
P0279,2,102,2024-01-01 00:00:00
P0279,3,103,2024-01-01 00:00:00
P0279,4,91,2024-01-01 00:00:00
P0279,5,104,2024-01-01 00:00:00
P0279,6,90,2024-01-01 00:00:00
P0279,7,96,2024-01-01 00:00:00
P0279,8,74,2024-01-01 00:00:00
P0279,9,82,2024-01-01 00:00:00
P0279,10,74,2024-01-01 00:00:00
P0280,1,101,2024-01-01 00:00:00
P0280,2,96,2024-01-01 00:00:00
P0280,3,94,2024-01-01 00:00:00
P0280,4,101,2024-01-01 00:00:00
P0280,5,86,2024-01-01 00:00:00
P0280,6,92,2024-01-01 00:00:00
P0280,7,101,2024-01-01 00:00:00
P0280,8,70,2024-01-01 00:00:00
P0280,9,72,2024-01-01 00:00:00
P0280,10,76,2024-01-01 00:00:00
P0281,1,89,2024-01-01 00:00:00
P0281,2,89,2024-01-01 00:00:00
P0281,3,102,2024-01-01 00:00:00
P0281,4,83,2024-01-01 00:00:00
P0281,5,91,2024-01-01 00:00:00
P0281,6,95,2024-01-01 00:00:00
P0281,7,91,2024-01-01 00:00:00
P0281,8,73,2024-01-01 00:00:00
P0281,9,70,2024-01-01 00:00:00
P0281,10,68,2024-01-01 00:00:00
P0282,1,88,2024-01-01 00:00:00
P0282,2,93,2024-01-01 00:00:00
P0282,3,91,2024-01-01 00:00:00
P0282,4,90,2024-01-01 00:00:00
P0282,5,87,2024-01-01 00:00:00
P0282,6,86,2024-01-01 00:00:00
P0282,7,92,2024-01-01 00:00:00
P0282,8,73,2024-01-01 00:00:00
P0282,9,65,2024-01-01 00:00:00
P0282,10,70,2024-01-01 00:00:00
P0283,1,10,2024-01-01 00:00:00
P0283,2,10,2024-01-01 00:00:00
P0283,3,10,2024-01-01 00:00:00
P0283,4,15,2024-01-01 00:00:00
P0283,5,12,2024-01-01 00:00:00
P0283,6,15,2024-01-01 00:00:00
P0283,7,11,2024-01-01 00:00:00
P0283,8,19,2024-01-01 00:00:00
P0283,9,10,2024-01-01 00:00:00
P0283,10,14,2024-01-01 00:00:00
P0284,1,79,2024-01-01 00:00:00
P0284,2,102,2024-01-01 00:00:00
P0284,3,95,2024-01-01 00:00:00
P0284,4,57,2024-01-01 00:00:00
P0284,5,102,2024-01-01 00:00:00
P0284,6,90,2024-01-01 00:00:00
P0284,7,54,2024-01-01 00:00:00
P0284,8,100,2024-01-01 00:00:00
P0284,9,75,2024-01-01 00:00:00
P0284,10,79,2024-01-01 00:00:00
P0285,1,29,2024-01-01 00:00:00
P0285,2,35,2024-01-01 00:00:00
P0285,3,36,2024-01-01 00:00:00
P0285,4,35,2024-01-01 00:00:00
P0285,5,28,2024-01-01 00:00:00
P0285,6,37,2024-01-01 00:00:00
P0285,7,62,2024-01-01 00:00:00
P0285,8,44,2024-01-01 00:00:00
P0285,9,41,2024-01-01 00:00:00
P0285,10,35,2024-01-01 00:00:00
P0286,1,54,2024-01-01 00:00:00
P0286,2,37,2024-01-01 00:00:00
P0286,3,42,2024-01-01 00:00:00
P0286,4,54,2024-01-01 00:00:00
P0286,5,39,2024-01-01 00:00:00
P0286,6,43,2024-01-01 00:00:00
P0286,7,38,2024-01-01 00:00:00
P0286,8,38,2024-01-01 00:00:00
P0286,9,41,2024-01-01 00:00:00
P0286,10,52,2024-01-01 00:00:00
P0287,1,55,2024-01-01 00:00:00
P0287,2,47,2024-01-01 00:00:00
P0287,3,30,2024-01-01 00:00:00
P0287,4,36,2024-01-01 00:00:00
P0287,5,26,2024-01-01 00:00:00
P0287,6,43,2024-01-01 00:00:00
P0287,7,47,2024-01-01 00:00:00
P0287,8,54,2024-01-01 00:00:00
P0287,9,45,2024-01-01 00:00:00
P0287,10,46,2024-01-01 00:00:00
P0288,1,68,2024-01-01 00:00:00
P0288,2,80,2024-01-01 00:00:00
P0288,3,45,2024-01-01 00:00:00
P0288,4,46,2024-01-01 00:00:00
P0288,5,52,2024-01-01 00:00:00
P0288,6,51,2024-01-01 00:00:00
P0288,7,41,2024-01-01 00:00:00
P0288,8,49,2024-01-01 00:00:00
P0288,9,77,2024-01-01 00:00:00
P0288,10,83,2024-01-01 00:00:00
P0289,1,28,2024-01-01 00:00:00
P0289,2,25,2024-01-01 00:00:00
P0289,3,23,2024-01-01 00:00:00
P0289,4,44,2024-01-01 00:00:00
P0289,5,32,2024-01-01 00:00:00
P0289,6,31,2024-01-01 00:00:00
P0289,7,20,2024-01-01 00:00:00
P0289,8,23,2024-01-01 00:00:00
P0289,9,32,2024-01-01 00:00:00
P0289,10,24,2024-01-01 00:00:00
P0290,1,38,2024-01-01 00:00:00
P0290,2,28,2024-01-01 00:00:00
P0290,3,57,2024-01-01 00:00:00
P0290,4,38,2024-01-01 00:00:00
P0290,5,39,2024-01-01 00:00:00
P0290,6,56,2024-01-01 00:00:00
P0290,7,43,2024-01-01 00:00:00
P0290,8,48,2024-01-01 00:00:00
P0290,9,28,2024-01-01 00:00:00
P0290,10,33,2024-01-01 00:00:00
P0291,1,78,2024-01-01 00:00:00
P0291,2,41,2024-01-01 00:00:00
P0291,3,66,2024-01-01 00:00:00
P0291,4,79,2024-01-01 00:00:00
P0291,5,91,2024-01-01 00:00:00
P0291,6,55,2024-01-01 00:00:00
P0291,7,42,2024-01-01 00:00:00
P0291,8,80,2024-01-01 00:00:00
P0291,9,84,2024-01-01 00:00:00
P0291,10,80,2024-01-01 00:00:00
P0292,1,30,2024-01-01 00:00:00
P0292,2,37,2024-01-01 00:00:00
P0292,3,44,2024-01-01 00:00:00
P0292,4,45,2024-01-01 00:00:00
P0292,5,27,2024-01-01 00:00:00
P0292,6,39,2024-01-01 00:00:00
P0292,7,33,2024-01-01 00:00:00
P0292,8,39,2024-01-01 00:00:00
P0292,9,51,2024-01-01 00:00:00
P0292,10,50,2024-01-01 00:00:00
P0293,1,50,2024-01-01 00:00:00
P0293,2,40,2024-01-01 00:00:00
P0293,3,47,2024-01-01 00:00:00
P0293,4,48,2024-01-01 00:00:00
P0293,5,71,2024-01-01 00:00:00
P0293,6,40,2024-01-01 00:00:00
P0293,7,65,2024-01-01 00:00:00
P0293,8,54,2024-01-01 00:00:00
P0293,9,44,2024-01-01 00:00:00
P0293,10,54,2024-01-01 00:00:00
P0294,1,20,2024-01-01 00:00:00
P0294,2,39,2024-01-01 00:00:00
P0294,3,44,2024-01-01 00:00:00
P0294,4,42,2024-01-01 00:00:00
P0294,5,20,2024-01-01 00:00:00
P0294,6,36,2024-01-01 00:00:00
P0294,7,20,2024-01-01 00:00:00
P0294,8,32,2024-01-01 00:00:00
P0294,9,45,2024-01-01 00:00:00
P0294,10,27,2024-01-01 00:00:00
P0295,1,48,2024-01-01 00:00:00
P0295,2,63,2024-01-01 00:00:00
P0295,3,40,2024-01-01 00:00:00
P0295,4,47,2024-01-01 00:00:00
P0295,5,86,2024-01-01 00:00:00
P0295,6,92,2024-01-01 00:00:00
P0295,7,50,2024-01-01 00:00:00
P0295,8,80,2024-01-01 00:00:00
P0295,9,71,2024-01-01 00:00:00
P0295,10,83,2024-01-01 00:00:00
P0296,1,43,2024-01-01 00:00:00
P0296,2,29,2024-01-01 00:00:00
P0296,3,22,2024-01-01 00:00:00
P0296,4,28,2024-01-01 00:00:00
P0296,5,36,2024-01-01 00:00:00
P0296,6,24,2024-01-01 00:00:00
P0296,7,22,2024-01-01 00:00:00
P0296,8,22,2024-01-01 00:00:00
P0296,9,25,2024-01-01 00:00:00
P0296,10,24,2024-01-01 00:00:00
P0297,1,32,2024-01-01 00:00:00
P0297,2,65,2024-01-01 00:00:00
P0297,3,31,2024-01-01 00:00:00
P0297,4,42,2024-01-01 00:00:00
P0297,5,44,2024-01-01 00:00:00
P0297,6,50,2024-01-01 00:00:00
P0297,7,70,2024-01-01 00:00:00
P0297,8,61,2024-01-01 00:00:00
P0297,9,36,2024-01-01 00:00:00
P0297,10,54,2024-01-01 00:00:00
P0298,1,20,2024-01-01 00:00:00
P0298,2,14,2024-01-01 00:00:00
P0298,3,15,2024-01-01 00:00:00
P0298,4,10,2024-01-01 00:00:00
P0298,5,19,2024-01-01 00:00:00
P0298,6,15,2024-01-01 00:00:00
P0298,7,20,2024-01-01 00:00:00
P0298,8,10,2024-01-01 00:00:00
P0298,9,17,2024-01-01 00:00:00
P0298,10,21,2024-01-01 00:00:00
P0299,1,104,2024-01-01 00:00:00
P0299,2,115,2024-01-01 00:00:00
P0299,3,97,2024-01-01 00:00:00
P0299,4,142,2024-01-01 00:00:00
P0299,5,126,2024-01-01 00:00:00
P0299,6,127,2024-01-01 00:00:00
P0299,7,118,2024-01-01 00:00:00
P0299,8,142,2024-01-01 00:00:00
P0299,9,133,2024-01-01 00:00:00
P0299,10,160,2024-01-01 00:00:00
P0300,1,85,2024-01-01 00:00:00
P0300,2,70,2024-01-01 00:00:00
P0300,3,95,2024-01-01 00:00:00
P0300,4,71,2024-01-01 00:00:00
P0300,5,105,2024-01-01 00:00:00
P0300,6,60,2024-01-01 00:00:00
P0300,7,52,2024-01-01 00:00:00
P0300,8,101,2024-01-01 00:00:00
P0300,9,56,2024-01-01 00:00:00
P0300,10,89,2024-01-01 00:00:00
P0301,1,98,2024-01-01 00:00:00
P0301,2,91,2024-01-01 00:00:00
P0301,3,51,2024-01-01 00:00:00
P0301,4,55,2024-01-01 00:00:00
P0301,5,85,2024-01-01 00:00:00
P0301,6,74,2024-01-01 00:00:00
P0301,7,45,2024-01-01 00:00:00
P0301,8,65,2024-01-01 00:00:00
P0301,9,58,2024-01-01 00:00:00
P0301,10,60,2024-01-01 00:00:00
P0302,1,16,2024-01-01 00:00:00
P0302,2,20,2024-01-01 00:00:00
P0302,3,36,2024-01-01 00:00:00
P0302,4,17,2024-01-01 00:00:00
P0302,5,26,2024-01-01 00:00:00
P0302,6,34,2024-01-01 00:00:00
P0302,7,32,2024-01-01 00:00:00
P0302,8,24,2024-01-01 00:00:00
P0302,9,19,2024-01-01 00:00:00
P0302,10,31,2024-01-01 00:00:00
P0303,1,88,2024-01-01 00:00:00
P0303,2,69,2024-01-01 00:00:00
P0303,3,100,2024-01-01 00:00:00
P0303,4,75,2024-01-01 00:00:00
P0303,5,58,2024-01-01 00:00:00
P0303,6,70,2024-01-01 00:00:00
P0303,7,95,2024-01-01 00:00:00
P0303,8,85,2024-01-01 00:00:00
P0303,9,79,2024-01-01 00:00:00
P0303,10,87,2024-01-01 00:00:00
P0304,1,61,2024-01-01 00:00:00
P0304,2,115,2024-01-01 00:00:00
P0304,3,115,2024-01-01 00:00:00
P0304,4,64,2024-01-01 00:00:00
P0304,5,110,2024-01-01 00:00:00
P0304,6,70,2024-01-01 00:00:00
P0304,7,104,2024-01-01 00:00:00
P0304,8,68,2024-01-01 00:00:00
P0304,9,75,2024-01-01 00:00:00
P0304,10,97,2024-01-01 00:00:00
P0305,1,82,2024-01-01 00:00:00
P0305,2,68,2024-01-01 00:00:00
P0305,3,73,2024-01-01 00:00:00
P0305,4,79,2024-01-01 00:00:00
P0305,5,50,2024-01-01 00:00:00
P0305,6,68,2024-01-01 00:00:00
P0305,7,86,2024-01-01 00:00:00
P0305,8,40,2024-01-01 00:00:00
P0305,9,41,2024-01-01 00:00:00
P0305,10,47,2024-01-01 00:00:00
P0306,1,11,2024-01-01 00:00:00
P0306,2,10,2024-01-01 00:00:00
P0306,3,10,2024-01-01 00:00:00
P0306,4,10,2024-01-01 00:00:00
P0306,5,12,2024-01-01 00:00:00
P0306,6,11,2024-01-01 00:00:00
P0306,7,10,2024-01-01 00:00:00
P0306,8,10,2024-01-01 00:00:00
P0306,9,12,2024-01-01 00:00:00
P0306,10,10,2024-01-01 00:00:00
P0307,1,50,2024-01-01 00:00:00
P0307,2,45,2024-01-01 00:00:00
P0307,3,24,2024-01-01 00:00:00
P0307,4,41,2024-01-01 00:00:00
P0307,5,40,2024-01-01 00:00:00
P0307,6,56,2024-01-01 00:00:00
P0307,7,24,2024-01-01 00:00:00
P0307,8,57,2024-01-01 00:00:00
P0307,9,29,2024-01-01 00:00:00
P0307,10,56,2024-01-01 00:00:00
P0308,1,49,2024-01-01 00:00:00
P0308,2,49,2024-01-01 00:00:00
P0308,3,58,2024-01-01 00:00:00
P0308,4,67,2024-01-01 00:00:00
P0308,5,50,2024-01-01 00:00:00
P0308,6,68,2024-01-01 00:00:00
P0308,7,34,2024-01-01 00:00:00
P0308,8,59,2024-01-01 00:00:00
P0308,9,43,2024-01-01 00:00:00
P0308,10,61,2024-01-01 00:00:00
P0309,1,84,2024-01-01 00:00:00
P0309,2,69,2024-01-01 00:00:00
P0309,3,68,2024-01-01 00:00:00
P0309,4,89,2024-01-01 00:00:00
P0309,5,84,2024-01-01 00:00:00
P0309,6,61,2024-01-01 00:00:00
P0309,7,46,2024-01-01 00:00:00
P0309,8,80,2024-01-01 00:00:00
P0309,9,74,2024-01-01 00:00:00
P0309,10,67,2024-01-01 00:00:00
P0310,1,62,2024-01-01 00:00:00
P0310,2,54,2024-01-01 00:00:00
P0310,3,93,2024-01-01 00:00:00
P0310,4,58,2024-01-01 00:00:00
P0310,5,96,2024-01-01 00:00:00
P0310,6,51,2024-01-01 00:00:00
P0310,7,87,2024-01-01 00:00:00
P0310,8,93,2024-01-01 00:00:00
P0310,9,65,2024-01-01 00:00:00
P0310,10,102,2024-01-01 00:00:00
P0311,1,57,2024-01-01 00:00:00
P0311,2,90,2024-01-01 00:00:00
P0311,3,60,2024-01-01 00:00:00
P0311,4,46,2024-01-01 00:00:00
P0311,5,103,2024-01-01 00:00:00
P0311,6,86,2024-01-01 00:00:00
P0311,7,79,2024-01-01 00:00:00
P0311,8,47,2024-01-01 00:00:00
P0311,9,61,2024-01-01 00:00:00
P0311,10,75,2024-01-01 00:00:00
P0312,1,85,2024-01-01 00:00:00
P0312,2,55,2024-01-01 00:00:00
P0312,3,78,2024-01-01 00:00:00
P0312,4,76,2024-01-01 00:00:00
P0312,5,55,2024-01-01 00:00:00
P0312,6,48,2024-01-01 00:00:00
P0312,7,89,2024-01-01 00:00:00
P0312,8,81,2024-01-01 00:00:00
P0312,9,96,2024-01-01 00:00:00
P0312,10,73,2024-01-01 00:00:00
P0313,1,46,2024-01-01 00:00:00
P0313,2,61,2024-01-01 00:00:00
P0313,3,48,2024-01-01 00:00:00
P0313,4,105,2024-01-01 00:00:00
P0313,5,92,2024-01-01 00:00:00
P0313,6,95,2024-01-01 00:00:00
P0313,7,81,2024-01-01 00:00:00
P0313,8,67,2024-01-01 00:00:00
P0313,9,67,2024-01-01 00:00:00
P0313,10,75,2024-01-01 00:00:00
P0314,1,53,2024-01-01 00:00:00
P0314,2,45,2024-01-01 00:00:00
P0314,3,46,2024-01-01 00:00:00
P0314,4,68,2024-01-01 00:00:00
P0314,5,67,2024-01-01 00:00:00
P0314,6,65,2024-01-01 00:00:00
P0314,7,100,2024-01-01 00:00:00
P0314,8,100,2024-01-01 00:00:00
P0314,9,79,2024-01-01 00:00:00
P0314,10,49,2024-01-01 00:00:00
P0315,1,103,2024-01-01 00:00:00
P0315,2,63,2024-01-01 00:00:00
P0315,3,99,2024-01-01 00:00:00
P0315,4,60,2024-01-01 00:00:00
P0315,5,101,2024-01-01 00:00:00
P0315,6,69,2024-01-01 00:00:00
P0315,7,71,2024-01-01 00:00:00
P0315,8,97,2024-01-01 00:00:00
P0315,9,59,2024-01-01 00:00:00
P0315,10,94,2024-01-01 00:00:00
P0316,1,84,2024-01-01 00:00:00
P0316,2,100,2024-01-01 00:00:00
P0316,3,56,2024-01-01 00:00:00
P0316,4,80,2024-01-01 00:00:00
P0316,5,94,2024-01-01 00:00:00
P0316,6,88,2024-01-01 00:00:00
P0316,7,45,2024-01-01 00:00:00
P0316,8,74,2024-01-01 00:00:00
P0316,9,65,2024-01-01 00:00:00
P0316,10,105,2024-01-01 00:00:00
P0317,1,71,2024-01-01 00:00:00
P0317,2,57,2024-01-01 00:00:00
P0317,3,72,2024-01-01 00:00:00
P0317,4,92,2024-01-01 00:00:00
P0317,5,61,2024-01-01 00:00:00
P0317,6,65,2024-01-01 00:00:00
P0317,7,87,2024-01-01 00:00:00
P0317,8,75,2024-01-01 00:00:00
P0317,9,70,2024-01-01 00:00:00
P0317,10,85,2024-01-01 00:00:00
P0318,1,36,2024-01-01 00:00:00
P0318,2,49,2024-01-01 00:00:00
P0318,3,44,2024-01-01 00:00:00
P0318,4,36,2024-01-01 00:00:00
P0318,5,42,2024-01-01 00:00:00
P0318,6,22,2024-01-01 00:00:00
P0318,7,37,2024-01-01 00:00:00
P0318,8,43,2024-01-01 00:00:00
P0318,9,38,2024-01-01 00:00:00
P0318,10,24,2024-01-01 00:00:00
P0319,1,35,2024-01-01 00:00:00
P0319,2,29,2024-01-01 00:00:00
P0319,3,23,2024-01-01 00:00:00
P0319,4,46,2024-01-01 00:00:00
P0319,5,30,2024-01-01 00:00:00
P0319,6,50,2024-01-01 00:00:00
P0319,7,40,2024-01-01 00:00:00
P0319,8,43,2024-01-01 00:00:00
P0319,9,30,2024-01-01 00:00:00
P0319,10,30,2024-01-01 00:00:00
P0320,1,82,2024-01-01 00:00:00
P0320,2,92,2024-01-01 00:00:00
P0320,3,63,2024-01-01 00:00:00
P0320,4,88,2024-01-01 00:00:00
P0320,5,83,2024-01-01 00:00:00
P0320,6,84,2024-01-01 00:00:00
P0320,7,76,2024-01-01 00:00:00
P0320,8,50,2024-01-01 00:00:00
P0320,9,86,2024-01-01 00:00:00
P0320,10,63,2024-01-01 00:00:00
P0321,1,75,2024-01-01 00:00:00
P0321,2,80,2024-01-01 00:00:00
P0321,3,63,2024-01-01 00:00:00
P0321,4,67,2024-01-01 00:00:00
P0321,5,52,2024-01-01 00:00:00
P0321,6,98,2024-01-01 00:00:00
P0321,7,48,2024-01-01 00:00:00
P0321,8,98,2024-01-01 00:00:00
P0321,9,100,2024-01-01 00:00:00
P0321,10,79,2024-01-01 00:00:00
P0322,1,118,2024-01-01 00:00:00
P0322,2,112,2024-01-01 00:00:00
P0322,3,100,2024-01-01 00:00:00
P0322,4,131,2024-01-01 00:00:00
P0322,5,73,2024-01-01 00:00:00
P0322,6,98,2024-01-01 00:00:00
P0322,7,98,2024-01-01 00:00:00
P0322,8,72,2024-01-01 00:00:00
P0322,9,70,2024-01-01 00:00:00
P0322,10,118,2024-01-01 00:00:00
P0323,1,91,2024-01-01 00:00:00
P0323,2,96,2024-01-01 00:00:00
P0323,3,78,2024-01-01 00:00:00
P0323,4,42,2024-01-01 00:00:00
P0323,5,42,2024-01-01 00:00:00
P0323,6,64,2024-01-01 00:00:00
P0323,7,83,2024-01-01 00:00:00
P0323,8,89,2024-01-01 00:00:00
P0323,9,87,2024-01-01 00:00:00
P0323,10,77,2024-01-01 00:00:00
P0324,1,94,2024-01-01 00:00:00
P0324,2,147,2024-01-01 00:00:00
P0324,3,129,2024-01-01 00:00:00
P0324,4,140,2024-01-01 00:00:00
P0324,5,88,2024-01-01 00:00:00
P0324,6,114,2024-01-01 00:00:00
P0324,7,111,2024-01-01 00:00:00
P0324,8,114,2024-01-01 00:00:00
P0324,9,150,2024-01-01 00:00:00
P0324,10,70,2024-01-01 00:00:00
P0325,1,132,2024-01-01 00:00:00
P0325,2,98,2024-01-01 00:00:00
P0325,3,76,2024-01-01 00:00:00
P0325,4,106,2024-01-01 00:00:00
P0325,5,109,2024-01-01 00:00:00
P0325,6,136,2024-01-01 00:00:00
P0325,7,62,2024-01-01 00:00:00
P0325,8,98,2024-01-01 00:00:00
P0325,9,114,2024-01-01 00:00:00
P0325,10,133,2024-01-01 00:00:00
P0326,1,123,2024-01-01 00:00:00
P0326,2,64,2024-01-01 00:00:00
P0326,3,72,2024-01-01 00:00:00
P0326,4,137,2024-01-01 00:00:00
P0326,5,126,2024-01-01 00:00:00
P0326,6,100,2024-01-01 00:00:00
P0326,7,137,2024-01-01 00:00:00
P0326,8,95,2024-01-01 00:00:00
P0326,9,83,2024-01-01 00:00:00
P0326,10,92,2024-01-01 00:00:00
P0327,1,90,2024-01-01 00:00:00
P0327,2,105,2024-01-01 00:00:00
P0327,3,55,2024-01-01 00:00:00
P0327,4,65,2024-01-01 00:00:00
P0327,5,83,2024-01-01 00:00:00
P0327,6,114,2024-01-01 00:00:00
P0327,7,102,2024-01-01 00:00:00
P0327,8,99,2024-01-01 00:00:00
P0327,9,53,2024-01-01 00:00:00
P0327,10,119,2024-01-01 00:00:00
P0328,1,53,2024-01-01 00:00:00
P0328,2,74,2024-01-01 00:00:00
P0328,3,61,2024-01-01 00:00:00
P0328,4,76,2024-01-01 00:00:00
P0328,5,79,2024-01-01 00:00:00
P0328,6,73,2024-01-01 00:00:00
P0328,7,80,2024-01-01 00:00:00
P0328,8,69,2024-01-01 00:00:00
P0328,9,56,2024-01-01 00:00:00
P0328,10,77,2024-01-01 00:00:00
P0329,1,59,2024-01-01 00:00:00
P0329,2,71,2024-01-01 00:00:00
P0329,3,75,2024-01-01 00:00:00
P0329,4,90,2024-01-01 00:00:00
P0329,5,45,2024-01-01 00:00:00
P0329,6,59,2024-01-01 00:00:00
P0329,7,63,2024-01-01 00:00:00
P0329,8,62,2024-01-01 00:00:00
P0329,9,69,2024-01-01 00:00:00
P0329,10,86,2024-01-01 00:00:00
P0330,1,47,2024-01-01 00:00:00
P0330,2,64,2024-01-01 00:00:00
P0330,3,63,2024-01-01 00:00:00
P0330,4,70,2024-01-01 00:00:00
P0330,5,89,2024-01-01 00:00:00
P0330,6,93,2024-01-01 00:00:00
P0330,7,77,2024-01-01 00:00:00
P0330,8,74,2024-01-01 00:00:00
P0330,9,91,2024-01-01 00:00:00
P0330,10,50,2024-01-01 00:00:00
P0331,1,101,2024-01-01 00:00:00
P0331,2,121,2024-01-01 00:00:00
P0331,3,103,2024-01-01 00:00:00
P0331,4,97,2024-01-01 00:00:00
P0331,5,85,2024-01-01 00:00:00
P0331,6,109,2024-01-01 00:00:00
P0331,7,107,2024-01-01 00:00:00
P0331,8,117,2024-01-01 00:00:00
P0331,9,97,2024-01-01 00:00:00
P0331,10,106,2024-01-01 00:00:00
P0332,1,20,2024-01-01 00:00:00
P0332,2,21,2024-01-01 00:00:00
P0332,3,30,2024-01-01 00:00:00
P0332,4,42,2024-01-01 00:00:00
P0332,5,20,2024-01-01 00:00:00
P0332,6,32,2024-01-01 00:00:00
P0332,7,18,2024-01-01 00:00:00
P0332,8,33,2024-01-01 00:00:00
P0332,9,40,2024-01-01 00:00:00
P0332,10,25,2024-01-01 00:00:00
P0333,1,53,2024-01-01 00:00:00
P0333,2,45,2024-01-01 00:00:00
P0333,3,87,2024-01-01 00:00:00
P0333,4,97,2024-01-01 00:00:00
P0333,5,75,2024-01-01 00:00:00
P0333,6,54,2024-01-01 00:00:00
P0333,7,61,2024-01-01 00:00:00
P0333,8,47,2024-01-01 00:00:00
P0333,9,92,2024-01-01 00:00:00
P0333,10,55,2024-01-01 00:00:00
P0334,1,64,2024-01-01 00:00:00
P0334,2,90,2024-01-01 00:00:00
P0334,3,87,2024-01-01 00:00:00
P0334,4,96,2024-01-01 00:00:00
P0334,5,103,2024-01-01 00:00:00
P0334,6,79,2024-01-01 00:00:00
P0334,7,52,2024-01-01 00:00:00
P0334,8,94,2024-01-01 00:00:00
P0334,9,59,2024-01-01 00:00:00
P0334,10,95,2024-01-01 00:00:00
P0335,1,61,2024-01-01 00:00:00
P0335,2,105,2024-01-01 00:00:00
P0335,3,99,2024-01-01 00:00:00
P0335,4,71,2024-01-01 00:00:00
P0335,5,62,2024-01-01 00:00:00
P0335,6,90,2024-01-01 00:00:00
P0335,7,48,2024-01-01 00:00:00
P0335,8,78,2024-01-01 00:00:00
P0335,9,79,2024-01-01 00:00:00
P0335,10,99,2024-01-01 00:00:00
P0336,1,48,2024-01-01 00:00:00
P0336,2,45,2024-01-01 00:00:00
P0336,3,92,2024-01-01 00:00:00
P0336,4,104,2024-01-01 00:00:00
P0336,5,91,2024-01-01 00:00:00
P0336,6,93,2024-01-01 00:00:00
P0336,7,93,2024-01-01 00:00:00
P0336,8,45,2024-01-01 00:00:00
P0336,9,68,2024-01-01 00:00:00
P0336,10,101,2024-01-01 00:00:00
P0337,1,78,2024-01-01 00:00:00
P0337,2,91,2024-01-01 00:00:00
P0337,3,83,2024-01-01 00:00:00
P0337,4,70,2024-01-01 00:00:00
P0337,5,73,2024-01-01 00:00:00
P0337,6,94,2024-01-01 00:00:00
P0337,7,100,2024-01-01 00:00:00
P0337,8,45,2024-01-01 00:00:00
P0337,9,72,2024-01-01 00:00:00
P0337,10,92,2024-01-01 00:00:00
P0338,1,60,2024-01-01 00:00:00
P0338,2,88,2024-01-01 00:00:00
P0338,3,69,2024-01-01 00:00:00
P0338,4,60,2024-01-01 00:00:00
P0338,5,46,2024-01-01 00:00:00
P0338,6,100,2024-01-01 00:00:00
P0338,7,86,2024-01-01 00:00:00
P0338,8,105,2024-01-01 00:00:00
P0338,9,91,2024-01-01 00:00:00
P0338,10,51,2024-01-01 00:00:00
P0339,1,29,2024-01-01 00:00:00
P0339,2,59,2024-01-01 00:00:00
P0339,3,33,2024-01-01 00:00:00
P0339,4,54,2024-01-01 00:00:00
P0339,5,60,2024-01-01 00:00:00
P0339,6,31,2024-01-01 00:00:00
P0339,7,57,2024-01-01 00:00:00
P0339,8,37,2024-01-01 00:00:00
P0339,9,46,2024-01-01 00:00:00
P0339,10,42,2024-01-01 00:00:00
P0340,1,85,2024-01-01 00:00:00
P0340,2,76,2024-01-01 00:00:00
P0340,3,54,2024-01-01 00:00:00
P0340,4,75,2024-01-01 00:00:00
P0340,5,79,2024-01-01 00:00:00
P0340,6,73,2024-01-01 00:00:00
P0340,7,95,2024-01-01 00:00:00
P0340,8,79,2024-01-01 00:00:00
P0340,9,49,2024-01-01 00:00:00
P0340,10,75,2024-01-01 00:00:00
P0341,1,69,2024-01-01 00:00:00
P0341,2,61,2024-01-01 00:00:00
P0341,3,54,2024-01-01 00:00:00
P0341,4,47,2024-01-01 00:00:00
P0341,5,53,2024-01-01 00:00:00
P0341,6,32,2024-01-01 00:00:00
P0341,7,64,2024-01-01 00:00:00
P0341,8,69,2024-01-01 00:00:00
P0341,9,33,2024-01-01 00:00:00
P0341,10,56,2024-01-01 00:00:00
P0342,1,88,2024-01-01 00:00:00
P0342,2,45,2024-01-01 00:00:00
P0342,3,101,2024-01-01 00:00:00
P0342,4,90,2024-01-01 00:00:00
P0342,5,56,2024-01-01 00:00:00
P0342,6,66,2024-01-01 00:00:00
P0342,7,67,2024-01-01 00:00:00
P0342,8,83,2024-01-01 00:00:00
P0342,9,65,2024-01-01 00:00:00
P0342,10,47,2024-01-01 00:00:00
P0343,1,100,2024-01-01 00:00:00
P0343,2,95,2024-01-01 00:00:00
P0343,3,71,2024-01-01 00:00:00
P0343,4,88,2024-01-01 00:00:00
P0343,5,108,2024-01-01 00:00:00
P0343,6,77,2024-01-01 00:00:00
P0343,7,86,2024-01-01 00:00:00
P0343,8,53,2024-01-01 00:00:00
P0343,9,56,2024-01-01 00:00:00
P0343,10,60,2024-01-01 00:00:00
P0344,1,40,2024-01-01 00:00:00
P0344,2,47,2024-01-01 00:00:00
P0344,3,56,2024-01-01 00:00:00
P0344,4,47,2024-01-01 00:00:00
P0344,5,38,2024-01-01 00:00:00
P0344,6,51,2024-01-01 00:00:00
P0344,7,33,2024-01-01 00:00:00
P0344,8,42,2024-01-01 00:00:00
P0344,9,52,2024-01-01 00:00:00
P0344,10,58,2024-01-01 00:00:00
P0345,1,88,2024-01-01 00:00:00
P0345,2,108,2024-01-01 00:00:00
P0345,3,80,2024-01-01 00:00:00
P0345,4,107,2024-01-01 00:00:00
P0345,5,127,2024-01-01 00:00:00
P0345,6,128,2024-01-01 00:00:00
P0345,7,104,2024-01-01 00:00:00
P0345,8,68,2024-01-01 00:00:00
P0345,9,98,2024-01-01 00:00:00
P0345,10,79,2024-01-01 00:00:00
P0346,1,72,2024-01-01 00:00:00
P0346,2,99,2024-01-01 00:00:00
P0346,3,107,2024-01-01 00:00:00
P0346,4,89,2024-01-01 00:00:00
P0346,5,111,2024-01-01 00:00:00
P0346,6,105,2024-01-01 00:00:00
P0346,7,112,2024-01-01 00:00:00
P0346,8,51,2024-01-01 00:00:00
P0346,9,72,2024-01-01 00:00:00
P0346,10,116,2024-01-01 00:00:00
P0347,1,61,2024-01-01 00:00:00
P0347,2,47,2024-01-01 00:00:00
P0347,3,36,2024-01-01 00:00:00
P0347,4,34,2024-01-01 00:00:00
P0347,5,27,2024-01-01 00:00:00
P0347,6,36,2024-01-01 00:00:00
P0347,7,46,2024-01-01 00:00:00
P0347,8,29,2024-01-01 00:00:00
P0347,9,32,2024-01-01 00:00:00
P0347,10,52,2024-01-01 00:00:00
P0348,1,38,2024-01-01 00:00:00
P0348,2,28,2024-01-01 00:00:00
P0348,3,46,2024-01-01 00:00:00
P0348,4,46,2024-01-01 00:00:00
P0348,5,44,2024-01-01 00:00:00
P0348,6,50,2024-01-01 00:00:00
P0348,7,36,2024-01-01 00:00:00
P0348,8,30,2024-01-01 00:00:00
P0348,9,43,2024-01-01 00:00:00
P0348,10,32,2024-01-01 00:00:00
P0349,1,28,2024-01-01 00:00:00
P0349,2,36,2024-01-01 00:00:00
P0349,3,27,2024-01-01 00:00:00
P0349,4,16,2024-01-01 00:00:00
P0349,5,16,2024-01-01 00:00:00
P0349,6,22,2024-01-01 00:00:00
P0349,7,26,2024-01-01 00:00:00
P0349,8,29,2024-01-01 00:00:00
P0349,9,24,2024-01-01 00:00:00
P0349,10,38,2024-01-01 00:00:00
P0350,1,39,2024-01-01 00:00:00
P0350,2,58,2024-01-01 00:00:00
P0350,3,53,2024-01-01 00:00:00
P0350,4,87,2024-01-01 00:00:00
P0350,5,59,2024-01-01 00:00:00
P0350,6,82,2024-01-01 00:00:00
P0350,7,77,2024-01-01 00:00:00
P0350,8,92,2024-01-01 00:00:00
P0350,9,64,2024-01-01 00:00:00
P0350,10,81,2024-01-01 00:00:00
P0351,1,79,2024-01-01 00:00:00
P0351,2,79,2024-01-01 00:00:00
P0351,3,77,2024-01-01 00:00:00
P0351,4,96,2024-01-01 00:00:00
P0351,5,75,2024-01-01 00:00:00
P0351,6,64,2024-01-01 00:00:00
P0351,7,76,2024-01-01 00:00:00
P0351,8,45,2024-01-01 00:00:00
P0351,9,100,2024-01-01 00:00:00
P0351,10,102,2024-01-01 00:00:00
P0352,1,79,2024-01-01 00:00:00
P0352,2,46,2024-01-01 00:00:00
P0352,3,60,2024-01-01 00:00:00
P0352,4,61,2024-01-01 00:00:00
P0352,5,100,2024-01-01 00:00:00
P0352,6,100,2024-01-01 00:00:00
P0352,7,92,2024-01-01 00:00:00
P0352,8,68,2024-01-01 00:00:00
P0352,9,51,2024-01-01 00:00:00
P0352,10,46,2024-01-01 00:00:00
P0353,1,53,2024-01-01 00:00:00
P0353,2,105,2024-01-01 00:00:00
P0353,3,78,2024-01-01 00:00:00
P0353,4,55,2024-01-01 00:00:00
P0353,5,76,2024-01-01 00:00:00
P0353,6,70,2024-01-01 00:00:00
P0353,7,71,2024-01-01 00:00:00
P0353,8,68,2024-01-01 00:00:00
P0353,9,83,2024-01-01 00:00:00
P0353,10,57,2024-01-01 00:00:00
P0354,1,70,2024-01-01 00:00:00
P0354,2,63,2024-01-01 00:00:00
P0354,3,45,2024-01-01 00:00:00
P0354,4,75,2024-01-01 00:00:00
P0354,5,102,2024-01-01 00:00:00
P0354,6,99,2024-01-01 00:00:00
P0354,7,45,2024-01-01 00:00:00
P0354,8,98,2024-01-01 00:00:00
P0354,9,56,2024-01-01 00:00:00
P0354,10,95,2024-01-01 00:00:00
P0355,1,22,2024-01-01 00:00:00
P0355,2,49,2024-01-01 00:00:00
P0355,3,39,2024-01-01 00:00:00
P0355,4,32,2024-01-01 00:00:00
P0355,5,45,2024-01-01 00:00:00
P0355,6,36,2024-01-01 00:00:00
P0355,7,47,2024-01-01 00:00:00
P0355,8,27,2024-01-01 00:00:00
P0355,9,37,2024-01-01 00:00:00
P0355,10,42,2024-01-01 00:00:00
P0356,1,67,2024-01-01 00:00:00
P0356,2,49,2024-01-01 00:00:00
P0356,3,84,2024-01-01 00:00:00
P0356,4,76,2024-01-01 00:00:00
P0356,5,65,2024-01-01 00:00:00
P0356,6,86,2024-01-01 00:00:00
P0356,7,67,2024-01-01 00:00:00
P0356,8,48,2024-01-01 00:00:00
P0356,9,57,2024-01-01 00:00:00
P0356,10,81,2024-01-01 00:00:00
P0357,1,19,2024-01-01 00:00:00
P0357,2,39,2024-01-01 00:00:00
P0357,3,20,2024-01-01 00:00:00
P0357,4,24,2024-01-01 00:00:00
P0357,5,29,2024-01-01 00:00:00
P0357,6,18,2024-01-01 00:00:00
P0357,7,25,2024-01-01 00:00:00
P0357,8,35,2024-01-01 00:00:00
P0357,9,18,2024-01-01 00:00:00
P0357,10,20,2024-01-01 00:00:00
P0358,1,77,2024-01-01 00:00:00
P0358,2,60,2024-01-01 00:00:00
P0358,3,62,2024-01-01 00:00:00
P0358,4,87,2024-01-01 00:00:00
P0358,5,56,2024-01-01 00:00:00
P0358,6,85,2024-01-01 00:00:00
P0358,7,71,2024-01-01 00:00:00
P0358,8,77,2024-01-01 00:00:00
P0358,9,73,2024-01-01 00:00:00
P0358,10,69,2024-01-01 00:00:00
P0359,1,102,2024-01-01 00:00:00
P0359,2,98,2024-01-01 00:00:00
P0359,3,86,2024-01-01 00:00:00
P0359,4,52,2024-01-01 00:00:00
P0359,5,70,2024-01-01 00:00:00
P0359,6,93,2024-01-01 00:00:00
P0359,7,89,2024-01-01 00:00:00
P0359,8,83,2024-01-01 00:00:00
P0359,9,96,2024-01-01 00:00:00
P0359,10,80,2024-01-01 00:00:00
P0360,1,76,2024-01-01 00:00:00
P0360,2,92,2024-01-01 00:00:00
P0360,3,84,2024-01-01 00:00:00
P0360,4,87,2024-01-01 00:00:00
P0360,5,76,2024-01-01 00:00:00
P0360,6,100,2024-01-01 00:00:00
P0360,7,68,2024-01-01 00:00:00
P0360,8,92,2024-01-01 00:00:00
P0360,9,52,2024-01-01 00:00:00
P0360,10,99,2024-01-01 00:00:00
P0361,1,73,2024-01-01 00:00:00
P0361,2,62,2024-01-01 00:00:00
P0361,3,83,2024-01-01 00:00:00
P0361,4,84,2024-01-01 00:00:00
P0361,5,90,2024-01-01 00:00:00
P0361,6,66,2024-01-01 00:00:00
P0361,7,103,2024-01-01 00:00:00
P0361,8,74,2024-01-01 00:00:00
P0361,9,63,2024-01-01 00:00:00
P0361,10,93,2024-01-01 00:00:00
P0362,1,75,2024-01-01 00:00:00
P0362,2,73,2024-01-01 00:00:00
P0362,3,93,2024-01-01 00:00:00
P0362,4,101,2024-01-01 00:00:00
P0362,5,74,2024-01-01 00:00:00
P0362,6,76,2024-01-01 00:00:00
P0362,7,97,2024-01-01 00:00:00
P0362,8,60,2024-01-01 00:00:00
P0362,9,64,2024-01-01 00:00:00
P0362,10,90,2024-01-01 00:00:00
P0363,1,52,2024-01-01 00:00:00
P0363,2,85,2024-01-01 00:00:00
P0363,3,90,2024-01-01 00:00:00
P0363,4,52,2024-01-01 00:00:00
P0363,5,105,2024-01-01 00:00:00
P0363,6,95,2024-01-01 00:00:00
P0363,7,50,2024-01-01 00:00:00
P0363,8,83,2024-01-01 00:00:00
P0363,9,65,2024-01-01 00:00:00
P0363,10,49,2024-01-01 00:00:00
P0364,1,68,2024-01-01 00:00:00
P0364,2,80,2024-01-01 00:00:00
P0364,3,97,2024-01-01 00:00:00
P0364,4,77,2024-01-01 00:00:00
P0364,5,91,2024-01-01 00:00:00
P0364,6,80,2024-01-01 00:00:00
P0364,7,64,2024-01-01 00:00:00
P0364,8,64,2024-01-01 00:00:00
P0364,9,104,2024-01-01 00:00:00
P0364,10,85,2024-01-01 00:00:00
P0365,1,71,2024-01-01 00:00:00
P0365,2,60,2024-01-01 00:00:00
P0365,3,49,2024-01-01 00:00:00
P0365,4,105,2024-01-01 00:00:00
P0365,5,96,2024-01-01 00:00:00
P0365,6,84,2024-01-01 00:00:00
P0365,7,64,2024-01-01 00:00:00
P0365,8,95,2024-01-01 00:00:00
P0365,9,93,2024-01-01 00:00:00
P0365,10,89,2024-01-01 00:00:00
P0366,1,70,2024-01-01 00:00:00
P0366,2,82,2024-01-01 00:00:00
P0366,3,69,2024-01-01 00:00:00
P0366,4,102,2024-01-01 00:00:00
P0366,5,82,2024-01-01 00:00:00
P0366,6,87,2024-01-01 00:00:00
P0366,7,105,2024-01-01 00:00:00
P0366,8,87,2024-01-01 00:00:00
P0366,9,61,2024-01-01 00:00:00
P0366,10,100,2024-01-01 00:00:00
P0367,1,93,2024-01-01 00:00:00
P0367,2,87,2024-01-01 00:00:00
P0367,3,59,2024-01-01 00:00:00
P0367,4,59,2024-01-01 00:00:00
P0367,5,85,2024-01-01 00:00:00
P0367,6,66,2024-01-01 00:00:00
P0367,7,82,2024-01-01 00:00:00
P0367,8,93,2024-01-01 00:00:00
P0367,9,73,2024-01-01 00:00:00
P0367,10,64,2024-01-01 00:00:00
P0368,1,47,2024-01-01 00:00:00
P0368,2,104,2024-01-01 00:00:00
P0368,3,79,2024-01-01 00:00:00
P0368,4,89,2024-01-01 00:00:00
P0368,5,69,2024-01-01 00:00:00
P0368,6,47,2024-01-01 00:00:00
P0368,7,55,2024-01-01 00:00:00
P0368,8,63,2024-01-01 00:00:00
P0368,9,98,2024-01-01 00:00:00
P0368,10,105,2024-01-01 00:00:00
P0369,1,74,2024-01-01 00:00:00
P0369,2,57,2024-01-01 00:00:00
P0369,3,55,2024-01-01 00:00:00
P0369,4,67,2024-01-01 00:00:00
P0369,5,63,2024-01-01 00:00:00
P0369,6,74,2024-01-01 00:00:00
P0369,7,84,2024-01-01 00:00:00
P0369,8,47,2024-01-01 00:00:00
P0369,9,77,2024-01-01 00:00:00
P0369,10,98,2024-01-01 00:00:00
P0370,1,71,2024-01-01 00:00:00
P0370,2,65,2024-01-01 00:00:00
P0370,3,48,2024-01-01 00:00:00
P0370,4,99,2024-01-01 00:00:00
P0370,5,90,2024-01-01 00:00:00
P0370,6,100,2024-01-01 00:00:00
P0370,7,101,2024-01-01 00:00:00
P0370,8,102,2024-01-01 00:00:00
P0370,9,91,2024-01-01 00:00:00
P0370,10,97,2024-01-01 00:00:00
P0371,1,73,2024-01-01 00:00:00
P0371,2,89,2024-01-01 00:00:00
P0371,3,101,2024-01-01 00:00:00
P0371,4,53,2024-01-01 00:00:00
P0371,5,102,2024-01-01 00:00:00
P0371,6,100,2024-01-01 00:00:00
P0371,7,105,2024-01-01 00:00:00
P0371,8,60,2024-01-01 00:00:00
P0371,9,46,2024-01-01 00:00:00
P0371,10,90,2024-01-01 00:00:00
P0372,1,84,2024-01-01 00:00:00
P0372,2,91,2024-01-01 00:00:00
P0372,3,82,2024-01-01 00:00:00
P0372,4,54,2024-01-01 00:00:00
P0372,5,57,2024-01-01 00:00:00
P0372,6,87,2024-01-01 00:00:00
P0372,7,96,2024-01-01 00:00:00
P0372,8,84,2024-01-01 00:00:00
P0372,9,65,2024-01-01 00:00:00
P0372,10,60,2024-01-01 00:00:00
P0373,1,47,2024-01-01 00:00:00
P0373,2,80,2024-01-01 00:00:00
P0373,3,103,2024-01-01 00:00:00
P0373,4,102,2024-01-01 00:00:00
P0373,5,76,2024-01-01 00:00:00
P0373,6,55,2024-01-01 00:00:00
P0373,7,84,2024-01-01 00:00:00
P0373,8,88,2024-01-01 00:00:00
P0373,9,99,2024-01-01 00:00:00
P0373,10,99,2024-01-01 00:00:00
P0374,1,70,2024-01-01 00:00:00
P0374,2,68,2024-01-01 00:00:00
P0374,3,117,2024-01-01 00:00:00
P0374,4,139,2024-01-01 00:00:00
P0374,5,69,2024-01-01 00:00:00
P0374,6,100,2024-01-01 00:00:00
P0374,7,118,2024-01-01 00:00:00
P0374,8,88,2024-01-01 00:00:00
P0374,9,94,2024-01-01 00:00:00
P0374,10,134,2024-01-01 00:00:00
P0375,1,68,2024-01-01 00:00:00
P0375,2,83,2024-01-01 00:00:00
P0375,3,89,2024-01-01 00:00:00
P0375,4,80,2024-01-01 00:00:00
P0375,5,64,2024-01-01 00:00:00
P0375,6,76,2024-01-01 00:00:00
P0375,7,67,2024-01-01 00:00:00
P0375,8,105,2024-01-01 00:00:00
P0375,9,104,2024-01-01 00:00:00
P0375,10,104,2024-01-01 00:00:00
P0376,1,143,2024-01-01 00:00:00
P0376,2,140,2024-01-01 00:00:00
P0376,3,126,2024-01-01 00:00:00
P0376,4,112,2024-01-01 00:00:00
P0376,5,118,2024-01-01 00:00:00
P0376,6,109,2024-01-01 00:00:00
P0376,7,72,2024-01-01 00:00:00
P0376,8,130,2024-01-01 00:00:00
P0376,9,100,2024-01-01 00:00:00
P0376,10,80,2024-01-01 00:00:00
P0377,1,82,2024-01-01 00:00:00
P0377,2,71,2024-01-01 00:00:00
P0377,3,68,2024-01-01 00:00:00
P0377,4,49,2024-01-01 00:00:00
P0377,5,88,2024-01-01 00:00:00
P0377,6,44,2024-01-01 00:00:00
P0377,7,82,2024-01-01 00:00:00
P0377,8,63,2024-01-01 00:00:00
P0377,9,82,2024-01-01 00:00:00
P0377,10,60,2024-01-01 00:00:00
P0378,1,76,2024-01-01 00:00:00
P0378,2,176,2024-01-01 00:00:00
P0378,3,129,2024-01-01 00:00:00
P0378,4,103,2024-01-01 00:00:00
P0378,5,154,2024-01-01 00:00:00
P0378,6,84,2024-01-01 00:00:00
P0378,7,123,2024-01-01 00:00:00
P0378,8,79,2024-01-01 00:00:00
P0378,9,137,2024-01-01 00:00:00
P0378,10,117,2024-01-01 00:00:00
P0379,1,53,2024-01-01 00:00:00
P0379,2,101,2024-01-01 00:00:00
P0379,3,75,2024-01-01 00:00:00
P0379,4,81,2024-01-01 00:00:00
P0379,5,85,2024-01-01 00:00:00
P0379,6,110,2024-01-01 00:00:00
P0379,7,113,2024-01-01 00:00:00
P0379,8,90,2024-01-01 00:00:00
P0379,9,82,2024-01-01 00:00:00
P0379,10,55,2024-01-01 00:00:00
P0380,1,117,2024-01-01 00:00:00
P0380,2,96,2024-01-01 00:00:00
P0380,3,88,2024-01-01 00:00:00
P0380,4,119,2024-01-01 00:00:00
P0380,5,78,2024-01-01 00:00:00
P0380,6,65,2024-01-01 00:00:00
P0380,7,61,2024-01-01 00:00:00
P0380,8,87,2024-01-01 00:00:00
P0380,9,114,2024-01-01 00:00:00
P0380,10,114,2024-01-01 00:00:00
P0381,1,51,2024-01-01 00:00:00
P0381,2,83,2024-01-01 00:00:00
P0381,3,54,2024-01-01 00:00:00
P0381,4,76,2024-01-01 00:00:00
P0381,5,66,2024-01-01 00:00:00
P0381,6,82,2024-01-01 00:00:00
P0381,7,52,2024-01-01 00:00:00
P0381,8,55,2024-01-01 00:00:00
P0381,9,89,2024-01-01 00:00:00
P0381,10,69,2024-01-01 00:00:00
P0382,1,147,2024-01-01 00:00:00
P0382,2,82,2024-01-01 00:00:00
P0382,3,128,2024-01-01 00:00:00
P0382,4,78,2024-01-01 00:00:00
P0382,5,99,2024-01-01 00:00:00
P0382,6,149,2024-01-01 00:00:00
P0382,7,109,2024-01-01 00:00:00
P0382,8,67,2024-01-01 00:00:00
P0382,9,133,2024-01-01 00:00:00
P0382,10,94,2024-01-01 00:00:00
P0383,1,55,2024-01-01 00:00:00
P0383,2,53,2024-01-01 00:00:00
P0383,3,53,2024-01-01 00:00:00
P0383,4,57,2024-01-01 00:00:00
P0383,5,70,2024-01-01 00:00:00
P0383,6,87,2024-01-01 00:00:00
P0383,7,64,2024-01-01 00:00:00
P0383,8,48,2024-01-01 00:00:00
P0383,9,55,2024-01-01 00:00:00
P0383,10,46,2024-01-01 00:00:00
P0384,1,70,2024-01-01 00:00:00
P0384,2,94,2024-01-01 00:00:00
P0384,3,50,2024-01-01 00:00:00
P0384,4,71,2024-01-01 00:00:00
P0384,5,47,2024-01-01 00:00:00
P0384,6,57,2024-01-01 00:00:00
P0384,7,84,2024-01-01 00:00:00
P0384,8,86,2024-01-01 00:00:00
P0384,9,98,2024-01-01 00:00:00
P0384,10,72,2024-01-01 00:00:00
P0385,1,173,2024-01-01 00:00:00
P0385,2,153,2024-01-01 00:00:00
P0385,3,89,2024-01-01 00:00:00
P0385,4,170,2024-01-01 00:00:00
P0385,5,97,2024-01-01 00:00:00
P0385,6,151,2024-01-01 00:00:00
P0385,7,89,2024-01-01 00:00:00
P0385,8,124,2024-01-01 00:00:00
P0385,9,146,2024-01-01 00:00:00
P0385,10,142,2024-01-01 00:00:00
P0386,1,51,2024-01-01 00:00:00
P0386,2,85,2024-01-01 00:00:00
P0386,3,67,2024-01-01 00:00:00
P0386,4,59,2024-01-01 00:00:00
P0386,5,70,2024-01-01 00:00:00
P0386,6,56,2024-01-01 00:00:00
P0386,7,82,2024-01-01 00:00:00
P0386,8,77,2024-01-01 00:00:00
P0386,9,45,2024-01-01 00:00:00
P0386,10,84,2024-01-01 00:00:00
P0387,1,78,2024-01-01 00:00:00
P0387,2,69,2024-01-01 00:00:00
P0387,3,60,2024-01-01 00:00:00
P0387,4,68,2024-01-01 00:00:00
P0387,5,48,2024-01-01 00:00:00
P0387,6,81,2024-01-01 00:00:00
P0387,7,46,2024-01-01 00:00:00
P0387,8,52,2024-01-01 00:00:00
P0387,9,70,2024-01-01 00:00:00
P0387,10,58,2024-01-01 00:00:00
P0388,1,114,2024-01-01 00:00:00
P0388,2,89,2024-01-01 00:00:00
P0388,3,110,2024-01-01 00:00:00
P0388,4,109,2024-01-01 00:00:00
P0388,5,72,2024-01-01 00:00:00
P0388,6,92,2024-01-01 00:00:00
P0388,7,87,2024-01-01 00:00:00
P0388,8,105,2024-01-01 00:00:00
P0388,9,66,2024-01-01 00:00:00
P0388,10,65,2024-01-01 00:00:00
P0389,1,124,2024-01-01 00:00:00
P0389,2,90,2024-01-01 00:00:00
P0389,3,90,2024-01-01 00:00:00
P0389,4,63,2024-01-01 00:00:00
P0389,5,103,2024-01-01 00:00:00
P0389,6,128,2024-01-01 00:00:00
P0389,7,76,2024-01-01 00:00:00
P0389,8,121,2024-01-01 00:00:00
P0389,9,83,2024-01-01 00:00:00
P0389,10,88,2024-01-01 00:00:00
P0390,1,55,2024-01-01 00:00:00
P0390,2,55,2024-01-01 00:00:00
P0390,3,92,2024-01-01 00:00:00
P0390,4,92,2024-01-01 00:00:00
P0390,5,55,2024-01-01 00:00:00
P0390,6,88,2024-01-01 00:00:00
P0390,7,94,2024-01-01 00:00:00
P0390,8,96,2024-01-01 00:00:00
P0390,9,81,2024-01-01 00:00:00
P0390,10,84,2024-01-01 00:00:00
P0391,1,79,2024-01-01 00:00:00
P0391,2,72,2024-01-01 00:00:00
P0391,3,113,2024-01-01 00:00:00
P0391,4,65,2024-01-01 00:00:00
P0391,5,65,2024-01-01 00:00:00
P0391,6,64,2024-01-01 00:00:00
P0391,7,111,2024-01-01 00:00:00
P0391,8,119,2024-01-01 00:00:00
P0391,9,99,2024-01-01 00:00:00
P0391,10,106,2024-01-01 00:00:00
P0392,1,73,2024-01-01 00:00:00
P0392,2,55,2024-01-01 00:00:00
P0392,3,73,2024-01-01 00:00:00
P0392,4,96,2024-01-01 00:00:00
P0392,5,56,2024-01-01 00:00:00
P0392,6,46,2024-01-01 00:00:00
P0392,7,103,2024-01-01 00:00:00
P0392,8,45,2024-01-01 00:00:00
P0392,9,93,2024-01-01 00:00:00
P0392,10,85,2024-01-01 00:00:00
P0393,1,60,2024-01-01 00:00:00
P0393,2,100,2024-01-01 00:00:00
P0393,3,54,2024-01-01 00:00:00
P0393,4,49,2024-01-01 00:00:00
P0393,5,66,2024-01-01 00:00:00
P0393,6,97,2024-01-01 00:00:00
P0393,7,63,2024-01-01 00:00:00
P0393,8,54,2024-01-01 00:00:00
P0393,9,89,2024-01-01 00:00:00
P0393,10,95,2024-01-01 00:00:00
P0394,1,68,2024-01-01 00:00:00
P0394,2,58,2024-01-01 00:00:00
P0394,3,50,2024-01-01 00:00:00
P0394,4,83,2024-01-01 00:00:00
P0394,5,54,2024-01-01 00:00:00
P0394,6,56,2024-01-01 00:00:00
P0394,7,74,2024-01-01 00:00:00
P0394,8,55,2024-01-01 00:00:00
P0394,9,81,2024-01-01 00:00:00
P0394,10,104,2024-01-01 00:00:00
P0395,1,52,2024-01-01 00:00:00
P0395,2,58,2024-01-01 00:00:00
P0395,3,48,2024-01-01 00:00:00
P0395,4,39,2024-01-01 00:00:00
P0395,5,52,2024-01-01 00:00:00
P0395,6,58,2024-01-01 00:00:00
P0395,7,47,2024-01-01 00:00:00
P0395,8,38,2024-01-01 00:00:00
P0395,9,39,2024-01-01 00:00:00
P0395,10,43,2024-01-01 00:00:00
P0396,1,74,2024-01-01 00:00:00
P0396,2,53,2024-01-01 00:00:00
P0396,3,120,2024-01-01 00:00:00
P0396,4,52,2024-01-01 00:00:00
P0396,5,65,2024-01-01 00:00:00
P0396,6,67,2024-01-01 00:00:00
P0396,7,104,2024-01-01 00:00:00
P0396,8,74,2024-01-01 00:00:00
P0396,9,106,2024-01-01 00:00:00
P0396,10,71,2024-01-01 00:00:00
P0397,1,85,2024-01-01 00:00:00
P0397,2,51,2024-01-01 00:00:00
P0397,3,98,2024-01-01 00:00:00
P0397,4,102,2024-01-01 00:00:00
P0397,5,79,2024-01-01 00:00:00
P0397,6,53,2024-01-01 00:00:00
P0397,7,67,2024-01-01 00:00:00
P0397,8,101,2024-01-01 00:00:00
P0397,9,89,2024-01-01 00:00:00
P0397,10,55,2024-01-01 00:00:00
P0398,1,74,2024-01-01 00:00:00
P0398,2,98,2024-01-01 00:00:00
P0398,3,48,2024-01-01 00:00:00
P0398,4,62,2024-01-01 00:00:00
P0398,5,75,2024-01-01 00:00:00
P0398,6,49,2024-01-01 00:00:00
P0398,7,93,2024-01-01 00:00:00
P0398,8,46,2024-01-01 00:00:00
P0398,9,47,2024-01-01 00:00:00
P0398,10,98,2024-01-01 00:00:00
P0399,1,60,2024-01-01 00:00:00
P0399,2,102,2024-01-01 00:00:00
P0399,3,60,2024-01-01 00:00:00
P0399,4,56,2024-01-01 00:00:00
P0399,5,79,2024-01-01 00:00:00
P0399,6,47,2024-01-01 00:00:00
P0399,7,68,2024-01-01 00:00:00
P0399,8,75,2024-01-01 00:00:00
P0399,9,53,2024-01-01 00:00:00
P0399,10,59,2024-01-01 00:00:00
P0400,1,57,2024-01-01 00:00:00
P0400,2,104,2024-01-01 00:00:00
P0400,3,101,2024-01-01 00:00:00
P0400,4,73,2024-01-01 00:00:00
P0400,5,59,2024-01-01 00:00:00
P0400,6,49,2024-01-01 00:00:00
P0400,7,55,2024-01-01 00:00:00
P0400,8,77,2024-01-01 00:00:00
P0400,9,55,2024-01-01 00:00:00
P0400,10,75,2024-01-01 00:00:00
P0401,1,65,2024-01-01 00:00:00
P0401,2,67,2024-01-01 00:00:00
P0401,3,54,2024-01-01 00:00:00
P0401,4,55,2024-01-01 00:00:00
P0401,5,83,2024-01-01 00:00:00
P0401,6,62,2024-01-01 00:00:00
P0401,7,63,2024-01-01 00:00:00
P0401,8,67,2024-01-01 00:00:00
P0401,9,101,2024-01-01 00:00:00
P0401,10,59,2024-01-01 00:00:00
P0402,1,97,2024-01-01 00:00:00
P0402,2,103,2024-01-01 00:00:00
P0402,3,105,2024-01-01 00:00:00
P0402,4,77,2024-01-01 00:00:00
P0402,5,47,2024-01-01 00:00:00
P0402,6,69,2024-01-01 00:00:00
P0402,7,46,2024-01-01 00:00:00
P0402,8,47,2024-01-01 00:00:00
P0402,9,104,2024-01-01 00:00:00
P0402,10,97,2024-01-01 00:00:00
P0403,1,79,2024-01-01 00:00:00
P0403,2,91,2024-01-01 00:00:00
P0403,3,134,2024-01-01 00:00:00
P0403,4,119,2024-01-01 00:00:00
P0403,5,76,2024-01-01 00:00:00
P0403,6,137,2024-01-01 00:00:00
P0403,7,106,2024-01-01 00:00:00
P0403,8,118,2024-01-01 00:00:00
P0403,9,119,2024-01-01 00:00:00
P0403,10,72,2024-01-01 00:00:00
P0404,1,94,2024-01-01 00:00:00
P0404,2,91,2024-01-01 00:00:00
P0404,3,98,2024-01-01 00:00:00
P0404,4,72,2024-01-01 00:00:00
P0404,5,100,2024-01-01 00:00:00
P0404,6,112,2024-01-01 00:00:00
P0404,7,116,2024-01-01 00:00:00
P0404,8,70,2024-01-01 00:00:00
P0404,9,103,2024-01-01 00:00:00
P0404,10,58,2024-01-01 00:00:00
P0405,1,105,2024-01-01 00:00:00
P0405,2,143,2024-01-01 00:00:00
P0405,3,76,2024-01-01 00:00:00
P0405,4,150,2024-01-01 00:00:00
P0405,5,146,2024-01-01 00:00:00
P0405,6,82,2024-01-01 00:00:00
P0405,7,90,2024-01-01 00:00:00
P0405,8,83,2024-01-01 00:00:00
P0405,9,121,2024-01-01 00:00:00
P0405,10,140,2024-01-01 00:00:00
P0406,1,63,2024-01-01 00:00:00
P0406,2,89,2024-01-01 00:00:00
P0406,3,68,2024-01-01 00:00:00
P0406,4,79,2024-01-01 00:00:00
P0406,5,69,2024-01-01 00:00:00
P0406,6,46,2024-01-01 00:00:00
P0406,7,102,2024-01-01 00:00:00
P0406,8,69,2024-01-01 00:00:00
P0406,9,96,2024-01-01 00:00:00
P0406,10,104,2024-01-01 00:00:00
P0407,1,57,2024-01-01 00:00:00
P0407,2,45,2024-01-01 00:00:00
P0407,3,72,2024-01-01 00:00:00
P0407,4,58,2024-01-01 00:00:00
P0407,5,79,2024-01-01 00:00:00
P0407,6,45,2024-01-01 00:00:00
P0407,7,74,2024-01-01 00:00:00
P0407,8,57,2024-01-01 00:00:00
P0407,9,104,2024-01-01 00:00:00
P0407,10,56,2024-01-01 00:00:00
P0408,1,96,2024-01-01 00:00:00
P0408,2,90,2024-01-01 00:00:00
P0408,3,105,2024-01-01 00:00:00
P0408,4,101,2024-01-01 00:00:00
P0408,5,113,2024-01-01 00:00:00
P0408,6,110,2024-01-01 00:00:00
P0408,7,88,2024-01-01 00:00:00
P0408,8,111,2024-01-01 00:00:00
P0408,9,61,2024-01-01 00:00:00
P0408,10,63,2024-01-01 00:00:00
P0409,1,86,2024-01-01 00:00:00
P0409,2,71,2024-01-01 00:00:00
P0409,3,91,2024-01-01 00:00:00
P0409,4,50,2024-01-01 00:00:00
P0409,5,84,2024-01-01 00:00:00
P0409,6,65,2024-01-01 00:00:00
P0409,7,100,2024-01-01 00:00:00
P0409,8,113,2024-01-01 00:00:00
P0409,9,57,2024-01-01 00:00:00
P0409,10,102,2024-01-01 00:00:00
P0410,1,66,2024-01-01 00:00:00
P0410,2,57,2024-01-01 00:00:00
P0410,3,64,2024-01-01 00:00:00
P0410,4,57,2024-01-01 00:00:00
P0410,5,65,2024-01-01 00:00:00
P0410,6,61,2024-01-01 00:00:00
P0410,7,72,2024-01-01 00:00:00
P0410,8,66,2024-01-01 00:00:00
P0410,9,95,2024-01-01 00:00:00
P0410,10,78,2024-01-01 00:00:00
P0411,1,90,2024-01-01 00:00:00
P0411,2,76,2024-01-01 00:00:00
P0411,3,147,2024-01-01 00:00:00
P0411,4,107,2024-01-01 00:00:00
P0411,5,156,2024-01-01 00:00:00
P0411,6,148,2024-01-01 00:00:00
P0411,7,87,2024-01-01 00:00:00
P0411,8,73,2024-01-01 00:00:00
P0411,9,134,2024-01-01 00:00:00
P0411,10,76,2024-01-01 00:00:00
P0412,1,62,2024-01-01 00:00:00
P0412,2,104,2024-01-01 00:00:00
P0412,3,78,2024-01-01 00:00:00
P0412,4,90,2024-01-01 00:00:00
P0412,5,46,2024-01-01 00:00:00
P0412,6,102,2024-01-01 00:00:00
P0412,7,58,2024-01-01 00:00:00
P0412,8,89,2024-01-01 00:00:00
P0412,9,71,2024-01-01 00:00:00
P0412,10,74,2024-01-01 00:00:00
P0413,1,102,2024-01-01 00:00:00
P0413,2,69,2024-01-01 00:00:00
P0413,3,82,2024-01-01 00:00:00
P0413,4,111,2024-01-01 00:00:00
P0413,5,78,2024-01-01 00:00:00
P0413,6,50,2024-01-01 00:00:00
P0413,7,93,2024-01-01 00:00:00
P0413,8,71,2024-01-01 00:00:00
P0413,9,92,2024-01-01 00:00:00
P0413,10,99,2024-01-01 00:00:00
P0414,1,123,2024-01-01 00:00:00
P0414,2,138,2024-01-01 00:00:00
P0414,3,88,2024-01-01 00:00:00
P0414,4,133,2024-01-01 00:00:00
P0414,5,120,2024-01-01 00:00:00
P0414,6,78,2024-01-01 00:00:00
P0414,7,84,2024-01-01 00:00:00
P0414,8,159,2024-01-01 00:00:00
P0414,9,85,2024-01-01 00:00:00
P0414,10,156,2024-01-01 00:00:00
P0415,1,78,2024-01-01 00:00:00
P0415,2,91,2024-01-01 00:00:00
P0415,3,74,2024-01-01 00:00:00
P0415,4,88,2024-01-01 00:00:00
P0415,5,50,2024-01-01 00:00:00
P0415,6,69,2024-01-01 00:00:00
P0415,7,83,2024-01-01 00:00:00
P0415,8,63,2024-01-01 00:00:00
P0415,9,84,2024-01-01 00:00:00
P0415,10,64,2024-01-01 00:00:00
P0416,1,170,2024-01-01 00:00:00
P0416,2,115,2024-01-01 00:00:00
P0416,3,122,2024-01-01 00:00:00
P0416,4,171,2024-01-01 00:00:00
P0416,5,175,2024-01-01 00:00:00
P0416,6,112,2024-01-01 00:00:00
P0416,7,173,2024-01-01 00:00:00
P0416,8,96,2024-01-01 00:00:00
P0416,9,110,2024-01-01 00:00:00
P0416,10,142,2024-01-01 00:00:00
P0417,1,54,2024-01-01 00:00:00
P0417,2,82,2024-01-01 00:00:00
P0417,3,61,2024-01-01 00:00:00
P0417,4,73,2024-01-01 00:00:00
P0417,5,47,2024-01-01 00:00:00
P0417,6,91,2024-01-01 00:00:00
P0417,7,57,2024-01-01 00:00:00
P0417,8,43,2024-01-01 00:00:00
P0417,9,87,2024-01-01 00:00:00
P0417,10,63,2024-01-01 00:00:00
P0418,1,109,2024-01-01 00:00:00
P0418,2,73,2024-01-01 00:00:00
P0418,3,95,2024-01-01 00:00:00
P0418,4,101,2024-01-01 00:00:00
P0418,5,148,2024-01-01 00:00:00
P0418,6,83,2024-01-01 00:00:00
P0418,7,132,2024-01-01 00:00:00
P0418,8,111,2024-01-01 00:00:00
P0418,9,123,2024-01-01 00:00:00
P0418,10,93,2024-01-01 00:00:00
P0419,1,100,2024-01-01 00:00:00
P0419,2,69,2024-01-01 00:00:00
P0419,3,89,2024-01-01 00:00:00
P0419,4,85,2024-01-01 00:00:00
P0419,5,49,2024-01-01 00:00:00
P0419,6,100,2024-01-01 00:00:00
P0419,7,113,2024-01-01 00:00:00
P0419,8,77,2024-01-01 00:00:00
P0419,9,83,2024-01-01 00:00:00
P0419,10,83,2024-01-01 00:00:00
P0420,1,101,2024-01-01 00:00:00
P0420,2,46,2024-01-01 00:00:00
P0420,3,49,2024-01-01 00:00:00
P0420,4,104,2024-01-01 00:00:00
P0420,5,86,2024-01-01 00:00:00
P0420,6,99,2024-01-01 00:00:00
P0420,7,94,2024-01-01 00:00:00
P0420,8,98,2024-01-01 00:00:00
P0420,9,99,2024-01-01 00:00:00
P0420,10,101,2024-01-01 00:00:00
P0421,1,103,2024-01-01 00:00:00
P0421,2,75,2024-01-01 00:00:00
P0421,3,97,2024-01-01 00:00:00
P0421,4,52,2024-01-01 00:00:00
P0421,5,69,2024-01-01 00:00:00
P0421,6,70,2024-01-01 00:00:00
P0421,7,104,2024-01-01 00:00:00
P0421,8,59,2024-01-01 00:00:00
P0421,9,85,2024-01-01 00:00:00
P0421,10,53,2024-01-01 00:00:00
P0422,1,57,2024-01-01 00:00:00
P0422,2,91,2024-01-01 00:00:00
P0422,3,102,2024-01-01 00:00:00
P0422,4,62,2024-01-01 00:00:00
P0422,5,105,2024-01-01 00:00:00
P0422,6,105,2024-01-01 00:00:00
P0422,7,67,2024-01-01 00:00:00
P0422,8,63,2024-01-01 00:00:00
P0422,9,55,2024-01-01 00:00:00
P0422,10,65,2024-01-01 00:00:00
P0423,1,65,2024-01-01 00:00:00
P0423,2,57,2024-01-01 00:00:00
P0423,3,98,2024-01-01 00:00:00
P0423,4,70,2024-01-01 00:00:00
P0423,5,54,2024-01-01 00:00:00
P0423,6,70,2024-01-01 00:00:00
P0423,7,48,2024-01-01 00:00:00
P0423,8,99,2024-01-01 00:00:00
P0423,9,92,2024-01-01 00:00:00
P0423,10,56,2024-01-01 00:00:00
P0424,1,69,2024-01-01 00:00:00
P0424,2,53,2024-01-01 00:00:00
P0424,3,103,2024-01-01 00:00:00
P0424,4,53,2024-01-01 00:00:00
P0424,5,84,2024-01-01 00:00:00
P0424,6,104,2024-01-01 00:00:00
P0424,7,84,2024-01-01 00:00:00
P0424,8,93,2024-01-01 00:00:00
P0424,9,72,2024-01-01 00:00:00
P0424,10,75,2024-01-01 00:00:00
P0425,1,55,2024-01-01 00:00:00
P0425,2,47,2024-01-01 00:00:00
P0425,3,50,2024-01-01 00:00:00
P0425,4,55,2024-01-01 00:00:00
P0425,5,64,2024-01-01 00:00:00
P0425,6,90,2024-01-01 00:00:00
P0425,7,96,2024-01-01 00:00:00
P0425,8,65,2024-01-01 00:00:00
P0425,9,50,2024-01-01 00:00:00
P0425,10,57,2024-01-01 00:00:00
P0426,1,83,2024-01-01 00:00:00
P0426,2,106,2024-01-01 00:00:00
P0426,3,87,2024-01-01 00:00:00
P0426,4,107,2024-01-01 00:00:00
P0426,5,51,2024-01-01 00:00:00
P0426,6,79,2024-01-01 00:00:00
P0426,7,79,2024-01-01 00:00:00
P0426,8,115,2024-01-01 00:00:00
P0426,9,93,2024-01-01 00:00:00
P0426,10,72,2024-01-01 00:00:00
P0427,1,93,2024-01-01 00:00:00
P0427,2,94,2024-01-01 00:00:00
P0427,3,124,2024-01-01 00:00:00
P0427,4,91,2024-01-01 00:00:00
P0427,5,62,2024-01-01 00:00:00
P0427,6,111,2024-01-01 00:00:00
P0427,7,132,2024-01-01 00:00:00
P0427,8,76,2024-01-01 00:00:00
P0427,9,124,2024-01-01 00:00:00
P0427,10,101,2024-01-01 00:00:00
P0428,1,92,2024-01-01 00:00:00
P0428,2,84,2024-01-01 00:00:00
P0428,3,112,2024-01-01 00:00:00
P0428,4,106,2024-01-01 00:00:00
P0428,5,117,2024-01-01 00:00:00
P0428,6,105,2024-01-01 00:00:00
P0428,7,113,2024-01-01 00:00:00
P0428,8,52,2024-01-01 00:00:00
P0428,9,55,2024-01-01 00:00:00
P0428,10,54,2024-01-01 00:00:00
P0429,1,79,2024-01-01 00:00:00
P0429,2,80,2024-01-01 00:00:00
P0429,3,88,2024-01-01 00:00:00
P0429,4,59,2024-01-01 00:00:00
P0429,5,72,2024-01-01 00:00:00
P0429,6,76,2024-01-01 00:00:00
P0429,7,96,2024-01-01 00:00:00
P0429,8,64,2024-01-01 00:00:00
P0429,9,86,2024-01-01 00:00:00
P0429,10,65,2024-01-01 00:00:00
P0430,1,121,2024-01-01 00:00:00
P0430,2,83,2024-01-01 00:00:00
P0430,3,146,2024-01-01 00:00:00
P0430,4,134,2024-01-01 00:00:00
P0430,5,159,2024-01-01 00:00:00
P0430,6,147,2024-01-01 00:00:00
P0430,7,76,2024-01-01 00:00:00
P0430,8,91,2024-01-01 00:00:00
P0430,9,112,2024-01-01 00:00:00
P0430,10,96,2024-01-01 00:00:00
P0431,1,140,2024-01-01 00:00:00
P0431,2,90,2024-01-01 00:00:00
P0431,3,96,2024-01-01 00:00:00
P0431,4,120,2024-01-01 00:00:00
P0431,5,168,2024-01-01 00:00:00
P0431,6,162,2024-01-01 00:00:00
P0431,7,116,2024-01-01 00:00:00
P0431,8,135,2024-01-01 00:00:00
P0431,9,144,2024-01-01 00:00:00
P0431,10,153,2024-01-01 00:00:00
P0432,1,90,2024-01-01 00:00:00
P0432,2,84,2024-01-01 00:00:00
P0432,3,111,2024-01-01 00:00:00
P0432,4,123,2024-01-01 00:00:00
P0432,5,91,2024-01-01 00:00:00
P0432,6,79,2024-01-01 00:00:00
P0432,7,103,2024-01-01 00:00:00
P0432,8,140,2024-01-01 00:00:00
P0432,9,113,2024-01-01 00:00:00
P0432,10,69,2024-01-01 00:00:00
P0433,1,125,2024-01-01 00:00:00
P0433,2,94,2024-01-01 00:00:00
P0433,3,63,2024-01-01 00:00:00
P0433,4,123,2024-01-01 00:00:00
P0433,5,92,2024-01-01 00:00:00
P0433,6,114,2024-01-01 00:00:00
P0433,7,83,2024-01-01 00:00:00
P0433,8,90,2024-01-01 00:00:00
P0433,9,66,2024-01-01 00:00:00
P0433,10,130,2024-01-01 00:00:00
P0434,1,144,2024-01-01 00:00:00
P0434,2,121,2024-01-01 00:00:00
P0434,3,99,2024-01-01 00:00:00
P0434,4,105,2024-01-01 00:00:00
P0434,5,145,2024-01-01 00:00:00
P0434,6,144,2024-01-01 00:00:00
P0434,7,89,2024-01-01 00:00:00
P0434,8,109,2024-01-01 00:00:00
P0434,9,107,2024-01-01 00:00:00
P0434,10,78,2024-01-01 00:00:00
P0435,1,108,2024-01-01 00:00:00
P0435,2,143,2024-01-01 00:00:00
P0435,3,85,2024-01-01 00:00:00
P0435,4,149,2024-01-01 00:00:00
P0435,5,93,2024-01-01 00:00:00
P0435,6,135,2024-01-01 00:00:00
P0435,7,122,2024-01-01 00:00:00
P0435,8,66,2024-01-01 00:00:00
P0435,9,74,2024-01-01 00:00:00
P0435,10,149,2024-01-01 00:00:00
P0436,1,110,2024-01-01 00:00:00
P0436,2,57,2024-01-01 00:00:00
P0436,3,85,2024-01-01 00:00:00
P0436,4,48,2024-01-01 00:00:00
P0436,5,52,2024-01-01 00:00:00
P0436,6,97,2024-01-01 00:00:00
P0436,7,81,2024-01-01 00:00:00
P0436,8,112,2024-01-01 00:00:00
P0436,9,57,2024-01-01 00:00:00
P0436,10,83,2024-01-01 00:00:00
P0437,1,97,2024-01-01 00:00:00
P0437,2,80,2024-01-01 00:00:00
P0437,3,51,2024-01-01 00:00:00
P0437,4,92,2024-01-01 00:00:00
P0437,5,76,2024-01-01 00:00:00
P0437,6,58,2024-01-01 00:00:00
P0437,7,83,2024-01-01 00:00:00
P0437,8,71,2024-01-01 00:00:00
P0437,9,98,2024-01-01 00:00:00
P0437,10,70,2024-01-01 00:00:00
P0438,1,94,2024-01-01 00:00:00
P0438,2,131,2024-01-01 00:00:00
P0438,3,94,2024-01-01 00:00:00
P0438,4,112,2024-01-01 00:00:00
P0438,5,120,2024-01-01 00:00:00
P0438,6,96,2024-01-01 00:00:00
P0438,7,120,2024-01-01 00:00:00
P0438,8,101,2024-01-01 00:00:00
P0438,9,105,2024-01-01 00:00:00
P0438,10,118,2024-01-01 00:00:00
P0439,1,66,2024-01-01 00:00:00
P0439,2,95,2024-01-01 00:00:00
P0439,3,75,2024-01-01 00:00:00
P0439,4,60,2024-01-01 00:00:00
P0439,5,50,2024-01-01 00:00:00
P0439,6,57,2024-01-01 00:00:00
P0439,7,49,2024-01-01 00:00:00
P0439,8,103,2024-01-01 00:00:00
P0439,9,81,2024-01-01 00:00:00
P0439,10,61,2024-01-01 00:00:00
P0440,1,60,2024-01-01 00:00:00
P0440,2,97,2024-01-01 00:00:00
P0440,3,90,2024-01-01 00:00:00
P0440,4,74,2024-01-01 00:00:00
P0440,5,93,2024-01-01 00:00:00
P0440,6,79,2024-01-01 00:00:00
P0440,7,49,2024-01-01 00:00:00
P0440,8,102,2024-01-01 00:00:00
P0440,9,85,2024-01-01 00:00:00
P0440,10,71,2024-01-01 00:00:00
P0441,1,104,2024-01-01 00:00:00
P0441,2,60,2024-01-01 00:00:00
P0441,3,47,2024-01-01 00:00:00
P0441,4,98,2024-01-01 00:00:00
P0441,5,100,2024-01-01 00:00:00
P0441,6,46,2024-01-01 00:00:00
P0441,7,69,2024-01-01 00:00:00
P0441,8,99,2024-01-01 00:00:00
P0441,9,95,2024-01-01 00:00:00
P0441,10,51,2024-01-01 00:00:00
P0442,1,60,2024-01-01 00:00:00
P0442,2,101,2024-01-01 00:00:00
P0442,3,71,2024-01-01 00:00:00
P0442,4,73,2024-01-01 00:00:00
P0442,5,69,2024-01-01 00:00:00
P0442,6,77,2024-01-01 00:00:00
P0442,7,55,2024-01-01 00:00:00
P0442,8,68,2024-01-01 00:00:00
P0442,9,58,2024-01-01 00:00:00
P0442,10,50,2024-01-01 00:00:00
P0443,1,90,2024-01-01 00:00:00
P0443,2,66,2024-01-01 00:00:00
P0443,3,67,2024-01-01 00:00:00
P0443,4,74,2024-01-01 00:00:00
P0443,5,57,2024-01-01 00:00:00
P0443,6,85,2024-01-01 00:00:00
P0443,7,91,2024-01-01 00:00:00
P0443,8,79,2024-01-01 00:00:00
P0443,9,80,2024-01-01 00:00:00
P0443,10,94,2024-01-01 00:00:00
P0444,1,49,2024-01-01 00:00:00
P0444,2,88,2024-01-01 00:00:00
P0444,3,105,2024-01-01 00:00:00
P0444,4,80,2024-01-01 00:00:00
P0444,5,50,2024-01-01 00:00:00
P0444,6,102,2024-01-01 00:00:00
P0444,7,98,2024-01-01 00:00:00
P0444,8,88,2024-01-01 00:00:00
P0444,9,102,2024-01-01 00:00:00
P0444,10,97,2024-01-01 00:00:00
P0445,1,91,2024-01-01 00:00:00
P0445,2,48,2024-01-01 00:00:00
P0445,3,96,2024-01-01 00:00:00
P0445,4,67,2024-01-01 00:00:00
P0445,5,47,2024-01-01 00:00:00
P0445,6,76,2024-01-01 00:00:00
P0445,7,101,2024-01-01 00:00:00
P0445,8,104,2024-01-01 00:00:00
P0445,9,80,2024-01-01 00:00:00
P0445,10,50,2024-01-01 00:00:00
P0446,1,72,2024-01-01 00:00:00
P0446,2,94,2024-01-01 00:00:00
P0446,3,67,2024-01-01 00:00:00
P0446,4,73,2024-01-01 00:00:00
P0446,5,52,2024-01-01 00:00:00
P0446,6,50,2024-01-01 00:00:00
P0446,7,46,2024-01-01 00:00:00
P0446,8,94,2024-01-01 00:00:00
P0446,9,93,2024-01-01 00:00:00
P0446,10,48,2024-01-01 00:00:00
P0447,1,52,2024-01-01 00:00:00
P0447,2,105,2024-01-01 00:00:00
P0447,3,61,2024-01-01 00:00:00
P0447,4,51,2024-01-01 00:00:00
P0447,5,86,2024-01-01 00:00:00
P0447,6,88,2024-01-01 00:00:00
P0447,7,94,2024-01-01 00:00:00
P0447,8,90,2024-01-01 00:00:00
P0447,9,51,2024-01-01 00:00:00
P0447,10,48,2024-01-01 00:00:00
P0448,1,62,2024-01-01 00:00:00
P0448,2,81,2024-01-01 00:00:00
P0448,3,64,2024-01-01 00:00:00
P0448,4,59,2024-01-01 00:00:00
P0448,5,67,2024-01-01 00:00:00
P0448,6,76,2024-01-01 00:00:00
P0448,7,66,2024-01-01 00:00:00
P0448,8,72,2024-01-01 00:00:00
P0448,9,60,2024-01-01 00:00:00
P0448,10,102,2024-01-01 00:00:00
P0449,1,81,2024-01-01 00:00:00
P0449,2,60,2024-01-01 00:00:00
P0449,3,70,2024-01-01 00:00:00
P0449,4,104,2024-01-01 00:00:00
P0449,5,61,2024-01-01 00:00:00
P0449,6,53,2024-01-01 00:00:00
P0449,7,89,2024-01-01 00:00:00
P0449,8,47,2024-01-01 00:00:00
P0449,9,99,2024-01-01 00:00:00
P0449,10,48,2024-01-01 00:00:00
P0450,1,104,2024-01-01 00:00:00
P0450,2,53,2024-01-01 00:00:00
P0450,3,73,2024-01-01 00:00:00
P0450,4,100,2024-01-01 00:00:00
P0450,5,108,2024-01-01 00:00:00
P0450,6,56,2024-01-01 00:00:00
P0450,7,76,2024-01-01 00:00:00
P0450,8,87,2024-01-01 00:00:00
P0450,9,49,2024-01-01 00:00:00
P0450,10,106,2024-01-01 00:00:00
P0451,1,133,2024-01-01 00:00:00
P0451,2,139,2024-01-01 00:00:00
P0451,3,81,2024-01-01 00:00:00
P0451,4,141,2024-01-01 00:00:00
P0451,5,78,2024-01-01 00:00:00
P0451,6,68,2024-01-01 00:00:00
P0451,7,128,2024-01-01 00:00:00
P0451,8,67,2024-01-01 00:00:00
P0451,9,128,2024-01-01 00:00:00
P0451,10,142,2024-01-01 00:00:00
P0452,1,60,2024-01-01 00:00:00
P0452,2,69,2024-01-01 00:00:00
P0452,3,115,2024-01-01 00:00:00
P0452,4,91,2024-01-01 00:00:00
P0452,5,69,2024-01-01 00:00:00
P0452,6,129,2024-01-01 00:00:00
P0452,7,70,2024-01-01 00:00:00
P0452,8,131,2024-01-01 00:00:00
P0452,9,138,2024-01-01 00:00:00
P0452,10,61,2024-01-01 00:00:00
P0453,1,66,2024-01-01 00:00:00
P0453,2,72,2024-01-01 00:00:00
P0453,3,51,2024-01-01 00:00:00
P0453,4,50,2024-01-01 00:00:00
P0453,5,56,2024-01-01 00:00:00
P0453,6,89,2024-01-01 00:00:00
P0453,7,79,2024-01-01 00:00:00
P0453,8,66,2024-01-01 00:00:00
P0453,9,64,2024-01-01 00:00:00
P0453,10,70,2024-01-01 00:00:00
P0454,1,95,2024-01-01 00:00:00
P0454,2,143,2024-01-01 00:00:00
P0454,3,85,2024-01-01 00:00:00
P0454,4,150,2024-01-01 00:00:00
P0454,5,164,2024-01-01 00:00:00
P0454,6,122,2024-01-01 00:00:00
P0454,7,163,2024-01-01 00:00:00
P0454,8,96,2024-01-01 00:00:00
P0454,9,80,2024-01-01 00:00:00
P0454,10,128,2024-01-01 00:00:00
P0455,1,88,2024-01-01 00:00:00
P0455,2,90,2024-01-01 00:00:00
P0455,3,95,2024-01-01 00:00:00
P0455,4,84,2024-01-01 00:00:00
P0455,5,109,2024-01-01 00:00:00
P0455,6,123,2024-01-01 00:00:00
P0455,7,118,2024-01-01 00:00:00
P0455,8,63,2024-01-01 00:00:00
P0455,9,134,2024-01-01 00:00:00
P0455,10,114,2024-01-01 00:00:00
P0456,1,56,2024-01-01 00:00:00
P0456,2,84,2024-01-01 00:00:00
P0456,3,71,2024-01-01 00:00:00
P0456,4,78,2024-01-01 00:00:00
P0456,5,89,2024-01-01 00:00:00
P0456,6,55,2024-01-01 00:00:00
P0456,7,112,2024-01-01 00:00:00
P0456,8,78,2024-01-01 00:00:00
P0456,9,82,2024-01-01 00:00:00
P0456,10,88,2024-01-01 00:00:00
P0457,1,70,2024-01-01 00:00:00
P0457,2,84,2024-01-01 00:00:00
P0457,3,119,2024-01-01 00:00:00
P0457,4,81,2024-01-01 00:00:00
P0457,5,104,2024-01-01 00:00:00
P0457,6,124,2024-01-01 00:00:00
P0457,7,68,2024-01-01 00:00:00
P0457,8,79,2024-01-01 00:00:00
P0457,9,76,2024-01-01 00:00:00
P0457,10,110,2024-01-01 00:00:00
P0458,1,56,2024-01-01 00:00:00
P0458,2,93,2024-01-01 00:00:00
P0458,3,83,2024-01-01 00:00:00
P0458,4,58,2024-01-01 00:00:00
P0458,5,112,2024-01-01 00:00:00
P0458,6,113,2024-01-01 00:00:00
P0458,7,125,2024-01-01 00:00:00
P0458,8,118,2024-01-01 00:00:00
P0458,9,81,2024-01-01 00:00:00
P0458,10,93,2024-01-01 00:00:00
P0459,1,101,2024-01-01 00:00:00
P0459,2,58,2024-01-01 00:00:00
P0459,3,121,2024-01-01 00:00:00
P0459,4,76,2024-01-01 00:00:00
P0459,5,64,2024-01-01 00:00:00
P0459,6,81,2024-01-01 00:00:00
P0459,7,89,2024-01-01 00:00:00
P0459,8,106,2024-01-01 00:00:00
P0459,9,90,2024-01-01 00:00:00
P0459,10,94,2024-01-01 00:00:00
P0460,1,136,2024-01-01 00:00:00
P0460,2,150,2024-01-01 00:00:00
P0460,3,122,2024-01-01 00:00:00
P0460,4,96,2024-01-01 00:00:00
P0460,5,106,2024-01-01 00:00:00
P0460,6,69,2024-01-01 00:00:00
P0460,7,146,2024-01-01 00:00:00
P0460,8,76,2024-01-01 00:00:00
P0460,9,102,2024-01-01 00:00:00
P0460,10,138,2024-01-01 00:00:00
P0461,1,115,2024-01-01 00:00:00
P0461,2,70,2024-01-01 00:00:00
P0461,3,87,2024-01-01 00:00:00
P0461,4,78,2024-01-01 00:00:00
P0461,5,133,2024-01-01 00:00:00
P0461,6,88,2024-01-01 00:00:00
P0461,7,111,2024-01-01 00:00:00
P0461,8,78,2024-01-01 00:00:00
P0461,9,111,2024-01-01 00:00:00
P0461,10,110,2024-01-01 00:00:00
P0462,1,173,2024-01-01 00:00:00
P0462,2,153,2024-01-01 00:00:00
P0462,3,89,2024-01-01 00:00:00
P0462,4,170,2024-01-01 00:00:00
P0462,5,97,2024-01-01 00:00:00
P0462,6,151,2024-01-01 00:00:00
P0462,7,89,2024-01-01 00:00:00
P0462,8,124,2024-01-01 00:00:00
P0462,9,146,2024-01-01 00:00:00
P0462,10,142,2024-01-01 00:00:00
P0463,1,83,2024-01-01 00:00:00
P0463,2,113,2024-01-01 00:00:00
P0463,3,96,2024-01-01 00:00:00
P0463,4,64,2024-01-01 00:00:00
P0463,5,136,2024-01-01 00:00:00
P0463,6,94,2024-01-01 00:00:00
P0463,7,79,2024-01-01 00:00:00
P0463,8,66,2024-01-01 00:00:00
P0463,9,141,2024-01-01 00:00:00
P0463,10,112,2024-01-01 00:00:00
P0464,1,69,2024-01-01 00:00:00
P0464,2,66,2024-01-01 00:00:00
P0464,3,82,2024-01-01 00:00:00
P0464,4,81,2024-01-01 00:00:00
P0464,5,74,2024-01-01 00:00:00
P0464,6,46,2024-01-01 00:00:00
P0464,7,79,2024-01-01 00:00:00
P0464,8,95,2024-01-01 00:00:00
P0464,9,58,2024-01-01 00:00:00
P0464,10,54,2024-01-01 00:00:00
P0465,1,86,2024-01-01 00:00:00
P0465,2,54,2024-01-01 00:00:00
P0465,3,99,2024-01-01 00:00:00
P0465,4,92,2024-01-01 00:00:00
P0465,5,53,2024-01-01 00:00:00
P0465,6,70,2024-01-01 00:00:00
P0465,7,84,2024-01-01 00:00:00
P0465,8,90,2024-01-01 00:00:00
P0465,9,92,2024-01-01 00:00:00
P0465,10,99,2024-01-01 00:00:00
P0466,1,45,2024-01-01 00:00:00
P0466,2,45,2024-01-01 00:00:00
P0466,3,85,2024-01-01 00:00:00
P0466,4,48,2024-01-01 00:00:00
P0466,5,49,2024-01-01 00:00:00
P0466,6,81,2024-01-01 00:00:00
P0466,7,69,2024-01-01 00:00:00
P0466,8,105,2024-01-01 00:00:00
P0466,9,90,2024-01-01 00:00:00
P0466,10,101,2024-01-01 00:00:00
P0467,1,103,2024-01-01 00:00:00
P0467,2,92,2024-01-01 00:00:00
P0467,3,80,2024-01-01 00:00:00
P0467,4,71,2024-01-01 00:00:00
P0467,5,92,2024-01-01 00:00:00
P0467,6,50,2024-01-01 00:00:00
P0467,7,90,2024-01-01 00:00:00
P0467,8,104,2024-01-01 00:00:00
P0467,9,105,2024-01-01 00:00:00
P0467,10,70,2024-01-01 00:00:00
P0468,1,66,2024-01-01 00:00:00
P0468,2,76,2024-01-01 00:00:00
P0468,3,86,2024-01-01 00:00:00
P0468,4,99,2024-01-01 00:00:00
P0468,5,71,2024-01-01 00:00:00
P0468,6,82,2024-01-01 00:00:00
P0468,7,69,2024-01-01 00:00:00
P0468,8,99,2024-01-01 00:00:00
P0468,9,47,2024-01-01 00:00:00
P0468,10,79,2024-01-01 00:00:00
P0469,1,51,2024-01-01 00:00:00
P0469,2,95,2024-01-01 00:00:00
P0469,3,90,2024-01-01 00:00:00
P0469,4,97,2024-01-01 00:00:00
P0469,5,79,2024-01-01 00:00:00
P0469,6,45,2024-01-01 00:00:00
P0469,7,90,2024-01-01 00:00:00
P0469,8,66,2024-01-01 00:00:00
P0469,9,87,2024-01-01 00:00:00
P0469,10,57,2024-01-01 00:00:00
P0470,1,53,2024-01-01 00:00:00
P0470,2,58,2024-01-01 00:00:00
P0470,3,45,2024-01-01 00:00:00
P0470,4,31,2024-01-01 00:00:00
P0470,5,57,2024-01-01 00:00:00
P0470,6,35,2024-01-01 00:00:00
P0470,7,27,2024-01-01 00:00:00
P0470,8,57,2024-01-01 00:00:00
P0470,9,63,2024-01-01 00:00:00
P0470,10,33,2024-01-01 00:00:00
P0471,1,88,2024-01-01 00:00:00
P0471,2,101,2024-01-01 00:00:00
P0471,3,53,2024-01-01 00:00:00
P0471,4,73,2024-01-01 00:00:00
P0471,5,47,2024-01-01 00:00:00
P0471,6,82,2024-01-01 00:00:00
P0471,7,46,2024-01-01 00:00:00
P0471,8,83,2024-01-01 00:00:00
P0471,9,98,2024-01-01 00:00:00
P0471,10,54,2024-01-01 00:00:00
P0472,1,129,2024-01-01 00:00:00
P0472,2,101,2024-01-01 00:00:00
P0472,3,139,2024-01-01 00:00:00
P0472,4,92,2024-01-01 00:00:00
P0472,5,66,2024-01-01 00:00:00
P0472,6,80,2024-01-01 00:00:00
P0472,7,96,2024-01-01 00:00:00
P0472,8,126,2024-01-01 00:00:00
P0472,9,146,2024-01-01 00:00:00
P0472,10,130,2024-01-01 00:00:00
P0473,1,85,2024-01-01 00:00:00
P0473,2,90,2024-01-01 00:00:00
P0473,3,72,2024-01-01 00:00:00
P0473,4,66,2024-01-01 00:00:00
P0473,5,50,2024-01-01 00:00:00
P0473,6,92,2024-01-01 00:00:00
P0473,7,77,2024-01-01 00:00:00
P0473,8,52,2024-01-01 00:00:00
P0473,9,55,2024-01-01 00:00:00
P0473,10,92,2024-01-01 00:00:00
P0474,1,94,2024-01-01 00:00:00
P0474,2,78,2024-01-01 00:00:00
P0474,3,83,2024-01-01 00:00:00
P0474,4,58,2024-01-01 00:00:00
P0474,5,67,2024-01-01 00:00:00
P0474,6,87,2024-01-01 00:00:00
P0474,7,89,2024-01-01 00:00:00
P0474,8,74,2024-01-01 00:00:00
P0474,9,115,2024-01-01 00:00:00
P0474,10,117,2024-01-01 00:00:00
P0475,1,91,2024-01-01 00:00:00
P0475,2,69,2024-01-01 00:00:00
P0475,3,101,2024-01-01 00:00:00
P0475,4,78,2024-01-01 00:00:00
P0475,5,103,2024-01-01 00:00:00
P0475,6,135,2024-01-01 00:00:00
P0475,7,85,2024-01-01 00:00:00
P0475,8,58,2024-01-01 00:00:00
P0475,9,128,2024-01-01 00:00:00
P0475,10,85,2024-01-01 00:00:00
P0476,1,90,2024-01-01 00:00:00
P0476,2,107,2024-01-01 00:00:00
P0476,3,73,2024-01-01 00:00:00
P0476,4,54,2024-01-01 00:00:00
P0476,5,67,2024-01-01 00:00:00
P0476,6,62,2024-01-01 00:00:00
P0476,7,88,2024-01-01 00:00:00
P0476,8,83,2024-01-01 00:00:00
P0476,9,47,2024-01-01 00:00:00
P0476,10,60,2024-01-01 00:00:00
P0477,1,123,2024-01-01 00:00:00
P0477,2,64,2024-01-01 00:00:00
P0477,3,72,2024-01-01 00:00:00
P0477,4,137,2024-01-01 00:00:00
P0477,5,126,2024-01-01 00:00:00
P0477,6,100,2024-01-01 00:00:00
P0477,7,137,2024-01-01 00:00:00
P0477,8,95,2024-01-01 00:00:00
P0477,9,83,2024-01-01 00:00:00
P0477,10,92,2024-01-01 00:00:00
P0478,1,83,2024-01-01 00:00:00
P0478,2,75,2024-01-01 00:00:00
P0478,3,54,2024-01-01 00:00:00
P0478,4,101,2024-01-01 00:00:00
P0478,5,88,2024-01-01 00:00:00
P0478,6,103,2024-01-01 00:00:00
P0478,7,97,2024-01-01 00:00:00
P0478,8,76,2024-01-01 00:00:00
P0478,9,100,2024-01-01 00:00:00
P0478,10,103,2024-01-01 00:00:00
P0479,1,47,2024-01-01 00:00:00
P0479,2,102,2024-01-01 00:00:00
P0479,3,47,2024-01-01 00:00:00
P0479,4,81,2024-01-01 00:00:00
P0479,5,53,2024-01-01 00:00:00
P0479,6,75,2024-01-01 00:00:00
P0479,7,58,2024-01-01 00:00:00
P0479,8,61,2024-01-01 00:00:00
P0479,9,98,2024-01-01 00:00:00
P0479,10,101,2024-01-01 00:00:00
P0480,1,45,2024-01-01 00:00:00
P0480,2,51,2024-01-01 00:00:00
P0480,3,81,2024-01-01 00:00:00
P0480,4,59,2024-01-01 00:00:00
P0480,5,69,2024-01-01 00:00:00
P0480,6,64,2024-01-01 00:00:00
P0480,7,95,2024-01-01 00:00:00
P0480,8,66,2024-01-01 00:00:00
P0480,9,98,2024-01-01 00:00:00
P0480,10,63,2024-01-01 00:00:00
P0481,1,70,2024-01-01 00:00:00
P0481,2,80,2024-01-01 00:00:00
P0481,3,66,2024-01-01 00:00:00
P0481,4,89,2024-01-01 00:00:00
P0481,5,70,2024-01-01 00:00:00
P0481,6,71,2024-01-01 00:00:00
P0481,7,59,2024-01-01 00:00:00
P0481,8,59,2024-01-01 00:00:00
P0481,9,92,2024-01-01 00:00:00
P0481,10,97,2024-01-01 00:00:00
P0482,1,33,2024-01-01 00:00:00
P0482,2,45,2024-01-01 00:00:00
P0482,3,33,2024-01-01 00:00:00
P0482,4,69,2024-01-01 00:00:00
P0482,5,56,2024-01-01 00:00:00
P0482,6,35,2024-01-01 00:00:00
P0482,7,67,2024-01-01 00:00:00
P0482,8,39,2024-01-01 00:00:00
P0482,9,46,2024-01-01 00:00:00
P0482,10,32,2024-01-01 00:00:00
P0483,1,71,2024-01-01 00:00:00
P0483,2,83,2024-01-01 00:00:00
P0483,3,84,2024-01-01 00:00:00
P0483,4,74,2024-01-01 00:00:00
P0483,5,52,2024-01-01 00:00:00
P0483,6,70,2024-01-01 00:00:00
P0483,7,38,2024-01-01 00:00:00
P0483,8,37,2024-01-01 00:00:00
P0483,9,56,2024-01-01 00:00:00
P0483,10,68,2024-01-01 00:00:00
P0484,1,72,2024-01-01 00:00:00
P0484,2,90,2024-01-01 00:00:00
P0484,3,58,2024-01-01 00:00:00
P0484,4,67,2024-01-01 00:00:00
P0484,5,84,2024-01-01 00:00:00
P0484,6,95,2024-01-01 00:00:00
P0484,7,42,2024-01-01 00:00:00
P0484,8,77,2024-01-01 00:00:00
P0484,9,65,2024-01-01 00:00:00
P0484,10,46,2024-01-01 00:00:00
P0485,1,69,2024-01-01 00:00:00
P0485,2,113,2024-01-01 00:00:00
P0485,3,82,2024-01-01 00:00:00
P0485,4,72,2024-01-01 00:00:00
P0485,5,111,2024-01-01 00:00:00
P0485,6,66,2024-01-01 00:00:00
P0485,7,112,2024-01-01 00:00:00
P0485,8,82,2024-01-01 00:00:00
P0485,9,126,2024-01-01 00:00:00
P0485,10,114,2024-01-01 00:00:00
P0486,1,43,2024-01-01 00:00:00
P0486,2,85,2024-01-01 00:00:00
P0486,3,61,2024-01-01 00:00:00
P0486,4,78,2024-01-01 00:00:00
P0486,5,84,2024-01-01 00:00:00
P0486,6,78,2024-01-01 00:00:00
P0486,7,43,2024-01-01 00:00:00
P0486,8,87,2024-01-01 00:00:00
P0486,9,50,2024-01-01 00:00:00
P0486,10,70,2024-01-01 00:00:00
P0487,1,59,2024-01-01 00:00:00
P0487,2,68,2024-01-01 00:00:00
P0487,3,105,2024-01-01 00:00:00
P0487,4,83,2024-01-01 00:00:00
P0487,5,96,2024-01-01 00:00:00
P0487,6,63,2024-01-01 00:00:00
P0487,7,80,2024-01-01 00:00:00
P0487,8,83,2024-01-01 00:00:00
P0487,9,65,2024-01-01 00:00:00
P0487,10,102,2024-01-01 00:00:00
P0488,1,85,2024-01-01 00:00:00
P0488,2,49,2024-01-01 00:00:00
P0488,3,103,2024-01-01 00:00:00
P0488,4,63,2024-01-01 00:00:00
P0488,5,46,2024-01-01 00:00:00
P0488,6,63,2024-01-01 00:00:00
P0488,7,53,2024-01-01 00:00:00
P0488,8,94,2024-01-01 00:00:00
P0488,9,98,2024-01-01 00:00:00
P0488,10,70,2024-01-01 00:00:00
P0489,1,46,2024-01-01 00:00:00
P0489,2,51,2024-01-01 00:00:00
P0489,3,69,2024-01-01 00:00:00
P0489,4,32,2024-01-01 00:00:00
P0489,5,31,2024-01-01 00:00:00
P0489,6,56,2024-01-01 00:00:00
P0489,7,61,2024-01-01 00:00:00
P0489,8,32,2024-01-01 00:00:00
P0489,9,54,2024-01-01 00:00:00
P0489,10,45,2024-01-01 00:00:00
P0490,1,70,2024-01-01 00:00:00
P0490,2,103,2024-01-01 00:00:00
P0490,3,102,2024-01-01 00:00:00
P0490,4,85,2024-01-01 00:00:00
P0490,5,103,2024-01-01 00:00:00
P0490,6,51,2024-01-01 00:00:00
P0490,7,104,2024-01-01 00:00:00
P0490,8,95,2024-01-01 00:00:00
P0490,9,47,2024-01-01 00:00:00
P0490,10,84,2024-01-01 00:00:00
P0491,1,86,2024-01-01 00:00:00
P0491,2,92,2024-01-01 00:00:00
P0491,3,49,2024-01-01 00:00:00
P0491,4,51,2024-01-01 00:00:00
P0491,5,86,2024-01-01 00:00:00
P0491,6,87,2024-01-01 00:00:00
P0491,7,91,2024-01-01 00:00:00
P0491,8,88,2024-01-01 00:00:00
P0491,9,78,2024-01-01 00:00:00
P0491,10,92,2024-01-01 00:00:00
P0492,1,85,2024-01-01 00:00:00
P0492,2,102,2024-01-01 00:00:00
P0492,3,81,2024-01-01 00:00:00
P0492,4,69,2024-01-01 00:00:00
P0492,5,88,2024-01-01 00:00:00
P0492,6,67,2024-01-01 00:00:00
P0492,7,102,2024-01-01 00:00:00
P0492,8,102,2024-01-01 00:00:00
P0492,9,68,2024-01-01 00:00:00
P0492,10,105,2024-01-01 00:00:00
P0493,1,115,2024-01-01 00:00:00
P0493,2,77,2024-01-01 00:00:00
P0493,3,75,2024-01-01 00:00:00
P0493,4,82,2024-01-01 00:00:00
P0493,5,154,2024-01-01 00:00:00
P0493,6,117,2024-01-01 00:00:00
P0493,7,86,2024-01-01 00:00:00
P0493,8,79,2024-01-01 00:00:00
P0493,9,88,2024-01-01 00:00:00
P0493,10,134,2024-01-01 00:00:00
P0494,1,116,2024-01-01 00:00:00
P0494,2,84,2024-01-01 00:00:00
P0494,3,65,2024-01-01 00:00:00
P0494,4,80,2024-01-01 00:00:00
P0494,5,65,2024-01-01 00:00:00
P0494,6,123,2024-01-01 00:00:00
P0494,7,68,2024-01-01 00:00:00
P0494,8,72,2024-01-01 00:00:00
P0494,9,63,2024-01-01 00:00:00
P0494,10,56,2024-01-01 00:00:00
P0495,1,107,2024-01-01 00:00:00
P0495,2,85,2024-01-01 00:00:00
P0495,3,109,2024-01-01 00:00:00
P0495,4,105,2024-01-01 00:00:00
P0495,5,94,2024-01-01 00:00:00
P0495,6,118,2024-01-01 00:00:00
P0495,7,74,2024-01-01 00:00:00
P0495,8,101,2024-01-01 00:00:00
P0495,9,122,2024-01-01 00:00:00
P0495,10,136,2024-01-01 00:00:00
P0496,1,44,2024-01-01 00:00:00
P0496,2,56,2024-01-01 00:00:00
P0496,3,61,2024-01-01 00:00:00
P0496,4,54,2024-01-01 00:00:00
P0496,5,48,2024-01-01 00:00:00
P0496,6,47,2024-01-01 00:00:00
P0496,7,73,2024-01-01 00:00:00
P0496,8,56,2024-01-01 00:00:00
P0496,9,72,2024-01-01 00:00:00
P0496,10,67,2024-01-01 00:00:00
P0497,1,83,2024-01-01 00:00:00
P0497,2,84,2024-01-01 00:00:00
P0497,3,45,2024-01-01 00:00:00
P0497,4,78,2024-01-01 00:00:00
P0497,5,65,2024-01-01 00:00:00
P0497,6,87,2024-01-01 00:00:00
P0497,7,66,2024-01-01 00:00:00
P0497,8,74,2024-01-01 00:00:00
P0497,9,55,2024-01-01 00:00:00
P0497,10,63,2024-01-01 00:00:00
P0498,1,100,2024-01-01 00:00:00
P0498,2,51,2024-01-01 00:00:00
P0498,3,51,2024-01-01 00:00:00
P0498,4,104,2024-01-01 00:00:00
P0498,5,80,2024-01-01 00:00:00
P0498,6,55,2024-01-01 00:00:00
P0498,7,110,2024-01-01 00:00:00
P0498,8,54,2024-01-01 00:00:00
P0498,9,115,2024-01-01 00:00:00
P0498,10,60,2024-01-01 00:00:00
P0499,1,55,2024-01-01 00:00:00
P0499,2,119,2024-01-01 00:00:00
P0499,3,115,2024-01-01 00:00:00
P0499,4,102,2024-01-01 00:00:00
P0499,5,81,2024-01-01 00:00:00
P0499,6,120,2024-01-01 00:00:00
P0499,7,103,2024-01-01 00:00:00
P0499,8,108,2024-01-01 00:00:00
P0499,9,124,2024-01-01 00:00:00
P0499,10,72,2024-01-01 00:00:00
P0500,1,121,2024-01-01 00:00:00
P0500,2,64,2024-01-01 00:00:00
P0500,3,126,2024-01-01 00:00:00
P0500,4,92,2024-01-01 00:00:00
P0500,5,69,2024-01-01 00:00:00
P0500,6,87,2024-01-01 00:00:00
P0500,7,122,2024-01-01 00:00:00
P0500,8,74,2024-01-01 00:00:00
P0500,9,124,2024-01-01 00:00:00
P0500,10,85,2024-01-01 00:00:00
P0501,1,49,2024-01-01 00:00:00
P0501,2,79,2024-01-01 00:00:00
P0501,3,52,2024-01-01 00:00:00
P0501,4,60,2024-01-01 00:00:00
P0501,5,76,2024-01-01 00:00:00
P0501,6,81,2024-01-01 00:00:00
P0501,7,60,2024-01-01 00:00:00
P0501,8,55,2024-01-01 00:00:00
P0501,9,84,2024-01-01 00:00:00
P0501,10,85,2024-01-01 00:00:00
P0502,1,55,2024-01-01 00:00:00
P0502,2,76,2024-01-01 00:00:00
P0502,3,99,2024-01-01 00:00:00
P0502,4,60,2024-01-01 00:00:00
P0502,5,59,2024-01-01 00:00:00
P0502,6,57,2024-01-01 00:00:00
P0502,7,77,2024-01-01 00:00:00
P0502,8,64,2024-01-01 00:00:00
P0502,9,53,2024-01-01 00:00:00
P0502,10,62,2024-01-01 00:00:00
P0503,1,41,2024-01-01 00:00:00
P0503,2,78,2024-01-01 00:00:00
P0503,3,43,2024-01-01 00:00:00
P0503,4,54,2024-01-01 00:00:00
P0503,5,67,2024-01-01 00:00:00
P0503,6,54,2024-01-01 00:00:00
P0503,7,66,2024-01-01 00:00:00
P0503,8,62,2024-01-01 00:00:00
P0503,9,50,2024-01-01 00:00:00
P0503,10,58,2024-01-01 00:00:00
P0504,1,145,2024-01-01 00:00:00
P0504,2,78,2024-01-01 00:00:00
P0504,3,136,2024-01-01 00:00:00
P0504,4,147,2024-01-01 00:00:00
P0504,5,120,2024-01-01 00:00:00
P0504,6,165,2024-01-01 00:00:00
P0504,7,123,2024-01-01 00:00:00
P0504,8,82,2024-01-01 00:00:00
P0504,9,104,2024-01-01 00:00:00
P0504,10,165,2024-01-01 00:00:00
P0505,1,101,2024-01-01 00:00:00
P0505,2,88,2024-01-01 00:00:00
P0505,3,69,2024-01-01 00:00:00
P0505,4,81,2024-01-01 00:00:00
P0505,5,89,2024-01-01 00:00:00
P0505,6,88,2024-01-01 00:00:00
P0505,7,58,2024-01-01 00:00:00
P0505,8,90,2024-01-01 00:00:00
P0505,9,90,2024-01-01 00:00:00
P0505,10,81,2024-01-01 00:00:00
P0506,1,120,2024-01-01 00:00:00
P0506,2,111,2024-01-01 00:00:00
P0506,3,119,2024-01-01 00:00:00
P0506,4,134,2024-01-01 00:00:00
P0506,5,124,2024-01-01 00:00:00
P0506,6,127,2024-01-01 00:00:00
P0506,7,61,2024-01-01 00:00:00
P0506,8,123,2024-01-01 00:00:00
P0506,9,102,2024-01-01 00:00:00
P0506,10,137,2024-01-01 00:00:00
P0507,1,76,2024-01-01 00:00:00
P0507,2,86,2024-01-01 00:00:00
P0507,3,113,2024-01-01 00:00:00
P0507,4,70,2024-01-01 00:00:00
P0507,5,81,2024-01-01 00:00:00
P0507,6,59,2024-01-01 00:00:00
P0507,7,136,2024-01-01 00:00:00
P0507,8,125,2024-01-01 00:00:00
P0507,9,138,2024-01-01 00:00:00
P0507,10,113,2024-01-01 00:00:00
P0508,1,63,2024-01-01 00:00:00
P0508,2,116,2024-01-01 00:00:00
P0508,3,67,2024-01-01 00:00:00
P0508,4,59,2024-01-01 00:00:00
P0508,5,121,2024-01-01 00:00:00
P0508,6,86,2024-01-01 00:00:00
P0508,7,100,2024-01-01 00:00:00
P0508,8,101,2024-01-01 00:00:00
P0508,9,123,2024-01-01 00:00:00
P0508,10,124,2024-01-01 00:00:00
P0509,1,111,2024-01-01 00:00:00
P0509,2,152,2024-01-01 00:00:00
P0509,3,150,2024-01-01 00:00:00
P0509,4,77,2024-01-01 00:00:00
P0509,5,76,2024-01-01 00:00:00
P0509,6,136,2024-01-01 00:00:00
P0509,7,116,2024-01-01 00:00:00
P0509,8,79,2024-01-01 00:00:00
P0509,9,113,2024-01-01 00:00:00
P0509,10,166,2024-01-01 00:00:00
P0510,1,78,2024-01-01 00:00:00
P0510,2,72,2024-01-01 00:00:00
P0510,3,86,2024-01-01 00:00:00
P0510,4,54,2024-01-01 00:00:00
P0510,5,81,2024-01-01 00:00:00
P0510,6,70,2024-01-01 00:00:00
P0510,7,67,2024-01-01 00:00:00
P0510,8,47,2024-01-01 00:00:00
P0510,9,75,2024-01-01 00:00:00
P0510,10,74,2024-01-01 00:00:00
P0511,1,146,2024-01-01 00:00:00
P0511,2,127,2024-01-01 00:00:00
P0511,3,157,2024-01-01 00:00:00
P0511,4,127,2024-01-01 00:00:00
P0511,5,74,2024-01-01 00:00:00
P0511,6,81,2024-01-01 00:00:00
P0511,7,130,2024-01-01 00:00:00
P0511,8,145,2024-01-01 00:00:00
P0511,9,138,2024-01-01 00:00:00
P0511,10,108,2024-01-01 00:00:00
P0512,1,62,2024-01-01 00:00:00
P0512,2,75,2024-01-01 00:00:00
P0512,3,70,2024-01-01 00:00:00
P0512,4,81,2024-01-01 00:00:00
P0512,5,71,2024-01-01 00:00:00
P0512,6,55,2024-01-01 00:00:00
P0512,7,83,2024-01-01 00:00:00
P0512,8,52,2024-01-01 00:00:00
P0512,9,48,2024-01-01 00:00:00
P0512,10,77,2024-01-01 00:00:00
P0513,1,89,2024-01-01 00:00:00
P0513,2,52,2024-01-01 00:00:00
P0513,3,77,2024-01-01 00:00:00
P0513,4,51,2024-01-01 00:00:00
P0513,5,105,2024-01-01 00:00:00
P0513,6,70,2024-01-01 00:00:00
P0513,7,103,2024-01-01 00:00:00
P0513,8,56,2024-01-01 00:00:00
P0513,9,85,2024-01-01 00:00:00
P0513,10,110,2024-01-01 00:00:00
P0514,1,101,2024-01-01 00:00:00
P0514,2,86,2024-01-01 00:00:00
P0514,3,101,2024-01-01 00:00:00
P0514,4,49,2024-01-01 00:00:00
P0514,5,101,2024-01-01 00:00:00
P0514,6,60,2024-01-01 00:00:00
P0514,7,67,2024-01-01 00:00:00
P0514,8,46,2024-01-01 00:00:00
P0514,9,76,2024-01-01 00:00:00
P0514,10,69,2024-01-01 00:00:00
P0515,1,113,2024-01-01 00:00:00
P0515,2,79,2024-01-01 00:00:00
P0515,3,75,2024-01-01 00:00:00
P0515,4,125,2024-01-01 00:00:00
P0515,5,76,2024-01-01 00:00:00
P0515,6,85,2024-01-01 00:00:00
P0515,7,132,2024-01-01 00:00:00
P0515,8,65,2024-01-01 00:00:00
P0515,9,108,2024-01-01 00:00:00
P0515,10,73,2024-01-01 00:00:00
P0516,1,77,2024-01-01 00:00:00
P0516,2,54,2024-01-01 00:00:00
P0516,3,69,2024-01-01 00:00:00
P0516,4,70,2024-01-01 00:00:00
P0516,5,105,2024-01-01 00:00:00
P0516,6,65,2024-01-01 00:00:00
P0516,7,48,2024-01-01 00:00:00
P0516,8,95,2024-01-01 00:00:00
P0516,9,86,2024-01-01 00:00:00
P0516,10,59,2024-01-01 00:00:00
P0517,1,99,2024-01-01 00:00:00
P0517,2,111,2024-01-01 00:00:00
P0517,3,88,2024-01-01 00:00:00
P0517,4,95,2024-01-01 00:00:00
P0517,5,53,2024-01-01 00:00:00
P0517,6,96,2024-01-01 00:00:00
P0517,7,96,2024-01-01 00:00:00
P0517,8,73,2024-01-01 00:00:00
P0517,9,90,2024-01-01 00:00:00
P0517,10,59,2024-01-01 00:00:00
P0518,1,97,2024-01-01 00:00:00
P0518,2,89,2024-01-01 00:00:00
P0518,3,60,2024-01-01 00:00:00
P0518,4,101,2024-01-01 00:00:00
P0518,5,74,2024-01-01 00:00:00
P0518,6,83,2024-01-01 00:00:00
P0518,7,114,2024-01-01 00:00:00
P0518,8,121,2024-01-01 00:00:00
P0518,9,66,2024-01-01 00:00:00
P0518,10,66,2024-01-01 00:00:00
P0519,1,79,2024-01-01 00:00:00
P0519,2,80,2024-01-01 00:00:00
P0519,3,88,2024-01-01 00:00:00
P0519,4,59,2024-01-01 00:00:00
P0519,5,72,2024-01-01 00:00:00
P0519,6,76,2024-01-01 00:00:00
P0519,7,96,2024-01-01 00:00:00
P0519,8,64,2024-01-01 00:00:00
P0519,9,86,2024-01-01 00:00:00
P0519,10,65,2024-01-01 00:00:00
P0520,1,74,2024-01-01 00:00:00
P0520,2,92,2024-01-01 00:00:00
P0520,3,52,2024-01-01 00:00:00
P0520,4,95,2024-01-01 00:00:00
P0520,5,55,2024-01-01 00:00:00
P0520,6,68,2024-01-01 00:00:00
P0520,7,71,2024-01-01 00:00:00
P0520,8,89,2024-01-01 00:00:00
P0520,9,68,2024-01-01 00:00:00
P0520,10,77,2024-01-01 00:00:00
P0521,1,92,2024-01-01 00:00:00
P0521,2,100,2024-01-01 00:00:00
P0521,3,90,2024-01-01 00:00:00
P0521,4,51,2024-01-01 00:00:00
P0521,5,108,2024-01-01 00:00:00
P0521,6,91,2024-01-01 00:00:00
P0521,7,60,2024-01-01 00:00:00
P0521,8,110,2024-01-01 00:00:00
P0521,9,109,2024-01-01 00:00:00
P0521,10,78,2024-01-01 00:00:00
P0522,1,96,2024-01-01 00:00:00
P0522,2,77,2024-01-01 00:00:00
P0522,3,72,2024-01-01 00:00:00
P0522,4,83,2024-01-01 00:00:00
P0522,5,118,2024-01-01 00:00:00
P0522,6,59,2024-01-01 00:00:00
P0522,7,77,2024-01-01 00:00:00
P0522,8,108,2024-01-01 00:00:00
P0522,9,102,2024-01-01 00:00:00
P0522,10,55,2024-01-01 00:00:00
P0523,1,53,2024-01-01 00:00:00
P0523,2,45,2024-01-01 00:00:00
P0523,3,94,2024-01-01 00:00:00
P0523,4,95,2024-01-01 00:00:00
P0523,5,82,2024-01-01 00:00:00
P0523,6,92,2024-01-01 00:00:00
P0523,7,93,2024-01-01 00:00:00
P0523,8,56,2024-01-01 00:00:00
P0523,9,62,2024-01-01 00:00:00
P0523,10,93,2024-01-01 00:00:00
P0524,1,56,2024-01-01 00:00:00
P0524,2,109,2024-01-01 00:00:00
P0524,3,95,2024-01-01 00:00:00
P0524,4,92,2024-01-01 00:00:00
P0524,5,95,2024-01-01 00:00:00
P0524,6,106,2024-01-01 00:00:00
P0524,7,82,2024-01-01 00:00:00
P0524,8,102,2024-01-01 00:00:00
P0524,9,110,2024-01-01 00:00:00
P0524,10,79,2024-01-01 00:00:00
P0525,1,53,2024-01-01 00:00:00
P0525,2,47,2024-01-01 00:00:00
P0525,3,63,2024-01-01 00:00:00
P0525,4,65,2024-01-01 00:00:00
P0525,5,83,2024-01-01 00:00:00
P0525,6,58,2024-01-01 00:00:00
P0525,7,77,2024-01-01 00:00:00
P0525,8,66,2024-01-01 00:00:00
P0525,9,90,2024-01-01 00:00:00
P0525,10,99,2024-01-01 00:00:00
P0526,1,98,2024-01-01 00:00:00
P0526,2,140,2024-01-01 00:00:00
P0526,3,142,2024-01-01 00:00:00
P0526,4,129,2024-01-01 00:00:00
P0526,5,126,2024-01-01 00:00:00
P0526,6,157,2024-01-01 00:00:00
P0526,7,150,2024-01-01 00:00:00
P0526,8,80,2024-01-01 00:00:00
P0526,9,78,2024-01-01 00:00:00
P0526,10,157,2024-01-01 00:00:00
P0527,1,122,2024-01-01 00:00:00
P0527,2,86,2024-01-01 00:00:00
P0527,3,137,2024-01-01 00:00:00
P0527,4,130,2024-01-01 00:00:00
P0527,5,93,2024-01-01 00:00:00
P0527,6,88,2024-01-01 00:00:00
P0527,7,136,2024-01-01 00:00:00
P0527,8,93,2024-01-01 00:00:00
P0527,9,97,2024-01-01 00:00:00
P0527,10,90,2024-01-01 00:00:00
P0528,1,136,2024-01-01 00:00:00
P0528,2,68,2024-01-01 00:00:00
P0528,3,73,2024-01-01 00:00:00
P0528,4,100,2024-01-01 00:00:00
P0528,5,104,2024-01-01 00:00:00
P0528,6,71,2024-01-01 00:00:00
P0528,7,120,2024-01-01 00:00:00
P0528,8,97,2024-01-01 00:00:00
P0528,9,97,2024-01-01 00:00:00
P0528,10,136,2024-01-01 00:00:00
P0529,1,101,2024-01-01 00:00:00
P0529,2,126,2024-01-01 00:00:00
P0529,3,132,2024-01-01 00:00:00
P0529,4,129,2024-01-01 00:00:00
P0529,5,96,2024-01-01 00:00:00
P0529,6,74,2024-01-01 00:00:00
P0529,7,82,2024-01-01 00:00:00
P0529,8,98,2024-01-01 00:00:00
P0529,9,142,2024-01-01 00:00:00
P0529,10,106,2024-01-01 00:00:00
P0530,1,73,2024-01-01 00:00:00
P0530,2,49,2024-01-01 00:00:00
P0530,3,75,2024-01-01 00:00:00
P0530,4,81,2024-01-01 00:00:00
P0530,5,98,2024-01-01 00:00:00
P0530,6,88,2024-01-01 00:00:00
P0530,7,79,2024-01-01 00:00:00
P0530,8,54,2024-01-01 00:00:00
P0530,9,47,2024-01-01 00:00:00
P0530,10,65,2024-01-01 00:00:00
P0531,1,54,2024-01-01 00:00:00
P0531,2,74,2024-01-01 00:00:00
P0531,3,97,2024-01-01 00:00:00
P0531,4,69,2024-01-01 00:00:00
P0531,5,86,2024-01-01 00:00:00
P0531,6,54,2024-01-01 00:00:00
P0531,7,77,2024-01-01 00:00:00
P0531,8,71,2024-01-01 00:00:00
P0531,9,60,2024-01-01 00:00:00
P0531,10,91,2024-01-01 00:00:00
P0532,1,59,2024-01-01 00:00:00
P0532,2,96,2024-01-01 00:00:00
P0532,3,73,2024-01-01 00:00:00
P0532,4,75,2024-01-01 00:00:00
P0532,5,47,2024-01-01 00:00:00
P0532,6,92,2024-01-01 00:00:00
P0532,7,50,2024-01-01 00:00:00
P0532,8,58,2024-01-01 00:00:00
P0532,9,46,2024-01-01 00:00:00
P0532,10,74,2024-01-01 00:00:00
P0533,1,56,2024-01-01 00:00:00
P0533,2,94,2024-01-01 00:00:00
P0533,3,72,2024-01-01 00:00:00
P0533,4,75,2024-01-01 00:00:00
P0533,5,96,2024-01-01 00:00:00
P0533,6,71,2024-01-01 00:00:00
P0533,7,58,2024-01-01 00:00:00
P0533,8,88,2024-01-01 00:00:00
P0533,9,88,2024-01-01 00:00:00
P0533,10,55,2024-01-01 00:00:00
P0534,1,64,2024-01-01 00:00:00
P0534,2,70,2024-01-01 00:00:00
P0534,3,62,2024-01-01 00:00:00
P0534,4,66,2024-01-01 00:00:00
P0534,5,75,2024-01-01 00:00:00
P0534,6,89,2024-01-01 00:00:00
P0534,7,102,2024-01-01 00:00:00
P0534,8,93,2024-01-01 00:00:00
P0534,9,70,2024-01-01 00:00:00
P0534,10,53,2024-01-01 00:00:00
P0535,1,87,2024-01-01 00:00:00
P0535,2,93,2024-01-01 00:00:00
P0535,3,50,2024-01-01 00:00:00
P0535,4,81,2024-01-01 00:00:00
P0535,5,75,2024-01-01 00:00:00
P0535,6,105,2024-01-01 00:00:00
P0535,7,66,2024-01-01 00:00:00
P0535,8,60,2024-01-01 00:00:00
P0535,9,84,2024-01-01 00:00:00
P0535,10,80,2024-01-01 00:00:00
P0536,1,84,2024-01-01 00:00:00
P0536,2,88,2024-01-01 00:00:00
P0536,3,103,2024-01-01 00:00:00
P0536,4,90,2024-01-01 00:00:00
P0536,5,68,2024-01-01 00:00:00
P0536,6,106,2024-01-01 00:00:00
P0536,7,107,2024-01-01 00:00:00
P0536,8,93,2024-01-01 00:00:00
P0536,9,58,2024-01-01 00:00:00
P0536,10,117,2024-01-01 00:00:00
P0537,1,71,2024-01-01 00:00:00
P0537,2,48,2024-01-01 00:00:00
P0537,3,48,2024-01-01 00:00:00
P0537,4,91,2024-01-01 00:00:00
P0537,5,94,2024-01-01 00:00:00
P0537,6,49,2024-01-01 00:00:00
P0537,7,71,2024-01-01 00:00:00
P0537,8,75,2024-01-01 00:00:00
P0537,9,74,2024-01-01 00:00:00
P0537,10,45,2024-01-01 00:00:00
P0538,1,55,2024-01-01 00:00:00
P0538,2,44,2024-01-01 00:00:00
P0538,3,54,2024-01-01 00:00:00
P0538,4,61,2024-01-01 00:00:00
P0538,5,75,2024-01-01 00:00:00
P0538,6,67,2024-01-01 00:00:00
P0538,7,48,2024-01-01 00:00:00
P0538,8,66,2024-01-01 00:00:00
P0538,9,50,2024-01-01 00:00:00
P0538,10,55,2024-01-01 00:00:00
P0539,1,55,2024-01-01 00:00:00
P0539,2,87,2024-01-01 00:00:00
P0539,3,54,2024-01-01 00:00:00
P0539,4,103,2024-01-01 00:00:00
P0539,5,78,2024-01-01 00:00:00
P0539,6,62,2024-01-01 00:00:00
P0539,7,49,2024-01-01 00:00:00
P0539,8,88,2024-01-01 00:00:00
P0539,9,67,2024-01-01 00:00:00
P0539,10,49,2024-01-01 00:00:00
P0540,1,52,2024-01-01 00:00:00
P0540,2,93,2024-01-01 00:00:00
P0540,3,85,2024-01-01 00:00:00
P0540,4,49,2024-01-01 00:00:00
P0540,5,49,2024-01-01 00:00:00
P0540,6,91,2024-01-01 00:00:00
P0540,7,63,2024-01-01 00:00:00
P0540,8,68,2024-01-01 00:00:00
P0540,9,67,2024-01-01 00:00:00
P0540,10,95,2024-01-01 00:00:00
P0541,1,99,2024-01-01 00:00:00
P0541,2,100,2024-01-01 00:00:00
P0541,3,67,2024-01-01 00:00:00
P0541,4,121,2024-01-01 00:00:00
P0541,5,112,2024-01-01 00:00:00
P0541,6,88,2024-01-01 00:00:00
P0541,7,54,2024-01-01 00:00:00
P0541,8,86,2024-01-01 00:00:00
P0541,9,92,2024-01-01 00:00:00
P0541,10,66,2024-01-01 00:00:00
P0542,1,77,2024-01-01 00:00:00
P0542,2,99,2024-01-01 00:00:00
P0542,3,50,2024-01-01 00:00:00
P0542,4,102,2024-01-01 00:00:00
P0542,5,68,2024-01-01 00:00:00
P0542,6,58,2024-01-01 00:00:00
P0542,7,76,2024-01-01 00:00:00
P0542,8,46,2024-01-01 00:00:00
P0542,9,49,2024-01-01 00:00:00
P0542,10,49,2024-01-01 00:00:00
P0543,1,65,2024-01-01 00:00:00
P0543,2,101,2024-01-01 00:00:00
P0543,3,92,2024-01-01 00:00:00
P0543,4,50,2024-01-01 00:00:00
P0543,5,77,2024-01-01 00:00:00
P0543,6,68,2024-01-01 00:00:00
P0543,7,61,2024-01-01 00:00:00
P0543,8,102,2024-01-01 00:00:00
P0543,9,99,2024-01-01 00:00:00
P0543,10,86,2024-01-01 00:00:00
P0544,1,106,2024-01-01 00:00:00
P0544,2,96,2024-01-01 00:00:00
P0544,3,77,2024-01-01 00:00:00
P0544,4,101,2024-01-01 00:00:00
P0544,5,58,2024-01-01 00:00:00
P0544,6,108,2024-01-01 00:00:00
P0544,7,91,2024-01-01 00:00:00
P0544,8,72,2024-01-01 00:00:00
P0544,9,59,2024-01-01 00:00:00
P0544,10,62,2024-01-01 00:00:00
P0545,1,108,2024-01-01 00:00:00
P0545,2,68,2024-01-01 00:00:00
P0545,3,109,2024-01-01 00:00:00
P0545,4,77,2024-01-01 00:00:00
P0545,5,125,2024-01-01 00:00:00
P0545,6,99,2024-01-01 00:00:00
P0545,7,77,2024-01-01 00:00:00
P0545,8,118,2024-01-01 00:00:00
P0545,9,66,2024-01-01 00:00:00
P0545,10,75,2024-01-01 00:00:00
P0546,1,98,2024-01-01 00:00:00
P0546,2,57,2024-01-01 00:00:00
P0546,3,89,2024-01-01 00:00:00
P0546,4,61,2024-01-01 00:00:00
P0546,5,93,2024-01-01 00:00:00
P0546,6,67,2024-01-01 00:00:00
P0546,7,56,2024-01-01 00:00:00
P0546,8,52,2024-01-01 00:00:00
P0546,9,46,2024-01-01 00:00:00
P0546,10,95,2024-01-01 00:00:00
P0547,1,67,2024-01-01 00:00:00
P0547,2,73,2024-01-01 00:00:00
P0547,3,63,2024-01-01 00:00:00
P0547,4,42,2024-01-01 00:00:00
P0547,5,59,2024-01-01 00:00:00
P0547,6,84,2024-01-01 00:00:00
P0547,7,89,2024-01-01 00:00:00
P0547,8,87,2024-01-01 00:00:00
P0547,9,55,2024-01-01 00:00:00
P0547,10,81,2024-01-01 00:00:00
P0548,1,113,2024-01-01 00:00:00
P0548,2,68,2024-01-01 00:00:00
P0548,3,130,2024-01-01 00:00:00
P0548,4,147,2024-01-01 00:00:00
P0548,5,71,2024-01-01 00:00:00
P0548,6,124,2024-01-01 00:00:00
P0548,7,147,2024-01-01 00:00:00
P0548,8,148,2024-01-01 00:00:00
P0548,9,115,2024-01-01 00:00:00
P0548,10,121,2024-01-01 00:00:00
P0549,1,90,2024-01-01 00:00:00
P0549,2,105,2024-01-01 00:00:00
P0549,3,55,2024-01-01 00:00:00
P0549,4,65,2024-01-01 00:00:00
P0549,5,83,2024-01-01 00:00:00
P0549,6,114,2024-01-01 00:00:00
P0549,7,102,2024-01-01 00:00:00
P0549,8,99,2024-01-01 00:00:00
P0549,9,53,2024-01-01 00:00:00
P0549,10,119,2024-01-01 00:00:00
P0550,1,59,2024-01-01 00:00:00
P0550,2,89,2024-01-01 00:00:00
P0550,3,74,2024-01-01 00:00:00
P0550,4,95,2024-01-01 00:00:00
P0550,5,89,2024-01-01 00:00:00
P0550,6,74,2024-01-01 00:00:00
P0550,7,47,2024-01-01 00:00:00
P0550,8,89,2024-01-01 00:00:00
P0550,9,66,2024-01-01 00:00:00
P0550,10,73,2024-01-01 00:00:00
P0551,1,88,2024-01-01 00:00:00
P0551,2,74,2024-01-01 00:00:00
P0551,3,96,2024-01-01 00:00:00
P0551,4,77,2024-01-01 00:00:00
P0551,5,97,2024-01-01 00:00:00
P0551,6,91,2024-01-01 00:00:00
P0551,7,73,2024-01-01 00:00:00
P0551,8,83,2024-01-01 00:00:00
P0551,9,64,2024-01-01 00:00:00
P0551,10,79,2024-01-01 00:00:00
P0552,1,48,2024-01-01 00:00:00
P0552,2,88,2024-01-01 00:00:00
P0552,3,67,2024-01-01 00:00:00
P0552,4,61,2024-01-01 00:00:00
P0552,5,85,2024-01-01 00:00:00
P0552,6,54,2024-01-01 00:00:00
P0552,7,73,2024-01-01 00:00:00
P0552,8,89,2024-01-01 00:00:00
P0552,9,70,2024-01-01 00:00:00
P0552,10,64,2024-01-01 00:00:00
P0553,1,70,2024-01-01 00:00:00
P0553,2,80,2024-01-01 00:00:00
P0553,3,81,2024-01-01 00:00:00
P0553,4,77,2024-01-01 00:00:00
P0553,5,85,2024-01-01 00:00:00
P0553,6,62,2024-01-01 00:00:00
P0553,7,81,2024-01-01 00:00:00
P0553,8,53,2024-01-01 00:00:00
P0553,9,81,2024-01-01 00:00:00
P0553,10,80,2024-01-01 00:00:00
P0554,1,71,2024-01-01 00:00:00
P0554,2,97,2024-01-01 00:00:00
P0554,3,94,2024-01-01 00:00:00
P0554,4,75,2024-01-01 00:00:00
P0554,5,66,2024-01-01 00:00:00
P0554,6,84,2024-01-01 00:00:00
P0554,7,99,2024-01-01 00:00:00
P0554,8,46,2024-01-01 00:00:00
P0554,9,79,2024-01-01 00:00:00
P0554,10,79,2024-01-01 00:00:00
P0555,1,71,2024-01-01 00:00:00
P0555,2,92,2024-01-01 00:00:00
P0555,3,80,2024-01-01 00:00:00
P0555,4,46,2024-01-01 00:00:00
P0555,5,52,2024-01-01 00:00:00
P0555,6,58,2024-01-01 00:00:00
P0555,7,72,2024-01-01 00:00:00
P0555,8,87,2024-01-01 00:00:00
P0555,9,79,2024-01-01 00:00:00
P0555,10,87,2024-01-01 00:00:00
P0556,1,75,2024-01-01 00:00:00
P0556,2,50,2024-01-01 00:00:00
P0556,3,41,2024-01-01 00:00:00
P0556,4,41,2024-01-01 00:00:00
P0556,5,56,2024-01-01 00:00:00
P0556,6,55,2024-01-01 00:00:00
P0556,7,96,2024-01-01 00:00:00
P0556,8,49,2024-01-01 00:00:00
P0556,9,75,2024-01-01 00:00:00
P0556,10,92,2024-01-01 00:00:00
P0557,1,53,2024-01-01 00:00:00
P0557,2,101,2024-01-01 00:00:00
P0557,3,78,2024-01-01 00:00:00
P0557,4,98,2024-01-01 00:00:00
P0557,5,80,2024-01-01 00:00:00
P0557,6,78,2024-01-01 00:00:00
P0557,7,111,2024-01-01 00:00:00
P0557,8,110,2024-01-01 00:00:00
P0557,9,60,2024-01-01 00:00:00
P0557,10,71,2024-01-01 00:00:00
P0558,1,81,2024-01-01 00:00:00
P0558,2,129,2024-01-01 00:00:00
P0558,3,75,2024-01-01 00:00:00
P0558,4,84,2024-01-01 00:00:00
P0558,5,69,2024-01-01 00:00:00
P0558,6,140,2024-01-01 00:00:00
P0558,7,91,2024-01-01 00:00:00
P0558,8,71,2024-01-01 00:00:00
P0558,9,73,2024-01-01 00:00:00
P0558,10,126,2024-01-01 00:00:00
P0559,1,70,2024-01-01 00:00:00
P0559,2,53,2024-01-01 00:00:00
P0559,3,46,2024-01-01 00:00:00
P0559,4,44,2024-01-01 00:00:00
P0559,5,93,2024-01-01 00:00:00
P0559,6,70,2024-01-01 00:00:00
P0559,7,74,2024-01-01 00:00:00
P0559,8,55,2024-01-01 00:00:00
P0559,9,88,2024-01-01 00:00:00
P0559,10,74,2024-01-01 00:00:00
P0560,1,70,2024-01-01 00:00:00
P0560,2,130,2024-01-01 00:00:00
P0560,3,82,2024-01-01 00:00:00
P0560,4,117,2024-01-01 00:00:00
P0560,5,101,2024-01-01 00:00:00
P0560,6,134,2024-01-01 00:00:00
P0560,7,113,2024-01-01 00:00:00
P0560,8,85,2024-01-01 00:00:00
P0560,9,84,2024-01-01 00:00:00
P0560,10,80,2024-01-01 00:00:00
P0561,1,55,2024-01-01 00:00:00
P0561,2,91,2024-01-01 00:00:00
P0561,3,46,2024-01-01 00:00:00
P0561,4,63,2024-01-01 00:00:00
P0561,5,80,2024-01-01 00:00:00
P0561,6,95,2024-01-01 00:00:00
P0561,7,71,2024-01-01 00:00:00
P0561,8,69,2024-01-01 00:00:00
P0561,9,76,2024-01-01 00:00:00
P0561,10,89,2024-01-01 00:00:00
P0562,1,80,2024-01-01 00:00:00
P0562,2,51,2024-01-01 00:00:00
P0562,3,65,2024-01-01 00:00:00
P0562,4,58,2024-01-01 00:00:00
P0562,5,67,2024-01-01 00:00:00
P0562,6,83,2024-01-01 00:00:00
P0562,7,49,2024-01-01 00:00:00
P0562,8,100,2024-01-01 00:00:00
P0562,9,66,2024-01-01 00:00:00
P0562,10,100,2024-01-01 00:00:00
P0563,1,92,2024-01-01 00:00:00
P0563,2,48,2024-01-01 00:00:00
P0563,3,104,2024-01-01 00:00:00
P0563,4,80,2024-01-01 00:00:00
P0563,5,83,2024-01-01 00:00:00
P0563,6,95,2024-01-01 00:00:00
P0563,7,47,2024-01-01 00:00:00
P0563,8,80,2024-01-01 00:00:00
P0563,9,73,2024-01-01 00:00:00
P0563,10,88,2024-01-01 00:00:00
P0564,1,74,2024-01-01 00:00:00
P0564,2,62,2024-01-01 00:00:00
P0564,3,59,2024-01-01 00:00:00
P0564,4,52,2024-01-01 00:00:00
P0564,5,53,2024-01-01 00:00:00
P0564,6,53,2024-01-01 00:00:00
P0564,7,54,2024-01-01 00:00:00
P0564,8,79,2024-01-01 00:00:00
P0564,9,82,2024-01-01 00:00:00
P0564,10,74,2024-01-01 00:00:00
P0565,1,56,2024-01-01 00:00:00
P0565,2,81,2024-01-01 00:00:00
P0565,3,94,2024-01-01 00:00:00
P0565,4,51,2024-01-01 00:00:00
P0565,5,92,2024-01-01 00:00:00
P0565,6,104,2024-01-01 00:00:00
P0565,7,71,2024-01-01 00:00:00
P0565,8,45,2024-01-01 00:00:00
P0565,9,57,2024-01-01 00:00:00
P0565,10,57,2024-01-01 00:00:00
P0566,1,105,2024-01-01 00:00:00
P0566,2,58,2024-01-01 00:00:00
P0566,3,92,2024-01-01 00:00:00
P0566,4,66,2024-01-01 00:00:00
P0566,5,102,2024-01-01 00:00:00
P0566,6,83,2024-01-01 00:00:00
P0566,7,103,2024-01-01 00:00:00
P0566,8,92,2024-01-01 00:00:00
P0566,9,85,2024-01-01 00:00:00
P0566,10,45,2024-01-01 00:00:00
P0567,1,78,2024-01-01 00:00:00
P0567,2,45,2024-01-01 00:00:00
P0567,3,59,2024-01-01 00:00:00
P0567,4,92,2024-01-01 00:00:00
P0567,5,78,2024-01-01 00:00:00
P0567,6,94,2024-01-01 00:00:00
P0567,7,73,2024-01-01 00:00:00
P0567,8,103,2024-01-01 00:00:00
P0567,9,62,2024-01-01 00:00:00
P0567,10,84,2024-01-01 00:00:00
P0568,1,84,2024-01-01 00:00:00
P0568,2,64,2024-01-01 00:00:00
P0568,3,69,2024-01-01 00:00:00
P0568,4,105,2024-01-01 00:00:00
P0568,5,85,2024-01-01 00:00:00
P0568,6,74,2024-01-01 00:00:00
P0568,7,56,2024-01-01 00:00:00
P0568,8,102,2024-01-01 00:00:00
P0568,9,63,2024-01-01 00:00:00
P0568,10,54,2024-01-01 00:00:00
P0569,1,70,2024-01-01 00:00:00
P0569,2,91,2024-01-01 00:00:00
P0569,3,102,2024-01-01 00:00:00
P0569,4,69,2024-01-01 00:00:00
P0569,5,60,2024-01-01 00:00:00
P0569,6,85,2024-01-01 00:00:00
P0569,7,57,2024-01-01 00:00:00
P0569,8,45,2024-01-01 00:00:00
P0569,9,46,2024-01-01 00:00:00
P0569,10,56,2024-01-01 00:00:00
P0570,1,50,2024-01-01 00:00:00
P0570,2,24,2024-01-01 00:00:00
P0570,3,39,2024-01-01 00:00:00
P0570,4,33,2024-01-01 00:00:00
P0570,5,34,2024-01-01 00:00:00
P0570,6,53,2024-01-01 00:00:00
P0570,7,29,2024-01-01 00:00:00
P0570,8,48,2024-01-01 00:00:00
P0570,9,33,2024-01-01 00:00:00
P0570,10,36,2024-01-01 00:00:00
P0571,1,86,2024-01-01 00:00:00
P0571,2,61,2024-01-01 00:00:00
P0571,3,65,2024-01-01 00:00:00
P0571,4,102,2024-01-01 00:00:00
P0571,5,58,2024-01-01 00:00:00
P0571,6,87,2024-01-01 00:00:00
P0571,7,63,2024-01-01 00:00:00
P0571,8,85,2024-01-01 00:00:00
P0571,9,59,2024-01-01 00:00:00
P0571,10,68,2024-01-01 00:00:00
P0572,1,84,2024-01-01 00:00:00
P0572,2,100,2024-01-01 00:00:00
P0572,3,64,2024-01-01 00:00:00
P0572,4,103,2024-01-01 00:00:00
P0572,5,65,2024-01-01 00:00:00
P0572,6,59,2024-01-01 00:00:00
P0572,7,79,2024-01-01 00:00:00
P0572,8,91,2024-01-01 00:00:00
P0572,9,84,2024-01-01 00:00:00
P0572,10,84,2024-01-01 00:00:00
P0573,1,45,2024-01-01 00:00:00
P0573,2,94,2024-01-01 00:00:00
P0573,3,100,2024-01-01 00:00:00
P0573,4,91,2024-01-01 00:00:00
P0573,5,63,2024-01-01 00:00:00
P0573,6,49,2024-01-01 00:00:00
P0573,7,47,2024-01-01 00:00:00
P0573,8,52,2024-01-01 00:00:00
P0573,9,71,2024-01-01 00:00:00
P0573,10,91,2024-01-01 00:00:00
P0574,1,84,2024-01-01 00:00:00
P0574,2,71,2024-01-01 00:00:00
P0574,3,83,2024-01-01 00:00:00
P0574,4,56,2024-01-01 00:00:00
P0574,5,46,2024-01-01 00:00:00
P0574,6,56,2024-01-01 00:00:00
P0574,7,61,2024-01-01 00:00:00
P0574,8,56,2024-01-01 00:00:00
P0574,9,46,2024-01-01 00:00:00
P0574,10,64,2024-01-01 00:00:00
P0575,1,94,2024-01-01 00:00:00
P0575,2,76,2024-01-01 00:00:00
P0575,3,78,2024-01-01 00:00:00
P0575,4,65,2024-01-01 00:00:00
P0575,5,56,2024-01-01 00:00:00
P0575,6,72,2024-01-01 00:00:00
P0575,7,77,2024-01-01 00:00:00
P0575,8,55,2024-01-01 00:00:00
P0575,9,103,2024-01-01 00:00:00
P0575,10,91,2024-01-01 00:00:00
P0576,1,74,2024-01-01 00:00:00
P0576,2,72,2024-01-01 00:00:00
P0576,3,78,2024-01-01 00:00:00
P0576,4,90,2024-01-01 00:00:00
P0576,5,82,2024-01-01 00:00:00
P0576,6,102,2024-01-01 00:00:00
P0576,7,89,2024-01-01 00:00:00
P0576,8,47,2024-01-01 00:00:00
P0576,9,91,2024-01-01 00:00:00
P0576,10,72,2024-01-01 00:00:00
P0577,1,71,2024-01-01 00:00:00
P0577,2,82,2024-01-01 00:00:00
P0577,3,64,2024-01-01 00:00:00
P0577,4,53,2024-01-01 00:00:00
P0577,5,64,2024-01-01 00:00:00
P0577,6,60,2024-01-01 00:00:00
P0577,7,93,2024-01-01 00:00:00
P0577,8,48,2024-01-01 00:00:00
P0577,9,67,2024-01-01 00:00:00
P0577,10,104,2024-01-01 00:00:00
P0578,1,87,2024-01-01 00:00:00
P0578,2,92,2024-01-01 00:00:00
P0578,3,73,2024-01-01 00:00:00
P0578,4,110,2024-01-01 00:00:00
P0578,5,84,2024-01-01 00:00:00
P0578,6,62,2024-01-01 00:00:00
P0578,7,56,2024-01-01 00:00:00
P0578,8,64,2024-01-01 00:00:00
P0578,9,90,2024-01-01 00:00:00
P0578,10,77,2024-01-01 00:00:00
P0579,1,98,2024-01-01 00:00:00
P0579,2,80,2024-01-01 00:00:00
P0579,3,118,2024-01-01 00:00:00
P0579,4,132,2024-01-01 00:00:00
P0579,5,99,2024-01-01 00:00:00
P0579,6,155,2024-01-01 00:00:00
P0579,7,133,2024-01-01 00:00:00
P0579,8,105,2024-01-01 00:00:00
P0579,9,91,2024-01-01 00:00:00
P0579,10,150,2024-01-01 00:00:00
P0580,1,96,2024-01-01 00:00:00
P0580,2,48,2024-01-01 00:00:00
P0580,3,80,2024-01-01 00:00:00
P0580,4,54,2024-01-01 00:00:00
P0580,5,60,2024-01-01 00:00:00
P0580,6,94,2024-01-01 00:00:00
P0580,7,74,2024-01-01 00:00:00
P0580,8,78,2024-01-01 00:00:00
P0580,9,62,2024-01-01 00:00:00
P0580,10,105,2024-01-01 00:00:00
P0581,1,63,2024-01-01 00:00:00
P0581,2,76,2024-01-01 00:00:00
P0581,3,95,2024-01-01 00:00:00
P0581,4,66,2024-01-01 00:00:00
P0581,5,60,2024-01-01 00:00:00
P0581,6,49,2024-01-01 00:00:00
P0581,7,47,2024-01-01 00:00:00
P0581,8,68,2024-01-01 00:00:00
P0581,9,57,2024-01-01 00:00:00
P0581,10,92,2024-01-01 00:00:00
P0582,1,70,2024-01-01 00:00:00
P0582,2,70,2024-01-01 00:00:00
P0582,3,70,2024-01-01 00:00:00
P0582,4,60,2024-01-01 00:00:00
P0582,5,101,2024-01-01 00:00:00
P0582,6,73,2024-01-01 00:00:00
P0582,7,53,2024-01-01 00:00:00
P0582,8,78,2024-01-01 00:00:00
P0582,9,74,2024-01-01 00:00:00
P0582,10,81,2024-01-01 00:00:00
P0583,1,72,2024-01-01 00:00:00
P0583,2,101,2024-01-01 00:00:00
P0583,3,105,2024-01-01 00:00:00
P0583,4,50,2024-01-01 00:00:00
P0583,5,78,2024-01-01 00:00:00
P0583,6,74,2024-01-01 00:00:00
P0583,7,89,2024-01-01 00:00:00
P0583,8,88,2024-01-01 00:00:00
P0583,9,99,2024-01-01 00:00:00
P0583,10,87,2024-01-01 00:00:00
P0584,1,74,2024-01-01 00:00:00
P0584,2,51,2024-01-01 00:00:00
P0584,3,93,2024-01-01 00:00:00
P0584,4,79,2024-01-01 00:00:00
P0584,5,95,2024-01-01 00:00:00
P0584,6,78,2024-01-01 00:00:00
P0584,7,67,2024-01-01 00:00:00
P0584,8,80,2024-01-01 00:00:00
P0584,9,99,2024-01-01 00:00:00
P0584,10,53,2024-01-01 00:00:00
P0585,1,59,2024-01-01 00:00:00
P0585,2,64,2024-01-01 00:00:00
P0585,3,101,2024-01-01 00:00:00
P0585,4,104,2024-01-01 00:00:00
P0585,5,87,2024-01-01 00:00:00
P0585,6,70,2024-01-01 00:00:00
P0585,7,60,2024-01-01 00:00:00
P0585,8,48,2024-01-01 00:00:00
P0585,9,45,2024-01-01 00:00:00
P0585,10,87,2024-01-01 00:00:00
P0586,1,64,2024-01-01 00:00:00
P0586,2,56,2024-01-01 00:00:00
P0586,3,45,2024-01-01 00:00:00
P0586,4,69,2024-01-01 00:00:00
P0586,5,78,2024-01-01 00:00:00
P0586,6,84,2024-01-01 00:00:00
P0586,7,46,2024-01-01 00:00:00
P0586,8,63,2024-01-01 00:00:00
P0586,9,97,2024-01-01 00:00:00
P0586,10,77,2024-01-01 00:00:00
P0587,1,61,2024-01-01 00:00:00
P0587,2,97,2024-01-01 00:00:00
P0587,3,82,2024-01-01 00:00:00
P0587,4,59,2024-01-01 00:00:00
P0587,5,102,2024-01-01 00:00:00
P0587,6,56,2024-01-01 00:00:00
P0587,7,48,2024-01-01 00:00:00
P0587,8,60,2024-01-01 00:00:00
P0587,9,98,2024-01-01 00:00:00
P0587,10,77,2024-01-01 00:00:00
P0588,1,60,2024-01-01 00:00:00
P0588,2,61,2024-01-01 00:00:00
P0588,3,86,2024-01-01 00:00:00
P0588,4,98,2024-01-01 00:00:00
P0588,5,82,2024-01-01 00:00:00
P0588,6,73,2024-01-01 00:00:00
P0588,7,102,2024-01-01 00:00:00
P0588,8,73,2024-01-01 00:00:00
P0588,9,96,2024-01-01 00:00:00
P0588,10,70,2024-01-01 00:00:00
P0589,1,77,2024-01-01 00:00:00
P0589,2,78,2024-01-01 00:00:00
P0589,3,51,2024-01-01 00:00:00
P0589,4,57,2024-01-01 00:00:00
P0589,5,85,2024-01-01 00:00:00
P0589,6,86,2024-01-01 00:00:00
P0589,7,90,2024-01-01 00:00:00
P0589,8,64,2024-01-01 00:00:00
P0589,9,49,2024-01-01 00:00:00
P0589,10,74,2024-01-01 00:00:00
P0590,1,76,2024-01-01 00:00:00
P0590,2,53,2024-01-01 00:00:00
P0590,3,51,2024-01-01 00:00:00
P0590,4,72,2024-01-01 00:00:00
P0590,5,49,2024-01-01 00:00:00
P0590,6,98,2024-01-01 00:00:00
P0590,7,87,2024-01-01 00:00:00
P0590,8,51,2024-01-01 00:00:00
P0590,9,105,2024-01-01 00:00:00
P0590,10,93,2024-01-01 00:00:00
P0591,1,76,2024-01-01 00:00:00
P0591,2,93,2024-01-01 00:00:00
P0591,3,91,2024-01-01 00:00:00
P0591,4,76,2024-01-01 00:00:00
P0591,5,56,2024-01-01 00:00:00
P0591,6,72,2024-01-01 00:00:00
P0591,7,72,2024-01-01 00:00:00
P0591,8,103,2024-01-01 00:00:00
P0591,9,86,2024-01-01 00:00:00
P0591,10,103,2024-01-01 00:00:00
P0592,1,104,2024-01-01 00:00:00
P0592,2,68,2024-01-01 00:00:00
P0592,3,91,2024-01-01 00:00:00
P0592,4,78,2024-01-01 00:00:00
P0592,5,102,2024-01-01 00:00:00
P0592,6,74,2024-01-01 00:00:00
P0592,7,78,2024-01-01 00:00:00
P0592,8,58,2024-01-01 00:00:00
P0592,9,61,2024-01-01 00:00:00
P0592,10,86,2024-01-01 00:00:00
P0593,1,71,2024-01-01 00:00:00
P0593,2,49,2024-01-01 00:00:00
P0593,3,98,2024-01-01 00:00:00
P0593,4,102,2024-01-01 00:00:00
P0593,5,49,2024-01-01 00:00:00
P0593,6,95,2024-01-01 00:00:00
P0593,7,55,2024-01-01 00:00:00
P0593,8,58,2024-01-01 00:00:00
P0593,9,81,2024-01-01 00:00:00
P0593,10,102,2024-01-01 00:00:00
P0594,1,101,2024-01-01 00:00:00
P0594,2,52,2024-01-01 00:00:00
P0594,3,64,2024-01-01 00:00:00
P0594,4,82,2024-01-01 00:00:00
P0594,5,103,2024-01-01 00:00:00
P0594,6,68,2024-01-01 00:00:00
P0594,7,46,2024-01-01 00:00:00
P0594,8,83,2024-01-01 00:00:00
P0594,9,65,2024-01-01 00:00:00
P0594,10,68,2024-01-01 00:00:00
P0595,1,90,2024-01-01 00:00:00
P0595,2,89,2024-01-01 00:00:00
P0595,3,75,2024-01-01 00:00:00
P0595,4,62,2024-01-01 00:00:00
P0595,5,76,2024-01-01 00:00:00
P0595,6,88,2024-01-01 00:00:00
P0595,7,89,2024-01-01 00:00:00
P0595,8,74,2024-01-01 00:00:00
P0595,9,95,2024-01-01 00:00:00
P0595,10,63,2024-01-01 00:00:00
P0596,1,101,2024-01-01 00:00:00
P0596,2,104,2024-01-01 00:00:00
P0596,3,104,2024-01-01 00:00:00
P0596,4,97,2024-01-01 00:00:00
P0596,5,82,2024-01-01 00:00:00
P0596,6,52,2024-01-01 00:00:00
P0596,7,70,2024-01-01 00:00:00
P0596,8,104,2024-01-01 00:00:00
P0596,9,82,2024-01-01 00:00:00
P0596,10,83,2024-01-01 00:00:00
P0597,1,87,2024-01-01 00:00:00
P0597,2,98,2024-01-01 00:00:00
P0597,3,49,2024-01-01 00:00:00
P0597,4,60,2024-01-01 00:00:00
P0597,5,94,2024-01-01 00:00:00
P0597,6,70,2024-01-01 00:00:00
P0597,7,84,2024-01-01 00:00:00
P0597,8,99,2024-01-01 00:00:00
P0597,9,45,2024-01-01 00:00:00
P0597,10,90,2024-01-01 00:00:00
P0598,1,78,2024-01-01 00:00:00
P0598,2,90,2024-01-01 00:00:00
P0598,3,75,2024-01-01 00:00:00
P0598,4,72,2024-01-01 00:00:00
P0598,5,57,2024-01-01 00:00:00
P0598,6,97,2024-01-01 00:00:00
P0598,7,92,2024-01-01 00:00:00
P0598,8,63,2024-01-01 00:00:00
P0598,9,95,2024-01-01 00:00:00
P0598,10,77,2024-01-01 00:00:00
P0599,1,100,2024-01-01 00:00:00
P0599,2,102,2024-01-01 00:00:00
P0599,3,91,2024-01-01 00:00:00
P0599,4,53,2024-01-01 00:00:00
P0599,5,79,2024-01-01 00:00:00
P0599,6,76,2024-01-01 00:00:00
P0599,7,92,2024-01-01 00:00:00
P0599,8,89,2024-01-01 00:00:00
P0599,9,66,2024-01-01 00:00:00
P0599,10,68,2024-01-01 00:00:00
P0600,1,75,2024-01-01 00:00:00
P0600,2,76,2024-01-01 00:00:00
P0600,3,58,2024-01-01 00:00:00
P0600,4,63,2024-01-01 00:00:00
P0600,5,82,2024-01-01 00:00:00
P0600,6,85,2024-01-01 00:00:00
P0600,7,91,2024-01-01 00:00:00
P0600,8,78,2024-01-01 00:00:00
P0600,9,99,2024-01-01 00:00:00
P0600,10,101,2024-01-01 00:00:00
P0601,1,78,2024-01-01 00:00:00
P0601,2,69,2024-01-01 00:00:00
P0601,3,60,2024-01-01 00:00:00
P0601,4,68,2024-01-01 00:00:00
P0601,5,48,2024-01-01 00:00:00
P0601,6,81,2024-01-01 00:00:00
P0601,7,46,2024-01-01 00:00:00
P0601,8,52,2024-01-01 00:00:00
P0601,9,70,2024-01-01 00:00:00
P0601,10,58,2024-01-01 00:00:00
P0602,1,142,2024-01-01 00:00:00
P0602,2,105,2024-01-01 00:00:00
P0602,3,142,2024-01-01 00:00:00
P0602,4,67,2024-01-01 00:00:00
P0602,5,86,2024-01-01 00:00:00
P0602,6,115,2024-01-01 00:00:00
P0602,7,101,2024-01-01 00:00:00
P0602,8,126,2024-01-01 00:00:00
P0602,9,144,2024-01-01 00:00:00
P0602,10,104,2024-01-01 00:00:00
P0603,1,90,2024-01-01 00:00:00
P0603,2,91,2024-01-01 00:00:00
P0603,3,125,2024-01-01 00:00:00
P0603,4,124,2024-01-01 00:00:00
P0603,5,71,2024-01-01 00:00:00
P0603,6,75,2024-01-01 00:00:00
P0603,7,102,2024-01-01 00:00:00
P0603,8,93,2024-01-01 00:00:00
P0603,9,120,2024-01-01 00:00:00
P0603,10,102,2024-01-01 00:00:00
P0604,1,98,2024-01-01 00:00:00
P0604,2,108,2024-01-01 00:00:00
P0604,3,134,2024-01-01 00:00:00
P0604,4,72,2024-01-01 00:00:00
P0604,5,105,2024-01-01 00:00:00
P0604,6,144,2024-01-01 00:00:00
P0604,7,92,2024-01-01 00:00:00
P0604,8,107,2024-01-01 00:00:00
P0604,9,78,2024-01-01 00:00:00
P0604,10,98,2024-01-01 00:00:00
P0605,1,61,2024-01-01 00:00:00
P0605,2,48,2024-01-01 00:00:00
P0605,3,84,2024-01-01 00:00:00
P0605,4,81,2024-01-01 00:00:00
P0605,5,60,2024-01-01 00:00:00
P0605,6,54,2024-01-01 00:00:00
P0605,7,67,2024-01-01 00:00:00
P0605,8,99,2024-01-01 00:00:00
P0605,9,62,2024-01-01 00:00:00
P0605,10,95,2024-01-01 00:00:00
P0606,1,99,2024-01-01 00:00:00
P0606,2,112,2024-01-01 00:00:00
P0606,3,74,2024-01-01 00:00:00
P0606,4,50,2024-01-01 00:00:00
P0606,5,100,2024-01-01 00:00:00
P0606,6,104,2024-01-01 00:00:00
P0606,7,105,2024-01-01 00:00:00
P0606,8,112,2024-01-01 00:00:00
P0606,9,97,2024-01-01 00:00:00
P0606,10,83,2024-01-01 00:00:00
P0607,1,102,2024-01-01 00:00:00
P0607,2,111,2024-01-01 00:00:00
P0607,3,60,2024-01-01 00:00:00
P0607,4,58,2024-01-01 00:00:00
P0607,5,88,2024-01-01 00:00:00
P0607,6,115,2024-01-01 00:00:00
P0607,7,109,2024-01-01 00:00:00
P0607,8,118,2024-01-01 00:00:00
P0607,9,108,2024-01-01 00:00:00
P0607,10,116,2024-01-01 00:00:00
P0608,1,77,2024-01-01 00:00:00
P0608,2,44,2024-01-01 00:00:00
P0608,3,63,2024-01-01 00:00:00
P0608,4,62,2024-01-01 00:00:00
P0608,5,57,2024-01-01 00:00:00
P0608,6,59,2024-01-01 00:00:00
P0608,7,87,2024-01-01 00:00:00
P0608,8,71,2024-01-01 00:00:00
P0608,9,53,2024-01-01 00:00:00
P0608,10,91,2024-01-01 00:00:00
P0609,1,56,2024-01-01 00:00:00
P0609,2,44,2024-01-01 00:00:00
P0609,3,37,2024-01-01 00:00:00
P0609,4,50,2024-01-01 00:00:00
P0609,5,42,2024-01-01 00:00:00
P0609,6,32,2024-01-01 00:00:00
P0609,7,54,2024-01-01 00:00:00
P0609,8,52,2024-01-01 00:00:00
P0609,9,55,2024-01-01 00:00:00
P0609,10,27,2024-01-01 00:00:00
P0610,1,83,2024-01-01 00:00:00
P0610,2,85,2024-01-01 00:00:00
P0610,3,63,2024-01-01 00:00:00
P0610,4,57,2024-01-01 00:00:00
P0610,5,66,2024-01-01 00:00:00
P0610,6,72,2024-01-01 00:00:00
P0610,7,50,2024-01-01 00:00:00
P0610,8,71,2024-01-01 00:00:00
P0610,9,49,2024-01-01 00:00:00
P0610,10,75,2024-01-01 00:00:00
P0611,1,67,2024-01-01 00:00:00
P0611,2,48,2024-01-01 00:00:00
P0611,3,53,2024-01-01 00:00:00
P0611,4,83,2024-01-01 00:00:00
P0611,5,61,2024-01-01 00:00:00
P0611,6,60,2024-01-01 00:00:00
P0611,7,71,2024-01-01 00:00:00
P0611,8,82,2024-01-01 00:00:00
P0611,9,51,2024-01-01 00:00:00
P0611,10,87,2024-01-01 00:00:00
P0612,1,86,2024-01-01 00:00:00
P0612,2,101,2024-01-01 00:00:00
P0612,3,73,2024-01-01 00:00:00
P0612,4,97,2024-01-01 00:00:00
P0612,5,85,2024-01-01 00:00:00
P0612,6,57,2024-01-01 00:00:00
P0612,7,74,2024-01-01 00:00:00
P0612,8,56,2024-01-01 00:00:00
P0612,9,109,2024-01-01 00:00:00
P0612,10,65,2024-01-01 00:00:00
P0613,1,20,2024-01-01 00:00:00
P0613,2,10,2024-01-01 00:00:00
P0613,3,10,2024-01-01 00:00:00
P0613,4,11,2024-01-01 00:00:00
P0613,5,16,2024-01-01 00:00:00
P0613,6,14,2024-01-01 00:00:00
P0613,7,14,2024-01-01 00:00:00
P0613,8,20,2024-01-01 00:00:00
P0613,9,20,2024-01-01 00:00:00
P0613,10,16,2024-01-01 00:00:00
P0614,1,74,2024-01-01 00:00:00
P0614,2,51,2024-01-01 00:00:00
P0614,3,95,2024-01-01 00:00:00
P0614,4,63,2024-01-01 00:00:00
P0614,5,52,2024-01-01 00:00:00
P0614,6,87,2024-01-01 00:00:00
P0614,7,80,2024-01-01 00:00:00
P0614,8,71,2024-01-01 00:00:00
P0614,9,45,2024-01-01 00:00:00
P0614,10,81,2024-01-01 00:00:00
P0615,1,84,2024-01-01 00:00:00
P0615,2,59,2024-01-01 00:00:00
P0615,3,65,2024-01-01 00:00:00
P0615,4,69,2024-01-01 00:00:00
P0615,5,56,2024-01-01 00:00:00
P0615,6,83,2024-01-01 00:00:00
P0615,7,93,2024-01-01 00:00:00
P0615,8,88,2024-01-01 00:00:00
P0615,9,51,2024-01-01 00:00:00
P0615,10,104,2024-01-01 00:00:00
P0616,1,66,2024-01-01 00:00:00
P0616,2,51,2024-01-01 00:00:00
P0616,3,100,2024-01-01 00:00:00
P0616,4,93,2024-01-01 00:00:00
P0616,5,45,2024-01-01 00:00:00
P0616,6,102,2024-01-01 00:00:00
P0616,7,83,2024-01-01 00:00:00
P0616,8,83,2024-01-01 00:00:00
P0616,9,51,2024-01-01 00:00:00
P0616,10,83,2024-01-01 00:00:00
P0617,1,48,2024-01-01 00:00:00
P0617,2,96,2024-01-01 00:00:00
P0617,3,103,2024-01-01 00:00:00
P0617,4,61,2024-01-01 00:00:00
P0617,5,56,2024-01-01 00:00:00
P0617,6,98,2024-01-01 00:00:00
P0617,7,64,2024-01-01 00:00:00
P0617,8,64,2024-01-01 00:00:00
P0617,9,45,2024-01-01 00:00:00
P0617,10,61,2024-01-01 00:00:00
P0618,1,82,2024-01-01 00:00:00
P0618,2,73,2024-01-01 00:00:00
P0618,3,99,2024-01-01 00:00:00
P0618,4,78,2024-01-01 00:00:00
P0618,5,92,2024-01-01 00:00:00
P0618,6,103,2024-01-01 00:00:00
P0618,7,100,2024-01-01 00:00:00
P0618,8,52,2024-01-01 00:00:00
P0618,9,63,2024-01-01 00:00:00
P0618,10,50,2024-01-01 00:00:00
P0619,1,79,2024-01-01 00:00:00
P0619,2,57,2024-01-01 00:00:00
P0619,3,86,2024-01-01 00:00:00
P0619,4,66,2024-01-01 00:00:00
P0619,5,58,2024-01-01 00:00:00
P0619,6,60,2024-01-01 00:00:00
P0619,7,71,2024-01-01 00:00:00
P0619,8,51,2024-01-01 00:00:00
P0619,9,57,2024-01-01 00:00:00
P0619,10,88,2024-01-01 00:00:00
P0620,1,55,2024-01-01 00:00:00
P0620,2,99,2024-01-01 00:00:00
P0620,3,54,2024-01-01 00:00:00
P0620,4,79,2024-01-01 00:00:00
P0620,5,105,2024-01-01 00:00:00
P0620,6,51,2024-01-01 00:00:00
P0620,7,84,2024-01-01 00:00:00
P0620,8,83,2024-01-01 00:00:00
P0620,9,46,2024-01-01 00:00:00
P0620,10,61,2024-01-01 00:00:00
P0621,1,45,2024-01-01 00:00:00
P0621,2,96,2024-01-01 00:00:00
P0621,3,85,2024-01-01 00:00:00
P0621,4,48,2024-01-01 00:00:00
P0621,5,66,2024-01-01 00:00:00
P0621,6,67,2024-01-01 00:00:00
P0621,7,71,2024-01-01 00:00:00
P0621,8,78,2024-01-01 00:00:00
P0621,9,103,2024-01-01 00:00:00
P0621,10,86,2024-01-01 00:00:00
P0622,1,92,2024-01-01 00:00:00
P0622,2,46,2024-01-01 00:00:00
P0622,3,51,2024-01-01 00:00:00
P0622,4,73,2024-01-01 00:00:00
P0622,5,83,2024-01-01 00:00:00
P0622,6,72,2024-01-01 00:00:00
P0622,7,102,2024-01-01 00:00:00
P0622,8,89,2024-01-01 00:00:00
P0622,9,58,2024-01-01 00:00:00
P0622,10,56,2024-01-01 00:00:00
P0623,1,69,2024-01-01 00:00:00
P0623,2,45,2024-01-01 00:00:00
P0623,3,103,2024-01-01 00:00:00
P0623,4,73,2024-01-01 00:00:00
P0623,5,64,2024-01-01 00:00:00
P0623,6,48,2024-01-01 00:00:00
P0623,7,101,2024-01-01 00:00:00
P0623,8,90,2024-01-01 00:00:00
P0623,9,54,2024-01-01 00:00:00
P0623,10,54,2024-01-01 00:00:00
P0624,1,104,2024-01-01 00:00:00
P0624,2,65,2024-01-01 00:00:00
P0624,3,95,2024-01-01 00:00:00
P0624,4,87,2024-01-01 00:00:00
P0624,5,89,2024-01-01 00:00:00
P0624,6,55,2024-01-01 00:00:00
P0624,7,90,2024-01-01 00:00:00
P0624,8,95,2024-01-01 00:00:00
P0624,9,76,2024-01-01 00:00:00
P0624,10,59,2024-01-01 00:00:00
P0625,1,80,2024-01-01 00:00:00
P0625,2,85,2024-01-01 00:00:00
P0625,3,99,2024-01-01 00:00:00
P0625,4,57,2024-01-01 00:00:00
P0625,5,78,2024-01-01 00:00:00
P0625,6,70,2024-01-01 00:00:00
P0625,7,53,2024-01-01 00:00:00
P0625,8,78,2024-01-01 00:00:00
P0625,9,88,2024-01-01 00:00:00
P0625,10,50,2024-01-01 00:00:00
P0626,1,104,2024-01-01 00:00:00
P0626,2,78,2024-01-01 00:00:00
P0626,3,80,2024-01-01 00:00:00
P0626,4,96,2024-01-01 00:00:00
P0626,5,64,2024-01-01 00:00:00
P0626,6,56,2024-01-01 00:00:00
P0626,7,71,2024-01-01 00:00:00
P0626,8,72,2024-01-01 00:00:00
P0626,9,101,2024-01-01 00:00:00
P0626,10,90,2024-01-01 00:00:00
P0627,1,116,2024-01-01 00:00:00
P0627,2,126,2024-01-01 00:00:00
P0627,3,131,2024-01-01 00:00:00
P0627,4,60,2024-01-01 00:00:00
P0627,5,83,2024-01-01 00:00:00
P0627,6,103,2024-01-01 00:00:00
P0627,7,100,2024-01-01 00:00:00
P0627,8,99,2024-01-01 00:00:00
P0627,9,72,2024-01-01 00:00:00
P0627,10,91,2024-01-01 00:00:00
P0628,1,114,2024-01-01 00:00:00
P0628,2,89,2024-01-01 00:00:00
P0628,3,110,2024-01-01 00:00:00
P0628,4,109,2024-01-01 00:00:00
P0628,5,72,2024-01-01 00:00:00
P0628,6,92,2024-01-01 00:00:00
P0628,7,87,2024-01-01 00:00:00
P0628,8,105,2024-01-01 00:00:00
P0628,9,66,2024-01-01 00:00:00
P0628,10,65,2024-01-01 00:00:00
P0629,1,33,2024-01-01 00:00:00
P0629,2,52,2024-01-01 00:00:00
P0629,3,31,2024-01-01 00:00:00
P0629,4,62,2024-01-01 00:00:00
P0629,5,64,2024-01-01 00:00:00
P0629,6,61,2024-01-01 00:00:00
P0629,7,48,2024-01-01 00:00:00
P0629,8,38,2024-01-01 00:00:00
P0629,9,43,2024-01-01 00:00:00
P0629,10,49,2024-01-01 00:00:00
P0630,1,80,2024-01-01 00:00:00
P0630,2,74,2024-01-01 00:00:00
P0630,3,101,2024-01-01 00:00:00
P0630,4,96,2024-01-01 00:00:00
P0630,5,60,2024-01-01 00:00:00
P0630,6,80,2024-01-01 00:00:00
P0630,7,92,2024-01-01 00:00:00
P0630,8,94,2024-01-01 00:00:00
P0630,9,55,2024-01-01 00:00:00
P0630,10,54,2024-01-01 00:00:00
P0631,1,62,2024-01-01 00:00:00
P0631,2,104,2024-01-01 00:00:00
P0631,3,91,2024-01-01 00:00:00
P0631,4,101,2024-01-01 00:00:00
P0631,5,58,2024-01-01 00:00:00
P0631,6,52,2024-01-01 00:00:00
P0631,7,90,2024-01-01 00:00:00
P0631,8,48,2024-01-01 00:00:00
P0631,9,65,2024-01-01 00:00:00
P0631,10,71,2024-01-01 00:00:00
P0632,1,80,2024-01-01 00:00:00
P0632,2,55,2024-01-01 00:00:00
P0632,3,50,2024-01-01 00:00:00
P0632,4,67,2024-01-01 00:00:00
P0632,5,67,2024-01-01 00:00:00
P0632,6,61,2024-01-01 00:00:00
P0632,7,86,2024-01-01 00:00:00
P0632,8,45,2024-01-01 00:00:00
P0632,9,65,2024-01-01 00:00:00
P0632,10,80,2024-01-01 00:00:00
P0633,1,99,2024-01-01 00:00:00
P0633,2,60,2024-01-01 00:00:00
P0633,3,84,2024-01-01 00:00:00
P0633,4,59,2024-01-01 00:00:00
P0633,5,77,2024-01-01 00:00:00
P0633,6,55,2024-01-01 00:00:00
P0633,7,92,2024-01-01 00:00:00
P0633,8,102,2024-01-01 00:00:00
P0633,9,80,2024-01-01 00:00:00
P0633,10,98,2024-01-01 00:00:00
P0634,1,97,2024-01-01 00:00:00
P0634,2,76,2024-01-01 00:00:00
P0634,3,54,2024-01-01 00:00:00
P0634,4,94,2024-01-01 00:00:00
P0634,5,79,2024-01-01 00:00:00
P0634,6,77,2024-01-01 00:00:00
P0634,7,86,2024-01-01 00:00:00
P0634,8,89,2024-01-01 00:00:00
P0634,9,46,2024-01-01 00:00:00
P0634,10,102,2024-01-01 00:00:00
P0635,1,64,2024-01-01 00:00:00
P0635,2,91,2024-01-01 00:00:00
P0635,3,65,2024-01-01 00:00:00
P0635,4,66,2024-01-01 00:00:00
P0635,5,99,2024-01-01 00:00:00
P0635,6,59,2024-01-01 00:00:00
P0635,7,70,2024-01-01 00:00:00
P0635,8,83,2024-01-01 00:00:00
P0635,9,46,2024-01-01 00:00:00
P0635,10,102,2024-01-01 00:00:00
P0636,1,51,2024-01-01 00:00:00
P0636,2,79,2024-01-01 00:00:00
P0636,3,75,2024-01-01 00:00:00
P0636,4,87,2024-01-01 00:00:00
P0636,5,68,2024-01-01 00:00:00
P0636,6,84,2024-01-01 00:00:00
P0636,7,89,2024-01-01 00:00:00
P0636,8,91,2024-01-01 00:00:00
P0636,9,90,2024-01-01 00:00:00
P0636,10,97,2024-01-01 00:00:00
P0637,1,46,2024-01-01 00:00:00
P0637,2,74,2024-01-01 00:00:00
P0637,3,73,2024-01-01 00:00:00
P0637,4,50,2024-01-01 00:00:00
P0637,5,102,2024-01-01 00:00:00
P0637,6,82,2024-01-01 00:00:00
P0637,7,100,2024-01-01 00:00:00
P0637,8,68,2024-01-01 00:00:00
P0637,9,79,2024-01-01 00:00:00
P0637,10,77,2024-01-01 00:00:00
P0638,1,52,2024-01-01 00:00:00
P0638,2,86,2024-01-01 00:00:00
P0638,3,83,2024-01-01 00:00:00
P0638,4,81,2024-01-01 00:00:00
P0638,5,50,2024-01-01 00:00:00
P0638,6,60,2024-01-01 00:00:00
P0638,7,50,2024-01-01 00:00:00
P0638,8,55,2024-01-01 00:00:00
P0638,9,94,2024-01-01 00:00:00
P0638,10,85,2024-01-01 00:00:00
P0639,1,86,2024-01-01 00:00:00
P0639,2,86,2024-01-01 00:00:00
P0639,3,75,2024-01-01 00:00:00
P0639,4,91,2024-01-01 00:00:00
P0639,5,72,2024-01-01 00:00:00
P0639,6,69,2024-01-01 00:00:00
P0639,7,67,2024-01-01 00:00:00
P0639,8,82,2024-01-01 00:00:00
P0639,9,94,2024-01-01 00:00:00
P0639,10,55,2024-01-01 00:00:00
P0640,1,121,2024-01-01 00:00:00
P0640,2,124,2024-01-01 00:00:00
P0640,3,156,2024-01-01 00:00:00
P0640,4,150,2024-01-01 00:00:00
P0640,5,99,2024-01-01 00:00:00
P0640,6,102,2024-01-01 00:00:00
P0640,7,170,2024-01-01 00:00:00
P0640,8,122,2024-01-01 00:00:00
P0640,9,122,2024-01-01 00:00:00
P0640,10,85,2024-01-01 00:00:00
P0641,1,95,2024-01-01 00:00:00
P0641,2,75,2024-01-01 00:00:00
P0641,3,48,2024-01-01 00:00:00
P0641,4,89,2024-01-01 00:00:00
P0641,5,45,2024-01-01 00:00:00
P0641,6,73,2024-01-01 00:00:00
P0641,7,78,2024-01-01 00:00:00
P0641,8,81,2024-01-01 00:00:00
P0641,9,68,2024-01-01 00:00:00
P0641,10,87,2024-01-01 00:00:00
P0642,1,102,2024-01-01 00:00:00
P0642,2,46,2024-01-01 00:00:00
P0642,3,63,2024-01-01 00:00:00
P0642,4,74,2024-01-01 00:00:00
P0642,5,81,2024-01-01 00:00:00
P0642,6,85,2024-01-01 00:00:00
P0642,7,49,2024-01-01 00:00:00
P0642,8,52,2024-01-01 00:00:00
P0642,9,86,2024-01-01 00:00:00
P0642,10,99,2024-01-01 00:00:00
P0643,1,79,2024-01-01 00:00:00
P0643,2,101,2024-01-01 00:00:00
P0643,3,80,2024-01-01 00:00:00
P0643,4,83,2024-01-01 00:00:00
P0643,5,91,2024-01-01 00:00:00
P0643,6,94,2024-01-01 00:00:00
P0643,7,59,2024-01-01 00:00:00
P0643,8,52,2024-01-01 00:00:00
P0643,9,51,2024-01-01 00:00:00
P0643,10,65,2024-01-01 00:00:00
P0644,1,108,2024-01-01 00:00:00
P0644,2,77,2024-01-01 00:00:00
P0644,3,83,2024-01-01 00:00:00
P0644,4,49,2024-01-01 00:00:00
P0644,5,96,2024-01-01 00:00:00
P0644,6,105,2024-01-01 00:00:00
P0644,7,92,2024-01-01 00:00:00
P0644,8,105,2024-01-01 00:00:00
P0644,9,88,2024-01-01 00:00:00
P0644,10,79,2024-01-01 00:00:00
P0645,1,74,2024-01-01 00:00:00
P0645,2,64,2024-01-01 00:00:00
P0645,3,88,2024-01-01 00:00:00
P0645,4,63,2024-01-01 00:00:00
P0645,5,67,2024-01-01 00:00:00
P0645,6,79,2024-01-01 00:00:00
P0645,7,94,2024-01-01 00:00:00
P0645,8,95,2024-01-01 00:00:00
P0645,9,80,2024-01-01 00:00:00
P0645,10,70,2024-01-01 00:00:00
P0646,1,51,2024-01-01 00:00:00
P0646,2,67,2024-01-01 00:00:00
P0646,3,79,2024-01-01 00:00:00
P0646,4,67,2024-01-01 00:00:00
P0646,5,55,2024-01-01 00:00:00
P0646,6,102,2024-01-01 00:00:00
P0646,7,83,2024-01-01 00:00:00
P0646,8,100,2024-01-01 00:00:00
P0646,9,46,2024-01-01 00:00:00
P0646,10,100,2024-01-01 00:00:00
P0647,1,64,2024-01-01 00:00:00
P0647,2,82,2024-01-01 00:00:00
P0647,3,57,2024-01-01 00:00:00
P0647,4,50,2024-01-01 00:00:00
P0647,5,80,2024-01-01 00:00:00
P0647,6,71,2024-01-01 00:00:00
P0647,7,50,2024-01-01 00:00:00
P0647,8,84,2024-01-01 00:00:00
P0647,9,90,2024-01-01 00:00:00
P0647,10,60,2024-01-01 00:00:00
P0648,1,47,2024-01-01 00:00:00
P0648,2,93,2024-01-01 00:00:00
P0648,3,94,2024-01-01 00:00:00
P0648,4,77,2024-01-01 00:00:00
P0648,5,70,2024-01-01 00:00:00
P0648,6,52,2024-01-01 00:00:00
P0648,7,81,2024-01-01 00:00:00
P0648,8,58,2024-01-01 00:00:00
P0648,9,99,2024-01-01 00:00:00
P0648,10,98,2024-01-01 00:00:00
P0649,1,83,2024-01-01 00:00:00
P0649,2,105,2024-01-01 00:00:00
P0649,3,91,2024-01-01 00:00:00
P0649,4,121,2024-01-01 00:00:00
P0649,5,96,2024-01-01 00:00:00
P0649,6,110,2024-01-01 00:00:00
P0649,7,121,2024-01-01 00:00:00
P0649,8,65,2024-01-01 00:00:00
P0649,9,87,2024-01-01 00:00:00
P0649,10,124,2024-01-01 00:00:00
P0650,1,85,2024-01-01 00:00:00
P0650,2,59,2024-01-01 00:00:00
P0650,3,100,2024-01-01 00:00:00
P0650,4,53,2024-01-01 00:00:00
P0650,5,57,2024-01-01 00:00:00
P0650,6,86,2024-01-01 00:00:00
P0650,7,115,2024-01-01 00:00:00
P0650,8,74,2024-01-01 00:00:00
P0650,9,69,2024-01-01 00:00:00
P0650,10,84,2024-01-01 00:00:00
P0651,1,84,2024-01-01 00:00:00
P0651,2,144,2024-01-01 00:00:00
P0651,3,136,2024-01-01 00:00:00
P0651,4,135,2024-01-01 00:00:00
P0651,5,87,2024-01-01 00:00:00
P0651,6,76,2024-01-01 00:00:00
P0651,7,155,2024-01-01 00:00:00
P0651,8,157,2024-01-01 00:00:00
P0651,9,146,2024-01-01 00:00:00
P0651,10,99,2024-01-01 00:00:00
P0652,1,121,2024-01-01 00:00:00
P0652,2,83,2024-01-01 00:00:00
P0652,3,146,2024-01-01 00:00:00
P0652,4,134,2024-01-01 00:00:00
P0652,5,159,2024-01-01 00:00:00
P0652,6,147,2024-01-01 00:00:00
P0652,7,76,2024-01-01 00:00:00
P0652,8,91,2024-01-01 00:00:00
P0652,9,112,2024-01-01 00:00:00
P0652,10,96,2024-01-01 00:00:00
P0653,1,66,2024-01-01 00:00:00
P0653,2,96,2024-01-01 00:00:00
P0653,3,77,2024-01-01 00:00:00
P0653,4,101,2024-01-01 00:00:00
P0653,5,54,2024-01-01 00:00:00
P0653,6,91,2024-01-01 00:00:00
P0653,7,78,2024-01-01 00:00:00
P0653,8,61,2024-01-01 00:00:00
P0653,9,81,2024-01-01 00:00:00
P0653,10,52,2024-01-01 00:00:00
P0654,1,69,2024-01-01 00:00:00
P0654,2,47,2024-01-01 00:00:00
P0654,3,48,2024-01-01 00:00:00
P0654,4,58,2024-01-01 00:00:00
P0654,5,37,2024-01-01 00:00:00
P0654,6,70,2024-01-01 00:00:00
P0654,7,63,2024-01-01 00:00:00
P0654,8,48,2024-01-01 00:00:00
P0654,9,51,2024-01-01 00:00:00
P0654,10,48,2024-01-01 00:00:00
P0655,1,73,2024-01-01 00:00:00
P0655,2,68,2024-01-01 00:00:00
P0655,3,72,2024-01-01 00:00:00
P0655,4,80,2024-01-01 00:00:00
P0655,5,40,2024-01-01 00:00:00
P0655,6,80,2024-01-01 00:00:00
P0655,7,68,2024-01-01 00:00:00
P0655,8,55,2024-01-01 00:00:00
P0655,9,56,2024-01-01 00:00:00
P0655,10,43,2024-01-01 00:00:00
P0656,1,105,2024-01-01 00:00:00
P0656,2,102,2024-01-01 00:00:00
P0656,3,126,2024-01-01 00:00:00
P0656,4,85,2024-01-01 00:00:00
P0656,5,116,2024-01-01 00:00:00
P0656,6,97,2024-01-01 00:00:00
P0656,7,138,2024-01-01 00:00:00
P0656,8,145,2024-01-01 00:00:00
P0656,9,70,2024-01-01 00:00:00
P0656,10,129,2024-01-01 00:00:00
P0657,1,55,2024-01-01 00:00:00
P0657,2,83,2024-01-01 00:00:00
P0657,3,83,2024-01-01 00:00:00
P0657,4,96,2024-01-01 00:00:00
P0657,5,98,2024-01-01 00:00:00
P0657,6,97,2024-01-01 00:00:00
P0657,7,104,2024-01-01 00:00:00
P0657,8,106,2024-01-01 00:00:00
P0657,9,79,2024-01-01 00:00:00
P0657,10,61,2024-01-01 00:00:00
P0658,1,84,2024-01-01 00:00:00
P0658,2,66,2024-01-01 00:00:00
P0658,3,105,2024-01-01 00:00:00
P0658,4,70,2024-01-01 00:00:00
P0658,5,55,2024-01-01 00:00:00
P0658,6,66,2024-01-01 00:00:00
P0658,7,98,2024-01-01 00:00:00
P0658,8,53,2024-01-01 00:00:00
P0658,9,93,2024-01-01 00:00:00
P0658,10,49,2024-01-01 00:00:00
P0659,1,99,2024-01-01 00:00:00
P0659,2,94,2024-01-01 00:00:00
P0659,3,66,2024-01-01 00:00:00
P0659,4,112,2024-01-01 00:00:00
P0659,5,66,2024-01-01 00:00:00
P0659,6,100,2024-01-01 00:00:00
P0659,7,58,2024-01-01 00:00:00
P0659,8,123,2024-01-01 00:00:00
P0659,9,71,2024-01-01 00:00:00
P0659,10,81,2024-01-01 00:00:00
P0660,1,56,2024-01-01 00:00:00
P0660,2,81,2024-01-01 00:00:00
P0660,3,49,2024-01-01 00:00:00
P0660,4,70,2024-01-01 00:00:00
P0660,5,68,2024-01-01 00:00:00
P0660,6,90,2024-01-01 00:00:00
P0660,7,78,2024-01-01 00:00:00
P0660,8,56,2024-01-01 00:00:00
P0660,9,65,2024-01-01 00:00:00
P0660,10,78,2024-01-01 00:00:00
P0661,1,48,2024-01-01 00:00:00
P0661,2,62,2024-01-01 00:00:00
P0661,3,50,2024-01-01 00:00:00
P0661,4,65,2024-01-01 00:00:00
P0661,5,93,2024-01-01 00:00:00
P0661,6,103,2024-01-01 00:00:00
P0661,7,95,2024-01-01 00:00:00
P0661,8,78,2024-01-01 00:00:00
P0661,9,99,2024-01-01 00:00:00
P0661,10,59,2024-01-01 00:00:00
P0662,1,99,2024-01-01 00:00:00
P0662,2,89,2024-01-01 00:00:00
P0662,3,91,2024-01-01 00:00:00
P0662,4,45,2024-01-01 00:00:00
P0662,5,72,2024-01-01 00:00:00
P0662,6,82,2024-01-01 00:00:00
P0662,7,73,2024-01-01 00:00:00
P0662,8,54,2024-01-01 00:00:00
P0662,9,97,2024-01-01 00:00:00
P0662,10,58,2024-01-01 00:00:00
P0663,1,54,2024-01-01 00:00:00
P0663,2,81,2024-01-01 00:00:00
P0663,3,53,2024-01-01 00:00:00
P0663,4,62,2024-01-01 00:00:00
P0663,5,87,2024-01-01 00:00:00
P0663,6,87,2024-01-01 00:00:00
P0663,7,55,2024-01-01 00:00:00
P0663,8,69,2024-01-01 00:00:00
P0663,9,47,2024-01-01 00:00:00
P0663,10,68,2024-01-01 00:00:00
P0664,1,75,2024-01-01 00:00:00
P0664,2,82,2024-01-01 00:00:00
P0664,3,65,2024-01-01 00:00:00
P0664,4,56,2024-01-01 00:00:00
P0664,5,65,2024-01-01 00:00:00
P0664,6,58,2024-01-01 00:00:00
P0664,7,72,2024-01-01 00:00:00
P0664,8,83,2024-01-01 00:00:00
P0664,9,94,2024-01-01 00:00:00
P0664,10,98,2024-01-01 00:00:00
P0665,1,85,2024-01-01 00:00:00
P0665,2,90,2024-01-01 00:00:00
P0665,3,84,2024-01-01 00:00:00
P0665,4,51,2024-01-01 00:00:00
P0665,5,103,2024-01-01 00:00:00
P0665,6,71,2024-01-01 00:00:00
P0665,7,59,2024-01-01 00:00:00
P0665,8,88,2024-01-01 00:00:00
P0665,9,78,2024-01-01 00:00:00
P0665,10,67,2024-01-01 00:00:00
P0666,1,105,2024-01-01 00:00:00
P0666,2,78,2024-01-01 00:00:00
P0666,3,92,2024-01-01 00:00:00
P0666,4,89,2024-01-01 00:00:00
P0666,5,70,2024-01-01 00:00:00
P0666,6,75,2024-01-01 00:00:00
P0666,7,101,2024-01-01 00:00:00
P0666,8,103,2024-01-01 00:00:00
P0666,9,102,2024-01-01 00:00:00
P0666,10,81,2024-01-01 00:00:00
P0667,1,44,2024-01-01 00:00:00
P0667,2,31,2024-01-01 00:00:00
P0667,3,27,2024-01-01 00:00:00
P0667,4,53,2024-01-01 00:00:00
P0667,5,25,2024-01-01 00:00:00
P0667,6,22,2024-01-01 00:00:00
P0667,7,23,2024-01-01 00:00:00
P0667,8,27,2024-01-01 00:00:00
P0667,9,37,2024-01-01 00:00:00
P0667,10,38,2024-01-01 00:00:00
P0668,1,70,2024-01-01 00:00:00
P0668,2,51,2024-01-01 00:00:00
P0668,3,78,2024-01-01 00:00:00
P0668,4,63,2024-01-01 00:00:00
P0668,5,58,2024-01-01 00:00:00
P0668,6,77,2024-01-01 00:00:00
P0668,7,61,2024-01-01 00:00:00
P0668,8,71,2024-01-01 00:00:00
P0668,9,50,2024-01-01 00:00:00
P0668,10,37,2024-01-01 00:00:00
P0669,1,93,2024-01-01 00:00:00
P0669,2,55,2024-01-01 00:00:00
P0669,3,79,2024-01-01 00:00:00
P0669,4,52,2024-01-01 00:00:00
P0669,5,105,2024-01-01 00:00:00
P0669,6,84,2024-01-01 00:00:00
P0669,7,94,2024-01-01 00:00:00
P0669,8,61,2024-01-01 00:00:00
P0669,9,49,2024-01-01 00:00:00
P0669,10,92,2024-01-01 00:00:00
P0670,1,64,2024-01-01 00:00:00
P0670,2,48,2024-01-01 00:00:00
P0670,3,96,2024-01-01 00:00:00
P0670,4,62,2024-01-01 00:00:00
P0670,5,103,2024-01-01 00:00:00
P0670,6,99,2024-01-01 00:00:00
P0670,7,91,2024-01-01 00:00:00
P0670,8,47,2024-01-01 00:00:00
P0670,9,49,2024-01-01 00:00:00
P0670,10,100,2024-01-01 00:00:00
P0671,1,47,2024-01-01 00:00:00
P0671,2,50,2024-01-01 00:00:00
P0671,3,32,2024-01-01 00:00:00
P0671,4,33,2024-01-01 00:00:00
P0671,5,38,2024-01-01 00:00:00
P0671,6,28,2024-01-01 00:00:00
P0671,7,22,2024-01-01 00:00:00
P0671,8,26,2024-01-01 00:00:00
P0671,9,50,2024-01-01 00:00:00
P0671,10,27,2024-01-01 00:00:00
P0672,1,43,2024-01-01 00:00:00
P0672,2,26,2024-01-01 00:00:00
P0672,3,29,2024-01-01 00:00:00
P0672,4,39,2024-01-01 00:00:00
P0672,5,38,2024-01-01 00:00:00
P0672,6,33,2024-01-01 00:00:00
P0672,7,46,2024-01-01 00:00:00
P0672,8,38,2024-01-01 00:00:00
P0672,9,31,2024-01-01 00:00:00
P0672,10,47,2024-01-01 00:00:00
P0673,1,61,2024-01-01 00:00:00
P0673,2,93,2024-01-01 00:00:00
P0673,3,82,2024-01-01 00:00:00
P0673,4,100,2024-01-01 00:00:00
P0673,5,50,2024-01-01 00:00:00
P0673,6,47,2024-01-01 00:00:00
P0673,7,48,2024-01-01 00:00:00
P0673,8,51,2024-01-01 00:00:00
P0673,9,95,2024-01-01 00:00:00
P0673,10,51,2024-01-01 00:00:00
P0674,1,61,2024-01-01 00:00:00
P0674,2,101,2024-01-01 00:00:00
P0674,3,52,2024-01-01 00:00:00
P0674,4,66,2024-01-01 00:00:00
P0674,5,84,2024-01-01 00:00:00
P0674,6,83,2024-01-01 00:00:00
P0674,7,66,2024-01-01 00:00:00
P0674,8,70,2024-01-01 00:00:00
P0674,9,101,2024-01-01 00:00:00
P0674,10,86,2024-01-01 00:00:00
P0675,1,82,2024-01-01 00:00:00
P0675,2,75,2024-01-01 00:00:00
P0675,3,107,2024-01-01 00:00:00
P0675,4,62,2024-01-01 00:00:00
P0675,5,95,2024-01-01 00:00:00
P0675,6,72,2024-01-01 00:00:00
P0675,7,72,2024-01-01 00:00:00
P0675,8,55,2024-01-01 00:00:00
P0675,9,57,2024-01-01 00:00:00
P0675,10,96,2024-01-01 00:00:00
P0676,1,56,2024-01-01 00:00:00
P0676,2,75,2024-01-01 00:00:00
P0676,3,36,2024-01-01 00:00:00
P0676,4,47,2024-01-01 00:00:00
P0676,5,38,2024-01-01 00:00:00
P0676,6,76,2024-01-01 00:00:00
P0676,7,42,2024-01-01 00:00:00
P0676,8,60,2024-01-01 00:00:00
P0676,9,57,2024-01-01 00:00:00
P0676,10,53,2024-01-01 00:00:00
P0677,1,39,2024-01-01 00:00:00
P0677,2,42,2024-01-01 00:00:00
P0677,3,45,2024-01-01 00:00:00
P0677,4,86,2024-01-01 00:00:00
P0677,5,66,2024-01-01 00:00:00
P0677,6,71,2024-01-01 00:00:00
P0677,7,52,2024-01-01 00:00:00
P0677,8,69,2024-01-01 00:00:00
P0677,9,66,2024-01-01 00:00:00
P0677,10,62,2024-01-01 00:00:00
P0678,1,70,2024-01-01 00:00:00
P0678,2,104,2024-01-01 00:00:00
P0678,3,103,2024-01-01 00:00:00
P0678,4,49,2024-01-01 00:00:00
P0678,5,59,2024-01-01 00:00:00
P0678,6,76,2024-01-01 00:00:00
P0678,7,51,2024-01-01 00:00:00
P0678,8,97,2024-01-01 00:00:00
P0678,9,63,2024-01-01 00:00:00
P0678,10,76,2024-01-01 00:00:00
P0679,1,61,2024-01-01 00:00:00
P0679,2,55,2024-01-01 00:00:00
P0679,3,62,2024-01-01 00:00:00
P0679,4,98,2024-01-01 00:00:00
P0679,5,64,2024-01-01 00:00:00
P0679,6,104,2024-01-01 00:00:00
P0679,7,55,2024-01-01 00:00:00
P0679,8,59,2024-01-01 00:00:00
P0679,9,104,2024-01-01 00:00:00
P0679,10,97,2024-01-01 00:00:00
P0680,1,65,2024-01-01 00:00:00
P0680,2,87,2024-01-01 00:00:00
P0680,3,62,2024-01-01 00:00:00
P0680,4,102,2024-01-01 00:00:00
P0680,5,65,2024-01-01 00:00:00
P0680,6,80,2024-01-01 00:00:00
P0680,7,48,2024-01-01 00:00:00
P0680,8,83,2024-01-01 00:00:00
P0680,9,48,2024-01-01 00:00:00
P0680,10,61,2024-01-01 00:00:00
P0681,1,46,2024-01-01 00:00:00
P0681,2,96,2024-01-01 00:00:00
P0681,3,67,2024-01-01 00:00:00
P0681,4,75,2024-01-01 00:00:00
P0681,5,66,2024-01-01 00:00:00
P0681,6,57,2024-01-01 00:00:00
P0681,7,79,2024-01-01 00:00:00
P0681,8,66,2024-01-01 00:00:00
P0681,9,77,2024-01-01 00:00:00
P0681,10,97,2024-01-01 00:00:00
P0682,1,55,2024-01-01 00:00:00
P0682,2,70,2024-01-01 00:00:00
P0682,3,48,2024-01-01 00:00:00
P0682,4,98,2024-01-01 00:00:00
P0682,5,104,2024-01-01 00:00:00
P0682,6,71,2024-01-01 00:00:00
P0682,7,84,2024-01-01 00:00:00
P0682,8,58,2024-01-01 00:00:00
P0682,9,74,2024-01-01 00:00:00
P0682,10,62,2024-01-01 00:00:00
P0683,1,57,2024-01-01 00:00:00
P0683,2,93,2024-01-01 00:00:00
P0683,3,49,2024-01-01 00:00:00
P0683,4,79,2024-01-01 00:00:00
P0683,5,102,2024-01-01 00:00:00
P0683,6,103,2024-01-01 00:00:00
P0683,7,79,2024-01-01 00:00:00
P0683,8,54,2024-01-01 00:00:00
P0683,9,50,2024-01-01 00:00:00
P0683,10,88,2024-01-01 00:00:00
P0684,1,85,2024-01-01 00:00:00
P0684,2,93,2024-01-01 00:00:00
P0684,3,85,2024-01-01 00:00:00
P0684,4,66,2024-01-01 00:00:00
P0684,5,64,2024-01-01 00:00:00
P0684,6,77,2024-01-01 00:00:00
P0684,7,88,2024-01-01 00:00:00
P0684,8,55,2024-01-01 00:00:00
P0684,9,64,2024-01-01 00:00:00
P0684,10,61,2024-01-01 00:00:00
P0685,1,43,2024-01-01 00:00:00
P0685,2,46,2024-01-01 00:00:00
P0685,3,68,2024-01-01 00:00:00
P0685,4,49,2024-01-01 00:00:00
P0685,5,65,2024-01-01 00:00:00
P0685,6,45,2024-01-01 00:00:00
P0685,7,62,2024-01-01 00:00:00
P0685,8,49,2024-01-01 00:00:00
P0685,9,58,2024-01-01 00:00:00
P0685,10,73,2024-01-01 00:00:00
P0686,1,82,2024-01-01 00:00:00
P0686,2,83,2024-01-01 00:00:00
P0686,3,37,2024-01-01 00:00:00
P0686,4,77,2024-01-01 00:00:00
P0686,5,76,2024-01-01 00:00:00
P0686,6,79,2024-01-01 00:00:00
P0686,7,57,2024-01-01 00:00:00
P0686,8,82,2024-01-01 00:00:00
P0686,9,39,2024-01-01 00:00:00
P0686,10,44,2024-01-01 00:00:00
P0687,1,87,2024-01-01 00:00:00
P0687,2,102,2024-01-01 00:00:00
P0687,3,57,2024-01-01 00:00:00
P0687,4,47,2024-01-01 00:00:00
P0687,5,47,2024-01-01 00:00:00
P0687,6,84,2024-01-01 00:00:00
P0687,7,104,2024-01-01 00:00:00
P0687,8,54,2024-01-01 00:00:00
P0687,9,53,2024-01-01 00:00:00
P0687,10,74,2024-01-01 00:00:00
P0688,1,22,2024-01-01 00:00:00
P0688,2,16,2024-01-01 00:00:00
P0688,3,15,2024-01-01 00:00:00
P0688,4,27,2024-01-01 00:00:00
P0688,5,18,2024-01-01 00:00:00
P0688,6,28,2024-01-01 00:00:00
P0688,7,29,2024-01-01 00:00:00
P0688,8,23,2024-01-01 00:00:00
P0688,9,18,2024-01-01 00:00:00
P0688,10,15,2024-01-01 00:00:00
P0689,1,68,2024-01-01 00:00:00
P0689,2,97,2024-01-01 00:00:00
P0689,3,57,2024-01-01 00:00:00
P0689,4,60,2024-01-01 00:00:00
P0689,5,87,2024-01-01 00:00:00
P0689,6,57,2024-01-01 00:00:00
P0689,7,64,2024-01-01 00:00:00
P0689,8,62,2024-01-01 00:00:00
P0689,9,45,2024-01-01 00:00:00
P0689,10,74,2024-01-01 00:00:00
P0690,1,54,2024-01-01 00:00:00
P0690,2,55,2024-01-01 00:00:00
P0690,3,78,2024-01-01 00:00:00
P0690,4,64,2024-01-01 00:00:00
P0690,5,40,2024-01-01 00:00:00
P0690,6,67,2024-01-01 00:00:00
P0690,7,61,2024-01-01 00:00:00
P0690,8,58,2024-01-01 00:00:00
P0690,9,58,2024-01-01 00:00:00
P0690,10,54,2024-01-01 00:00:00
P0691,1,50,2024-01-01 00:00:00
P0691,2,51,2024-01-01 00:00:00
P0691,3,50,2024-01-01 00:00:00
P0691,4,31,2024-01-01 00:00:00
P0691,5,30,2024-01-01 00:00:00
P0691,6,43,2024-01-01 00:00:00
P0691,7,29,2024-01-01 00:00:00
P0691,8,43,2024-01-01 00:00:00
P0691,9,52,2024-01-01 00:00:00
P0691,10,42,2024-01-01 00:00:00
P0692,1,87,2024-01-01 00:00:00
P0692,2,101,2024-01-01 00:00:00
P0692,3,74,2024-01-01 00:00:00
P0692,4,73,2024-01-01 00:00:00
P0692,5,80,2024-01-01 00:00:00
P0692,6,56,2024-01-01 00:00:00
P0692,7,93,2024-01-01 00:00:00
P0692,8,70,2024-01-01 00:00:00
P0692,9,53,2024-01-01 00:00:00
P0692,10,97,2024-01-01 00:00:00
P0693,1,50,2024-01-01 00:00:00
P0693,2,25,2024-01-01 00:00:00
P0693,3,49,2024-01-01 00:00:00
P0693,4,45,2024-01-01 00:00:00
P0693,5,32,2024-01-01 00:00:00
P0693,6,27,2024-01-01 00:00:00
P0693,7,40,2024-01-01 00:00:00
P0693,8,41,2024-01-01 00:00:00
P0693,9,28,2024-01-01 00:00:00
P0693,10,46,2024-01-01 00:00:00
P0694,1,38,2024-01-01 00:00:00
P0694,2,28,2024-01-01 00:00:00
P0694,3,57,2024-01-01 00:00:00
P0694,4,38,2024-01-01 00:00:00
P0694,5,39,2024-01-01 00:00:00
P0694,6,56,2024-01-01 00:00:00
P0694,7,43,2024-01-01 00:00:00
P0694,8,48,2024-01-01 00:00:00
P0694,9,28,2024-01-01 00:00:00
P0694,10,33,2024-01-01 00:00:00
P0695,1,32,2024-01-01 00:00:00
P0695,2,46,2024-01-01 00:00:00
P0695,3,23,2024-01-01 00:00:00
P0695,4,22,2024-01-01 00:00:00
P0695,5,29,2024-01-01 00:00:00
P0695,6,26,2024-01-01 00:00:00
P0695,7,34,2024-01-01 00:00:00
P0695,8,29,2024-01-01 00:00:00
P0695,9,38,2024-01-01 00:00:00
P0695,10,31,2024-01-01 00:00:00
P0696,1,46,2024-01-01 00:00:00
P0696,2,72,2024-01-01 00:00:00
P0696,3,72,2024-01-01 00:00:00
P0696,4,100,2024-01-01 00:00:00
P0696,5,72,2024-01-01 00:00:00
P0696,6,100,2024-01-01 00:00:00
P0696,7,75,2024-01-01 00:00:00
P0696,8,48,2024-01-01 00:00:00
P0696,9,63,2024-01-01 00:00:00
P0696,10,82,2024-01-01 00:00:00
P0697,1,102,2024-01-01 00:00:00
P0697,2,99,2024-01-01 00:00:00
P0697,3,89,2024-01-01 00:00:00
P0697,4,62,2024-01-01 00:00:00
P0697,5,76,2024-01-01 00:00:00
P0697,6,48,2024-01-01 00:00:00
P0697,7,104,2024-01-01 00:00:00
P0697,8,71,2024-01-01 00:00:00
P0697,9,82,2024-01-01 00:00:00
P0697,10,76,2024-01-01 00:00:00
P0698,1,59,2024-01-01 00:00:00
P0698,2,66,2024-01-01 00:00:00
P0698,3,81,2024-01-01 00:00:00
P0698,4,89,2024-01-01 00:00:00
P0698,5,87,2024-01-01 00:00:00
P0698,6,105,2024-01-01 00:00:00
P0698,7,47,2024-01-01 00:00:00
P0698,8,63,2024-01-01 00:00:00
P0698,9,76,2024-01-01 00:00:00
P0698,10,82,2024-01-01 00:00:00
P0699,1,60,2024-01-01 00:00:00
P0699,2,66,2024-01-01 00:00:00
P0699,3,72,2024-01-01 00:00:00
P0699,4,67,2024-01-01 00:00:00
P0699,5,65,2024-01-01 00:00:00
P0699,6,54,2024-01-01 00:00:00
P0699,7,93,2024-01-01 00:00:00
P0699,8,49,2024-01-01 00:00:00
P0699,9,57,2024-01-01 00:00:00
P0699,10,60,2024-01-01 00:00:00
P0700,1,98,2024-01-01 00:00:00
P0700,2,105,2024-01-01 00:00:00
P0700,3,99,2024-01-01 00:00:00
P0700,4,64,2024-01-01 00:00:00
P0700,5,76,2024-01-01 00:00:00
P0700,6,84,2024-01-01 00:00:00
P0700,7,74,2024-01-01 00:00:00
P0700,8,64,2024-01-01 00:00:00
P0700,9,72,2024-01-01 00:00:00
P0700,10,81,2024-01-01 00:00:00
P0701,1,45,2024-01-01 00:00:00
P0701,2,49,2024-01-01 00:00:00
P0701,3,95,2024-01-01 00:00:00
P0701,4,58,2024-01-01 00:00:00
P0701,5,71,2024-01-01 00:00:00
P0701,6,46,2024-01-01 00:00:00
P0701,7,80,2024-01-01 00:00:00
P0701,8,91,2024-01-01 00:00:00
P0701,9,47,2024-01-01 00:00:00
P0701,10,48,2024-01-01 00:00:00
P0702,1,45,2024-01-01 00:00:00
P0702,2,56,2024-01-01 00:00:00
P0702,3,80,2024-01-01 00:00:00
P0702,4,69,2024-01-01 00:00:00
P0702,5,79,2024-01-01 00:00:00
P0702,6,79,2024-01-01 00:00:00
P0702,7,64,2024-01-01 00:00:00
P0702,8,94,2024-01-01 00:00:00
P0702,9,88,2024-01-01 00:00:00
P0702,10,91,2024-01-01 00:00:00
P0703,1,73,2024-01-01 00:00:00
P0703,2,68,2024-01-01 00:00:00
P0703,3,73,2024-01-01 00:00:00
P0703,4,87,2024-01-01 00:00:00
P0703,5,89,2024-01-01 00:00:00
P0703,6,85,2024-01-01 00:00:00
P0703,7,45,2024-01-01 00:00:00
P0703,8,76,2024-01-01 00:00:00
P0703,9,86,2024-01-01 00:00:00
P0703,10,70,2024-01-01 00:00:00
P0704,1,53,2024-01-01 00:00:00
P0704,2,47,2024-01-01 00:00:00
P0704,3,92,2024-01-01 00:00:00
P0704,4,79,2024-01-01 00:00:00
P0704,5,104,2024-01-01 00:00:00
P0704,6,63,2024-01-01 00:00:00
P0704,7,83,2024-01-01 00:00:00
P0704,8,62,2024-01-01 00:00:00
P0704,9,75,2024-01-01 00:00:00
P0704,10,71,2024-01-01 00:00:00
P0705,1,66,2024-01-01 00:00:00
P0705,2,52,2024-01-01 00:00:00
P0705,3,74,2024-01-01 00:00:00
P0705,4,48,2024-01-01 00:00:00
P0705,5,63,2024-01-01 00:00:00
P0705,6,68,2024-01-01 00:00:00
P0705,7,94,2024-01-01 00:00:00
P0705,8,78,2024-01-01 00:00:00
P0705,9,75,2024-01-01 00:00:00
P0705,10,49,2024-01-01 00:00:00
P0706,1,40,2024-01-01 00:00:00
P0706,2,28,2024-01-01 00:00:00
P0706,3,49,2024-01-01 00:00:00
P0706,4,59,2024-01-01 00:00:00
P0706,5,30,2024-01-01 00:00:00
P0706,6,46,2024-01-01 00:00:00
P0706,7,42,2024-01-01 00:00:00
P0706,8,50,2024-01-01 00:00:00
P0706,9,32,2024-01-01 00:00:00
P0706,10,36,2024-01-01 00:00:00
P0707,1,58,2024-01-01 00:00:00
P0707,2,32,2024-01-01 00:00:00
P0707,3,52,2024-01-01 00:00:00
P0707,4,36,2024-01-01 00:00:00
P0707,5,47,2024-01-01 00:00:00
P0707,6,39,2024-01-01 00:00:00
P0707,7,47,2024-01-01 00:00:00
P0707,8,60,2024-01-01 00:00:00
P0707,9,29,2024-01-01 00:00:00
P0707,10,44,2024-01-01 00:00:00
P0708,1,101,2024-01-01 00:00:00
P0708,2,91,2024-01-01 00:00:00
P0708,3,67,2024-01-01 00:00:00
P0708,4,102,2024-01-01 00:00:00
P0708,5,76,2024-01-01 00:00:00
P0708,6,101,2024-01-01 00:00:00
P0708,7,68,2024-01-01 00:00:00
P0708,8,87,2024-01-01 00:00:00
P0708,9,89,2024-01-01 00:00:00
P0708,10,61,2024-01-01 00:00:00
P0709,1,116,2024-01-01 00:00:00
P0709,2,118,2024-01-01 00:00:00
P0709,3,66,2024-01-01 00:00:00
P0709,4,76,2024-01-01 00:00:00
P0709,5,82,2024-01-01 00:00:00
P0709,6,100,2024-01-01 00:00:00
P0709,7,116,2024-01-01 00:00:00
P0709,8,109,2024-01-01 00:00:00
P0709,9,53,2024-01-01 00:00:00
P0709,10,91,2024-01-01 00:00:00
P0710,1,82,2024-01-01 00:00:00
P0710,2,100,2024-01-01 00:00:00
P0710,3,64,2024-01-01 00:00:00
P0710,4,71,2024-01-01 00:00:00
P0710,5,79,2024-01-01 00:00:00
P0710,6,49,2024-01-01 00:00:00
P0710,7,65,2024-01-01 00:00:00
P0710,8,84,2024-01-01 00:00:00
P0710,9,46,2024-01-01 00:00:00
P0710,10,96,2024-01-01 00:00:00
P0711,1,54,2024-01-01 00:00:00
P0711,2,75,2024-01-01 00:00:00
P0711,3,64,2024-01-01 00:00:00
P0711,4,58,2024-01-01 00:00:00
P0711,5,47,2024-01-01 00:00:00
P0711,6,65,2024-01-01 00:00:00
P0711,7,45,2024-01-01 00:00:00
P0711,8,91,2024-01-01 00:00:00
P0711,9,86,2024-01-01 00:00:00
P0711,10,102,2024-01-01 00:00:00
P0712,1,79,2024-01-01 00:00:00
P0712,2,99,2024-01-01 00:00:00
P0712,3,53,2024-01-01 00:00:00
P0712,4,59,2024-01-01 00:00:00
P0712,5,48,2024-01-01 00:00:00
P0712,6,48,2024-01-01 00:00:00
P0712,7,65,2024-01-01 00:00:00
P0712,8,83,2024-01-01 00:00:00
P0712,9,95,2024-01-01 00:00:00
P0712,10,45,2024-01-01 00:00:00
P0713,1,76,2024-01-01 00:00:00
P0713,2,100,2024-01-01 00:00:00
P0713,3,68,2024-01-01 00:00:00
P0713,4,84,2024-01-01 00:00:00
P0713,5,89,2024-01-01 00:00:00
P0713,6,91,2024-01-01 00:00:00
P0713,7,57,2024-01-01 00:00:00
P0713,8,90,2024-01-01 00:00:00
P0713,9,48,2024-01-01 00:00:00
P0713,10,47,2024-01-01 00:00:00
P0714,1,105,2024-01-01 00:00:00
P0714,2,63,2024-01-01 00:00:00
P0714,3,102,2024-01-01 00:00:00
P0714,4,59,2024-01-01 00:00:00
P0714,5,69,2024-01-01 00:00:00
P0714,6,61,2024-01-01 00:00:00
P0714,7,74,2024-01-01 00:00:00
P0714,8,46,2024-01-01 00:00:00
P0714,9,104,2024-01-01 00:00:00
P0714,10,80,2024-01-01 00:00:00
P0715,1,93,2024-01-01 00:00:00
P0715,2,97,2024-01-01 00:00:00
P0715,3,72,2024-01-01 00:00:00
P0715,4,83,2024-01-01 00:00:00
P0715,5,57,2024-01-01 00:00:00
P0715,6,53,2024-01-01 00:00:00
P0715,7,65,2024-01-01 00:00:00
P0715,8,100,2024-01-01 00:00:00
P0715,9,67,2024-01-01 00:00:00
P0715,10,83,2024-01-01 00:00:00
P0716,1,28,2024-01-01 00:00:00
P0716,2,21,2024-01-01 00:00:00
P0716,3,24,2024-01-01 00:00:00
P0716,4,28,2024-01-01 00:00:00
P0716,5,24,2024-01-01 00:00:00
P0716,6,15,2024-01-01 00:00:00
P0716,7,31,2024-01-01 00:00:00
P0716,8,30,2024-01-01 00:00:00
P0716,9,28,2024-01-01 00:00:00
P0716,10,22,2024-01-01 00:00:00
P0717,1,39,2024-01-01 00:00:00
P0717,2,42,2024-01-01 00:00:00
P0717,3,52,2024-01-01 00:00:00
P0717,4,48,2024-01-01 00:00:00
P0717,5,51,2024-01-01 00:00:00
P0717,6,30,2024-01-01 00:00:00
P0717,7,58,2024-01-01 00:00:00
P0717,8,51,2024-01-01 00:00:00
P0717,9,40,2024-01-01 00:00:00
P0717,10,56,2024-01-01 00:00:00
P0718,1,29,2024-01-01 00:00:00
P0718,2,36,2024-01-01 00:00:00
P0718,3,49,2024-01-01 00:00:00
P0718,4,36,2024-01-01 00:00:00
P0718,5,40,2024-01-01 00:00:00
P0718,6,46,2024-01-01 00:00:00
P0718,7,38,2024-01-01 00:00:00
P0718,8,56,2024-01-01 00:00:00
P0718,9,51,2024-01-01 00:00:00
P0718,10,29,2024-01-01 00:00:00
P0719,1,103,2024-01-01 00:00:00
P0719,2,83,2024-01-01 00:00:00
P0719,3,67,2024-01-01 00:00:00
P0719,4,58,2024-01-01 00:00:00
P0719,5,70,2024-01-01 00:00:00
P0719,6,85,2024-01-01 00:00:00
P0719,7,96,2024-01-01 00:00:00
P0719,8,67,2024-01-01 00:00:00
P0719,9,68,2024-01-01 00:00:00
P0719,10,70,2024-01-01 00:00:00
P0720,1,54,2024-01-01 00:00:00
P0720,2,27,2024-01-01 00:00:00
P0720,3,56,2024-01-01 00:00:00
P0720,4,47,2024-01-01 00:00:00
P0720,5,33,2024-01-01 00:00:00
P0720,6,50,2024-01-01 00:00:00
P0720,7,29,2024-01-01 00:00:00
P0720,8,54,2024-01-01 00:00:00
P0720,9,44,2024-01-01 00:00:00
P0720,10,56,2024-01-01 00:00:00
P0721,1,32,2024-01-01 00:00:00
P0721,2,38,2024-01-01 00:00:00
P0721,3,35,2024-01-01 00:00:00
P0721,4,28,2024-01-01 00:00:00
P0721,5,44,2024-01-01 00:00:00
P0721,6,37,2024-01-01 00:00:00
P0721,7,35,2024-01-01 00:00:00
P0721,8,41,2024-01-01 00:00:00
P0721,9,46,2024-01-01 00:00:00
P0721,10,52,2024-01-01 00:00:00
P0722,1,93,2024-01-01 00:00:00
P0722,2,52,2024-01-01 00:00:00
P0722,3,87,2024-01-01 00:00:00
P0722,4,104,2024-01-01 00:00:00
P0722,5,53,2024-01-01 00:00:00
P0722,6,68,2024-01-01 00:00:00
P0722,7,65,2024-01-01 00:00:00
P0722,8,88,2024-01-01 00:00:00
P0722,9,72,2024-01-01 00:00:00
P0722,10,48,2024-01-01 00:00:00
P0723,1,79,2024-01-01 00:00:00
P0723,2,71,2024-01-01 00:00:00
P0723,3,74,2024-01-01 00:00:00
P0723,4,59,2024-01-01 00:00:00
P0723,5,62,2024-01-01 00:00:00
P0723,6,55,2024-01-01 00:00:00
P0723,7,88,2024-01-01 00:00:00
P0723,8,105,2024-01-01 00:00:00
P0723,9,59,2024-01-01 00:00:00
P0723,10,50,2024-01-01 00:00:00
P0724,1,66,2024-01-01 00:00:00
P0724,2,77,2024-01-01 00:00:00
P0724,3,49,2024-01-01 00:00:00
P0724,4,57,2024-01-01 00:00:00
P0724,5,105,2024-01-01 00:00:00
P0724,6,83,2024-01-01 00:00:00
P0724,7,85,2024-01-01 00:00:00
P0724,8,94,2024-01-01 00:00:00
P0724,9,45,2024-01-01 00:00:00
P0724,10,57,2024-01-01 00:00:00
P0725,1,94,2024-01-01 00:00:00
P0725,2,75,2024-01-01 00:00:00
P0725,3,50,2024-01-01 00:00:00
P0725,4,52,2024-01-01 00:00:00
P0725,5,95,2024-01-01 00:00:00
P0725,6,62,2024-01-01 00:00:00
P0725,7,60,2024-01-01 00:00:00
P0725,8,100,2024-01-01 00:00:00
P0725,9,80,2024-01-01 00:00:00
P0725,10,93,2024-01-01 00:00:00
P0726,1,60,2024-01-01 00:00:00
P0726,2,61,2024-01-01 00:00:00
P0726,3,72,2024-01-01 00:00:00
P0726,4,46,2024-01-01 00:00:00
P0726,5,105,2024-01-01 00:00:00
P0726,6,46,2024-01-01 00:00:00
P0726,7,91,2024-01-01 00:00:00
P0726,8,55,2024-01-01 00:00:00
P0726,9,91,2024-01-01 00:00:00
P0726,10,89,2024-01-01 00:00:00
P0727,1,51,2024-01-01 00:00:00
P0727,2,59,2024-01-01 00:00:00
P0727,3,103,2024-01-01 00:00:00
P0727,4,52,2024-01-01 00:00:00
P0727,5,55,2024-01-01 00:00:00
P0727,6,51,2024-01-01 00:00:00
P0727,7,61,2024-01-01 00:00:00
P0727,8,102,2024-01-01 00:00:00
P0727,9,70,2024-01-01 00:00:00
P0727,10,50,2024-01-01 00:00:00
P0728,1,95,2024-01-01 00:00:00
P0728,2,96,2024-01-01 00:00:00
P0728,3,79,2024-01-01 00:00:00
P0728,4,101,2024-01-01 00:00:00
P0728,5,57,2024-01-01 00:00:00
P0728,6,68,2024-01-01 00:00:00
P0728,7,97,2024-01-01 00:00:00
P0728,8,55,2024-01-01 00:00:00
P0728,9,96,2024-01-01 00:00:00
P0728,10,97,2024-01-01 00:00:00
P0729,1,87,2024-01-01 00:00:00
P0729,2,71,2024-01-01 00:00:00
P0729,3,74,2024-01-01 00:00:00
P0729,4,104,2024-01-01 00:00:00
P0729,5,51,2024-01-01 00:00:00
P0729,6,61,2024-01-01 00:00:00
P0729,7,55,2024-01-01 00:00:00
P0729,8,84,2024-01-01 00:00:00
P0729,9,77,2024-01-01 00:00:00
P0729,10,45,2024-01-01 00:00:00
P0730,1,70,2024-01-01 00:00:00
P0730,2,58,2024-01-01 00:00:00
P0730,3,60,2024-01-01 00:00:00
P0730,4,66,2024-01-01 00:00:00
P0730,5,45,2024-01-01 00:00:00
P0730,6,53,2024-01-01 00:00:00
P0730,7,45,2024-01-01 00:00:00
P0730,8,48,2024-01-01 00:00:00
P0730,9,74,2024-01-01 00:00:00
P0730,10,54,2024-01-01 00:00:00
P0731,1,96,2024-01-01 00:00:00
P0731,2,87,2024-01-01 00:00:00
P0731,3,82,2024-01-01 00:00:00
P0731,4,109,2024-01-01 00:00:00
P0731,5,71,2024-01-01 00:00:00
P0731,6,70,2024-01-01 00:00:00
P0731,7,69,2024-01-01 00:00:00
P0731,8,76,2024-01-01 00:00:00
P0731,9,53,2024-01-01 00:00:00
P0731,10,104,2024-01-01 00:00:00
P0732,1,41,2024-01-01 00:00:00
P0732,2,46,2024-01-01 00:00:00
P0732,3,39,2024-01-01 00:00:00
P0732,4,47,2024-01-01 00:00:00
P0732,5,32,2024-01-01 00:00:00
P0732,6,48,2024-01-01 00:00:00
P0732,7,35,2024-01-01 00:00:00
P0732,8,36,2024-01-01 00:00:00
P0732,9,56,2024-01-01 00:00:00
P0732,10,59,2024-01-01 00:00:00
P0733,1,42,2024-01-01 00:00:00
P0733,2,79,2024-01-01 00:00:00
P0733,3,38,2024-01-01 00:00:00
P0733,4,44,2024-01-01 00:00:00
P0733,5,63,2024-01-01 00:00:00
P0733,6,62,2024-01-01 00:00:00
P0733,7,43,2024-01-01 00:00:00
P0733,8,79,2024-01-01 00:00:00
P0733,9,59,2024-01-01 00:00:00
P0733,10,67,2024-01-01 00:00:00
P0734,1,53,2024-01-01 00:00:00
P0734,2,73,2024-01-01 00:00:00
P0734,3,81,2024-01-01 00:00:00
P0734,4,50,2024-01-01 00:00:00
P0734,5,70,2024-01-01 00:00:00
P0734,6,67,2024-01-01 00:00:00
P0734,7,62,2024-01-01 00:00:00
P0734,8,39,2024-01-01 00:00:00
P0734,9,57,2024-01-01 00:00:00
P0734,10,78,2024-01-01 00:00:00
P0735,1,83,2024-01-01 00:00:00
P0735,2,98,2024-01-01 00:00:00
P0735,3,68,2024-01-01 00:00:00
P0735,4,95,2024-01-01 00:00:00
P0735,5,80,2024-01-01 00:00:00
P0735,6,88,2024-01-01 00:00:00
P0735,7,62,2024-01-01 00:00:00
P0735,8,83,2024-01-01 00:00:00
P0735,9,57,2024-01-01 00:00:00
P0735,10,88,2024-01-01 00:00:00
P0736,1,48,2024-01-01 00:00:00
P0736,2,88,2024-01-01 00:00:00
P0736,3,98,2024-01-01 00:00:00
P0736,4,87,2024-01-01 00:00:00
P0736,5,98,2024-01-01 00:00:00
P0736,6,45,2024-01-01 00:00:00
P0736,7,92,2024-01-01 00:00:00
P0736,8,98,2024-01-01 00:00:00
P0736,9,83,2024-01-01 00:00:00
P0736,10,71,2024-01-01 00:00:00
P0737,1,47,2024-01-01 00:00:00
P0737,2,94,2024-01-01 00:00:00
P0737,3,85,2024-01-01 00:00:00
P0737,4,48,2024-01-01 00:00:00
P0737,5,86,2024-01-01 00:00:00
P0737,6,75,2024-01-01 00:00:00
P0737,7,101,2024-01-01 00:00:00
P0737,8,85,2024-01-01 00:00:00
P0737,9,74,2024-01-01 00:00:00
P0737,10,55,2024-01-01 00:00:00
P0738,1,76,2024-01-01 00:00:00
P0738,2,59,2024-01-01 00:00:00
P0738,3,78,2024-01-01 00:00:00
P0738,4,66,2024-01-01 00:00:00
P0738,5,83,2024-01-01 00:00:00
P0738,6,74,2024-01-01 00:00:00
P0738,7,58,2024-01-01 00:00:00
P0738,8,46,2024-01-01 00:00:00
P0738,9,52,2024-01-01 00:00:00
P0738,10,84,2024-01-01 00:00:00
P0739,1,103,2024-01-01 00:00:00
P0739,2,60,2024-01-01 00:00:00
P0739,3,108,2024-01-01 00:00:00
P0739,4,56,2024-01-01 00:00:00
P0739,5,113,2024-01-01 00:00:00
P0739,6,119,2024-01-01 00:00:00
P0739,7,78,2024-01-01 00:00:00
P0739,8,118,2024-01-01 00:00:00
P0739,9,110,2024-01-01 00:00:00
P0739,10,59,2024-01-01 00:00:00
P0740,1,78,2024-01-01 00:00:00
P0740,2,64,2024-01-01 00:00:00
P0740,3,45,2024-01-01 00:00:00
P0740,4,50,2024-01-01 00:00:00
P0740,5,86,2024-01-01 00:00:00
P0740,6,66,2024-01-01 00:00:00
P0740,7,76,2024-01-01 00:00:00
P0740,8,74,2024-01-01 00:00:00
P0740,9,53,2024-01-01 00:00:00
P0740,10,77,2024-01-01 00:00:00
P0741,1,78,2024-01-01 00:00:00
P0741,2,41,2024-01-01 00:00:00
P0741,3,66,2024-01-01 00:00:00
P0741,4,79,2024-01-01 00:00:00
P0741,5,91,2024-01-01 00:00:00
P0741,6,55,2024-01-01 00:00:00
P0741,7,42,2024-01-01 00:00:00
P0741,8,80,2024-01-01 00:00:00
P0741,9,84,2024-01-01 00:00:00
P0741,10,80,2024-01-01 00:00:00
P0742,1,37,2024-01-01 00:00:00
P0742,2,43,2024-01-01 00:00:00
P0742,3,35,2024-01-01 00:00:00
P0742,4,22,2024-01-01 00:00:00
P0742,5,30,2024-01-01 00:00:00
P0742,6,30,2024-01-01 00:00:00
P0742,7,36,2024-01-01 00:00:00
P0742,8,42,2024-01-01 00:00:00
P0742,9,31,2024-01-01 00:00:00
P0742,10,38,2024-01-01 00:00:00
P0743,1,22,2024-01-01 00:00:00
P0743,2,38,2024-01-01 00:00:00
P0743,3,28,2024-01-01 00:00:00
P0743,4,25,2024-01-01 00:00:00
P0743,5,22,2024-01-01 00:00:00
P0743,6,30,2024-01-01 00:00:00
P0743,7,31,2024-01-01 00:00:00
P0743,8,38,2024-01-01 00:00:00
P0743,9,31,2024-01-01 00:00:00
P0743,10,25,2024-01-01 00:00:00
P0744,1,58,2024-01-01 00:00:00
P0744,2,65,2024-01-01 00:00:00
P0744,3,92,2024-01-01 00:00:00
P0744,4,92,2024-01-01 00:00:00
P0744,5,53,2024-01-01 00:00:00
P0744,6,96,2024-01-01 00:00:00
P0744,7,63,2024-01-01 00:00:00
P0744,8,68,2024-01-01 00:00:00
P0744,9,71,2024-01-01 00:00:00
P0744,10,61,2024-01-01 00:00:00
P0745,1,45,2024-01-01 00:00:00
P0745,2,41,2024-01-01 00:00:00
P0745,3,48,2024-01-01 00:00:00
P0745,4,36,2024-01-01 00:00:00
P0745,5,36,2024-01-01 00:00:00
P0745,6,40,2024-01-01 00:00:00
P0745,7,44,2024-01-01 00:00:00
P0745,8,35,2024-01-01 00:00:00
P0745,9,40,2024-01-01 00:00:00
P0745,10,25,2024-01-01 00:00:00
P0746,1,28,2024-01-01 00:00:00
P0746,2,21,2024-01-01 00:00:00
P0746,3,30,2024-01-01 00:00:00
P0746,4,19,2024-01-01 00:00:00
P0746,5,20,2024-01-01 00:00:00
P0746,6,20,2024-01-01 00:00:00
P0746,7,25,2024-01-01 00:00:00
P0746,8,22,2024-01-01 00:00:00
P0746,9,20,2024-01-01 00:00:00
P0746,10,23,2024-01-01 00:00:00
P0747,1,82,2024-01-01 00:00:00
P0747,2,51,2024-01-01 00:00:00
P0747,3,51,2024-01-01 00:00:00
P0747,4,85,2024-01-01 00:00:00
P0747,5,99,2024-01-01 00:00:00
P0747,6,68,2024-01-01 00:00:00
P0747,7,60,2024-01-01 00:00:00
P0747,8,87,2024-01-01 00:00:00
P0747,9,79,2024-01-01 00:00:00
P0747,10,80,2024-01-01 00:00:00
P0748,1,63,2024-01-01 00:00:00
P0748,2,58,2024-01-01 00:00:00
P0748,3,58,2024-01-01 00:00:00
P0748,4,49,2024-01-01 00:00:00
P0748,5,36,2024-01-01 00:00:00
P0748,6,56,2024-01-01 00:00:00
P0748,7,33,2024-01-01 00:00:00
P0748,8,73,2024-01-01 00:00:00
P0748,9,76,2024-01-01 00:00:00
P0748,10,67,2024-01-01 00:00:00
P0749,1,89,2024-01-01 00:00:00
P0749,2,96,2024-01-01 00:00:00
P0749,3,124,2024-01-01 00:00:00
P0749,4,68,2024-01-01 00:00:00
P0749,5,71,2024-01-01 00:00:00
P0749,6,93,2024-01-01 00:00:00
P0749,7,121,2024-01-01 00:00:00
P0749,8,76,2024-01-01 00:00:00
P0749,9,75,2024-01-01 00:00:00
P0749,10,62,2024-01-01 00:00:00
P0750,1,51,2024-01-01 00:00:00
P0750,2,59,2024-01-01 00:00:00
P0750,3,90,2024-01-01 00:00:00
P0750,4,102,2024-01-01 00:00:00
P0750,5,86,2024-01-01 00:00:00
P0750,6,85,2024-01-01 00:00:00
P0750,7,76,2024-01-01 00:00:00
P0750,8,45,2024-01-01 00:00:00
P0750,9,102,2024-01-01 00:00:00
P0750,10,87,2024-01-01 00:00:00
P0751,1,61,2024-01-01 00:00:00
P0751,2,55,2024-01-01 00:00:00
P0751,3,74,2024-01-01 00:00:00
P0751,4,98,2024-01-01 00:00:00
P0751,5,80,2024-01-01 00:00:00
P0751,6,91,2024-01-01 00:00:00
P0751,7,99,2024-01-01 00:00:00
P0751,8,78,2024-01-01 00:00:00
P0751,9,81,2024-01-01 00:00:00
P0751,10,83,2024-01-01 00:00:00
P0752,1,137,2024-01-01 00:00:00
P0752,2,151,2024-01-01 00:00:00
P0752,3,123,2024-01-01 00:00:00
P0752,4,101,2024-01-01 00:00:00
P0752,5,94,2024-01-01 00:00:00
P0752,6,171,2024-01-01 00:00:00
P0752,7,111,2024-01-01 00:00:00
P0752,8,78,2024-01-01 00:00:00
P0752,9,126,2024-01-01 00:00:00
P0752,10,108,2024-01-01 00:00:00
P0753,1,119,2024-01-01 00:00:00
P0753,2,140,2024-01-01 00:00:00
P0753,3,77,2024-01-01 00:00:00
P0753,4,99,2024-01-01 00:00:00
P0753,5,150,2024-01-01 00:00:00
P0753,6,87,2024-01-01 00:00:00
P0753,7,108,2024-01-01 00:00:00
P0753,8,127,2024-01-01 00:00:00
P0753,9,126,2024-01-01 00:00:00
P0753,10,112,2024-01-01 00:00:00
P0754,1,99,2024-01-01 00:00:00
P0754,2,50,2024-01-01 00:00:00
P0754,3,48,2024-01-01 00:00:00
P0754,4,45,2024-01-01 00:00:00
P0754,5,48,2024-01-01 00:00:00
P0754,6,68,2024-01-01 00:00:00
P0754,7,62,2024-01-01 00:00:00
P0754,8,84,2024-01-01 00:00:00
P0754,9,57,2024-01-01 00:00:00
P0754,10,98,2024-01-01 00:00:00
P0755,1,124,2024-01-01 00:00:00
P0755,2,107,2024-01-01 00:00:00
P0755,3,67,2024-01-01 00:00:00
P0755,4,95,2024-01-01 00:00:00
P0755,5,83,2024-01-01 00:00:00
P0755,6,143,2024-01-01 00:00:00
P0755,7,148,2024-01-01 00:00:00
P0755,8,86,2024-01-01 00:00:00
P0755,9,106,2024-01-01 00:00:00
P0755,10,141,2024-01-01 00:00:00
P0756,1,71,2024-01-01 00:00:00
P0756,2,144,2024-01-01 00:00:00
P0756,3,129,2024-01-01 00:00:00
P0756,4,106,2024-01-01 00:00:00
P0756,5,111,2024-01-01 00:00:00
P0756,6,73,2024-01-01 00:00:00
P0756,7,97,2024-01-01 00:00:00
P0756,8,140,2024-01-01 00:00:00
P0756,9,153,2024-01-01 00:00:00
P0756,10,147,2024-01-01 00:00:00
P0757,1,111,2024-01-01 00:00:00
P0757,2,100,2024-01-01 00:00:00
P0757,3,102,2024-01-01 00:00:00
P0757,4,125,2024-01-01 00:00:00
P0757,5,148,2024-01-01 00:00:00
P0757,6,69,2024-01-01 00:00:00
P0757,7,111,2024-01-01 00:00:00
P0757,8,107,2024-01-01 00:00:00
P0757,9,64,2024-01-01 00:00:00
P0757,10,101,2024-01-01 00:00:00
P0758,1,56,2024-01-01 00:00:00
P0758,2,93,2024-01-01 00:00:00
P0758,3,55,2024-01-01 00:00:00
P0758,4,47,2024-01-01 00:00:00
P0758,5,68,2024-01-01 00:00:00
P0758,6,46,2024-01-01 00:00:00
P0758,7,51,2024-01-01 00:00:00
P0758,8,48,2024-01-01 00:00:00
P0758,9,44,2024-01-01 00:00:00
P0758,10,76,2024-01-01 00:00:00
P0759,1,56,2024-01-01 00:00:00
P0759,2,59,2024-01-01 00:00:00
P0759,3,55,2024-01-01 00:00:00
P0759,4,72,2024-01-01 00:00:00
P0759,5,75,2024-01-01 00:00:00
P0759,6,70,2024-01-01 00:00:00
P0759,7,70,2024-01-01 00:00:00
P0759,8,64,2024-01-01 00:00:00
P0759,9,100,2024-01-01 00:00:00
P0759,10,104,2024-01-01 00:00:00
P0760,1,74,2024-01-01 00:00:00
P0760,2,72,2024-01-01 00:00:00
P0760,3,85,2024-01-01 00:00:00
P0760,4,90,2024-01-01 00:00:00
P0760,5,46,2024-01-01 00:00:00
P0760,6,81,2024-01-01 00:00:00
P0760,7,102,2024-01-01 00:00:00
P0760,8,103,2024-01-01 00:00:00
P0760,9,83,2024-01-01 00:00:00
P0760,10,52,2024-01-01 00:00:00
P0761,1,70,2024-01-01 00:00:00
P0761,2,87,2024-01-01 00:00:00
P0761,3,47,2024-01-01 00:00:00
P0761,4,103,2024-01-01 00:00:00
P0761,5,82,2024-01-01 00:00:00
P0761,6,68,2024-01-01 00:00:00
P0761,7,58,2024-01-01 00:00:00
P0761,8,54,2024-01-01 00:00:00
P0761,9,86,2024-01-01 00:00:00
P0761,10,71,2024-01-01 00:00:00
P0762,1,101,2024-01-01 00:00:00
P0762,2,49,2024-01-01 00:00:00
P0762,3,87,2024-01-01 00:00:00
P0762,4,63,2024-01-01 00:00:00
P0762,5,99,2024-01-01 00:00:00
P0762,6,88,2024-01-01 00:00:00
P0762,7,83,2024-01-01 00:00:00
P0762,8,71,2024-01-01 00:00:00
P0762,9,92,2024-01-01 00:00:00
P0762,10,102,2024-01-01 00:00:00
P0763,1,57,2024-01-01 00:00:00
P0763,2,98,2024-01-01 00:00:00
P0763,3,59,2024-01-01 00:00:00
P0763,4,78,2024-01-01 00:00:00
P0763,5,85,2024-01-01 00:00:00
P0763,6,61,2024-01-01 00:00:00
P0763,7,81,2024-01-01 00:00:00
P0763,8,84,2024-01-01 00:00:00
P0763,9,85,2024-01-01 00:00:00
P0763,10,93,2024-01-01 00:00:00
P0764,1,85,2024-01-01 00:00:00
P0764,2,99,2024-01-01 00:00:00
P0764,3,60,2024-01-01 00:00:00
P0764,4,78,2024-01-01 00:00:00
P0764,5,60,2024-01-01 00:00:00
P0764,6,60,2024-01-01 00:00:00
P0764,7,65,2024-01-01 00:00:00
P0764,8,96,2024-01-01 00:00:00
P0764,9,57,2024-01-01 00:00:00
P0764,10,45,2024-01-01 00:00:00
P0765,1,48,2024-01-01 00:00:00
P0765,2,88,2024-01-01 00:00:00
P0765,3,87,2024-01-01 00:00:00
P0765,4,63,2024-01-01 00:00:00
P0765,5,71,2024-01-01 00:00:00
P0765,6,71,2024-01-01 00:00:00
P0765,7,46,2024-01-01 00:00:00
P0765,8,71,2024-01-01 00:00:00
P0765,9,49,2024-01-01 00:00:00
P0765,10,78,2024-01-01 00:00:00
P0766,1,56,2024-01-01 00:00:00
P0766,2,56,2024-01-01 00:00:00
P0766,3,83,2024-01-01 00:00:00
P0766,4,72,2024-01-01 00:00:00
P0766,5,85,2024-01-01 00:00:00
P0766,6,57,2024-01-01 00:00:00
P0766,7,100,2024-01-01 00:00:00
P0766,8,99,2024-01-01 00:00:00
P0766,9,57,2024-01-01 00:00:00
P0766,10,96,2024-01-01 00:00:00
P0767,1,69,2024-01-01 00:00:00
P0767,2,57,2024-01-01 00:00:00
P0767,3,67,2024-01-01 00:00:00
P0767,4,60,2024-01-01 00:00:00
P0767,5,86,2024-01-01 00:00:00
P0767,6,73,2024-01-01 00:00:00
P0767,7,65,2024-01-01 00:00:00
P0767,8,52,2024-01-01 00:00:00
P0767,9,103,2024-01-01 00:00:00
P0767,10,83,2024-01-01 00:00:00
P0768,1,71,2024-01-01 00:00:00
P0768,2,45,2024-01-01 00:00:00
P0768,3,72,2024-01-01 00:00:00
P0768,4,74,2024-01-01 00:00:00
P0768,5,104,2024-01-01 00:00:00
P0768,6,97,2024-01-01 00:00:00
P0768,7,71,2024-01-01 00:00:00
P0768,8,81,2024-01-01 00:00:00
P0768,9,94,2024-01-01 00:00:00
P0768,10,77,2024-01-01 00:00:00
P0769,1,116,2024-01-01 00:00:00
P0769,2,78,2024-01-01 00:00:00
P0769,3,136,2024-01-01 00:00:00
P0769,4,119,2024-01-01 00:00:00
P0769,5,90,2024-01-01 00:00:00
P0769,6,125,2024-01-01 00:00:00
P0769,7,133,2024-01-01 00:00:00
P0769,8,80,2024-01-01 00:00:00
P0769,9,62,2024-01-01 00:00:00
P0769,10,138,2024-01-01 00:00:00
P0770,1,136,2024-01-01 00:00:00
P0770,2,89,2024-01-01 00:00:00
P0770,3,127,2024-01-01 00:00:00
P0770,4,86,2024-01-01 00:00:00
P0770,5,87,2024-01-01 00:00:00
P0770,6,78,2024-01-01 00:00:00
P0770,7,69,2024-01-01 00:00:00
P0770,8,85,2024-01-01 00:00:00
P0770,9,135,2024-01-01 00:00:00
P0770,10,64,2024-01-01 00:00:00
P0771,1,145,2024-01-01 00:00:00
P0771,2,159,2024-01-01 00:00:00
P0771,3,144,2024-01-01 00:00:00
P0771,4,87,2024-01-01 00:00:00
P0771,5,162,2024-01-01 00:00:00
P0771,6,87,2024-01-01 00:00:00
P0771,7,99,2024-01-01 00:00:00
P0771,8,80,2024-01-01 00:00:00
P0771,9,129,2024-01-01 00:00:00
P0771,10,122,2024-01-01 00:00:00
P0772,1,83,2024-01-01 00:00:00
P0772,2,76,2024-01-01 00:00:00
P0772,3,73,2024-01-01 00:00:00
P0772,4,37,2024-01-01 00:00:00
P0772,5,39,2024-01-01 00:00:00
P0772,6,75,2024-01-01 00:00:00
P0772,7,35,2024-01-01 00:00:00
P0772,8,79,2024-01-01 00:00:00
P0772,9,83,2024-01-01 00:00:00
P0772,10,68,2024-01-01 00:00:00
P0773,1,47,2024-01-01 00:00:00
P0773,2,62,2024-01-01 00:00:00
P0773,3,91,2024-01-01 00:00:00
P0773,4,83,2024-01-01 00:00:00
P0773,5,46,2024-01-01 00:00:00
P0773,6,100,2024-01-01 00:00:00
P0773,7,58,2024-01-01 00:00:00
P0773,8,102,2024-01-01 00:00:00
P0773,9,46,2024-01-01 00:00:00
P0773,10,73,2024-01-01 00:00:00
P0774,1,100,2024-01-01 00:00:00
P0774,2,55,2024-01-01 00:00:00
P0774,3,60,2024-01-01 00:00:00
P0774,4,52,2024-01-01 00:00:00
P0774,5,102,2024-01-01 00:00:00
P0774,6,78,2024-01-01 00:00:00
P0774,7,46,2024-01-01 00:00:00
P0774,8,96,2024-01-01 00:00:00
P0774,9,57,2024-01-01 00:00:00
P0774,10,79,2024-01-01 00:00:00
P0775,1,101,2024-01-01 00:00:00
P0775,2,63,2024-01-01 00:00:00
P0775,3,99,2024-01-01 00:00:00
P0775,4,76,2024-01-01 00:00:00
P0775,5,94,2024-01-01 00:00:00
P0775,6,82,2024-01-01 00:00:00
P0775,7,95,2024-01-01 00:00:00
P0775,8,45,2024-01-01 00:00:00
P0775,9,73,2024-01-01 00:00:00
P0775,10,59,2024-01-01 00:00:00
P0776,1,62,2024-01-01 00:00:00
P0776,2,58,2024-01-01 00:00:00
P0776,3,76,2024-01-01 00:00:00
P0776,4,99,2024-01-01 00:00:00
P0776,5,48,2024-01-01 00:00:00
P0776,6,71,2024-01-01 00:00:00
P0776,7,92,2024-01-01 00:00:00
P0776,8,95,2024-01-01 00:00:00
P0776,9,74,2024-01-01 00:00:00
P0776,10,52,2024-01-01 00:00:00
P0777,1,47,2024-01-01 00:00:00
P0777,2,60,2024-01-01 00:00:00
P0777,3,61,2024-01-01 00:00:00
P0777,4,55,2024-01-01 00:00:00
P0777,5,76,2024-01-01 00:00:00
P0777,6,71,2024-01-01 00:00:00
P0777,7,80,2024-01-01 00:00:00
P0777,8,79,2024-01-01 00:00:00
P0777,9,97,2024-01-01 00:00:00
P0777,10,63,2024-01-01 00:00:00
P0778,1,99,2024-01-01 00:00:00
P0778,2,53,2024-01-01 00:00:00
P0778,3,57,2024-01-01 00:00:00
P0778,4,85,2024-01-01 00:00:00
P0778,5,58,2024-01-01 00:00:00
P0778,6,85,2024-01-01 00:00:00
P0778,7,91,2024-01-01 00:00:00
P0778,8,101,2024-01-01 00:00:00
P0778,9,75,2024-01-01 00:00:00
P0778,10,100,2024-01-01 00:00:00
P0779,1,60,2024-01-01 00:00:00
P0779,2,84,2024-01-01 00:00:00
P0779,3,59,2024-01-01 00:00:00
P0779,4,82,2024-01-01 00:00:00
P0779,5,100,2024-01-01 00:00:00
P0779,6,102,2024-01-01 00:00:00
P0779,7,55,2024-01-01 00:00:00
P0779,8,94,2024-01-01 00:00:00
P0779,9,105,2024-01-01 00:00:00
P0779,10,55,2024-01-01 00:00:00
P0780,1,85,2024-01-01 00:00:00
P0780,2,91,2024-01-01 00:00:00
P0780,3,47,2024-01-01 00:00:00
P0780,4,94,2024-01-01 00:00:00
P0780,5,77,2024-01-01 00:00:00
P0780,6,61,2024-01-01 00:00:00
P0780,7,61,2024-01-01 00:00:00
P0780,8,66,2024-01-01 00:00:00
P0780,9,61,2024-01-01 00:00:00
P0780,10,104,2024-01-01 00:00:00
P0781,1,67,2024-01-01 00:00:00
P0781,2,37,2024-01-01 00:00:00
P0781,3,78,2024-01-01 00:00:00
P0781,4,75,2024-01-01 00:00:00
P0781,5,67,2024-01-01 00:00:00
P0781,6,37,2024-01-01 00:00:00
P0781,7,52,2024-01-01 00:00:00
P0781,8,35,2024-01-01 00:00:00
P0781,9,67,2024-01-01 00:00:00
P0781,10,72,2024-01-01 00:00:00
P0782,1,61,2024-01-01 00:00:00
P0782,2,78,2024-01-01 00:00:00
P0782,3,75,2024-01-01 00:00:00
P0782,4,71,2024-01-01 00:00:00
P0782,5,43,2024-01-01 00:00:00
P0782,6,88,2024-01-01 00:00:00
P0782,7,81,2024-01-01 00:00:00
P0782,8,43,2024-01-01 00:00:00
P0782,9,65,2024-01-01 00:00:00
P0782,10,91,2024-01-01 00:00:00
P0783,1,62,2024-01-01 00:00:00
P0783,2,50,2024-01-01 00:00:00
P0783,3,53,2024-01-01 00:00:00
P0783,4,94,2024-01-01 00:00:00
P0783,5,74,2024-01-01 00:00:00
P0783,6,66,2024-01-01 00:00:00
P0783,7,75,2024-01-01 00:00:00
P0783,8,41,2024-01-01 00:00:00
P0783,9,95,2024-01-01 00:00:00
P0783,10,78,2024-01-01 00:00:00
P0784,1,62,2024-01-01 00:00:00
P0784,2,100,2024-01-01 00:00:00
P0784,3,48,2024-01-01 00:00:00
P0784,4,69,2024-01-01 00:00:00
P0784,5,91,2024-01-01 00:00:00
P0784,6,49,2024-01-01 00:00:00
P0784,7,68,2024-01-01 00:00:00
P0784,8,59,2024-01-01 00:00:00
P0784,9,62,2024-01-01 00:00:00
P0784,10,45,2024-01-01 00:00:00
P0785,1,89,2024-01-01 00:00:00
P0785,2,60,2024-01-01 00:00:00
P0785,3,81,2024-01-01 00:00:00
P0785,4,78,2024-01-01 00:00:00
P0785,5,79,2024-01-01 00:00:00
P0785,6,77,2024-01-01 00:00:00
P0785,7,84,2024-01-01 00:00:00
P0785,8,47,2024-01-01 00:00:00
P0785,9,55,2024-01-01 00:00:00
P0785,10,58,2024-01-01 00:00:00
P0786,1,63,2024-01-01 00:00:00
P0786,2,72,2024-01-01 00:00:00
P0786,3,55,2024-01-01 00:00:00
P0786,4,105,2024-01-01 00:00:00
P0786,5,101,2024-01-01 00:00:00
P0786,6,76,2024-01-01 00:00:00
P0786,7,93,2024-01-01 00:00:00
P0786,8,59,2024-01-01 00:00:00
P0786,9,54,2024-01-01 00:00:00
P0786,10,67,2024-01-01 00:00:00
P0787,1,104,2024-01-01 00:00:00
P0787,2,69,2024-01-01 00:00:00
P0787,3,87,2024-01-01 00:00:00
P0787,4,50,2024-01-01 00:00:00
P0787,5,78,2024-01-01 00:00:00
P0787,6,81,2024-01-01 00:00:00
P0787,7,70,2024-01-01 00:00:00
P0787,8,102,2024-01-01 00:00:00
P0787,9,56,2024-01-01 00:00:00
P0787,10,56,2024-01-01 00:00:00
P0788,1,57,2024-01-01 00:00:00
P0788,2,57,2024-01-01 00:00:00
P0788,3,64,2024-01-01 00:00:00
P0788,4,46,2024-01-01 00:00:00
P0788,5,68,2024-01-01 00:00:00
P0788,6,81,2024-01-01 00:00:00
P0788,7,66,2024-01-01 00:00:00
P0788,8,98,2024-01-01 00:00:00
P0788,9,60,2024-01-01 00:00:00
P0788,10,73,2024-01-01 00:00:00
P0789,1,83,2024-01-01 00:00:00
P0789,2,93,2024-01-01 00:00:00
P0789,3,84,2024-01-01 00:00:00
P0789,4,55,2024-01-01 00:00:00
P0789,5,54,2024-01-01 00:00:00
P0789,6,96,2024-01-01 00:00:00
P0789,7,88,2024-01-01 00:00:00
P0789,8,101,2024-01-01 00:00:00
P0789,9,84,2024-01-01 00:00:00
P0789,10,71,2024-01-01 00:00:00
P0790,1,81,2024-01-01 00:00:00
P0790,2,51,2024-01-01 00:00:00
P0790,3,80,2024-01-01 00:00:00
P0790,4,47,2024-01-01 00:00:00
P0790,5,48,2024-01-01 00:00:00
P0790,6,95,2024-01-01 00:00:00
P0790,7,98,2024-01-01 00:00:00
P0790,8,48,2024-01-01 00:00:00
P0790,9,89,2024-01-01 00:00:00
P0790,10,67,2024-01-01 00:00:00
P0791,1,61,2024-01-01 00:00:00
P0791,2,48,2024-01-01 00:00:00
P0791,3,61,2024-01-01 00:00:00
P0791,4,64,2024-01-01 00:00:00
P0791,5,99,2024-01-01 00:00:00
P0791,6,67,2024-01-01 00:00:00
P0791,7,104,2024-01-01 00:00:00
P0791,8,60,2024-01-01 00:00:00
P0791,9,48,2024-01-01 00:00:00
P0791,10,51,2024-01-01 00:00:00
P0792,1,104,2024-01-01 00:00:00
P0792,2,62,2024-01-01 00:00:00
P0792,3,50,2024-01-01 00:00:00
P0792,4,60,2024-01-01 00:00:00
P0792,5,67,2024-01-01 00:00:00
P0792,6,89,2024-01-01 00:00:00
P0792,7,88,2024-01-01 00:00:00
P0792,8,71,2024-01-01 00:00:00
P0792,9,54,2024-01-01 00:00:00
P0792,10,88,2024-01-01 00:00:00
P0793,1,67,2024-01-01 00:00:00
P0793,2,84,2024-01-01 00:00:00
P0793,3,46,2024-01-01 00:00:00
P0793,4,65,2024-01-01 00:00:00
P0793,5,60,2024-01-01 00:00:00
P0793,6,96,2024-01-01 00:00:00
P0793,7,105,2024-01-01 00:00:00
P0793,8,92,2024-01-01 00:00:00
P0793,9,61,2024-01-01 00:00:00
P0793,10,104,2024-01-01 00:00:00
P0794,1,80,2024-01-01 00:00:00
P0794,2,91,2024-01-01 00:00:00
P0794,3,52,2024-01-01 00:00:00
P0794,4,96,2024-01-01 00:00:00
P0794,5,87,2024-01-01 00:00:00
P0794,6,77,2024-01-01 00:00:00
P0794,7,95,2024-01-01 00:00:00
P0794,8,61,2024-01-01 00:00:00
P0794,9,72,2024-01-01 00:00:00
P0794,10,65,2024-01-01 00:00:00
P0795,1,97,2024-01-01 00:00:00
P0795,2,85,2024-01-01 00:00:00
P0795,3,65,2024-01-01 00:00:00
P0795,4,102,2024-01-01 00:00:00
P0795,5,96,2024-01-01 00:00:00
P0795,6,96,2024-01-01 00:00:00
P0795,7,60,2024-01-01 00:00:00
P0795,8,73,2024-01-01 00:00:00
P0795,9,59,2024-01-01 00:00:00
P0795,10,66,2024-01-01 00:00:00
P0796,1,85,2024-01-01 00:00:00
P0796,2,76,2024-01-01 00:00:00
P0796,3,121,2024-01-01 00:00:00
P0796,4,86,2024-01-01 00:00:00
P0796,5,86,2024-01-01 00:00:00
P0796,6,122,2024-01-01 00:00:00
P0796,7,133,2024-01-01 00:00:00
P0796,8,122,2024-01-01 00:00:00
P0796,9,147,2024-01-01 00:00:00
P0796,10,106,2024-01-01 00:00:00
P0797,1,92,2024-01-01 00:00:00
P0797,2,129,2024-01-01 00:00:00
P0797,3,142,2024-01-01 00:00:00
P0797,4,108,2024-01-01 00:00:00
P0797,5,103,2024-01-01 00:00:00
P0797,6,162,2024-01-01 00:00:00
P0797,7,141,2024-01-01 00:00:00
P0797,8,110,2024-01-01 00:00:00
P0797,9,89,2024-01-01 00:00:00
P0797,10,146,2024-01-01 00:00:00
P0798,1,123,2024-01-01 00:00:00
P0798,2,129,2024-01-01 00:00:00
P0798,3,158,2024-01-01 00:00:00
P0798,4,96,2024-01-01 00:00:00
P0798,5,92,2024-01-01 00:00:00
P0798,6,133,2024-01-01 00:00:00
P0798,7,75,2024-01-01 00:00:00
P0798,8,140,2024-01-01 00:00:00
P0798,9,82,2024-01-01 00:00:00
P0798,10,87,2024-01-01 00:00:00
P0799,1,79,2024-01-01 00:00:00
P0799,2,96,2024-01-01 00:00:00
P0799,3,45,2024-01-01 00:00:00
P0799,4,76,2024-01-01 00:00:00
P0799,5,84,2024-01-01 00:00:00
P0799,6,56,2024-01-01 00:00:00
P0799,7,75,2024-01-01 00:00:00
P0799,8,100,2024-01-01 00:00:00
P0799,9,77,2024-01-01 00:00:00
P0799,10,88,2024-01-01 00:00:00
P0800,1,91,2024-01-01 00:00:00
P0800,2,109,2024-01-01 00:00:00
P0800,3,156,2024-01-01 00:00:00
P0800,4,69,2024-01-01 00:00:00
P0800,5,115,2024-01-01 00:00:00
P0800,6,72,2024-01-01 00:00:00
P0800,7,163,2024-01-01 00:00:00
P0800,8,115,2024-01-01 00:00:00
P0800,9,120,2024-01-01 00:00:00
P0800,10,87,2024-01-01 00:00:00
P0801,1,124,2024-01-01 00:00:00
P0801,2,126,2024-01-01 00:00:00
P0801,3,125,2024-01-01 00:00:00
P0801,4,86,2024-01-01 00:00:00
P0801,5,140,2024-01-01 00:00:00
P0801,6,80,2024-01-01 00:00:00
P0801,7,107,2024-01-01 00:00:00
P0801,8,86,2024-01-01 00:00:00
P0801,9,137,2024-01-01 00:00:00
P0801,10,77,2024-01-01 00:00:00
P0802,1,128,2024-01-01 00:00:00
P0802,2,73,2024-01-01 00:00:00
P0802,3,114,2024-01-01 00:00:00
P0802,4,120,2024-01-01 00:00:00
P0802,5,127,2024-01-01 00:00:00
P0802,6,107,2024-01-01 00:00:00
P0802,7,114,2024-01-01 00:00:00
P0802,8,132,2024-01-01 00:00:00
P0802,9,166,2024-01-01 00:00:00
P0802,10,142,2024-01-01 00:00:00
P0803,1,64,2024-01-01 00:00:00
P0803,2,93,2024-01-01 00:00:00
P0803,3,96,2024-01-01 00:00:00
P0803,4,65,2024-01-01 00:00:00
P0803,5,75,2024-01-01 00:00:00
P0803,6,96,2024-01-01 00:00:00
P0803,7,50,2024-01-01 00:00:00
P0803,8,93,2024-01-01 00:00:00
P0803,9,88,2024-01-01 00:00:00
P0803,10,54,2024-01-01 00:00:00
P0804,1,72,2024-01-01 00:00:00
P0804,2,72,2024-01-01 00:00:00
P0804,3,113,2024-01-01 00:00:00
P0804,4,69,2024-01-01 00:00:00
P0804,5,64,2024-01-01 00:00:00
P0804,6,77,2024-01-01 00:00:00
P0804,7,51,2024-01-01 00:00:00
P0804,8,85,2024-01-01 00:00:00
P0804,9,89,2024-01-01 00:00:00
P0804,10,56,2024-01-01 00:00:00
P0805,1,105,2024-01-01 00:00:00
P0805,2,112,2024-01-01 00:00:00
P0805,3,85,2024-01-01 00:00:00
P0805,4,123,2024-01-01 00:00:00
P0805,5,96,2024-01-01 00:00:00
P0805,6,123,2024-01-01 00:00:00
P0805,7,127,2024-01-01 00:00:00
P0805,8,72,2024-01-01 00:00:00
P0805,9,73,2024-01-01 00:00:00
P0805,10,159,2024-01-01 00:00:00
P0806,1,83,2024-01-01 00:00:00
P0806,2,144,2024-01-01 00:00:00
P0806,3,154,2024-01-01 00:00:00
P0806,4,141,2024-01-01 00:00:00
P0806,5,78,2024-01-01 00:00:00
P0806,6,103,2024-01-01 00:00:00
P0806,7,137,2024-01-01 00:00:00
P0806,8,157,2024-01-01 00:00:00
P0806,9,160,2024-01-01 00:00:00
P0806,10,98,2024-01-01 00:00:00
P0807,1,77,2024-01-01 00:00:00
P0807,2,102,2024-01-01 00:00:00
P0807,3,70,2024-01-01 00:00:00
P0807,4,68,2024-01-01 00:00:00
P0807,5,45,2024-01-01 00:00:00
P0807,6,81,2024-01-01 00:00:00
P0807,7,62,2024-01-01 00:00:00
P0807,8,89,2024-01-01 00:00:00
P0807,9,50,2024-01-01 00:00:00
P0807,10,47,2024-01-01 00:00:00
P0808,1,136,2024-01-01 00:00:00
P0808,2,161,2024-01-01 00:00:00
P0808,3,146,2024-01-01 00:00:00
P0808,4,85,2024-01-01 00:00:00
P0808,5,104,2024-01-01 00:00:00
P0808,6,82,2024-01-01 00:00:00
P0808,7,121,2024-01-01 00:00:00
P0808,8,105,2024-01-01 00:00:00
P0808,9,162,2024-01-01 00:00:00
P0808,10,83,2024-01-01 00:00:00
P0809,1,61,2024-01-01 00:00:00
P0809,2,82,2024-01-01 00:00:00
P0809,3,71,2024-01-01 00:00:00
P0809,4,48,2024-01-01 00:00:00
P0809,5,90,2024-01-01 00:00:00
P0809,6,86,2024-01-01 00:00:00
P0809,7,81,2024-01-01 00:00:00
P0809,8,90,2024-01-01 00:00:00
P0809,9,80,2024-01-01 00:00:00
P0809,10,65,2024-01-01 00:00:00
P0810,1,112,2024-01-01 00:00:00
P0810,2,110,2024-01-01 00:00:00
P0810,3,101,2024-01-01 00:00:00
P0810,4,104,2024-01-01 00:00:00
P0810,5,140,2024-01-01 00:00:00
P0810,6,70,2024-01-01 00:00:00
P0810,7,138,2024-01-01 00:00:00
P0810,8,102,2024-01-01 00:00:00
P0810,9,99,2024-01-01 00:00:00
P0810,10,81,2024-01-01 00:00:00
P0811,1,97,2024-01-01 00:00:00
P0811,2,68,2024-01-01 00:00:00
P0811,3,66,2024-01-01 00:00:00
P0811,4,75,2024-01-01 00:00:00
P0811,5,43,2024-01-01 00:00:00
P0811,6,56,2024-01-01 00:00:00
P0811,7,51,2024-01-01 00:00:00
P0811,8,53,2024-01-01 00:00:00
P0811,9,64,2024-01-01 00:00:00
P0811,10,49,2024-01-01 00:00:00
P0812,1,94,2024-01-01 00:00:00
P0812,2,99,2024-01-01 00:00:00
P0812,3,44,2024-01-01 00:00:00
P0812,4,81,2024-01-01 00:00:00
P0812,5,73,2024-01-01 00:00:00
P0812,6,71,2024-01-01 00:00:00
P0812,7,85,2024-01-01 00:00:00
P0812,8,90,2024-01-01 00:00:00
P0812,9,95,2024-01-01 00:00:00
P0812,10,45,2024-01-01 00:00:00
P0813,1,107,2024-01-01 00:00:00
P0813,2,96,2024-01-01 00:00:00
P0813,3,106,2024-01-01 00:00:00
P0813,4,74,2024-01-01 00:00:00
P0813,5,121,2024-01-01 00:00:00
P0813,6,131,2024-01-01 00:00:00
P0813,7,106,2024-01-01 00:00:00
P0813,8,109,2024-01-01 00:00:00
P0813,9,169,2024-01-01 00:00:00
P0813,10,84,2024-01-01 00:00:00
P0814,1,107,2024-01-01 00:00:00
P0814,2,63,2024-01-01 00:00:00
P0814,3,62,2024-01-01 00:00:00
P0814,4,130,2024-01-01 00:00:00
P0814,5,82,2024-01-01 00:00:00
P0814,6,84,2024-01-01 00:00:00
P0814,7,86,2024-01-01 00:00:00
P0814,8,133,2024-01-01 00:00:00
P0814,9,107,2024-01-01 00:00:00
P0814,10,69,2024-01-01 00:00:00
P0815,1,82,2024-01-01 00:00:00
P0815,2,76,2024-01-01 00:00:00
P0815,3,89,2024-01-01 00:00:00
P0815,4,73,2024-01-01 00:00:00
P0815,5,116,2024-01-01 00:00:00
P0815,6,78,2024-01-01 00:00:00
P0815,7,87,2024-01-01 00:00:00
P0815,8,110,2024-01-01 00:00:00
P0815,9,118,2024-01-01 00:00:00
P0815,10,60,2024-01-01 00:00:00
P0816,1,108,2024-01-01 00:00:00
P0816,2,87,2024-01-01 00:00:00
P0816,3,58,2024-01-01 00:00:00
P0816,4,51,2024-01-01 00:00:00
P0816,5,74,2024-01-01 00:00:00
P0816,6,73,2024-01-01 00:00:00
P0816,7,94,2024-01-01 00:00:00
P0816,8,51,2024-01-01 00:00:00
P0816,9,63,2024-01-01 00:00:00
P0816,10,61,2024-01-01 00:00:00
P0817,1,140,2024-01-01 00:00:00
P0817,2,90,2024-01-01 00:00:00
P0817,3,96,2024-01-01 00:00:00
P0817,4,120,2024-01-01 00:00:00
P0817,5,168,2024-01-01 00:00:00
P0817,6,162,2024-01-01 00:00:00
P0817,7,116,2024-01-01 00:00:00
P0817,8,135,2024-01-01 00:00:00
P0817,9,144,2024-01-01 00:00:00
P0817,10,153,2024-01-01 00:00:00
P0818,1,48,2024-01-01 00:00:00
P0818,2,69,2024-01-01 00:00:00
P0818,3,67,2024-01-01 00:00:00
P0818,4,104,2024-01-01 00:00:00
P0818,5,51,2024-01-01 00:00:00
P0818,6,58,2024-01-01 00:00:00
P0818,7,84,2024-01-01 00:00:00
P0818,8,55,2024-01-01 00:00:00
P0818,9,60,2024-01-01 00:00:00
P0818,10,86,2024-01-01 00:00:00
P0819,1,69,2024-01-01 00:00:00
P0819,2,61,2024-01-01 00:00:00
P0819,3,126,2024-01-01 00:00:00
P0819,4,123,2024-01-01 00:00:00
P0819,5,87,2024-01-01 00:00:00
P0819,6,137,2024-01-01 00:00:00
P0819,7,102,2024-01-01 00:00:00
P0819,8,106,2024-01-01 00:00:00
P0819,9,108,2024-01-01 00:00:00
P0819,10,63,2024-01-01 00:00:00
P0820,1,93,2024-01-01 00:00:00
P0820,2,60,2024-01-01 00:00:00
P0820,3,51,2024-01-01 00:00:00
P0820,4,93,2024-01-01 00:00:00
P0820,5,86,2024-01-01 00:00:00
P0820,6,53,2024-01-01 00:00:00
P0820,7,65,2024-01-01 00:00:00
P0820,8,101,2024-01-01 00:00:00
P0820,9,74,2024-01-01 00:00:00
P0820,10,87,2024-01-01 00:00:00
P0821,1,53,2024-01-01 00:00:00
P0821,2,101,2024-01-01 00:00:00
P0821,3,101,2024-01-01 00:00:00
P0821,4,103,2024-01-01 00:00:00
P0821,5,74,2024-01-01 00:00:00
P0821,6,78,2024-01-01 00:00:00
P0821,7,98,2024-01-01 00:00:00
P0821,8,71,2024-01-01 00:00:00
P0821,9,46,2024-01-01 00:00:00
P0821,10,95,2024-01-01 00:00:00
P0822,1,179,2024-01-01 00:00:00
P0822,2,149,2024-01-01 00:00:00
P0822,3,99,2024-01-01 00:00:00
P0822,4,99,2024-01-01 00:00:00
P0822,5,165,2024-01-01 00:00:00
P0822,6,157,2024-01-01 00:00:00
P0822,7,157,2024-01-01 00:00:00
P0822,8,148,2024-01-01 00:00:00
P0822,9,99,2024-01-01 00:00:00
P0822,10,113,2024-01-01 00:00:00
P0823,1,78,2024-01-01 00:00:00
P0823,2,100,2024-01-01 00:00:00
P0823,3,55,2024-01-01 00:00:00
P0823,4,101,2024-01-01 00:00:00
P0823,5,51,2024-01-01 00:00:00
P0823,6,94,2024-01-01 00:00:00
P0823,7,45,2024-01-01 00:00:00
P0823,8,80,2024-01-01 00:00:00
P0823,9,65,2024-01-01 00:00:00
P0823,10,78,2024-01-01 00:00:00
P0824,1,84,2024-01-01 00:00:00
P0824,2,84,2024-01-01 00:00:00
P0824,3,104,2024-01-01 00:00:00
P0824,4,75,2024-01-01 00:00:00
P0824,5,65,2024-01-01 00:00:00
P0824,6,85,2024-01-01 00:00:00
P0824,7,74,2024-01-01 00:00:00
P0824,8,106,2024-01-01 00:00:00
P0824,9,145,2024-01-01 00:00:00
P0824,10,99,2024-01-01 00:00:00
P0825,1,90,2024-01-01 00:00:00
P0825,2,84,2024-01-01 00:00:00
P0825,3,111,2024-01-01 00:00:00
P0825,4,123,2024-01-01 00:00:00
P0825,5,91,2024-01-01 00:00:00
P0825,6,79,2024-01-01 00:00:00
P0825,7,103,2024-01-01 00:00:00
P0825,8,140,2024-01-01 00:00:00
P0825,9,113,2024-01-01 00:00:00
P0825,10,69,2024-01-01 00:00:00
P0826,1,129,2024-01-01 00:00:00
P0826,2,102,2024-01-01 00:00:00
P0826,3,77,2024-01-01 00:00:00
P0826,4,78,2024-01-01 00:00:00
P0826,5,102,2024-01-01 00:00:00
P0826,6,133,2024-01-01 00:00:00
P0826,7,63,2024-01-01 00:00:00
P0826,8,138,2024-01-01 00:00:00
P0826,9,80,2024-01-01 00:00:00
P0826,10,69,2024-01-01 00:00:00
P0827,1,103,2024-01-01 00:00:00
P0827,2,64,2024-01-01 00:00:00
P0827,3,91,2024-01-01 00:00:00
P0827,4,90,2024-01-01 00:00:00
P0827,5,83,2024-01-01 00:00:00
P0827,6,91,2024-01-01 00:00:00
P0827,7,82,2024-01-01 00:00:00
P0827,8,101,2024-01-01 00:00:00
P0827,9,60,2024-01-01 00:00:00
P0827,10,90,2024-01-01 00:00:00
P0828,1,81,2024-01-01 00:00:00
P0828,2,60,2024-01-01 00:00:00
P0828,3,71,2024-01-01 00:00:00
P0828,4,55,2024-01-01 00:00:00
P0828,5,94,2024-01-01 00:00:00
P0828,6,90,2024-01-01 00:00:00
P0828,7,87,2024-01-01 00:00:00
P0828,8,96,2024-01-01 00:00:00
P0828,9,101,2024-01-01 00:00:00
P0828,10,56,2024-01-01 00:00:00
P0829,1,80,2024-01-01 00:00:00
P0829,2,95,2024-01-01 00:00:00
P0829,3,49,2024-01-01 00:00:00
P0829,4,73,2024-01-01 00:00:00
P0829,5,51,2024-01-01 00:00:00
P0829,6,79,2024-01-01 00:00:00
P0829,7,96,2024-01-01 00:00:00
P0829,8,93,2024-01-01 00:00:00
P0829,9,92,2024-01-01 00:00:00
P0829,10,81,2024-01-01 00:00:00
P0830,1,124,2024-01-01 00:00:00
P0830,2,90,2024-01-01 00:00:00
P0830,3,90,2024-01-01 00:00:00
P0830,4,63,2024-01-01 00:00:00
P0830,5,103,2024-01-01 00:00:00
P0830,6,128,2024-01-01 00:00:00
P0830,7,76,2024-01-01 00:00:00
P0830,8,121,2024-01-01 00:00:00
P0830,9,83,2024-01-01 00:00:00
P0830,10,88,2024-01-01 00:00:00
P0831,1,86,2024-01-01 00:00:00
P0831,2,106,2024-01-01 00:00:00
P0831,3,148,2024-01-01 00:00:00
P0831,4,78,2024-01-01 00:00:00
P0831,5,124,2024-01-01 00:00:00
P0831,6,148,2024-01-01 00:00:00
P0831,7,97,2024-01-01 00:00:00
P0831,8,145,2024-01-01 00:00:00
P0831,9,121,2024-01-01 00:00:00
P0831,10,66,2024-01-01 00:00:00
P0832,1,49,2024-01-01 00:00:00
P0832,2,95,2024-01-01 00:00:00
P0832,3,76,2024-01-01 00:00:00
P0832,4,70,2024-01-01 00:00:00
P0832,5,63,2024-01-01 00:00:00
P0832,6,80,2024-01-01 00:00:00
P0832,7,50,2024-01-01 00:00:00
P0832,8,100,2024-01-01 00:00:00
P0832,9,75,2024-01-01 00:00:00
P0832,10,54,2024-01-01 00:00:00
P0833,1,92,2024-01-01 00:00:00
P0833,2,136,2024-01-01 00:00:00
P0833,3,169,2024-01-01 00:00:00
P0833,4,122,2024-01-01 00:00:00
P0833,5,101,2024-01-01 00:00:00
P0833,6,86,2024-01-01 00:00:00
P0833,7,151,2024-01-01 00:00:00
P0833,8,119,2024-01-01 00:00:00
P0833,9,88,2024-01-01 00:00:00
P0833,10,132,2024-01-01 00:00:00
P0834,1,107,2024-01-01 00:00:00
P0834,2,92,2024-01-01 00:00:00
P0834,3,117,2024-01-01 00:00:00
P0834,4,83,2024-01-01 00:00:00
P0834,5,114,2024-01-01 00:00:00
P0834,6,74,2024-01-01 00:00:00
P0834,7,64,2024-01-01 00:00:00
P0834,8,119,2024-01-01 00:00:00
P0834,9,108,2024-01-01 00:00:00
P0834,10,79,2024-01-01 00:00:00
P0835,1,76,2024-01-01 00:00:00
P0835,2,45,2024-01-01 00:00:00
P0835,3,72,2024-01-01 00:00:00
P0835,4,81,2024-01-01 00:00:00
P0835,5,86,2024-01-01 00:00:00
P0835,6,58,2024-01-01 00:00:00
P0835,7,98,2024-01-01 00:00:00
P0835,8,68,2024-01-01 00:00:00
P0835,9,50,2024-01-01 00:00:00
P0835,10,83,2024-01-01 00:00:00
P0836,1,90,2024-01-01 00:00:00
P0836,2,77,2024-01-01 00:00:00
P0836,3,64,2024-01-01 00:00:00
P0836,4,67,2024-01-01 00:00:00
P0836,5,46,2024-01-01 00:00:00
P0836,6,99,2024-01-01 00:00:00
P0836,7,56,2024-01-01 00:00:00
P0836,8,75,2024-01-01 00:00:00
P0836,9,95,2024-01-01 00:00:00
P0836,10,75,2024-01-01 00:00:00
P0837,1,78,2024-01-01 00:00:00
P0837,2,103,2024-01-01 00:00:00
P0837,3,81,2024-01-01 00:00:00
P0837,4,87,2024-01-01 00:00:00
P0837,5,103,2024-01-01 00:00:00
P0837,6,92,2024-01-01 00:00:00
P0837,7,72,2024-01-01 00:00:00
P0837,8,81,2024-01-01 00:00:00
P0837,9,74,2024-01-01 00:00:00
P0837,10,105,2024-01-01 00:00:00
P0838,1,46,2024-01-01 00:00:00
P0838,2,68,2024-01-01 00:00:00
P0838,3,56,2024-01-01 00:00:00
P0838,4,38,2024-01-01 00:00:00
P0838,5,59,2024-01-01 00:00:00
P0838,6,58,2024-01-01 00:00:00
P0838,7,32,2024-01-01 00:00:00
P0838,8,62,2024-01-01 00:00:00
P0838,9,31,2024-01-01 00:00:00
P0838,10,49,2024-01-01 00:00:00
P0839,1,101,2024-01-01 00:00:00
P0839,2,121,2024-01-01 00:00:00
P0839,3,103,2024-01-01 00:00:00
P0839,4,97,2024-01-01 00:00:00
P0839,5,85,2024-01-01 00:00:00
P0839,6,109,2024-01-01 00:00:00
P0839,7,107,2024-01-01 00:00:00
P0839,8,117,2024-01-01 00:00:00
P0839,9,97,2024-01-01 00:00:00
P0839,10,106,2024-01-01 00:00:00
P0840,1,69,2024-01-01 00:00:00
P0840,2,106,2024-01-01 00:00:00
P0840,3,57,2024-01-01 00:00:00
P0840,4,112,2024-01-01 00:00:00
P0840,5,76,2024-01-01 00:00:00
P0840,6,111,2024-01-01 00:00:00
P0840,7,94,2024-01-01 00:00:00
P0840,8,97,2024-01-01 00:00:00
P0840,9,62,2024-01-01 00:00:00
P0840,10,77,2024-01-01 00:00:00
P0841,1,58,2024-01-01 00:00:00
P0841,2,73,2024-01-01 00:00:00
P0841,3,52,2024-01-01 00:00:00
P0841,4,82,2024-01-01 00:00:00
P0841,5,75,2024-01-01 00:00:00
P0841,6,58,2024-01-01 00:00:00
P0841,7,69,2024-01-01 00:00:00
P0841,8,89,2024-01-01 00:00:00
P0841,9,64,2024-01-01 00:00:00
P0841,10,53,2024-01-01 00:00:00
P0842,1,81,2024-01-01 00:00:00
P0842,2,86,2024-01-01 00:00:00
P0842,3,68,2024-01-01 00:00:00
P0842,4,101,2024-01-01 00:00:00
P0842,5,99,2024-01-01 00:00:00
P0842,6,84,2024-01-01 00:00:00
P0842,7,87,2024-01-01 00:00:00
P0842,8,71,2024-01-01 00:00:00
P0842,9,73,2024-01-01 00:00:00
P0842,10,52,2024-01-01 00:00:00
P0843,1,80,2024-01-01 00:00:00
P0843,2,81,2024-01-01 00:00:00
P0843,3,63,2024-01-01 00:00:00
P0843,4,50,2024-01-01 00:00:00
P0843,5,88,2024-01-01 00:00:00
P0843,6,55,2024-01-01 00:00:00
P0843,7,63,2024-01-01 00:00:00
P0843,8,70,2024-01-01 00:00:00
P0843,9,65,2024-01-01 00:00:00
P0843,10,93,2024-01-01 00:00:00
P0844,1,76,2024-01-01 00:00:00
P0844,2,52,2024-01-01 00:00:00
P0844,3,103,2024-01-01 00:00:00
P0844,4,71,2024-01-01 00:00:00
P0844,5,75,2024-01-01 00:00:00
P0844,6,49,2024-01-01 00:00:00
P0844,7,46,2024-01-01 00:00:00
P0844,8,61,2024-01-01 00:00:00
P0844,9,77,2024-01-01 00:00:00
P0844,10,46,2024-01-01 00:00:00
P0845,1,52,2024-01-01 00:00:00
P0845,2,80,2024-01-01 00:00:00
P0845,3,101,2024-01-01 00:00:00
P0845,4,97,2024-01-01 00:00:00
P0845,5,84,2024-01-01 00:00:00
P0845,6,75,2024-01-01 00:00:00
P0845,7,76,2024-01-01 00:00:00
P0845,8,85,2024-01-01 00:00:00
P0845,9,71,2024-01-01 00:00:00
P0845,10,87,2024-01-01 00:00:00
P0846,1,75,2024-01-01 00:00:00
P0846,2,45,2024-01-01 00:00:00
P0846,3,85,2024-01-01 00:00:00
P0846,4,67,2024-01-01 00:00:00
P0846,5,54,2024-01-01 00:00:00
P0846,6,50,2024-01-01 00:00:00
P0846,7,84,2024-01-01 00:00:00
P0846,8,100,2024-01-01 00:00:00
P0846,9,97,2024-01-01 00:00:00
P0846,10,101,2024-01-01 00:00:00
P0847,1,99,2024-01-01 00:00:00
P0847,2,56,2024-01-01 00:00:00
P0847,3,47,2024-01-01 00:00:00
P0847,4,88,2024-01-01 00:00:00
P0847,5,96,2024-01-01 00:00:00
P0847,6,79,2024-01-01 00:00:00
P0847,7,54,2024-01-01 00:00:00
P0847,8,63,2024-01-01 00:00:00
P0847,9,85,2024-01-01 00:00:00
P0847,10,97,2024-01-01 00:00:00
P0848,1,52,2024-01-01 00:00:00
P0848,2,99,2024-01-01 00:00:00
P0848,3,89,2024-01-01 00:00:00
P0848,4,61,2024-01-01 00:00:00
P0848,5,69,2024-01-01 00:00:00
P0848,6,54,2024-01-01 00:00:00
P0848,7,69,2024-01-01 00:00:00
P0848,8,82,2024-01-01 00:00:00
P0848,9,74,2024-01-01 00:00:00
P0848,10,61,2024-01-01 00:00:00
P0849,1,88,2024-01-01 00:00:00
P0849,2,103,2024-01-01 00:00:00
P0849,3,101,2024-01-01 00:00:00
P0849,4,46,2024-01-01 00:00:00
P0849,5,90,2024-01-01 00:00:00
P0849,6,84,2024-01-01 00:00:00
P0849,7,103,2024-01-01 00:00:00
P0849,8,63,2024-01-01 00:00:00
P0849,9,84,2024-01-01 00:00:00
P0849,10,46,2024-01-01 00:00:00
P0850,1,94,2024-01-01 00:00:00
P0850,2,89,2024-01-01 00:00:00
P0850,3,100,2024-01-01 00:00:00
P0850,4,96,2024-01-01 00:00:00
P0850,5,69,2024-01-01 00:00:00
P0850,6,96,2024-01-01 00:00:00
P0850,7,104,2024-01-01 00:00:00
P0850,8,55,2024-01-01 00:00:00
P0850,9,63,2024-01-01 00:00:00
P0850,10,76,2024-01-01 00:00:00
P0851,1,48,2024-01-01 00:00:00
P0851,2,88,2024-01-01 00:00:00
P0851,3,71,2024-01-01 00:00:00
P0851,4,66,2024-01-01 00:00:00
P0851,5,64,2024-01-01 00:00:00
P0851,6,87,2024-01-01 00:00:00
P0851,7,80,2024-01-01 00:00:00
P0851,8,88,2024-01-01 00:00:00
P0851,9,45,2024-01-01 00:00:00
P0851,10,86,2024-01-01 00:00:00
P0852,1,20,2024-01-01 00:00:00
P0852,2,21,2024-01-01 00:00:00
P0852,3,30,2024-01-01 00:00:00
P0852,4,42,2024-01-01 00:00:00
P0852,5,20,2024-01-01 00:00:00
P0852,6,32,2024-01-01 00:00:00
P0852,7,18,2024-01-01 00:00:00
P0852,8,33,2024-01-01 00:00:00
P0852,9,40,2024-01-01 00:00:00
P0852,10,25,2024-01-01 00:00:00
P0853,1,52,2024-01-01 00:00:00
P0853,2,66,2024-01-01 00:00:00
P0853,3,57,2024-01-01 00:00:00
P0853,4,60,2024-01-01 00:00:00
P0853,5,48,2024-01-01 00:00:00
P0853,6,48,2024-01-01 00:00:00
P0853,7,56,2024-01-01 00:00:00
P0853,8,35,2024-01-01 00:00:00
P0853,9,76,2024-01-01 00:00:00
P0853,10,62,2024-01-01 00:00:00
P0854,1,107,2024-01-01 00:00:00
P0854,2,157,2024-01-01 00:00:00
P0854,3,83,2024-01-01 00:00:00
P0854,4,76,2024-01-01 00:00:00
P0854,5,100,2024-01-01 00:00:00
P0854,6,108,2024-01-01 00:00:00
P0854,7,135,2024-01-01 00:00:00
P0854,8,143,2024-01-01 00:00:00
P0854,9,111,2024-01-01 00:00:00
P0854,10,93,2024-01-01 00:00:00
P0855,1,89,2024-01-01 00:00:00
P0855,2,54,2024-01-01 00:00:00
P0855,3,81,2024-01-01 00:00:00
P0855,4,70,2024-01-01 00:00:00
P0855,5,55,2024-01-01 00:00:00
P0855,6,45,2024-01-01 00:00:00
P0855,7,77,2024-01-01 00:00:00
P0855,8,105,2024-01-01 00:00:00
P0855,9,74,2024-01-01 00:00:00
P0855,10,86,2024-01-01 00:00:00
P0856,1,55,2024-01-01 00:00:00
P0856,2,90,2024-01-01 00:00:00
P0856,3,50,2024-01-01 00:00:00
P0856,4,67,2024-01-01 00:00:00
P0856,5,93,2024-01-01 00:00:00
P0856,6,102,2024-01-01 00:00:00
P0856,7,61,2024-01-01 00:00:00
P0856,8,92,2024-01-01 00:00:00
P0856,9,76,2024-01-01 00:00:00
P0856,10,104,2024-01-01 00:00:00
P0857,1,88,2024-01-01 00:00:00
P0857,2,52,2024-01-01 00:00:00
P0857,3,58,2024-01-01 00:00:00
P0857,4,75,2024-01-01 00:00:00
P0857,5,98,2024-01-01 00:00:00
P0857,6,89,2024-01-01 00:00:00
P0857,7,90,2024-01-01 00:00:00
P0857,8,82,2024-01-01 00:00:00
P0857,9,61,2024-01-01 00:00:00
P0857,10,86,2024-01-01 00:00:00
P0858,1,110,2024-01-01 00:00:00
P0858,2,118,2024-01-01 00:00:00
P0858,3,93,2024-01-01 00:00:00
P0858,4,113,2024-01-01 00:00:00
P0858,5,138,2024-01-01 00:00:00
P0858,6,177,2024-01-01 00:00:00
P0858,7,81,2024-01-01 00:00:00
P0858,8,120,2024-01-01 00:00:00
P0858,9,160,2024-01-01 00:00:00
P0858,10,100,2024-01-01 00:00:00
P0859,1,60,2024-01-01 00:00:00
P0859,2,100,2024-01-01 00:00:00
P0859,3,63,2024-01-01 00:00:00
P0859,4,72,2024-01-01 00:00:00
P0859,5,93,2024-01-01 00:00:00
P0859,6,89,2024-01-01 00:00:00
P0859,7,78,2024-01-01 00:00:00
P0859,8,46,2024-01-01 00:00:00
P0859,9,82,2024-01-01 00:00:00
P0859,10,56,2024-01-01 00:00:00
P0860,1,123,2024-01-01 00:00:00
P0860,2,132,2024-01-01 00:00:00
P0860,3,125,2024-01-01 00:00:00
P0860,4,68,2024-01-01 00:00:00
P0860,5,68,2024-01-01 00:00:00
P0860,6,68,2024-01-01 00:00:00
P0860,7,98,2024-01-01 00:00:00
P0860,8,105,2024-01-01 00:00:00
P0860,9,86,2024-01-01 00:00:00
P0860,10,95,2024-01-01 00:00:00
P0861,1,51,2024-01-01 00:00:00
P0861,2,52,2024-01-01 00:00:00
P0861,3,46,2024-01-01 00:00:00
P0861,4,83,2024-01-01 00:00:00
P0861,5,65,2024-01-01 00:00:00
P0861,6,98,2024-01-01 00:00:00
P0861,7,93,2024-01-01 00:00:00
P0861,8,90,2024-01-01 00:00:00
P0861,9,54,2024-01-01 00:00:00
P0861,10,64,2024-01-01 00:00:00
P0862,1,66,2024-01-01 00:00:00
P0862,2,108,2024-01-01 00:00:00
P0862,3,112,2024-01-01 00:00:00
P0862,4,92,2024-01-01 00:00:00
P0862,5,134,2024-01-01 00:00:00
P0862,6,144,2024-01-01 00:00:00
P0862,7,62,2024-01-01 00:00:00
P0862,8,117,2024-01-01 00:00:00
P0862,9,62,2024-01-01 00:00:00
P0862,10,142,2024-01-01 00:00:00
P0863,1,66,2024-01-01 00:00:00
P0863,2,87,2024-01-01 00:00:00
P0863,3,51,2024-01-01 00:00:00
P0863,4,39,2024-01-01 00:00:00
P0863,5,41,2024-01-01 00:00:00
P0863,6,83,2024-01-01 00:00:00
P0863,7,86,2024-01-01 00:00:00
P0863,8,38,2024-01-01 00:00:00
P0863,9,51,2024-01-01 00:00:00
P0863,10,79,2024-01-01 00:00:00
P0864,1,75,2024-01-01 00:00:00
P0864,2,96,2024-01-01 00:00:00
P0864,3,140,2024-01-01 00:00:00
P0864,4,75,2024-01-01 00:00:00
P0864,5,71,2024-01-01 00:00:00
P0864,6,151,2024-01-01 00:00:00
P0864,7,134,2024-01-01 00:00:00
P0864,8,148,2024-01-01 00:00:00
P0864,9,114,2024-01-01 00:00:00
P0864,10,152,2024-01-01 00:00:00
P0865,1,79,2024-01-01 00:00:00
P0865,2,72,2024-01-01 00:00:00
P0865,3,113,2024-01-01 00:00:00
P0865,4,65,2024-01-01 00:00:00
P0865,5,65,2024-01-01 00:00:00
P0865,6,64,2024-01-01 00:00:00
P0865,7,111,2024-01-01 00:00:00
P0865,8,119,2024-01-01 00:00:00
P0865,9,99,2024-01-01 00:00:00
P0865,10,106,2024-01-01 00:00:00
P0866,1,57,2024-01-01 00:00:00
P0866,2,67,2024-01-01 00:00:00
P0866,3,74,2024-01-01 00:00:00
P0866,4,67,2024-01-01 00:00:00
P0866,5,101,2024-01-01 00:00:00
P0866,6,53,2024-01-01 00:00:00
P0866,7,48,2024-01-01 00:00:00
P0866,8,57,2024-01-01 00:00:00
P0866,9,84,2024-01-01 00:00:00
P0866,10,50,2024-01-01 00:00:00
P0867,1,128,2024-01-01 00:00:00
P0867,2,137,2024-01-01 00:00:00
P0867,3,135,2024-01-01 00:00:00
P0867,4,122,2024-01-01 00:00:00
P0867,5,84,2024-01-01 00:00:00
P0867,6,158,2024-01-01 00:00:00
P0867,7,86,2024-01-01 00:00:00
P0867,8,122,2024-01-01 00:00:00
P0867,9,93,2024-01-01 00:00:00
P0867,10,76,2024-01-01 00:00:00
P0868,1,75,2024-01-01 00:00:00
P0868,2,130,2024-01-01 00:00:00
P0868,3,99,2024-01-01 00:00:00
P0868,4,113,2024-01-01 00:00:00
P0868,5,64,2024-01-01 00:00:00
P0868,6,72,2024-01-01 00:00:00
P0868,7,97,2024-01-01 00:00:00
P0868,8,127,2024-01-01 00:00:00
P0868,9,90,2024-01-01 00:00:00
P0868,10,99,2024-01-01 00:00:00
P0869,1,60,2024-01-01 00:00:00
P0869,2,63,2024-01-01 00:00:00
P0869,3,66,2024-01-01 00:00:00
P0869,4,119,2024-01-01 00:00:00
P0869,5,55,2024-01-01 00:00:00
P0869,6,98,2024-01-01 00:00:00
P0869,7,78,2024-01-01 00:00:00
P0869,8,89,2024-01-01 00:00:00
P0869,9,116,2024-01-01 00:00:00
P0869,10,112,2024-01-01 00:00:00
P0870,1,72,2024-01-01 00:00:00
P0870,2,69,2024-01-01 00:00:00
P0870,3,48,2024-01-01 00:00:00
P0870,4,46,2024-01-01 00:00:00
P0870,5,53,2024-01-01 00:00:00
P0870,6,68,2024-01-01 00:00:00
P0870,7,68,2024-01-01 00:00:00
P0870,8,40,2024-01-01 00:00:00
P0870,9,35,2024-01-01 00:00:00
P0870,10,40,2024-01-01 00:00:00
P0871,1,57,2024-01-01 00:00:00
P0871,2,127,2024-01-01 00:00:00
P0871,3,59,2024-01-01 00:00:00
P0871,4,67,2024-01-01 00:00:00
P0871,5,117,2024-01-01 00:00:00
P0871,6,66,2024-01-01 00:00:00
P0871,7,124,2024-01-01 00:00:00
P0871,8,84,2024-01-01 00:00:00
P0871,9,97,2024-01-01 00:00:00
P0871,10,88,2024-01-01 00:00:00
P0872,1,46,2024-01-01 00:00:00
P0872,2,54,2024-01-01 00:00:00
P0872,3,83,2024-01-01 00:00:00
P0872,4,74,2024-01-01 00:00:00
P0872,5,108,2024-01-01 00:00:00
P0872,6,54,2024-01-01 00:00:00
P0872,7,99,2024-01-01 00:00:00
P0872,8,66,2024-01-01 00:00:00
P0872,9,58,2024-01-01 00:00:00
P0872,10,103,2024-01-01 00:00:00
P0873,1,99,2024-01-01 00:00:00
P0873,2,103,2024-01-01 00:00:00
P0873,3,94,2024-01-01 00:00:00
P0873,4,107,2024-01-01 00:00:00
P0873,5,101,2024-01-01 00:00:00
P0873,6,84,2024-01-01 00:00:00
P0873,7,83,2024-01-01 00:00:00
P0873,8,108,2024-01-01 00:00:00
P0873,9,81,2024-01-01 00:00:00
P0873,10,129,2024-01-01 00:00:00
P0874,1,78,2024-01-01 00:00:00
P0874,2,118,2024-01-01 00:00:00
P0874,3,101,2024-01-01 00:00:00
P0874,4,83,2024-01-01 00:00:00
P0874,5,111,2024-01-01 00:00:00
P0874,6,78,2024-01-01 00:00:00
P0874,7,138,2024-01-01 00:00:00
P0874,8,132,2024-01-01 00:00:00
P0874,9,97,2024-01-01 00:00:00
P0874,10,133,2024-01-01 00:00:00
P0875,1,65,2024-01-01 00:00:00
P0875,2,106,2024-01-01 00:00:00
P0875,3,121,2024-01-01 00:00:00
P0875,4,77,2024-01-01 00:00:00
P0875,5,110,2024-01-01 00:00:00
P0875,6,62,2024-01-01 00:00:00
P0875,7,86,2024-01-01 00:00:00
P0875,8,119,2024-01-01 00:00:00
P0875,9,58,2024-01-01 00:00:00
P0875,10,118,2024-01-01 00:00:00
P0876,1,69,2024-01-01 00:00:00
P0876,2,104,2024-01-01 00:00:00
P0876,3,75,2024-01-01 00:00:00
P0876,4,92,2024-01-01 00:00:00
P0876,5,94,2024-01-01 00:00:00
P0876,6,99,2024-01-01 00:00:00
P0876,7,90,2024-01-01 00:00:00
P0876,8,52,2024-01-01 00:00:00
P0876,9,73,2024-01-01 00:00:00
P0876,10,90,2024-01-01 00:00:00
P0877,1,94,2024-01-01 00:00:00
P0877,2,84,2024-01-01 00:00:00
P0877,3,52,2024-01-01 00:00:00
P0877,4,45,2024-01-01 00:00:00
P0877,5,69,2024-01-01 00:00:00
P0877,6,66,2024-01-01 00:00:00
P0877,7,68,2024-01-01 00:00:00
P0877,8,45,2024-01-01 00:00:00
P0877,9,56,2024-01-01 00:00:00
P0877,10,58,2024-01-01 00:00:00
P0878,1,16,2024-01-01 00:00:00
P0878,2,13,2024-01-01 00:00:00
P0878,3,12,2024-01-01 00:00:00
P0878,4,15,2024-01-01 00:00:00
P0878,5,17,2024-01-01 00:00:00
P0878,6,13,2024-01-01 00:00:00
P0878,7,10,2024-01-01 00:00:00
P0878,8,17,2024-01-01 00:00:00
P0878,9,16,2024-01-01 00:00:00
P0878,10,23,2024-01-01 00:00:00
P0879,1,96,2024-01-01 00:00:00
P0879,2,65,2024-01-01 00:00:00
P0879,3,70,2024-01-01 00:00:00
P0879,4,62,2024-01-01 00:00:00
P0879,5,97,2024-01-01 00:00:00
P0879,6,92,2024-01-01 00:00:00
P0879,7,71,2024-01-01 00:00:00
P0879,8,66,2024-01-01 00:00:00
P0879,9,82,2024-01-01 00:00:00
P0879,10,83,2024-01-01 00:00:00
P0880,1,79,2024-01-01 00:00:00
P0880,2,101,2024-01-01 00:00:00
P0880,3,45,2024-01-01 00:00:00
P0880,4,77,2024-01-01 00:00:00
P0880,5,80,2024-01-01 00:00:00
P0880,6,89,2024-01-01 00:00:00
P0880,7,84,2024-01-01 00:00:00
P0880,8,63,2024-01-01 00:00:00
P0880,9,82,2024-01-01 00:00:00
P0880,10,95,2024-01-01 00:00:00
P0881,1,49,2024-01-01 00:00:00
P0881,2,105,2024-01-01 00:00:00
P0881,3,76,2024-01-01 00:00:00
P0881,4,95,2024-01-01 00:00:00
P0881,5,101,2024-01-01 00:00:00
P0881,6,96,2024-01-01 00:00:00
P0881,7,94,2024-01-01 00:00:00
P0881,8,73,2024-01-01 00:00:00
P0881,9,75,2024-01-01 00:00:00
P0881,10,56,2024-01-01 00:00:00
P0882,1,76,2024-01-01 00:00:00
P0882,2,82,2024-01-01 00:00:00
P0882,3,103,2024-01-01 00:00:00
P0882,4,92,2024-01-01 00:00:00
P0882,5,63,2024-01-01 00:00:00
P0882,6,58,2024-01-01 00:00:00
P0882,7,51,2024-01-01 00:00:00
P0882,8,66,2024-01-01 00:00:00
P0882,9,55,2024-01-01 00:00:00
P0882,10,102,2024-01-01 00:00:00
P0883,1,87,2024-01-01 00:00:00
P0883,2,59,2024-01-01 00:00:00
P0883,3,76,2024-01-01 00:00:00
P0883,4,101,2024-01-01 00:00:00
P0883,5,66,2024-01-01 00:00:00
P0883,6,61,2024-01-01 00:00:00
P0883,7,49,2024-01-01 00:00:00
P0883,8,89,2024-01-01 00:00:00
P0883,9,92,2024-01-01 00:00:00
P0883,10,90,2024-01-01 00:00:00
P0884,1,73,2024-01-01 00:00:00
P0884,2,60,2024-01-01 00:00:00
P0884,3,71,2024-01-01 00:00:00
P0884,4,57,2024-01-01 00:00:00
P0884,5,53,2024-01-01 00:00:00
P0884,6,103,2024-01-01 00:00:00
P0884,7,102,2024-01-01 00:00:00
P0884,8,102,2024-01-01 00:00:00
P0884,9,56,2024-01-01 00:00:00
P0884,10,67,2024-01-01 00:00:00
P0885,1,50,2024-01-01 00:00:00
P0885,2,82,2024-01-01 00:00:00
P0885,3,52,2024-01-01 00:00:00
P0885,4,49,2024-01-01 00:00:00
P0885,5,61,2024-01-01 00:00:00
P0885,6,77,2024-01-01 00:00:00
P0885,7,62,2024-01-01 00:00:00
P0885,8,82,2024-01-01 00:00:00
P0885,9,74,2024-01-01 00:00:00
P0885,10,55,2024-01-01 00:00:00
P0886,1,58,2024-01-01 00:00:00
P0886,2,100,2024-01-01 00:00:00
P0886,3,87,2024-01-01 00:00:00
P0886,4,103,2024-01-01 00:00:00
P0886,5,76,2024-01-01 00:00:00
P0886,6,54,2024-01-01 00:00:00
P0886,7,99,2024-01-01 00:00:00
P0886,8,87,2024-01-01 00:00:00
P0886,9,78,2024-01-01 00:00:00
P0886,10,61,2024-01-01 00:00:00
P0887,1,80,2024-01-01 00:00:00
P0887,2,61,2024-01-01 00:00:00
P0887,3,90,2024-01-01 00:00:00
P0887,4,70,2024-01-01 00:00:00
P0887,5,65,2024-01-01 00:00:00
P0887,6,98,2024-01-01 00:00:00
P0887,7,58,2024-01-01 00:00:00
P0887,8,93,2024-01-01 00:00:00
P0887,9,85,2024-01-01 00:00:00
P0887,10,73,2024-01-01 00:00:00
P0888,1,91,2024-01-01 00:00:00
P0888,2,45,2024-01-01 00:00:00
P0888,3,102,2024-01-01 00:00:00
P0888,4,97,2024-01-01 00:00:00
P0888,5,53,2024-01-01 00:00:00
P0888,6,98,2024-01-01 00:00:00
P0888,7,47,2024-01-01 00:00:00
P0888,8,47,2024-01-01 00:00:00
P0888,9,57,2024-01-01 00:00:00
P0888,10,73,2024-01-01 00:00:00
P0889,1,133,2024-01-01 00:00:00
P0889,2,64,2024-01-01 00:00:00
P0889,3,134,2024-01-01 00:00:00
P0889,4,131,2024-01-01 00:00:00
P0889,5,127,2024-01-01 00:00:00
P0889,6,123,2024-01-01 00:00:00
P0889,7,106,2024-01-01 00:00:00
P0889,8,98,2024-01-01 00:00:00
P0889,9,103,2024-01-01 00:00:00
P0889,10,109,2024-01-01 00:00:00
P0890,1,74,2024-01-01 00:00:00
P0890,2,109,2024-01-01 00:00:00
P0890,3,133,2024-01-01 00:00:00
P0890,4,102,2024-01-01 00:00:00
P0890,5,111,2024-01-01 00:00:00
P0890,6,140,2024-01-01 00:00:00
P0890,7,107,2024-01-01 00:00:00
P0890,8,94,2024-01-01 00:00:00
P0890,9,119,2024-01-01 00:00:00
P0890,10,104,2024-01-01 00:00:00
P0891,1,106,2024-01-01 00:00:00
P0891,2,73,2024-01-01 00:00:00
P0891,3,102,2024-01-01 00:00:00
P0891,4,70,2024-01-01 00:00:00
P0891,5,102,2024-01-01 00:00:00
P0891,6,95,2024-01-01 00:00:00
P0891,7,53,2024-01-01 00:00:00
P0891,8,95,2024-01-01 00:00:00
P0891,9,107,2024-01-01 00:00:00
P0891,10,97,2024-01-01 00:00:00
P0892,1,82,2024-01-01 00:00:00
P0892,2,72,2024-01-01 00:00:00
P0892,3,94,2024-01-01 00:00:00
P0892,4,79,2024-01-01 00:00:00
P0892,5,75,2024-01-01 00:00:00
P0892,6,96,2024-01-01 00:00:00
P0892,7,89,2024-01-01 00:00:00
P0892,8,83,2024-01-01 00:00:00
P0892,9,93,2024-01-01 00:00:00
P0892,10,51,2024-01-01 00:00:00
P0893,1,45,2024-01-01 00:00:00
P0893,2,30,2024-01-01 00:00:00
P0893,3,26,2024-01-01 00:00:00
P0893,4,49,2024-01-01 00:00:00
P0893,5,48,2024-01-01 00:00:00
P0893,6,40,2024-01-01 00:00:00
P0893,7,57,2024-01-01 00:00:00
P0893,8,46,2024-01-01 00:00:00
P0893,9,42,2024-01-01 00:00:00
P0893,10,31,2024-01-01 00:00:00
P0894,1,70,2024-01-01 00:00:00
P0894,2,55,2024-01-01 00:00:00
P0894,3,60,2024-01-01 00:00:00
P0894,4,105,2024-01-01 00:00:00
P0894,5,88,2024-01-01 00:00:00
P0894,6,107,2024-01-01 00:00:00
P0894,7,74,2024-01-01 00:00:00
P0894,8,71,2024-01-01 00:00:00
P0894,9,61,2024-01-01 00:00:00
P0894,10,46,2024-01-01 00:00:00
P0895,1,30,2024-01-01 00:00:00
P0895,2,14,2024-01-01 00:00:00
P0895,3,22,2024-01-01 00:00:00
P0895,4,29,2024-01-01 00:00:00
P0895,5,26,2024-01-01 00:00:00
P0895,6,13,2024-01-01 00:00:00
P0895,7,29,2024-01-01 00:00:00
P0895,8,28,2024-01-01 00:00:00
P0895,9,24,2024-01-01 00:00:00
P0895,10,28,2024-01-01 00:00:00
P0896,1,47,2024-01-01 00:00:00
P0896,2,60,2024-01-01 00:00:00
P0896,3,95,2024-01-01 00:00:00
P0896,4,79,2024-01-01 00:00:00
P0896,5,103,2024-01-01 00:00:00
P0896,6,67,2024-01-01 00:00:00
P0896,7,93,2024-01-01 00:00:00
P0896,8,58,2024-01-01 00:00:00
P0896,9,82,2024-01-01 00:00:00
P0896,10,51,2024-01-01 00:00:00
P0897,1,150,2024-01-01 00:00:00
P0897,2,111,2024-01-01 00:00:00
P0897,3,111,2024-01-01 00:00:00
P0897,4,73,2024-01-01 00:00:00
P0897,5,128,2024-01-01 00:00:00
P0897,6,87,2024-01-01 00:00:00
P0897,7,94,2024-01-01 00:00:00
P0897,8,92,2024-01-01 00:00:00
P0897,9,114,2024-01-01 00:00:00
P0897,10,103,2024-01-01 00:00:00
P0898,1,52,2024-01-01 00:00:00
P0898,2,87,2024-01-01 00:00:00
P0898,3,99,2024-01-01 00:00:00
P0898,4,71,2024-01-01 00:00:00
P0898,5,70,2024-01-01 00:00:00
P0898,6,113,2024-01-01 00:00:00
P0898,7,75,2024-01-01 00:00:00
P0898,8,55,2024-01-01 00:00:00
P0898,9,105,2024-01-01 00:00:00
P0898,10,121,2024-01-01 00:00:00
P0899,1,95,2024-01-01 00:00:00
P0899,2,98,2024-01-01 00:00:00
P0899,3,69,2024-01-01 00:00:00
P0899,4,93,2024-01-01 00:00:00
P0899,5,69,2024-01-01 00:00:00
P0899,6,76,2024-01-01 00:00:00
P0899,7,91,2024-01-01 00:00:00
P0899,8,100,2024-01-01 00:00:00
P0899,9,65,2024-01-01 00:00:00
P0899,10,70,2024-01-01 00:00:00
P0900,1,125,2024-01-01 00:00:00
P0900,2,94,2024-01-01 00:00:00
P0900,3,63,2024-01-01 00:00:00
P0900,4,123,2024-01-01 00:00:00
P0900,5,92,2024-01-01 00:00:00
P0900,6,114,2024-01-01 00:00:00
P0900,7,83,2024-01-01 00:00:00
P0900,8,90,2024-01-01 00:00:00
P0900,9,66,2024-01-01 00:00:00
P0900,10,130,2024-01-01 00:00:00
P0901,1,87,2024-01-01 00:00:00
P0901,2,141,2024-01-01 00:00:00
P0901,3,117,2024-01-01 00:00:00
P0901,4,168,2024-01-01 00:00:00
P0901,5,83,2024-01-01 00:00:00
P0901,6,146,2024-01-01 00:00:00
P0901,7,109,2024-01-01 00:00:00
P0901,8,162,2024-01-01 00:00:00
P0901,9,146,2024-01-01 00:00:00
P0901,10,103,2024-01-01 00:00:00
P0902,1,113,2024-01-01 00:00:00
P0902,2,139,2024-01-01 00:00:00
P0902,3,114,2024-01-01 00:00:00
P0902,4,92,2024-01-01 00:00:00
P0902,5,132,2024-01-01 00:00:00
P0902,6,160,2024-01-01 00:00:00
P0902,7,97,2024-01-01 00:00:00
P0902,8,86,2024-01-01 00:00:00
P0902,9,70,2024-01-01 00:00:00
P0902,10,91,2024-01-01 00:00:00
P0903,1,102,2024-01-01 00:00:00
P0903,2,53,2024-01-01 00:00:00
P0903,3,57,2024-01-01 00:00:00
P0903,4,55,2024-01-01 00:00:00
P0903,5,82,2024-01-01 00:00:00
P0903,6,60,2024-01-01 00:00:00
P0903,7,67,2024-01-01 00:00:00
P0903,8,61,2024-01-01 00:00:00
P0903,9,66,2024-01-01 00:00:00
P0903,10,100,2024-01-01 00:00:00
P0904,1,90,2024-01-01 00:00:00
P0904,2,89,2024-01-01 00:00:00
P0904,3,71,2024-01-01 00:00:00
P0904,4,121,2024-01-01 00:00:00
P0904,5,82,2024-01-01 00:00:00
P0904,6,140,2024-01-01 00:00:00
P0904,7,96,2024-01-01 00:00:00
P0904,8,113,2024-01-01 00:00:00
P0904,9,131,2024-01-01 00:00:00
P0904,10,104,2024-01-01 00:00:00
P0905,1,144,2024-01-01 00:00:00
P0905,2,121,2024-01-01 00:00:00
P0905,3,99,2024-01-01 00:00:00
P0905,4,105,2024-01-01 00:00:00
P0905,5,145,2024-01-01 00:00:00
P0905,6,144,2024-01-01 00:00:00
P0905,7,89,2024-01-01 00:00:00
P0905,8,109,2024-01-01 00:00:00
P0905,9,107,2024-01-01 00:00:00
P0905,10,78,2024-01-01 00:00:00
P0906,1,103,2024-01-01 00:00:00
P0906,2,97,2024-01-01 00:00:00
P0906,3,110,2024-01-01 00:00:00
P0906,4,74,2024-01-01 00:00:00
P0906,5,94,2024-01-01 00:00:00
P0906,6,61,2024-01-01 00:00:00
P0906,7,105,2024-01-01 00:00:00
P0906,8,100,2024-01-01 00:00:00
P0906,9,64,2024-01-01 00:00:00
P0906,10,98,2024-01-01 00:00:00
P0907,1,92,2024-01-01 00:00:00
P0907,2,51,2024-01-01 00:00:00
P0907,3,87,2024-01-01 00:00:00
P0907,4,75,2024-01-01 00:00:00
P0907,5,74,2024-01-01 00:00:00
P0907,6,75,2024-01-01 00:00:00
P0907,7,47,2024-01-01 00:00:00
P0907,8,86,2024-01-01 00:00:00
P0907,9,53,2024-01-01 00:00:00
P0907,10,75,2024-01-01 00:00:00
P0908,1,68,2024-01-01 00:00:00
P0908,2,80,2024-01-01 00:00:00
P0908,3,140,2024-01-01 00:00:00
P0908,4,87,2024-01-01 00:00:00
P0908,5,100,2024-01-01 00:00:00
P0908,6,141,2024-01-01 00:00:00
P0908,7,85,2024-01-01 00:00:00
P0908,8,64,2024-01-01 00:00:00
P0908,9,142,2024-01-01 00:00:00
P0908,10,112,2024-01-01 00:00:00
P0909,1,95,2024-01-01 00:00:00
P0909,2,123,2024-01-01 00:00:00
P0909,3,117,2024-01-01 00:00:00
P0909,4,109,2024-01-01 00:00:00
P0909,5,114,2024-01-01 00:00:00
P0909,6,74,2024-01-01 00:00:00
P0909,7,123,2024-01-01 00:00:00
P0909,8,98,2024-01-01 00:00:00
P0909,9,130,2024-01-01 00:00:00
P0909,10,96,2024-01-01 00:00:00
P0910,1,95,2024-01-01 00:00:00
P0910,2,170,2024-01-01 00:00:00
P0910,3,149,2024-01-01 00:00:00
P0910,4,164,2024-01-01 00:00:00
P0910,5,148,2024-01-01 00:00:00
P0910,6,113,2024-01-01 00:00:00
P0910,7,132,2024-01-01 00:00:00
P0910,8,156,2024-01-01 00:00:00
P0910,9,180,2024-01-01 00:00:00
P0910,10,155,2024-01-01 00:00:00
P0911,1,79,2024-01-01 00:00:00
P0911,2,48,2024-01-01 00:00:00
P0911,3,93,2024-01-01 00:00:00
P0911,4,47,2024-01-01 00:00:00
P0911,5,73,2024-01-01 00:00:00
P0911,6,79,2024-01-01 00:00:00
P0911,7,104,2024-01-01 00:00:00
P0911,8,58,2024-01-01 00:00:00
P0911,9,48,2024-01-01 00:00:00
P0911,10,104,2024-01-01 00:00:00
P0912,1,72,2024-01-01 00:00:00
P0912,2,74,2024-01-01 00:00:00
P0912,3,95,2024-01-01 00:00:00
P0912,4,78,2024-01-01 00:00:00
P0912,5,99,2024-01-01 00:00:00
P0912,6,79,2024-01-01 00:00:00
P0912,7,65,2024-01-01 00:00:00
P0912,8,95,2024-01-01 00:00:00
P0912,9,87,2024-01-01 00:00:00
P0912,10,105,2024-01-01 00:00:00
P0913,1,54,2024-01-01 00:00:00
P0913,2,92,2024-01-01 00:00:00
P0913,3,87,2024-01-01 00:00:00
P0913,4,55,2024-01-01 00:00:00
P0913,5,52,2024-01-01 00:00:00
P0913,6,104,2024-01-01 00:00:00
P0913,7,72,2024-01-01 00:00:00
P0913,8,77,2024-01-01 00:00:00
P0913,9,60,2024-01-01 00:00:00
P0913,10,103,2024-01-01 00:00:00
P0914,1,70,2024-01-01 00:00:00
P0914,2,64,2024-01-01 00:00:00
P0914,3,59,2024-01-01 00:00:00
P0914,4,114,2024-01-01 00:00:00
P0914,5,62,2024-01-01 00:00:00
P0914,6,68,2024-01-01 00:00:00
P0914,7,58,2024-01-01 00:00:00
P0914,8,113,2024-01-01 00:00:00
P0914,9,68,2024-01-01 00:00:00
P0914,10,71,2024-01-01 00:00:00
P0915,1,72,2024-01-01 00:00:00
P0915,2,65,2024-01-01 00:00:00
P0915,3,50,2024-01-01 00:00:00
P0915,4,76,2024-01-01 00:00:00
P0915,5,99,2024-01-01 00:00:00
P0915,6,95,2024-01-01 00:00:00
P0915,7,81,2024-01-01 00:00:00
P0915,8,65,2024-01-01 00:00:00
P0915,9,95,2024-01-01 00:00:00
P0915,10,72,2024-01-01 00:00:00
P0916,1,76,2024-01-01 00:00:00
P0916,2,95,2024-01-01 00:00:00
P0916,3,49,2024-01-01 00:00:00
P0916,4,63,2024-01-01 00:00:00
P0916,5,48,2024-01-01 00:00:00
P0916,6,87,2024-01-01 00:00:00
P0916,7,46,2024-01-01 00:00:00
P0916,8,98,2024-01-01 00:00:00
P0916,9,99,2024-01-01 00:00:00
P0916,10,68,2024-01-01 00:00:00
P0917,1,68,2024-01-01 00:00:00
P0917,2,64,2024-01-01 00:00:00
P0917,3,76,2024-01-01 00:00:00
P0917,4,47,2024-01-01 00:00:00
P0917,5,77,2024-01-01 00:00:00
P0917,6,70,2024-01-01 00:00:00
P0917,7,103,2024-01-01 00:00:00
P0917,8,52,2024-01-01 00:00:00
P0917,9,69,2024-01-01 00:00:00
P0917,10,56,2024-01-01 00:00:00
P0918,1,73,2024-01-01 00:00:00
P0918,2,65,2024-01-01 00:00:00
P0918,3,48,2024-01-01 00:00:00
P0918,4,72,2024-01-01 00:00:00
P0918,5,95,2024-01-01 00:00:00
P0918,6,97,2024-01-01 00:00:00
P0918,7,59,2024-01-01 00:00:00
P0918,8,89,2024-01-01 00:00:00
P0918,9,48,2024-01-01 00:00:00
P0918,10,48,2024-01-01 00:00:00
P0919,1,88,2024-01-01 00:00:00
P0919,2,49,2024-01-01 00:00:00
P0919,3,98,2024-01-01 00:00:00
P0919,4,80,2024-01-01 00:00:00
P0919,5,97,2024-01-01 00:00:00
P0919,6,84,2024-01-01 00:00:00
P0919,7,68,2024-01-01 00:00:00
P0919,8,56,2024-01-01 00:00:00
P0919,9,61,2024-01-01 00:00:00
P0919,10,62,2024-01-01 00:00:00
P0920,1,80,2024-01-01 00:00:00
P0920,2,121,2024-01-01 00:00:00
P0920,3,97,2024-01-01 00:00:00
P0920,4,59,2024-01-01 00:00:00
P0920,5,89,2024-01-01 00:00:00
P0920,6,104,2024-01-01 00:00:00
P0920,7,114,2024-01-01 00:00:00
P0920,8,116,2024-01-01 00:00:00
P0920,9,114,2024-01-01 00:00:00
P0920,10,85,2024-01-01 00:00:00
P0921,1,94,2024-01-01 00:00:00
P0921,2,103,2024-01-01 00:00:00
P0921,3,102,2024-01-01 00:00:00
P0921,4,82,2024-01-01 00:00:00
P0921,5,96,2024-01-01 00:00:00
P0921,6,71,2024-01-01 00:00:00
P0921,7,130,2024-01-01 00:00:00
P0921,8,116,2024-01-01 00:00:00
P0921,9,107,2024-01-01 00:00:00
P0921,10,124,2024-01-01 00:00:00
P0922,1,56,2024-01-01 00:00:00
P0922,2,58,2024-01-01 00:00:00
P0922,3,71,2024-01-01 00:00:00
P0922,4,64,2024-01-01 00:00:00
P0922,5,59,2024-01-01 00:00:00
P0922,6,62,2024-01-01 00:00:00
P0922,7,43,2024-01-01 00:00:00
P0922,8,52,2024-01-01 00:00:00
P0922,9,61,2024-01-01 00:00:00
P0922,10,66,2024-01-01 00:00:00
P0923,1,67,2024-01-01 00:00:00
P0923,2,71,2024-01-01 00:00:00
P0923,3,88,2024-01-01 00:00:00
P0923,4,70,2024-01-01 00:00:00
P0923,5,57,2024-01-01 00:00:00
P0923,6,84,2024-01-01 00:00:00
P0923,7,83,2024-01-01 00:00:00
P0923,8,67,2024-01-01 00:00:00
P0923,9,46,2024-01-01 00:00:00
P0923,10,93,2024-01-01 00:00:00
P0924,1,76,2024-01-01 00:00:00
P0924,2,56,2024-01-01 00:00:00
P0924,3,42,2024-01-01 00:00:00
P0924,4,48,2024-01-01 00:00:00
P0924,5,61,2024-01-01 00:00:00
P0924,6,70,2024-01-01 00:00:00
P0924,7,44,2024-01-01 00:00:00
P0924,8,65,2024-01-01 00:00:00
P0924,9,42,2024-01-01 00:00:00
P0924,10,62,2024-01-01 00:00:00
P0925,1,72,2024-01-01 00:00:00
P0925,2,48,2024-01-01 00:00:00
P0925,3,73,2024-01-01 00:00:00
P0925,4,45,2024-01-01 00:00:00
P0925,5,40,2024-01-01 00:00:00
P0925,6,82,2024-01-01 00:00:00
P0925,7,54,2024-01-01 00:00:00
P0925,8,76,2024-01-01 00:00:00
P0925,9,60,2024-01-01 00:00:00
P0925,10,71,2024-01-01 00:00:00
P0926,1,44,2024-01-01 00:00:00
P0926,2,67,2024-01-01 00:00:00
P0926,3,46,2024-01-01 00:00:00
P0926,4,44,2024-01-01 00:00:00
P0926,5,65,2024-01-01 00:00:00
P0926,6,32,2024-01-01 00:00:00
P0926,7,40,2024-01-01 00:00:00
P0926,8,48,2024-01-01 00:00:00
P0926,9,64,2024-01-01 00:00:00
P0926,10,43,2024-01-01 00:00:00
P0927,1,53,2024-01-01 00:00:00
P0927,2,45,2024-01-01 00:00:00
P0927,3,87,2024-01-01 00:00:00
P0927,4,97,2024-01-01 00:00:00
P0927,5,75,2024-01-01 00:00:00
P0927,6,54,2024-01-01 00:00:00
P0927,7,61,2024-01-01 00:00:00
P0927,8,47,2024-01-01 00:00:00
P0927,9,92,2024-01-01 00:00:00
P0927,10,55,2024-01-01 00:00:00
P0928,1,45,2024-01-01 00:00:00
P0928,2,84,2024-01-01 00:00:00
P0928,3,101,2024-01-01 00:00:00
P0928,4,89,2024-01-01 00:00:00
P0928,5,69,2024-01-01 00:00:00
P0928,6,88,2024-01-01 00:00:00
P0928,7,60,2024-01-01 00:00:00
P0928,8,76,2024-01-01 00:00:00
P0928,9,89,2024-01-01 00:00:00
P0928,10,75,2024-01-01 00:00:00
P0929,1,47,2024-01-01 00:00:00
P0929,2,73,2024-01-01 00:00:00
P0929,3,58,2024-01-01 00:00:00
P0929,4,71,2024-01-01 00:00:00
P0929,5,74,2024-01-01 00:00:00
P0929,6,51,2024-01-01 00:00:00
P0929,7,54,2024-01-01 00:00:00
P0929,8,79,2024-01-01 00:00:00
P0929,9,76,2024-01-01 00:00:00
P0929,10,91,2024-01-01 00:00:00
P0930,1,102,2024-01-01 00:00:00
P0930,2,89,2024-01-01 00:00:00
P0930,3,60,2024-01-01 00:00:00
P0930,4,94,2024-01-01 00:00:00
P0930,5,83,2024-01-01 00:00:00
P0930,6,101,2024-01-01 00:00:00
P0930,7,105,2024-01-01 00:00:00
P0930,8,99,2024-01-01 00:00:00
P0930,9,72,2024-01-01 00:00:00
P0930,10,58,2024-01-01 00:00:00
P0931,1,79,2024-01-01 00:00:00
P0931,2,75,2024-01-01 00:00:00
P0931,3,62,2024-01-01 00:00:00
P0931,4,59,2024-01-01 00:00:00
P0931,5,93,2024-01-01 00:00:00
P0931,6,97,2024-01-01 00:00:00
P0931,7,85,2024-01-01 00:00:00
P0931,8,90,2024-01-01 00:00:00
P0931,9,76,2024-01-01 00:00:00
P0931,10,67,2024-01-01 00:00:00
P0932,1,131,2024-01-01 00:00:00
P0932,2,69,2024-01-01 00:00:00
P0932,3,131,2024-01-01 00:00:00
P0932,4,141,2024-01-01 00:00:00
P0932,5,126,2024-01-01 00:00:00
P0932,6,79,2024-01-01 00:00:00
P0932,7,132,2024-01-01 00:00:00
P0932,8,93,2024-01-01 00:00:00
P0932,9,90,2024-01-01 00:00:00
P0932,10,67,2024-01-01 00:00:00
P0933,1,70,2024-01-01 00:00:00
P0933,2,89,2024-01-01 00:00:00
P0933,3,52,2024-01-01 00:00:00
P0933,4,100,2024-01-01 00:00:00
P0933,5,87,2024-01-01 00:00:00
P0933,6,57,2024-01-01 00:00:00
P0933,7,62,2024-01-01 00:00:00
P0933,8,103,2024-01-01 00:00:00
P0933,9,102,2024-01-01 00:00:00
P0933,10,103,2024-01-01 00:00:00
P0934,1,85,2024-01-01 00:00:00
P0934,2,78,2024-01-01 00:00:00
P0934,3,91,2024-01-01 00:00:00
P0934,4,78,2024-01-01 00:00:00
P0934,5,65,2024-01-01 00:00:00
P0934,6,98,2024-01-01 00:00:00
P0934,7,96,2024-01-01 00:00:00
P0934,8,87,2024-01-01 00:00:00
P0934,9,70,2024-01-01 00:00:00
P0934,10,51,2024-01-01 00:00:00
P0935,1,46,2024-01-01 00:00:00
P0935,2,84,2024-01-01 00:00:00
P0935,3,99,2024-01-01 00:00:00
P0935,4,58,2024-01-01 00:00:00
P0935,5,59,2024-01-01 00:00:00
P0935,6,95,2024-01-01 00:00:00
P0935,7,94,2024-01-01 00:00:00
P0935,8,97,2024-01-01 00:00:00
P0935,9,96,2024-01-01 00:00:00
P0935,10,99,2024-01-01 00:00:00
P0936,1,164,2024-01-01 00:00:00
P0936,2,156,2024-01-01 00:00:00
P0936,3,101,2024-01-01 00:00:00
P0936,4,138,2024-01-01 00:00:00
P0936,5,135,2024-01-01 00:00:00
P0936,6,86,2024-01-01 00:00:00
P0936,7,148,2024-01-01 00:00:00
P0936,8,147,2024-01-01 00:00:00
P0936,9,152,2024-01-01 00:00:00
P0936,10,167,2024-01-01 00:00:00
P0937,1,50,2024-01-01 00:00:00
P0937,2,65,2024-01-01 00:00:00
P0937,3,94,2024-01-01 00:00:00
P0937,4,76,2024-01-01 00:00:00
P0937,5,50,2024-01-01 00:00:00
P0937,6,61,2024-01-01 00:00:00
P0937,7,47,2024-01-01 00:00:00
P0937,8,50,2024-01-01 00:00:00
P0937,9,101,2024-01-01 00:00:00
P0937,10,53,2024-01-01 00:00:00
P0938,1,94,2024-01-01 00:00:00
P0938,2,86,2024-01-01 00:00:00
P0938,3,57,2024-01-01 00:00:00
P0938,4,99,2024-01-01 00:00:00
P0938,5,59,2024-01-01 00:00:00
P0938,6,52,2024-01-01 00:00:00
P0938,7,91,2024-01-01 00:00:00
P0938,8,89,2024-01-01 00:00:00
P0938,9,76,2024-01-01 00:00:00
P0938,10,51,2024-01-01 00:00:00
P0939,1,96,2024-01-01 00:00:00
P0939,2,67,2024-01-01 00:00:00
P0939,3,55,2024-01-01 00:00:00
P0939,4,89,2024-01-01 00:00:00
P0939,5,78,2024-01-01 00:00:00
P0939,6,92,2024-01-01 00:00:00
P0939,7,75,2024-01-01 00:00:00
P0939,8,103,2024-01-01 00:00:00
P0939,9,102,2024-01-01 00:00:00
P0939,10,94,2024-01-01 00:00:00
P0940,1,129,2024-01-01 00:00:00
P0940,2,107,2024-01-01 00:00:00
P0940,3,152,2024-01-01 00:00:00
P0940,4,98,2024-01-01 00:00:00
P0940,5,127,2024-01-01 00:00:00
P0940,6,119,2024-01-01 00:00:00
P0940,7,71,2024-01-01 00:00:00
P0940,8,94,2024-01-01 00:00:00
P0940,9,103,2024-01-01 00:00:00
P0940,10,130,2024-01-01 00:00:00
P0941,1,90,2024-01-01 00:00:00
P0941,2,90,2024-01-01 00:00:00
P0941,3,61,2024-01-01 00:00:00
P0941,4,76,2024-01-01 00:00:00
P0941,5,77,2024-01-01 00:00:00
P0941,6,114,2024-01-01 00:00:00
P0941,7,52,2024-01-01 00:00:00
P0941,8,68,2024-01-01 00:00:00
P0941,9,100,2024-01-01 00:00:00
P0941,10,68,2024-01-01 00:00:00
P0942,1,134,2024-01-01 00:00:00
P0942,2,151,2024-01-01 00:00:00
P0942,3,162,2024-01-01 00:00:00
P0942,4,102,2024-01-01 00:00:00
P0942,5,133,2024-01-01 00:00:00
P0942,6,156,2024-01-01 00:00:00
P0942,7,166,2024-01-01 00:00:00
P0942,8,82,2024-01-01 00:00:00
P0942,9,147,2024-01-01 00:00:00
P0942,10,186,2024-01-01 00:00:00
P0943,1,104,2024-01-01 00:00:00
P0943,2,116,2024-01-01 00:00:00
P0943,3,87,2024-01-01 00:00:00
P0943,4,99,2024-01-01 00:00:00
P0943,5,65,2024-01-01 00:00:00
P0943,6,134,2024-01-01 00:00:00
P0943,7,68,2024-01-01 00:00:00
P0943,8,116,2024-01-01 00:00:00
P0943,9,102,2024-01-01 00:00:00
P0943,10,117,2024-01-01 00:00:00
P0944,1,143,2024-01-01 00:00:00
P0944,2,180,2024-01-01 00:00:00
P0944,3,153,2024-01-01 00:00:00
P0944,4,127,2024-01-01 00:00:00
P0944,5,111,2024-01-01 00:00:00
P0944,6,164,2024-01-01 00:00:00
P0944,7,172,2024-01-01 00:00:00
P0944,8,151,2024-01-01 00:00:00
P0944,9,158,2024-01-01 00:00:00
P0944,10,110,2024-01-01 00:00:00
P0945,1,104,2024-01-01 00:00:00
P0945,2,54,2024-01-01 00:00:00
P0945,3,83,2024-01-01 00:00:00
P0945,4,85,2024-01-01 00:00:00
P0945,5,45,2024-01-01 00:00:00
P0945,6,46,2024-01-01 00:00:00
P0945,7,54,2024-01-01 00:00:00
P0945,8,97,2024-01-01 00:00:00
P0945,9,76,2024-01-01 00:00:00
P0945,10,55,2024-01-01 00:00:00
P0946,1,104,2024-01-01 00:00:00
P0946,2,75,2024-01-01 00:00:00
P0946,3,99,2024-01-01 00:00:00
P0946,4,67,2024-01-01 00:00:00
P0946,5,98,2024-01-01 00:00:00
P0946,6,81,2024-01-01 00:00:00
P0946,7,118,2024-01-01 00:00:00
P0946,8,83,2024-01-01 00:00:00
P0946,9,119,2024-01-01 00:00:00
P0946,10,55,2024-01-01 00:00:00
P0947,1,52,2024-01-01 00:00:00
P0947,2,52,2024-01-01 00:00:00
P0947,3,53,2024-01-01 00:00:00
P0947,4,54,2024-01-01 00:00:00
P0947,5,81,2024-01-01 00:00:00
P0947,6,46,2024-01-01 00:00:00
P0947,7,73,2024-01-01 00:00:00
P0947,8,82,2024-01-01 00:00:00
P0947,9,99,2024-01-01 00:00:00
P0947,10,78,2024-01-01 00:00:00
P0948,1,80,2024-01-01 00:00:00
P0948,2,121,2024-01-01 00:00:00
P0948,3,73,2024-01-01 00:00:00
P0948,4,90,2024-01-01 00:00:00
P0948,5,61,2024-01-01 00:00:00
P0948,6,75,2024-01-01 00:00:00
P0948,7,131,2024-01-01 00:00:00
P0948,8,75,2024-01-01 00:00:00
P0948,9,100,2024-01-01 00:00:00
P0948,10,98,2024-01-01 00:00:00
P0949,1,70,2024-01-01 00:00:00
P0949,2,134,2024-01-01 00:00:00
P0949,3,131,2024-01-01 00:00:00
P0949,4,115,2024-01-01 00:00:00
P0949,5,71,2024-01-01 00:00:00
P0949,6,94,2024-01-01 00:00:00
P0949,7,75,2024-01-01 00:00:00
P0949,8,118,2024-01-01 00:00:00
P0949,9,104,2024-01-01 00:00:00
P0949,10,78,2024-01-01 00:00:00
P0950,1,79,2024-01-01 00:00:00
P0950,2,98,2024-01-01 00:00:00
P0950,3,123,2024-01-01 00:00:00
P0950,4,127,2024-01-01 00:00:00
P0950,5,91,2024-01-01 00:00:00
P0950,6,98,2024-01-01 00:00:00
P0950,7,142,2024-01-01 00:00:00
P0950,8,150,2024-01-01 00:00:00
P0950,9,108,2024-01-01 00:00:00
P0950,10,147,2024-01-01 00:00:00
P0951,1,97,2024-01-01 00:00:00
P0951,2,99,2024-01-01 00:00:00
P0951,3,93,2024-01-01 00:00:00
P0951,4,73,2024-01-01 00:00:00
P0951,5,93,2024-01-01 00:00:00
P0951,6,61,2024-01-01 00:00:00
P0951,7,60,2024-01-01 00:00:00
P0951,8,63,2024-01-01 00:00:00
P0951,9,90,2024-01-01 00:00:00
P0951,10,66,2024-01-01 00:00:00
P0952,1,129,2024-01-01 00:00:00
P0952,2,131,2024-01-01 00:00:00
P0952,3,93,2024-01-01 00:00:00
P0952,4,106,2024-01-01 00:00:00
P0952,5,130,2024-01-01 00:00:00
P0952,6,129,2024-01-01 00:00:00
P0952,7,108,2024-01-01 00:00:00
P0952,8,75,2024-01-01 00:00:00
P0952,9,133,2024-01-01 00:00:00
P0952,10,57,2024-01-01 00:00:00
P0953,1,102,2024-01-01 00:00:00
P0953,2,97,2024-01-01 00:00:00
P0953,3,145,2024-01-01 00:00:00
P0953,4,128,2024-01-01 00:00:00
P0953,5,168,2024-01-01 00:00:00
P0953,6,82,2024-01-01 00:00:00
P0953,7,144,2024-01-01 00:00:00
P0953,8,166,2024-01-01 00:00:00
P0953,9,122,2024-01-01 00:00:00
P0953,10,121,2024-01-01 00:00:00
P0954,1,76,2024-01-01 00:00:00
P0954,2,94,2024-01-01 00:00:00
P0954,3,83,2024-01-01 00:00:00
P0954,4,47,2024-01-01 00:00:00
P0954,5,62,2024-01-01 00:00:00
P0954,6,84,2024-01-01 00:00:00
P0954,7,94,2024-01-01 00:00:00
P0954,8,56,2024-01-01 00:00:00
P0954,9,75,2024-01-01 00:00:00
P0954,10,47,2024-01-01 00:00:00
P0955,1,104,2024-01-01 00:00:00
P0955,2,100,2024-01-01 00:00:00
P0955,3,83,2024-01-01 00:00:00
P0955,4,96,2024-01-01 00:00:00
P0955,5,83,2024-01-01 00:00:00
P0955,6,65,2024-01-01 00:00:00
P0955,7,58,2024-01-01 00:00:00
P0955,8,90,2024-01-01 00:00:00
P0955,9,57,2024-01-01 00:00:00
P0955,10,46,2024-01-01 00:00:00
P0956,1,73,2024-01-01 00:00:00
P0956,2,69,2024-01-01 00:00:00
P0956,3,85,2024-01-01 00:00:00
P0956,4,69,2024-01-01 00:00:00
P0956,5,47,2024-01-01 00:00:00
P0956,6,100,2024-01-01 00:00:00
P0956,7,103,2024-01-01 00:00:00
P0956,8,45,2024-01-01 00:00:00
P0956,9,57,2024-01-01 00:00:00
P0956,10,49,2024-01-01 00:00:00
P0957,1,84,2024-01-01 00:00:00
P0957,2,54,2024-01-01 00:00:00
P0957,3,94,2024-01-01 00:00:00
P0957,4,52,2024-01-01 00:00:00
P0957,5,46,2024-01-01 00:00:00
P0957,6,87,2024-01-01 00:00:00
P0957,7,57,2024-01-01 00:00:00
P0957,8,69,2024-01-01 00:00:00
P0957,9,46,2024-01-01 00:00:00
P0957,10,83,2024-01-01 00:00:00
P0958,1,46,2024-01-01 00:00:00
P0958,2,70,2024-01-01 00:00:00
P0958,3,81,2024-01-01 00:00:00
P0958,4,73,2024-01-01 00:00:00
P0958,5,53,2024-01-01 00:00:00
P0958,6,98,2024-01-01 00:00:00
P0958,7,47,2024-01-01 00:00:00
P0958,8,52,2024-01-01 00:00:00
P0958,9,95,2024-01-01 00:00:00
P0958,10,102,2024-01-01 00:00:00
P0959,1,46,2024-01-01 00:00:00
P0959,2,59,2024-01-01 00:00:00
P0959,3,95,2024-01-01 00:00:00
P0959,4,93,2024-01-01 00:00:00
P0959,5,76,2024-01-01 00:00:00
P0959,6,79,2024-01-01 00:00:00
P0959,7,52,2024-01-01 00:00:00
P0959,8,71,2024-01-01 00:00:00
P0959,9,96,2024-01-01 00:00:00
P0959,10,93,2024-01-01 00:00:00
P0960,1,68,2024-01-01 00:00:00
P0960,2,83,2024-01-01 00:00:00
P0960,3,77,2024-01-01 00:00:00
P0960,4,84,2024-01-01 00:00:00
P0960,5,55,2024-01-01 00:00:00
P0960,6,68,2024-01-01 00:00:00
P0960,7,113,2024-01-01 00:00:00
P0960,8,94,2024-01-01 00:00:00
P0960,9,111,2024-01-01 00:00:00
P0960,10,113,2024-01-01 00:00:00
P0961,1,81,2024-01-01 00:00:00
P0961,2,105,2024-01-01 00:00:00
P0961,3,56,2024-01-01 00:00:00
P0961,4,63,2024-01-01 00:00:00
P0961,5,83,2024-01-01 00:00:00
P0961,6,82,2024-01-01 00:00:00
P0961,7,104,2024-01-01 00:00:00
P0961,8,100,2024-01-01 00:00:00
P0961,9,70,2024-01-01 00:00:00
P0961,10,48,2024-01-01 00:00:00
P0962,1,76,2024-01-01 00:00:00
P0962,2,76,2024-01-01 00:00:00
P0962,3,86,2024-01-01 00:00:00
P0962,4,94,2024-01-01 00:00:00
P0962,5,97,2024-01-01 00:00:00
P0962,6,79,2024-01-01 00:00:00
P0962,7,90,2024-01-01 00:00:00
P0962,8,90,2024-01-01 00:00:00
P0962,9,64,2024-01-01 00:00:00
P0962,10,96,2024-01-01 00:00:00
P0963,1,49,2024-01-01 00:00:00
P0963,2,100,2024-01-01 00:00:00
P0963,3,73,2024-01-01 00:00:00
P0963,4,91,2024-01-01 00:00:00
P0963,5,72,2024-01-01 00:00:00
P0963,6,67,2024-01-01 00:00:00
P0963,7,63,2024-01-01 00:00:00
P0963,8,86,2024-01-01 00:00:00
P0963,9,100,2024-01-01 00:00:00
P0963,10,91,2024-01-01 00:00:00
P0964,1,99,2024-01-01 00:00:00
P0964,2,93,2024-01-01 00:00:00
P0964,3,66,2024-01-01 00:00:00
P0964,4,74,2024-01-01 00:00:00
P0964,5,61,2024-01-01 00:00:00
P0964,6,105,2024-01-01 00:00:00
P0964,7,99,2024-01-01 00:00:00
P0964,8,101,2024-01-01 00:00:00
P0964,9,101,2024-01-01 00:00:00
P0964,10,94,2024-01-01 00:00:00
P0965,1,87,2024-01-01 00:00:00
P0965,2,93,2024-01-01 00:00:00
P0965,3,81,2024-01-01 00:00:00
P0965,4,55,2024-01-01 00:00:00
P0965,5,53,2024-01-01 00:00:00
P0965,6,86,2024-01-01 00:00:00
P0965,7,103,2024-01-01 00:00:00
P0965,8,70,2024-01-01 00:00:00
P0965,9,80,2024-01-01 00:00:00
P0965,10,52,2024-01-01 00:00:00
P0966,1,55,2024-01-01 00:00:00
P0966,2,90,2024-01-01 00:00:00
P0966,3,90,2024-01-01 00:00:00
P0966,4,72,2024-01-01 00:00:00
P0966,5,105,2024-01-01 00:00:00
P0966,6,64,2024-01-01 00:00:00
P0966,7,64,2024-01-01 00:00:00
P0966,8,63,2024-01-01 00:00:00
P0966,9,88,2024-01-01 00:00:00
P0966,10,49,2024-01-01 00:00:00
P0967,1,50,2024-01-01 00:00:00
P0967,2,50,2024-01-01 00:00:00
P0967,3,47,2024-01-01 00:00:00
P0967,4,90,2024-01-01 00:00:00
P0967,5,46,2024-01-01 00:00:00
P0967,6,71,2024-01-01 00:00:00
P0967,7,46,2024-01-01 00:00:00
P0967,8,96,2024-01-01 00:00:00
P0967,9,86,2024-01-01 00:00:00
P0967,10,85,2024-01-01 00:00:00
P0968,1,108,2024-01-01 00:00:00
P0968,2,143,2024-01-01 00:00:00
P0968,3,85,2024-01-01 00:00:00
P0968,4,149,2024-01-01 00:00:00
P0968,5,93,2024-01-01 00:00:00
P0968,6,135,2024-01-01 00:00:00
P0968,7,122,2024-01-01 00:00:00
P0968,8,66,2024-01-01 00:00:00
P0968,9,74,2024-01-01 00:00:00
P0968,10,149,2024-01-01 00:00:00
P0969,1,117,2024-01-01 00:00:00
P0969,2,70,2024-01-01 00:00:00
P0969,3,75,2024-01-01 00:00:00
P0969,4,74,2024-01-01 00:00:00
P0969,5,92,2024-01-01 00:00:00
P0969,6,73,2024-01-01 00:00:00
P0969,7,85,2024-01-01 00:00:00
P0969,8,54,2024-01-01 00:00:00
P0969,9,56,2024-01-01 00:00:00
P0969,10,59,2024-01-01 00:00:00
P0970,1,62,2024-01-01 00:00:00
P0970,2,75,2024-01-01 00:00:00
P0970,3,58,2024-01-01 00:00:00
P0970,4,101,2024-01-01 00:00:00
P0970,5,78,2024-01-01 00:00:00
P0970,6,102,2024-01-01 00:00:00
P0970,7,125,2024-01-01 00:00:00
P0970,8,98,2024-01-01 00:00:00
P0970,9,76,2024-01-01 00:00:00
P0970,10,99,2024-01-01 00:00:00
P0971,1,47,2024-01-01 00:00:00
P0971,2,49,2024-01-01 00:00:00
P0971,3,99,2024-01-01 00:00:00
P0971,4,91,2024-01-01 00:00:00
P0971,5,65,2024-01-01 00:00:00
P0971,6,100,2024-01-01 00:00:00
P0971,7,73,2024-01-01 00:00:00
P0971,8,79,2024-01-01 00:00:00
P0971,9,91,2024-01-01 00:00:00
P0971,10,97,2024-01-01 00:00:00
P0972,1,79,2024-01-01 00:00:00
P0972,2,81,2024-01-01 00:00:00
P0972,3,91,2024-01-01 00:00:00
P0972,4,85,2024-01-01 00:00:00
P0972,5,92,2024-01-01 00:00:00
P0972,6,69,2024-01-01 00:00:00
P0972,7,102,2024-01-01 00:00:00
P0972,8,105,2024-01-01 00:00:00
P0972,9,71,2024-01-01 00:00:00
P0972,10,83,2024-01-01 00:00:00
P0973,1,52,2024-01-01 00:00:00
P0973,2,72,2024-01-01 00:00:00
P0973,3,49,2024-01-01 00:00:00
P0973,4,102,2024-01-01 00:00:00
P0973,5,59,2024-01-01 00:00:00
P0973,6,83,2024-01-01 00:00:00
P0973,7,94,2024-01-01 00:00:00
P0973,8,101,2024-01-01 00:00:00
P0973,9,104,2024-01-01 00:00:00
P0973,10,59,2024-01-01 00:00:00
P0974,1,47,2024-01-01 00:00:00
P0974,2,61,2024-01-01 00:00:00
P0974,3,102,2024-01-01 00:00:00
P0974,4,56,2024-01-01 00:00:00
P0974,5,81,2024-01-01 00:00:00
P0974,6,58,2024-01-01 00:00:00
P0974,7,83,2024-01-01 00:00:00
P0974,8,60,2024-01-01 00:00:00
P0974,9,97,2024-01-01 00:00:00
P0974,10,103,2024-01-01 00:00:00
P0975,1,79,2024-01-01 00:00:00
P0975,2,62,2024-01-01 00:00:00
P0975,3,46,2024-01-01 00:00:00
P0975,4,61,2024-01-01 00:00:00
P0975,5,78,2024-01-01 00:00:00
P0975,6,74,2024-01-01 00:00:00
P0975,7,82,2024-01-01 00:00:00
P0975,8,75,2024-01-01 00:00:00
P0975,9,46,2024-01-01 00:00:00
P0975,10,61,2024-01-01 00:00:00
P0976,1,86,2024-01-01 00:00:00
P0976,2,100,2024-01-01 00:00:00
P0976,3,68,2024-01-01 00:00:00
P0976,4,62,2024-01-01 00:00:00
P0976,5,105,2024-01-01 00:00:00
P0976,6,55,2024-01-01 00:00:00
P0976,7,96,2024-01-01 00:00:00
P0976,8,77,2024-01-01 00:00:00
P0976,9,87,2024-01-01 00:00:00
P0976,10,62,2024-01-01 00:00:00
P0977,1,109,2024-01-01 00:00:00
P0977,2,60,2024-01-01 00:00:00
P0977,3,95,2024-01-01 00:00:00
P0977,4,132,2024-01-01 00:00:00
P0977,5,91,2024-01-01 00:00:00
P0977,6,70,2024-01-01 00:00:00
P0977,7,121,2024-01-01 00:00:00
P0977,8,94,2024-01-01 00:00:00
P0977,9,114,2024-01-01 00:00:00
P0977,10,71,2024-01-01 00:00:00
P0978,1,104,2024-01-01 00:00:00
P0978,2,81,2024-01-01 00:00:00
P0978,3,61,2024-01-01 00:00:00
P0978,4,98,2024-01-01 00:00:00
P0978,5,95,2024-01-01 00:00:00
P0978,6,91,2024-01-01 00:00:00
P0978,7,54,2024-01-01 00:00:00
P0978,8,86,2024-01-01 00:00:00
P0978,9,59,2024-01-01 00:00:00
P0978,10,48,2024-01-01 00:00:00
P0979,1,53,2024-01-01 00:00:00
P0979,2,82,2024-01-01 00:00:00
P0979,3,47,2024-01-01 00:00:00
P0979,4,79,2024-01-01 00:00:00
P0979,5,86,2024-01-01 00:00:00
P0979,6,65,2024-01-01 00:00:00
P0979,7,80,2024-01-01 00:00:00
P0979,8,79,2024-01-01 00:00:00
P0979,9,95,2024-01-01 00:00:00
P0979,10,62,2024-01-01 00:00:00
P0980,1,48,2024-01-01 00:00:00
P0980,2,62,2024-01-01 00:00:00
P0980,3,46,2024-01-01 00:00:00
P0980,4,79,2024-01-01 00:00:00
P0980,5,64,2024-01-01 00:00:00
P0980,6,84,2024-01-01 00:00:00
P0980,7,47,2024-01-01 00:00:00
P0980,8,91,2024-01-01 00:00:00
P0980,9,71,2024-01-01 00:00:00
P0980,10,93,2024-01-01 00:00:00
P0981,1,75,2024-01-01 00:00:00
P0981,2,50,2024-01-01 00:00:00
P0981,3,101,2024-01-01 00:00:00
P0981,4,102,2024-01-01 00:00:00
P0981,5,79,2024-01-01 00:00:00
P0981,6,85,2024-01-01 00:00:00
P0981,7,69,2024-01-01 00:00:00
P0981,8,104,2024-01-01 00:00:00
P0981,9,104,2024-01-01 00:00:00
P0981,10,82,2024-01-01 00:00:00
P0982,1,103,2024-01-01 00:00:00
P0982,2,79,2024-01-01 00:00:00
P0982,3,60,2024-01-01 00:00:00
P0982,4,63,2024-01-01 00:00:00
P0982,5,81,2024-01-01 00:00:00
P0982,6,73,2024-01-01 00:00:00
P0982,7,90,2024-01-01 00:00:00
P0982,8,68,2024-01-01 00:00:00
P0982,9,86,2024-01-01 00:00:00
P0982,10,91,2024-01-01 00:00:00
P0983,1,74,2024-01-01 00:00:00
P0983,2,91,2024-01-01 00:00:00
P0983,3,98,2024-01-01 00:00:00
P0983,4,76,2024-01-01 00:00:00
P0983,5,76,2024-01-01 00:00:00
P0983,6,98,2024-01-01 00:00:00
P0983,7,103,2024-01-01 00:00:00
P0983,8,80,2024-01-01 00:00:00
P0983,9,80,2024-01-01 00:00:00
P0983,10,95,2024-01-01 00:00:00
P0984,1,76,2024-01-01 00:00:00
P0984,2,97,2024-01-01 00:00:00
P0984,3,62,2024-01-01 00:00:00
P0984,4,62,2024-01-01 00:00:00
P0984,5,49,2024-01-01 00:00:00
P0984,6,71,2024-01-01 00:00:00
P0984,7,51,2024-01-01 00:00:00
P0984,8,77,2024-01-01 00:00:00
P0984,9,77,2024-01-01 00:00:00
P0984,10,100,2024-01-01 00:00:00
P0985,1,55,2024-01-01 00:00:00
P0985,2,94,2024-01-01 00:00:00
P0985,3,85,2024-01-01 00:00:00
P0985,4,103,2024-01-01 00:00:00
P0985,5,105,2024-01-01 00:00:00
P0985,6,74,2024-01-01 00:00:00
P0985,7,95,2024-01-01 00:00:00
P0985,8,80,2024-01-01 00:00:00
P0985,9,83,2024-01-01 00:00:00
P0985,10,71,2024-01-01 00:00:00
P0986,1,58,2024-01-01 00:00:00
P0986,2,70,2024-01-01 00:00:00
P0986,3,99,2024-01-01 00:00:00
P0986,4,60,2024-01-01 00:00:00
P0986,5,99,2024-01-01 00:00:00
P0986,6,69,2024-01-01 00:00:00
P0986,7,94,2024-01-01 00:00:00
P0986,8,60,2024-01-01 00:00:00
P0986,9,104,2024-01-01 00:00:00
P0986,10,79,2024-01-01 00:00:00
P0987,1,60,2024-01-01 00:00:00
P0987,2,91,2024-01-01 00:00:00
P0987,3,54,2024-01-01 00:00:00
P0987,4,72,2024-01-01 00:00:00
P0987,5,82,2024-01-01 00:00:00
P0987,6,90,2024-01-01 00:00:00
P0987,7,50,2024-01-01 00:00:00
P0987,8,58,2024-01-01 00:00:00
P0987,9,46,2024-01-01 00:00:00
P0987,10,66,2024-01-01 00:00:00
P0988,1,91,2024-01-01 00:00:00
P0988,2,73,2024-01-01 00:00:00
P0988,3,90,2024-01-01 00:00:00
P0988,4,105,2024-01-01 00:00:00
P0988,5,104,2024-01-01 00:00:00
P0988,6,66,2024-01-01 00:00:00
P0988,7,67,2024-01-01 00:00:00
P0988,8,71,2024-01-01 00:00:00
P0988,9,50,2024-01-01 00:00:00
P0988,10,58,2024-01-01 00:00:00
P0989,1,87,2024-01-01 00:00:00
P0989,2,51,2024-01-01 00:00:00
P0989,3,52,2024-01-01 00:00:00
P0989,4,46,2024-01-01 00:00:00
P0989,5,57,2024-01-01 00:00:00
P0989,6,77,2024-01-01 00:00:00
P0989,7,98,2024-01-01 00:00:00
P0989,8,93,2024-01-01 00:00:00
P0989,9,59,2024-01-01 00:00:00
P0989,10,65,2024-01-01 00:00:00
P0990,1,73,2024-01-01 00:00:00
P0990,2,55,2024-01-01 00:00:00
P0990,3,59,2024-01-01 00:00:00
P0990,4,70,2024-01-01 00:00:00
P0990,5,62,2024-01-01 00:00:00
P0990,6,99,2024-01-01 00:00:00
P0990,7,100,2024-01-01 00:00:00
P0990,8,79,2024-01-01 00:00:00
P0990,9,69,2024-01-01 00:00:00
P0990,10,89,2024-01-01 00:00:00
P0991,1,89,2024-01-01 00:00:00
P0991,2,83,2024-01-01 00:00:00
P0991,3,65,2024-01-01 00:00:00
P0991,4,97,2024-01-01 00:00:00
P0991,5,77,2024-01-01 00:00:00
P0991,6,104,2024-01-01 00:00:00
P0991,7,54,2024-01-01 00:00:00
P0991,8,101,2024-01-01 00:00:00
P0991,9,97,2024-01-01 00:00:00
P0991,10,64,2024-01-01 00:00:00
P0992,1,77,2024-01-01 00:00:00
P0992,2,80,2024-01-01 00:00:00
P0992,3,103,2024-01-01 00:00:00
P0992,4,91,2024-01-01 00:00:00
P0992,5,77,2024-01-01 00:00:00
P0992,6,50,2024-01-01 00:00:00
P0992,7,70,2024-01-01 00:00:00
P0992,8,96,2024-01-01 00:00:00
P0992,9,71,2024-01-01 00:00:00
P0992,10,46,2024-01-01 00:00:00
P0993,1,54,2024-01-01 00:00:00
P0993,2,83,2024-01-01 00:00:00
P0993,3,99,2024-01-01 00:00:00
P0993,4,59,2024-01-01 00:00:00
P0993,5,51,2024-01-01 00:00:00
P0993,6,69,2024-01-01 00:00:00
P0993,7,70,2024-01-01 00:00:00
P0993,8,93,2024-01-01 00:00:00
P0993,9,92,2024-01-01 00:00:00
P0993,10,96,2024-01-01 00:00:00
P0994,1,74,2024-01-01 00:00:00
P0994,2,56,2024-01-01 00:00:00
P0994,3,53,2024-01-01 00:00:00
P0994,4,111,2024-01-01 00:00:00
P0994,5,69,2024-01-01 00:00:00
P0994,6,99,2024-01-01 00:00:00
P0994,7,77,2024-01-01 00:00:00
P0994,8,85,2024-01-01 00:00:00
P0994,9,104,2024-01-01 00:00:00
P0994,10,84,2024-01-01 00:00:00
P0995,1,59,2024-01-01 00:00:00
P0995,2,69,2024-01-01 00:00:00
P0995,3,69,2024-01-01 00:00:00
P0995,4,51,2024-01-01 00:00:00
P0995,5,49,2024-01-01 00:00:00
P0995,6,84,2024-01-01 00:00:00
P0995,7,74,2024-01-01 00:00:00
P0995,8,91,2024-01-01 00:00:00
P0995,9,70,2024-01-01 00:00:00
P0995,10,91,2024-01-01 00:00:00
P0996,1,97,2024-01-01 00:00:00
P0996,2,86,2024-01-01 00:00:00
P0996,3,89,2024-01-01 00:00:00
P0996,4,50,2024-01-01 00:00:00
P0996,5,77,2024-01-01 00:00:00
P0996,6,59,2024-01-01 00:00:00
P0996,7,48,2024-01-01 00:00:00
P0996,8,72,2024-01-01 00:00:00
P0996,9,46,2024-01-01 00:00:00
P0996,10,72,2024-01-01 00:00:00
P0997,1,96,2024-01-01 00:00:00
P0997,2,67,2024-01-01 00:00:00
P0997,3,88,2024-01-01 00:00:00
P0997,4,91,2024-01-01 00:00:00
P0997,5,63,2024-01-01 00:00:00
P0997,6,101,2024-01-01 00:00:00
P0997,7,69,2024-01-01 00:00:00
P0997,8,45,2024-01-01 00:00:00
P0997,9,104,2024-01-01 00:00:00
P0997,10,95,2024-01-01 00:00:00
P0998,1,73,2024-01-01 00:00:00
P0998,2,102,2024-01-01 00:00:00
P0998,3,75,2024-01-01 00:00:00
P0998,4,75,2024-01-01 00:00:00
P0998,5,58,2024-01-01 00:00:00
P0998,6,92,2024-01-01 00:00:00
P0998,7,95,2024-01-01 00:00:00
P0998,8,64,2024-01-01 00:00:00
P0998,9,88,2024-01-01 00:00:00
P0998,10,92,2024-01-01 00:00:00
P0999,1,101,2024-01-01 00:00:00
P0999,2,105,2024-01-01 00:00:00
P0999,3,51,2024-01-01 00:00:00
P0999,4,93,2024-01-01 00:00:00
P0999,5,84,2024-01-01 00:00:00
P0999,6,74,2024-01-01 00:00:00
P0999,7,85,2024-01-01 00:00:00
P0999,8,71,2024-01-01 00:00:00
P0999,9,46,2024-01-01 00:00:00
P0999,10,105,2024-01-01 00:00:00
P1000,1,54,2024-01-01 00:00:00
P1000,2,46,2024-01-01 00:00:00
P1000,3,43,2024-01-01 00:00:00
P1000,4,26,2024-01-01 00:00:00
P1000,5,59,2024-01-01 00:00:00
P1000,6,55,2024-01-01 00:00:00
P1000,7,42,2024-01-01 00:00:00
P1000,8,45,2024-01-01 00:00:00
P1000,9,45,2024-01-01 00:00:00
P1000,10,57,2024-01-01 00:00:00
P1001,1,29,2024-01-01 00:00:00
P1001,2,59,2024-01-01 00:00:00
P1001,3,33,2024-01-01 00:00:00
P1001,4,54,2024-01-01 00:00:00
P1001,5,60,2024-01-01 00:00:00
P1001,6,31,2024-01-01 00:00:00
P1001,7,57,2024-01-01 00:00:00
P1001,8,37,2024-01-01 00:00:00
P1001,9,46,2024-01-01 00:00:00
P1001,10,42,2024-01-01 00:00:00
P1002,1,58,2024-01-01 00:00:00
P1002,2,36,2024-01-01 00:00:00
P1002,3,73,2024-01-01 00:00:00
P1002,4,49,2024-01-01 00:00:00
P1002,5,82,2024-01-01 00:00:00
P1002,6,74,2024-01-01 00:00:00
P1002,7,40,2024-01-01 00:00:00
P1002,8,70,2024-01-01 00:00:00
P1002,9,57,2024-01-01 00:00:00
P1002,10,77,2024-01-01 00:00:00
P1003,1,74,2024-01-01 00:00:00
P1003,2,64,2024-01-01 00:00:00
P1003,3,84,2024-01-01 00:00:00
P1003,4,128,2024-01-01 00:00:00
P1003,5,112,2024-01-01 00:00:00
P1003,6,91,2024-01-01 00:00:00
P1003,7,64,2024-01-01 00:00:00
P1003,8,109,2024-01-01 00:00:00
P1003,9,125,2024-01-01 00:00:00
P1003,10,93,2024-01-01 00:00:00
P1004,1,57,2024-01-01 00:00:00
P1004,2,94,2024-01-01 00:00:00
P1004,3,59,2024-01-01 00:00:00
P1004,4,84,2024-01-01 00:00:00
P1004,5,82,2024-01-01 00:00:00
P1004,6,77,2024-01-01 00:00:00
P1004,7,60,2024-01-01 00:00:00
P1004,8,66,2024-01-01 00:00:00
P1004,9,65,2024-01-01 00:00:00
P1004,10,105,2024-01-01 00:00:00
P1005,1,93,2024-01-01 00:00:00
P1005,2,73,2024-01-01 00:00:00
P1005,3,64,2024-01-01 00:00:00
P1005,4,54,2024-01-01 00:00:00
P1005,5,102,2024-01-01 00:00:00
P1005,6,52,2024-01-01 00:00:00
P1005,7,102,2024-01-01 00:00:00
P1005,8,74,2024-01-01 00:00:00
P1005,9,66,2024-01-01 00:00:00
P1005,10,78,2024-01-01 00:00:00
P1006,1,129,2024-01-01 00:00:00
P1006,2,140,2024-01-01 00:00:00
P1006,3,70,2024-01-01 00:00:00
P1006,4,129,2024-01-01 00:00:00
P1006,5,71,2024-01-01 00:00:00
P1006,6,93,2024-01-01 00:00:00
P1006,7,122,2024-01-01 00:00:00
P1006,8,107,2024-01-01 00:00:00
P1006,9,111,2024-01-01 00:00:00
P1006,10,112,2024-01-01 00:00:00
P1007,1,56,2024-01-01 00:00:00
P1007,2,89,2024-01-01 00:00:00
P1007,3,76,2024-01-01 00:00:00
P1007,4,48,2024-01-01 00:00:00
P1007,5,57,2024-01-01 00:00:00
P1007,6,61,2024-01-01 00:00:00
P1007,7,69,2024-01-01 00:00:00
P1007,8,64,2024-01-01 00:00:00
P1007,9,94,2024-01-01 00:00:00
P1007,10,105,2024-01-01 00:00:00
P1008,1,41,2024-01-01 00:00:00
P1008,2,43,2024-01-01 00:00:00
P1008,3,46,2024-01-01 00:00:00
P1008,4,37,2024-01-01 00:00:00
P1008,5,59,2024-01-01 00:00:00
P1008,6,59,2024-01-01 00:00:00
P1008,7,38,2024-01-01 00:00:00
P1008,8,50,2024-01-01 00:00:00
P1008,9,38,2024-01-01 00:00:00
P1008,10,30,2024-01-01 00:00:00
P1009,1,103,2024-01-01 00:00:00
P1009,2,64,2024-01-01 00:00:00
P1009,3,103,2024-01-01 00:00:00
P1009,4,51,2024-01-01 00:00:00
P1009,5,47,2024-01-01 00:00:00
P1009,6,81,2024-01-01 00:00:00
P1009,7,77,2024-01-01 00:00:00
P1009,8,48,2024-01-01 00:00:00
P1009,9,101,2024-01-01 00:00:00
P1009,10,58,2024-01-01 00:00:00
P1010,1,64,2024-01-01 00:00:00
P1010,2,97,2024-01-01 00:00:00
P1010,3,65,2024-01-01 00:00:00
P1010,4,69,2024-01-01 00:00:00
P1010,5,69,2024-01-01 00:00:00
P1010,6,99,2024-01-01 00:00:00
P1010,7,72,2024-01-01 00:00:00
P1010,8,92,2024-01-01 00:00:00
P1010,9,92,2024-01-01 00:00:00
P1010,10,99,2024-01-01 00:00:00
P1011,1,85,2024-01-01 00:00:00
P1011,2,58,2024-01-01 00:00:00
P1011,3,55,2024-01-01 00:00:00
P1011,4,60,2024-01-01 00:00:00
P1011,5,83,2024-01-01 00:00:00
P1011,6,89,2024-01-01 00:00:00
P1011,7,95,2024-01-01 00:00:00
P1011,8,99,2024-01-01 00:00:00
P1011,9,77,2024-01-01 00:00:00
P1011,10,87,2024-01-01 00:00:00
P1012,1,63,2024-01-01 00:00:00
P1012,2,96,2024-01-01 00:00:00
P1012,3,78,2024-01-01 00:00:00
P1012,4,84,2024-01-01 00:00:00
P1012,5,102,2024-01-01 00:00:00
P1012,6,100,2024-01-01 00:00:00
P1012,7,67,2024-01-01 00:00:00
P1012,8,62,2024-01-01 00:00:00
P1012,9,80,2024-01-01 00:00:00
P1012,10,103,2024-01-01 00:00:00
P1013,1,16,2024-01-01 00:00:00
P1013,2,25,2024-01-01 00:00:00
P1013,3,18,2024-01-01 00:00:00
P1013,4,33,2024-01-01 00:00:00
P1013,5,16,2024-01-01 00:00:00
P1013,6,22,2024-01-01 00:00:00
P1013,7,18,2024-01-01 00:00:00
P1013,8,36,2024-01-01 00:00:00
P1013,9,26,2024-01-01 00:00:00
P1013,10,21,2024-01-01 00:00:00
P1014,1,21,2024-01-01 00:00:00
P1014,2,31,2024-01-01 00:00:00
P1014,3,13,2024-01-01 00:00:00
P1014,4,21,2024-01-01 00:00:00
P1014,5,29,2024-01-01 00:00:00
P1014,6,19,2024-01-01 00:00:00
P1014,7,24,2024-01-01 00:00:00
P1014,8,20,2024-01-01 00:00:00
P1014,9,23,2024-01-01 00:00:00
P1014,10,15,2024-01-01 00:00:00
P1015,1,31,2024-01-01 00:00:00
P1015,2,24,2024-01-01 00:00:00
P1015,3,47,2024-01-01 00:00:00
P1015,4,21,2024-01-01 00:00:00
P1015,5,23,2024-01-01 00:00:00
P1015,6,21,2024-01-01 00:00:00
P1015,7,25,2024-01-01 00:00:00
P1015,8,31,2024-01-01 00:00:00
P1015,9,26,2024-01-01 00:00:00
P1015,10,30,2024-01-01 00:00:00
P1016,1,37,2024-01-01 00:00:00
P1016,2,22,2024-01-01 00:00:00
P1016,3,17,2024-01-01 00:00:00
P1016,4,38,2024-01-01 00:00:00
P1016,5,24,2024-01-01 00:00:00
P1016,6,23,2024-01-01 00:00:00
P1016,7,27,2024-01-01 00:00:00
P1016,8,35,2024-01-01 00:00:00
P1016,9,24,2024-01-01 00:00:00
P1016,10,29,2024-01-01 00:00:00
P1017,1,57,2024-01-01 00:00:00
P1017,2,58,2024-01-01 00:00:00
P1017,3,65,2024-01-01 00:00:00
P1017,4,63,2024-01-01 00:00:00
P1017,5,70,2024-01-01 00:00:00
P1017,6,33,2024-01-01 00:00:00
P1017,7,41,2024-01-01 00:00:00
P1017,8,42,2024-01-01 00:00:00
P1017,9,59,2024-01-01 00:00:00
P1017,10,56,2024-01-01 00:00:00
P1018,1,25,2024-01-01 00:00:00
P1018,2,36,2024-01-01 00:00:00
P1018,3,46,2024-01-01 00:00:00
P1018,4,39,2024-01-01 00:00:00
P1018,5,28,2024-01-01 00:00:00
P1018,6,31,2024-01-01 00:00:00
P1018,7,24,2024-01-01 00:00:00
P1018,8,49,2024-01-01 00:00:00
P1018,9,33,2024-01-01 00:00:00
P1018,10,25,2024-01-01 00:00:00
P1019,1,48,2024-01-01 00:00:00
P1019,2,87,2024-01-01 00:00:00
P1019,3,96,2024-01-01 00:00:00
P1019,4,105,2024-01-01 00:00:00
P1019,5,45,2024-01-01 00:00:00
P1019,6,75,2024-01-01 00:00:00
P1019,7,61,2024-01-01 00:00:00
P1019,8,95,2024-01-01 00:00:00
P1019,9,94,2024-01-01 00:00:00
P1019,10,57,2024-01-01 00:00:00
P1020,1,94,2024-01-01 00:00:00
P1020,2,58,2024-01-01 00:00:00
P1020,3,59,2024-01-01 00:00:00
P1020,4,63,2024-01-01 00:00:00
P1020,5,100,2024-01-01 00:00:00
P1020,6,98,2024-01-01 00:00:00
P1020,7,57,2024-01-01 00:00:00
P1020,8,55,2024-01-01 00:00:00
P1020,9,74,2024-01-01 00:00:00
P1020,10,81,2024-01-01 00:00:00
P1021,1,58,2024-01-01 00:00:00
P1021,2,83,2024-01-01 00:00:00
P1021,3,78,2024-01-01 00:00:00
P1021,4,45,2024-01-01 00:00:00
P1021,5,99,2024-01-01 00:00:00
P1021,6,99,2024-01-01 00:00:00
P1021,7,54,2024-01-01 00:00:00
P1021,8,58,2024-01-01 00:00:00
P1021,9,78,2024-01-01 00:00:00
P1021,10,78,2024-01-01 00:00:00
P1022,1,93,2024-01-01 00:00:00
P1022,2,62,2024-01-01 00:00:00
P1022,3,97,2024-01-01 00:00:00
P1022,4,98,2024-01-01 00:00:00
P1022,5,57,2024-01-01 00:00:00
P1022,6,84,2024-01-01 00:00:00
P1022,7,79,2024-01-01 00:00:00
P1022,8,52,2024-01-01 00:00:00
P1022,9,75,2024-01-01 00:00:00
P1022,10,86,2024-01-01 00:00:00
P1023,1,99,2024-01-01 00:00:00
P1023,2,52,2024-01-01 00:00:00
P1023,3,91,2024-01-01 00:00:00
P1023,4,50,2024-01-01 00:00:00
P1023,5,70,2024-01-01 00:00:00
P1023,6,56,2024-01-01 00:00:00
P1023,7,92,2024-01-01 00:00:00
P1023,8,65,2024-01-01 00:00:00
P1023,9,77,2024-01-01 00:00:00
P1023,10,45,2024-01-01 00:00:00
P1024,1,78,2024-01-01 00:00:00
P1024,2,67,2024-01-01 00:00:00
P1024,3,84,2024-01-01 00:00:00
P1024,4,50,2024-01-01 00:00:00
P1024,5,57,2024-01-01 00:00:00
P1024,6,73,2024-01-01 00:00:00
P1024,7,88,2024-01-01 00:00:00
P1024,8,70,2024-01-01 00:00:00
P1024,9,69,2024-01-01 00:00:00
P1024,10,68,2024-01-01 00:00:00
P1025,1,136,2024-01-01 00:00:00
P1025,2,105,2024-01-01 00:00:00
P1025,3,135,2024-01-01 00:00:00
P1025,4,130,2024-01-01 00:00:00
P1025,5,127,2024-01-01 00:00:00
P1025,6,74,2024-01-01 00:00:00
P1025,7,105,2024-01-01 00:00:00
P1025,8,80,2024-01-01 00:00:00
P1025,9,76,2024-01-01 00:00:00
P1025,10,127,2024-01-01 00:00:00
P1026,1,40,2024-01-01 00:00:00
P1026,2,71,2024-01-01 00:00:00
P1026,3,75,2024-01-01 00:00:00
P1026,4,41,2024-01-01 00:00:00
P1026,5,45,2024-01-01 00:00:00
P1026,6,52,2024-01-01 00:00:00
P1026,7,47,2024-01-01 00:00:00
P1026,8,62,2024-01-01 00:00:00
P1026,9,68,2024-01-01 00:00:00
P1026,10,68,2024-01-01 00:00:00
P1027,1,147,2024-01-01 00:00:00
P1027,2,97,2024-01-01 00:00:00
P1027,3,90,2024-01-01 00:00:00
P1027,4,156,2024-01-01 00:00:00
P1027,5,116,2024-01-01 00:00:00
P1027,6,146,2024-01-01 00:00:00
P1027,7,86,2024-01-01 00:00:00
P1027,8,160,2024-01-01 00:00:00
P1027,9,157,2024-01-01 00:00:00
P1027,10,81,2024-01-01 00:00:00
P1028,1,89,2024-01-01 00:00:00
P1028,2,44,2024-01-01 00:00:00
P1028,3,74,2024-01-01 00:00:00
P1028,4,99,2024-01-01 00:00:00
P1028,5,72,2024-01-01 00:00:00
P1028,6,69,2024-01-01 00:00:00
P1028,7,92,2024-01-01 00:00:00
P1028,8,51,2024-01-01 00:00:00
P1028,9,71,2024-01-01 00:00:00
P1028,10,94,2024-01-01 00:00:00
P1029,1,67,2024-01-01 00:00:00
P1029,2,60,2024-01-01 00:00:00
P1029,3,74,2024-01-01 00:00:00
P1029,4,89,2024-01-01 00:00:00
P1029,5,48,2024-01-01 00:00:00
P1029,6,80,2024-01-01 00:00:00
P1029,7,85,2024-01-01 00:00:00
P1029,8,59,2024-01-01 00:00:00
P1029,9,63,2024-01-01 00:00:00
P1029,10,76,2024-01-01 00:00:00
P1030,1,59,2024-01-01 00:00:00
P1030,2,68,2024-01-01 00:00:00
P1030,3,75,2024-01-01 00:00:00
P1030,4,100,2024-01-01 00:00:00
P1030,5,103,2024-01-01 00:00:00
P1030,6,73,2024-01-01 00:00:00
P1030,7,69,2024-01-01 00:00:00
P1030,8,58,2024-01-01 00:00:00
P1030,9,77,2024-01-01 00:00:00
P1030,10,73,2024-01-01 00:00:00
P1031,1,71,2024-01-01 00:00:00
P1031,2,93,2024-01-01 00:00:00
P1031,3,82,2024-01-01 00:00:00
P1031,4,81,2024-01-01 00:00:00
P1031,5,103,2024-01-01 00:00:00
P1031,6,63,2024-01-01 00:00:00
P1031,7,96,2024-01-01 00:00:00
P1031,8,90,2024-01-01 00:00:00
P1031,9,61,2024-01-01 00:00:00
P1031,10,65,2024-01-01 00:00:00
P1032,1,102,2024-01-01 00:00:00
P1032,2,63,2024-01-01 00:00:00
P1032,3,70,2024-01-01 00:00:00
P1032,4,93,2024-01-01 00:00:00
P1032,5,52,2024-01-01 00:00:00
P1032,6,47,2024-01-01 00:00:00
P1032,7,71,2024-01-01 00:00:00
P1032,8,60,2024-01-01 00:00:00
P1032,9,67,2024-01-01 00:00:00
P1032,10,63,2024-01-01 00:00:00
P1033,1,61,2024-01-01 00:00:00
P1033,2,89,2024-01-01 00:00:00
P1033,3,90,2024-01-01 00:00:00
P1033,4,46,2024-01-01 00:00:00
P1033,5,90,2024-01-01 00:00:00
P1033,6,84,2024-01-01 00:00:00
P1033,7,86,2024-01-01 00:00:00
P1033,8,99,2024-01-01 00:00:00
P1033,9,48,2024-01-01 00:00:00
P1033,10,84,2024-01-01 00:00:00
P1034,1,72,2024-01-01 00:00:00
P1034,2,83,2024-01-01 00:00:00
P1034,3,54,2024-01-01 00:00:00
P1034,4,60,2024-01-01 00:00:00
P1034,5,81,2024-01-01 00:00:00
P1034,6,79,2024-01-01 00:00:00
P1034,7,85,2024-01-01 00:00:00
P1034,8,78,2024-01-01 00:00:00
P1034,9,95,2024-01-01 00:00:00
P1034,10,98,2024-01-01 00:00:00
P1035,1,122,2024-01-01 00:00:00
P1035,2,66,2024-01-01 00:00:00
P1035,3,68,2024-01-01 00:00:00
P1035,4,91,2024-01-01 00:00:00
P1035,5,56,2024-01-01 00:00:00
P1035,6,97,2024-01-01 00:00:00
P1035,7,60,2024-01-01 00:00:00
P1035,8,108,2024-01-01 00:00:00
P1035,9,89,2024-01-01 00:00:00
P1035,10,90,2024-01-01 00:00:00
P1036,1,144,2024-01-01 00:00:00
P1036,2,104,2024-01-01 00:00:00
P1036,3,118,2024-01-01 00:00:00
P1036,4,127,2024-01-01 00:00:00
P1036,5,143,2024-01-01 00:00:00
P1036,6,83,2024-01-01 00:00:00
P1036,7,88,2024-01-01 00:00:00
P1036,8,129,2024-01-01 00:00:00
P1036,9,130,2024-01-01 00:00:00
P1036,10,85,2024-01-01 00:00:00
P1037,1,60,2024-01-01 00:00:00
P1037,2,69,2024-01-01 00:00:00
P1037,3,41,2024-01-01 00:00:00
P1037,4,72,2024-01-01 00:00:00
P1037,5,44,2024-01-01 00:00:00
P1037,6,55,2024-01-01 00:00:00
P1037,7,44,2024-01-01 00:00:00
P1037,8,44,2024-01-01 00:00:00
P1037,9,36,2024-01-01 00:00:00
P1037,10,46,2024-01-01 00:00:00
P1038,1,52,2024-01-01 00:00:00
P1038,2,58,2024-01-01 00:00:00
P1038,3,48,2024-01-01 00:00:00
P1038,4,39,2024-01-01 00:00:00
P1038,5,52,2024-01-01 00:00:00
P1038,6,58,2024-01-01 00:00:00
P1038,7,47,2024-01-01 00:00:00
P1038,8,38,2024-01-01 00:00:00
P1038,9,39,2024-01-01 00:00:00
P1038,10,43,2024-01-01 00:00:00
P1039,1,81,2024-01-01 00:00:00
P1039,2,73,2024-01-01 00:00:00
P1039,3,136,2024-01-01 00:00:00
P1039,4,155,2024-01-01 00:00:00
P1039,5,107,2024-01-01 00:00:00
P1039,6,167,2024-01-01 00:00:00
P1039,7,77,2024-01-01 00:00:00
P1039,8,162,2024-01-01 00:00:00
P1039,9,146,2024-01-01 00:00:00
P1039,10,138,2024-01-01 00:00:00
P1040,1,89,2024-01-01 00:00:00
P1040,2,88,2024-01-01 00:00:00
P1040,3,101,2024-01-01 00:00:00
P1040,4,115,2024-01-01 00:00:00
P1040,5,123,2024-01-01 00:00:00
P1040,6,55,2024-01-01 00:00:00
P1040,7,84,2024-01-01 00:00:00
P1040,8,104,2024-01-01 00:00:00
P1040,9,62,2024-01-01 00:00:00
P1040,10,91,2024-01-01 00:00:00
P1041,1,50,2024-01-01 00:00:00
P1041,2,56,2024-01-01 00:00:00
P1041,3,101,2024-01-01 00:00:00
P1041,4,94,2024-01-01 00:00:00
P1041,5,96,2024-01-01 00:00:00
P1041,6,85,2024-01-01 00:00:00
P1041,7,97,2024-01-01 00:00:00
P1041,8,87,2024-01-01 00:00:00
P1041,9,69,2024-01-01 00:00:00
P1041,10,66,2024-01-01 00:00:00
P1042,1,104,2024-01-01 00:00:00
P1042,2,62,2024-01-01 00:00:00
P1042,3,78,2024-01-01 00:00:00
P1042,4,90,2024-01-01 00:00:00
P1042,5,69,2024-01-01 00:00:00
P1042,6,99,2024-01-01 00:00:00
P1042,7,84,2024-01-01 00:00:00
P1042,8,87,2024-01-01 00:00:00
P1042,9,87,2024-01-01 00:00:00
P1042,10,51,2024-01-01 00:00:00
P1043,1,30,2024-01-01 00:00:00
P1043,2,46,2024-01-01 00:00:00
P1043,3,30,2024-01-01 00:00:00
P1043,4,32,2024-01-01 00:00:00
P1043,5,32,2024-01-01 00:00:00
P1043,6,34,2024-01-01 00:00:00
P1043,7,48,2024-01-01 00:00:00
P1043,8,49,2024-01-01 00:00:00
P1043,9,55,2024-01-01 00:00:00
P1043,10,50,2024-01-01 00:00:00
P1044,1,50,2024-01-01 00:00:00
P1044,2,30,2024-01-01 00:00:00
P1044,3,33,2024-01-01 00:00:00
P1044,4,44,2024-01-01 00:00:00
P1044,5,43,2024-01-01 00:00:00
P1044,6,39,2024-01-01 00:00:00
P1044,7,25,2024-01-01 00:00:00
P1044,8,52,2024-01-01 00:00:00
P1044,9,46,2024-01-01 00:00:00
P1044,10,27,2024-01-01 00:00:00
P1045,1,57,2024-01-01 00:00:00
P1045,2,98,2024-01-01 00:00:00
P1045,3,92,2024-01-01 00:00:00
P1045,4,99,2024-01-01 00:00:00
P1045,5,104,2024-01-01 00:00:00
P1045,6,87,2024-01-01 00:00:00
P1045,7,70,2024-01-01 00:00:00
P1045,8,64,2024-01-01 00:00:00
P1045,9,68,2024-01-01 00:00:00
P1045,10,68,2024-01-01 00:00:00
P1046,1,101,2024-01-01 00:00:00
P1046,2,102,2024-01-01 00:00:00
P1046,3,92,2024-01-01 00:00:00
P1046,4,48,2024-01-01 00:00:00
P1046,5,48,2024-01-01 00:00:00
P1046,6,59,2024-01-01 00:00:00
P1046,7,81,2024-01-01 00:00:00
P1046,8,93,2024-01-01 00:00:00
P1046,9,53,2024-01-01 00:00:00
P1046,10,50,2024-01-01 00:00:00
P1047,1,26,2024-01-01 00:00:00
P1047,2,33,2024-01-01 00:00:00
P1047,3,28,2024-01-01 00:00:00
P1047,4,25,2024-01-01 00:00:00
P1047,5,36,2024-01-01 00:00:00
P1047,6,39,2024-01-01 00:00:00
P1047,7,24,2024-01-01 00:00:00
P1047,8,41,2024-01-01 00:00:00
P1047,9,29,2024-01-01 00:00:00
P1047,10,28,2024-01-01 00:00:00
P1048,1,41,2024-01-01 00:00:00
P1048,2,72,2024-01-01 00:00:00
P1048,3,37,2024-01-01 00:00:00
P1048,4,46,2024-01-01 00:00:00
P1048,5,81,2024-01-01 00:00:00
P1048,6,48,2024-01-01 00:00:00
P1048,7,39,2024-01-01 00:00:00
P1048,8,61,2024-01-01 00:00:00
P1048,9,38,2024-01-01 00:00:00
P1048,10,83,2024-01-01 00:00:00
P1049,1,89,2024-01-01 00:00:00
P1049,2,106,2024-01-01 00:00:00
P1049,3,83,2024-01-01 00:00:00
P1049,4,74,2024-01-01 00:00:00
P1049,5,59,2024-01-01 00:00:00
P1049,6,101,2024-01-01 00:00:00
P1049,7,48,2024-01-01 00:00:00
P1049,8,73,2024-01-01 00:00:00
P1049,9,67,2024-01-01 00:00:00
P1049,10,57,2024-01-01 00:00:00
P1050,1,106,2024-01-01 00:00:00
P1050,2,129,2024-01-01 00:00:00
P1050,3,100,2024-01-01 00:00:00
P1050,4,110,2024-01-01 00:00:00
P1050,5,103,2024-01-01 00:00:00
P1050,6,60,2024-01-01 00:00:00
P1050,7,81,2024-01-01 00:00:00
P1050,8,94,2024-01-01 00:00:00
P1050,9,128,2024-01-01 00:00:00
P1050,10,124,2024-01-01 00:00:00
P1051,1,99,2024-01-01 00:00:00
P1051,2,67,2024-01-01 00:00:00
P1051,3,88,2024-01-01 00:00:00
P1051,4,128,2024-01-01 00:00:00
P1051,5,83,2024-01-01 00:00:00
P1051,6,81,2024-01-01 00:00:00
P1051,7,105,2024-01-01 00:00:00
P1051,8,85,2024-01-01 00:00:00
P1051,9,75,2024-01-01 00:00:00
P1051,10,129,2024-01-01 00:00:00
P1052,1,51,2024-01-01 00:00:00
P1052,2,64,2024-01-01 00:00:00
P1052,3,82,2024-01-01 00:00:00
P1052,4,55,2024-01-01 00:00:00
P1052,5,51,2024-01-01 00:00:00
P1052,6,101,2024-01-01 00:00:00
P1052,7,70,2024-01-01 00:00:00
P1052,8,71,2024-01-01 00:00:00
P1052,9,46,2024-01-01 00:00:00
P1052,10,92,2024-01-01 00:00:00
P1053,1,70,2024-01-01 00:00:00
P1053,2,73,2024-01-01 00:00:00
P1053,3,117,2024-01-01 00:00:00
P1053,4,104,2024-01-01 00:00:00
P1053,5,54,2024-01-01 00:00:00
P1053,6,116,2024-01-01 00:00:00
P1053,7,95,2024-01-01 00:00:00
P1053,8,98,2024-01-01 00:00:00
P1053,9,61,2024-01-01 00:00:00
P1053,10,110,2024-01-01 00:00:00
P1054,1,26,2024-01-01 00:00:00
P1054,2,16,2024-01-01 00:00:00
P1054,3,28,2024-01-01 00:00:00
P1054,4,26,2024-01-01 00:00:00
P1054,5,35,2024-01-01 00:00:00
P1054,6,30,2024-01-01 00:00:00
P1054,7,27,2024-01-01 00:00:00
P1054,8,27,2024-01-01 00:00:00
P1054,9,16,2024-01-01 00:00:00
P1054,10,38,2024-01-01 00:00:00
P1055,1,30,2024-01-01 00:00:00
P1055,2,37,2024-01-01 00:00:00
P1055,3,44,2024-01-01 00:00:00
P1055,4,45,2024-01-01 00:00:00
P1055,5,27,2024-01-01 00:00:00
P1055,6,39,2024-01-01 00:00:00
P1055,7,33,2024-01-01 00:00:00
P1055,8,39,2024-01-01 00:00:00
P1055,9,51,2024-01-01 00:00:00
P1055,10,50,2024-01-01 00:00:00
P1056,1,93,2024-01-01 00:00:00
P1056,2,68,2024-01-01 00:00:00
P1056,3,73,2024-01-01 00:00:00
P1056,4,51,2024-01-01 00:00:00
P1056,5,98,2024-01-01 00:00:00
P1056,6,61,2024-01-01 00:00:00
P1056,7,84,2024-01-01 00:00:00
P1056,8,54,2024-01-01 00:00:00
P1056,9,91,2024-01-01 00:00:00
P1056,10,83,2024-01-01 00:00:00
P1057,1,66,2024-01-01 00:00:00
P1057,2,84,2024-01-01 00:00:00
P1057,3,74,2024-01-01 00:00:00
P1057,4,95,2024-01-01 00:00:00
P1057,5,77,2024-01-01 00:00:00
P1057,6,99,2024-01-01 00:00:00
P1057,7,80,2024-01-01 00:00:00
P1057,8,50,2024-01-01 00:00:00
P1057,9,65,2024-01-01 00:00:00
P1057,10,96,2024-01-01 00:00:00
P1058,1,96,2024-01-01 00:00:00
P1058,2,85,2024-01-01 00:00:00
P1058,3,91,2024-01-01 00:00:00
P1058,4,90,2024-01-01 00:00:00
P1058,5,64,2024-01-01 00:00:00
P1058,6,63,2024-01-01 00:00:00
P1058,7,83,2024-01-01 00:00:00
P1058,8,64,2024-01-01 00:00:00
P1058,9,105,2024-01-01 00:00:00
P1058,10,63,2024-01-01 00:00:00
P1059,1,48,2024-01-01 00:00:00
P1059,2,58,2024-01-01 00:00:00
P1059,3,92,2024-01-01 00:00:00
P1059,4,70,2024-01-01 00:00:00
P1059,5,61,2024-01-01 00:00:00
P1059,6,84,2024-01-01 00:00:00
P1059,7,98,2024-01-01 00:00:00
P1059,8,63,2024-01-01 00:00:00
P1059,9,76,2024-01-01 00:00:00
P1059,10,87,2024-01-01 00:00:00
P1060,1,97,2024-01-01 00:00:00
P1060,2,76,2024-01-01 00:00:00
P1060,3,80,2024-01-01 00:00:00
P1060,4,84,2024-01-01 00:00:00
P1060,5,105,2024-01-01 00:00:00
P1060,6,69,2024-01-01 00:00:00
P1060,7,96,2024-01-01 00:00:00
P1060,8,57,2024-01-01 00:00:00
P1060,9,92,2024-01-01 00:00:00
P1060,10,62,2024-01-01 00:00:00
P1061,1,95,2024-01-01 00:00:00
P1061,2,82,2024-01-01 00:00:00
P1061,3,51,2024-01-01 00:00:00
P1061,4,48,2024-01-01 00:00:00
P1061,5,85,2024-01-01 00:00:00
P1061,6,101,2024-01-01 00:00:00
P1061,7,88,2024-01-01 00:00:00
P1061,8,73,2024-01-01 00:00:00
P1061,9,85,2024-01-01 00:00:00
P1061,10,95,2024-01-01 00:00:00
P1062,1,100,2024-01-01 00:00:00
P1062,2,50,2024-01-01 00:00:00
P1062,3,95,2024-01-01 00:00:00
P1062,4,81,2024-01-01 00:00:00
P1062,5,49,2024-01-01 00:00:00
P1062,6,63,2024-01-01 00:00:00
P1062,7,102,2024-01-01 00:00:00
P1062,8,55,2024-01-01 00:00:00
P1062,9,101,2024-01-01 00:00:00
P1062,10,89,2024-01-01 00:00:00
P1063,1,46,2024-01-01 00:00:00
P1063,2,67,2024-01-01 00:00:00
P1063,3,52,2024-01-01 00:00:00
P1063,4,77,2024-01-01 00:00:00
P1063,5,91,2024-01-01 00:00:00
P1063,6,57,2024-01-01 00:00:00
P1063,7,59,2024-01-01 00:00:00
P1063,8,65,2024-01-01 00:00:00
P1063,9,54,2024-01-01 00:00:00
P1063,10,46,2024-01-01 00:00:00
P1064,1,79,2024-01-01 00:00:00
P1064,2,49,2024-01-01 00:00:00
P1064,3,68,2024-01-01 00:00:00
P1064,4,98,2024-01-01 00:00:00
P1064,5,84,2024-01-01 00:00:00
P1064,6,93,2024-01-01 00:00:00
P1064,7,74,2024-01-01 00:00:00
P1064,8,69,2024-01-01 00:00:00
P1064,9,61,2024-01-01 00:00:00
P1064,10,90,2024-01-01 00:00:00
P1065,1,52,2024-01-01 00:00:00
P1065,2,70,2024-01-01 00:00:00
P1065,3,65,2024-01-01 00:00:00
P1065,4,47,2024-01-01 00:00:00
P1065,5,71,2024-01-01 00:00:00
P1065,6,95,2024-01-01 00:00:00
P1065,7,45,2024-01-01 00:00:00
P1065,8,58,2024-01-01 00:00:00
P1065,9,53,2024-01-01 00:00:00
P1065,10,49,2024-01-01 00:00:00
P1066,1,111,2024-01-01 00:00:00
P1066,2,85,2024-01-01 00:00:00
P1066,3,98,2024-01-01 00:00:00
P1066,4,71,2024-01-01 00:00:00
P1066,5,69,2024-01-01 00:00:00
P1066,6,115,2024-01-01 00:00:00
P1066,7,101,2024-01-01 00:00:00
P1066,8,110,2024-01-01 00:00:00
P1066,9,64,2024-01-01 00:00:00
P1066,10,57,2024-01-01 00:00:00
P1067,1,80,2024-01-01 00:00:00
P1067,2,82,2024-01-01 00:00:00
P1067,3,50,2024-01-01 00:00:00
P1067,4,90,2024-01-01 00:00:00
P1067,5,100,2024-01-01 00:00:00
P1067,6,54,2024-01-01 00:00:00
P1067,7,61,2024-01-01 00:00:00
P1067,8,102,2024-01-01 00:00:00
P1067,9,53,2024-01-01 00:00:00
P1067,10,61,2024-01-01 00:00:00
P1068,1,70,2024-01-01 00:00:00
P1068,2,49,2024-01-01 00:00:00
P1068,3,63,2024-01-01 00:00:00
P1068,4,91,2024-01-01 00:00:00
P1068,5,57,2024-01-01 00:00:00
P1068,6,93,2024-01-01 00:00:00
P1068,7,101,2024-01-01 00:00:00
P1068,8,71,2024-01-01 00:00:00
P1068,9,48,2024-01-01 00:00:00
P1068,10,104,2024-01-01 00:00:00
P1069,1,67,2024-01-01 00:00:00
P1069,2,103,2024-01-01 00:00:00
P1069,3,88,2024-01-01 00:00:00
P1069,4,88,2024-01-01 00:00:00
P1069,5,59,2024-01-01 00:00:00
P1069,6,57,2024-01-01 00:00:00
P1069,7,84,2024-01-01 00:00:00
P1069,8,61,2024-01-01 00:00:00
P1069,9,77,2024-01-01 00:00:00
P1069,10,90,2024-01-01 00:00:00
P1070,1,73,2024-01-01 00:00:00
P1070,2,61,2024-01-01 00:00:00
P1070,3,48,2024-01-01 00:00:00
P1070,4,53,2024-01-01 00:00:00
P1070,5,64,2024-01-01 00:00:00
P1070,6,60,2024-01-01 00:00:00
P1070,7,75,2024-01-01 00:00:00
P1070,8,73,2024-01-01 00:00:00
P1070,9,79,2024-01-01 00:00:00
P1070,10,61,2024-01-01 00:00:00
P1071,1,56,2024-01-01 00:00:00
P1071,2,71,2024-01-01 00:00:00
P1071,3,82,2024-01-01 00:00:00
P1071,4,93,2024-01-01 00:00:00
P1071,5,60,2024-01-01 00:00:00
P1071,6,49,2024-01-01 00:00:00
P1071,7,85,2024-01-01 00:00:00
P1071,8,55,2024-01-01 00:00:00
P1071,9,56,2024-01-01 00:00:00
P1071,10,102,2024-01-01 00:00:00
P1072,1,104,2024-01-01 00:00:00
P1072,2,146,2024-01-01 00:00:00
P1072,3,75,2024-01-01 00:00:00
P1072,4,125,2024-01-01 00:00:00
P1072,5,84,2024-01-01 00:00:00
P1072,6,96,2024-01-01 00:00:00
P1072,7,134,2024-01-01 00:00:00
P1072,8,101,2024-01-01 00:00:00
P1072,9,68,2024-01-01 00:00:00
P1072,10,94,2024-01-01 00:00:00
P1073,1,86,2024-01-01 00:00:00
P1073,2,117,2024-01-01 00:00:00
P1073,3,112,2024-01-01 00:00:00
P1073,4,136,2024-01-01 00:00:00
P1073,5,118,2024-01-01 00:00:00
P1073,6,94,2024-01-01 00:00:00
P1073,7,130,2024-01-01 00:00:00
P1073,8,84,2024-01-01 00:00:00
P1073,9,137,2024-01-01 00:00:00
P1073,10,137,2024-01-01 00:00:00
P1074,1,71,2024-01-01 00:00:00
P1074,2,97,2024-01-01 00:00:00
P1074,3,78,2024-01-01 00:00:00
P1074,4,149,2024-01-01 00:00:00
P1074,5,84,2024-01-01 00:00:00
P1074,6,150,2024-01-01 00:00:00
P1074,7,144,2024-01-01 00:00:00
P1074,8,98,2024-01-01 00:00:00
P1074,9,114,2024-01-01 00:00:00
P1074,10,83,2024-01-01 00:00:00
P1075,1,53,2024-01-01 00:00:00
P1075,2,76,2024-01-01 00:00:00
P1075,3,47,2024-01-01 00:00:00
P1075,4,107,2024-01-01 00:00:00
P1075,5,105,2024-01-01 00:00:00
P1075,6,49,2024-01-01 00:00:00
P1075,7,65,2024-01-01 00:00:00
P1075,8,103,2024-01-01 00:00:00
P1075,9,54,2024-01-01 00:00:00
P1075,10,60,2024-01-01 00:00:00
P1076,1,130,2024-01-01 00:00:00
P1076,2,136,2024-01-01 00:00:00
P1076,3,70,2024-01-01 00:00:00
P1076,4,101,2024-01-01 00:00:00
P1076,5,121,2024-01-01 00:00:00
P1076,6,142,2024-01-01 00:00:00
P1076,7,67,2024-01-01 00:00:00
P1076,8,76,2024-01-01 00:00:00
P1076,9,102,2024-01-01 00:00:00
P1076,10,106,2024-01-01 00:00:00
P1077,1,45,2024-01-01 00:00:00
P1077,2,81,2024-01-01 00:00:00
P1077,3,64,2024-01-01 00:00:00
P1077,4,85,2024-01-01 00:00:00
P1077,5,74,2024-01-01 00:00:00
P1077,6,86,2024-01-01 00:00:00
P1077,7,98,2024-01-01 00:00:00
P1077,8,86,2024-01-01 00:00:00
P1077,9,53,2024-01-01 00:00:00
P1077,10,63,2024-01-01 00:00:00
P1078,1,85,2024-01-01 00:00:00
P1078,2,70,2024-01-01 00:00:00
P1078,3,83,2024-01-01 00:00:00
P1078,4,68,2024-01-01 00:00:00
P1078,5,73,2024-01-01 00:00:00
P1078,6,75,2024-01-01 00:00:00
P1078,7,102,2024-01-01 00:00:00
P1078,8,99,2024-01-01 00:00:00
P1078,9,89,2024-01-01 00:00:00
P1078,10,93,2024-01-01 00:00:00
P1079,1,47,2024-01-01 00:00:00
P1079,2,100,2024-01-01 00:00:00
P1079,3,105,2024-01-01 00:00:00
P1079,4,73,2024-01-01 00:00:00
P1079,5,102,2024-01-01 00:00:00
P1079,6,98,2024-01-01 00:00:00
P1079,7,71,2024-01-01 00:00:00
P1079,8,92,2024-01-01 00:00:00
P1079,9,58,2024-01-01 00:00:00
P1079,10,68,2024-01-01 00:00:00
P1080,1,64,2024-01-01 00:00:00
P1080,2,55,2024-01-01 00:00:00
P1080,3,84,2024-01-01 00:00:00
P1080,4,46,2024-01-01 00:00:00
P1080,5,72,2024-01-01 00:00:00
P1080,6,62,2024-01-01 00:00:00
P1080,7,80,2024-01-01 00:00:00
P1080,8,93,2024-01-01 00:00:00
P1080,9,55,2024-01-01 00:00:00
P1080,10,56,2024-01-01 00:00:00
P1081,1,102,2024-01-01 00:00:00
P1081,2,45,2024-01-01 00:00:00
P1081,3,100,2024-01-01 00:00:00
P1081,4,78,2024-01-01 00:00:00
P1081,5,71,2024-01-01 00:00:00
P1081,6,45,2024-01-01 00:00:00
P1081,7,105,2024-01-01 00:00:00
P1081,8,56,2024-01-01 00:00:00
P1081,9,76,2024-01-01 00:00:00
P1081,10,60,2024-01-01 00:00:00
P1082,1,94,2024-01-01 00:00:00
P1082,2,95,2024-01-01 00:00:00
P1082,3,54,2024-01-01 00:00:00
P1082,4,98,2024-01-01 00:00:00
P1082,5,76,2024-01-01 00:00:00
P1082,6,59,2024-01-01 00:00:00
P1082,7,72,2024-01-01 00:00:00
P1082,8,102,2024-01-01 00:00:00
P1082,9,80,2024-01-01 00:00:00
P1082,10,53,2024-01-01 00:00:00
P1083,1,64,2024-01-01 00:00:00
P1083,2,88,2024-01-01 00:00:00
P1083,3,78,2024-01-01 00:00:00
P1083,4,72,2024-01-01 00:00:00
P1083,5,90,2024-01-01 00:00:00
P1083,6,69,2024-01-01 00:00:00
P1083,7,72,2024-01-01 00:00:00
P1083,8,85,2024-01-01 00:00:00
P1083,9,61,2024-01-01 00:00:00
P1083,10,80,2024-01-01 00:00:00
P1084,1,90,2024-01-01 00:00:00
P1084,2,50,2024-01-01 00:00:00
P1084,3,70,2024-01-01 00:00:00
P1084,4,77,2024-01-01 00:00:00
P1084,5,54,2024-01-01 00:00:00
P1084,6,62,2024-01-01 00:00:00
P1084,7,89,2024-01-01 00:00:00
P1084,8,91,2024-01-01 00:00:00
P1084,9,52,2024-01-01 00:00:00
P1084,10,75,2024-01-01 00:00:00
P1085,1,50,2024-01-01 00:00:00
P1085,2,49,2024-01-01 00:00:00
P1085,3,43,2024-01-01 00:00:00
P1085,4,22,2024-01-01 00:00:00
P1085,5,23,2024-01-01 00:00:00
P1085,6,30,2024-01-01 00:00:00
P1085,7,27,2024-01-01 00:00:00
P1085,8,35,2024-01-01 00:00:00
P1085,9,30,2024-01-01 00:00:00
P1085,10,48,2024-01-01 00:00:00
P1086,1,84,2024-01-01 00:00:00
P1086,2,104,2024-01-01 00:00:00
P1086,3,90,2024-01-01 00:00:00
P1086,4,60,2024-01-01 00:00:00
P1086,5,96,2024-01-01 00:00:00
P1086,6,67,2024-01-01 00:00:00
P1086,7,102,2024-01-01 00:00:00
P1086,8,86,2024-01-01 00:00:00
P1086,9,78,2024-01-01 00:00:00
P1086,10,81,2024-01-01 00:00:00
P1087,1,50,2024-01-01 00:00:00
P1087,2,40,2024-01-01 00:00:00
P1087,3,47,2024-01-01 00:00:00
P1087,4,48,2024-01-01 00:00:00
P1087,5,71,2024-01-01 00:00:00
P1087,6,40,2024-01-01 00:00:00
P1087,7,65,2024-01-01 00:00:00
P1087,8,54,2024-01-01 00:00:00
P1087,9,44,2024-01-01 00:00:00
P1087,10,54,2024-01-01 00:00:00
P1088,1,59,2024-01-01 00:00:00
P1088,2,96,2024-01-01 00:00:00
P1088,3,51,2024-01-01 00:00:00
P1088,4,51,2024-01-01 00:00:00
P1088,5,88,2024-01-01 00:00:00
P1088,6,64,2024-01-01 00:00:00
P1088,7,97,2024-01-01 00:00:00
P1088,8,97,2024-01-01 00:00:00
P1088,9,68,2024-01-01 00:00:00
P1088,10,54,2024-01-01 00:00:00
P1089,1,51,2024-01-01 00:00:00
P1089,2,62,2024-01-01 00:00:00
P1089,3,89,2024-01-01 00:00:00
P1089,4,77,2024-01-01 00:00:00
P1089,5,69,2024-01-01 00:00:00
P1089,6,52,2024-01-01 00:00:00
P1089,7,97,2024-01-01 00:00:00
P1089,8,46,2024-01-01 00:00:00
P1089,9,56,2024-01-01 00:00:00
P1089,10,60,2024-01-01 00:00:00
P1090,1,80,2024-01-01 00:00:00
P1090,2,48,2024-01-01 00:00:00
P1090,3,48,2024-01-01 00:00:00
P1090,4,73,2024-01-01 00:00:00
P1090,5,47,2024-01-01 00:00:00
P1090,6,64,2024-01-01 00:00:00
P1090,7,101,2024-01-01 00:00:00
P1090,8,64,2024-01-01 00:00:00
P1090,9,88,2024-01-01 00:00:00
P1090,10,61,2024-01-01 00:00:00
P1091,1,97,2024-01-01 00:00:00
P1091,2,46,2024-01-01 00:00:00
P1091,3,52,2024-01-01 00:00:00
P1091,4,104,2024-01-01 00:00:00
P1091,5,90,2024-01-01 00:00:00
P1091,6,64,2024-01-01 00:00:00
P1091,7,77,2024-01-01 00:00:00
P1091,8,87,2024-01-01 00:00:00
P1091,9,69,2024-01-01 00:00:00
P1091,10,46,2024-01-01 00:00:00
P1092,1,92,2024-01-01 00:00:00
P1092,2,46,2024-01-01 00:00:00
P1092,3,60,2024-01-01 00:00:00
P1092,4,47,2024-01-01 00:00:00
P1092,5,99,2024-01-01 00:00:00
P1092,6,73,2024-01-01 00:00:00
P1092,7,96,2024-01-01 00:00:00
P1092,8,45,2024-01-01 00:00:00
P1092,9,82,2024-01-01 00:00:00
P1092,10,66,2024-01-01 00:00:00
P1093,1,82,2024-01-01 00:00:00
P1093,2,70,2024-01-01 00:00:00
P1093,3,64,2024-01-01 00:00:00
P1093,4,101,2024-01-01 00:00:00
P1093,5,80,2024-01-01 00:00:00
P1093,6,89,2024-01-01 00:00:00
P1093,7,103,2024-01-01 00:00:00
P1093,8,90,2024-01-01 00:00:00
P1093,9,57,2024-01-01 00:00:00
P1093,10,91,2024-01-01 00:00:00
P1094,1,70,2024-01-01 00:00:00
P1094,2,87,2024-01-01 00:00:00
P1094,3,72,2024-01-01 00:00:00
P1094,4,78,2024-01-01 00:00:00
P1094,5,98,2024-01-01 00:00:00
P1094,6,77,2024-01-01 00:00:00
P1094,7,97,2024-01-01 00:00:00
P1094,8,83,2024-01-01 00:00:00
P1094,9,64,2024-01-01 00:00:00
P1094,10,67,2024-01-01 00:00:00
P1095,1,50,2024-01-01 00:00:00
P1095,2,73,2024-01-01 00:00:00
P1095,3,79,2024-01-01 00:00:00
P1095,4,85,2024-01-01 00:00:00
P1095,5,78,2024-01-01 00:00:00
P1095,6,50,2024-01-01 00:00:00
P1095,7,103,2024-01-01 00:00:00
P1095,8,94,2024-01-01 00:00:00
P1095,9,82,2024-01-01 00:00:00
P1095,10,81,2024-01-01 00:00:00
P1096,1,85,2024-01-01 00:00:00
P1096,2,69,2024-01-01 00:00:00
P1096,3,87,2024-01-01 00:00:00
P1096,4,76,2024-01-01 00:00:00
P1096,5,75,2024-01-01 00:00:00
P1096,6,98,2024-01-01 00:00:00
P1096,7,82,2024-01-01 00:00:00
P1096,8,97,2024-01-01 00:00:00
P1096,9,81,2024-01-01 00:00:00
P1096,10,51,2024-01-01 00:00:00
P1097,1,96,2024-01-01 00:00:00
P1097,2,83,2024-01-01 00:00:00
P1097,3,59,2024-01-01 00:00:00
P1097,4,82,2024-01-01 00:00:00
P1097,5,64,2024-01-01 00:00:00
P1097,6,49,2024-01-01 00:00:00
P1097,7,45,2024-01-01 00:00:00
P1097,8,60,2024-01-01 00:00:00
P1097,9,74,2024-01-01 00:00:00
P1097,10,90,2024-01-01 00:00:00
P1098,1,81,2024-01-01 00:00:00
P1098,2,97,2024-01-01 00:00:00
P1098,3,101,2024-01-01 00:00:00
P1098,4,84,2024-01-01 00:00:00
P1098,5,69,2024-01-01 00:00:00
P1098,6,92,2024-01-01 00:00:00
P1098,7,92,2024-01-01 00:00:00
P1098,8,74,2024-01-01 00:00:00
P1098,9,68,2024-01-01 00:00:00
P1098,10,70,2024-01-01 00:00:00
P1099,1,101,2024-01-01 00:00:00
P1099,2,85,2024-01-01 00:00:00
P1099,3,84,2024-01-01 00:00:00
P1099,4,92,2024-01-01 00:00:00
P1099,5,65,2024-01-01 00:00:00
P1099,6,94,2024-01-01 00:00:00
P1099,7,101,2024-01-01 00:00:00
P1099,8,89,2024-01-01 00:00:00
P1099,9,93,2024-01-01 00:00:00
P1099,10,75,2024-01-01 00:00:00
P1100,1,51,2024-01-01 00:00:00
P1100,2,73,2024-01-01 00:00:00
P1100,3,61,2024-01-01 00:00:00
P1100,4,80,2024-01-01 00:00:00
P1100,5,66,2024-01-01 00:00:00
P1100,6,90,2024-01-01 00:00:00
P1100,7,101,2024-01-01 00:00:00
P1100,8,95,2024-01-01 00:00:00
P1100,9,52,2024-01-01 00:00:00
P1100,10,90,2024-01-01 00:00:00
P1101,1,80,2024-01-01 00:00:00
P1101,2,86,2024-01-01 00:00:00
P1101,3,45,2024-01-01 00:00:00
P1101,4,65,2024-01-01 00:00:00
P1101,5,71,2024-01-01 00:00:00
P1101,6,89,2024-01-01 00:00:00
P1101,7,76,2024-01-01 00:00:00
P1101,8,73,2024-01-01 00:00:00
P1101,9,76,2024-01-01 00:00:00
P1101,10,100,2024-01-01 00:00:00
P1102,1,76,2024-01-01 00:00:00
P1102,2,76,2024-01-01 00:00:00
P1102,3,58,2024-01-01 00:00:00
P1102,4,52,2024-01-01 00:00:00
P1102,5,105,2024-01-01 00:00:00
P1102,6,75,2024-01-01 00:00:00
P1102,7,82,2024-01-01 00:00:00
P1102,8,68,2024-01-01 00:00:00
P1102,9,48,2024-01-01 00:00:00
P1102,10,63,2024-01-01 00:00:00
P1103,1,50,2024-01-01 00:00:00
P1103,2,61,2024-01-01 00:00:00
P1103,3,48,2024-01-01 00:00:00
P1103,4,45,2024-01-01 00:00:00
P1103,5,97,2024-01-01 00:00:00
P1103,6,65,2024-01-01 00:00:00
P1103,7,88,2024-01-01 00:00:00
P1103,8,103,2024-01-01 00:00:00
P1103,9,47,2024-01-01 00:00:00
P1103,10,56,2024-01-01 00:00:00
P1104,1,81,2024-01-01 00:00:00
P1104,2,60,2024-01-01 00:00:00
P1104,3,94,2024-01-01 00:00:00
P1104,4,72,2024-01-01 00:00:00
P1104,5,81,2024-01-01 00:00:00
P1104,6,43,2024-01-01 00:00:00
P1104,7,65,2024-01-01 00:00:00
P1104,8,45,2024-01-01 00:00:00
P1104,9,46,2024-01-01 00:00:00
P1104,10,81,2024-01-01 00:00:00
P1105,1,88,2024-01-01 00:00:00
P1105,2,56,2024-01-01 00:00:00
P1105,3,117,2024-01-01 00:00:00
P1105,4,63,2024-01-01 00:00:00
P1105,5,85,2024-01-01 00:00:00
P1105,6,54,2024-01-01 00:00:00
P1105,7,104,2024-01-01 00:00:00
P1105,8,85,2024-01-01 00:00:00
P1105,9,89,2024-01-01 00:00:00
P1105,10,123,2024-01-01 00:00:00
P1106,1,78,2024-01-01 00:00:00
P1106,2,83,2024-01-01 00:00:00
P1106,3,122,2024-01-01 00:00:00
P1106,4,117,2024-01-01 00:00:00
P1106,5,54,2024-01-01 00:00:00
P1106,6,110,2024-01-01 00:00:00
P1106,7,103,2024-01-01 00:00:00
P1106,8,83,2024-01-01 00:00:00
P1106,9,77,2024-01-01 00:00:00
P1106,10,98,2024-01-01 00:00:00
P1107,1,38,2024-01-01 00:00:00
P1107,2,29,2024-01-01 00:00:00
P1107,3,53,2024-01-01 00:00:00
P1107,4,64,2024-01-01 00:00:00
P1107,5,40,2024-01-01 00:00:00
P1107,6,40,2024-01-01 00:00:00
P1107,7,57,2024-01-01 00:00:00
P1107,8,51,2024-01-01 00:00:00
P1107,9,62,2024-01-01 00:00:00
P1107,10,31,2024-01-01 00:00:00
P1108,1,84,2024-01-01 00:00:00
P1108,2,102,2024-01-01 00:00:00
P1108,3,50,2024-01-01 00:00:00
P1108,4,78,2024-01-01 00:00:00
P1108,5,87,2024-01-01 00:00:00
P1108,6,77,2024-01-01 00:00:00
P1108,7,105,2024-01-01 00:00:00
P1108,8,89,2024-01-01 00:00:00
P1108,9,101,2024-01-01 00:00:00
P1108,10,90,2024-01-01 00:00:00
P1109,1,85,2024-01-01 00:00:00
P1109,2,76,2024-01-01 00:00:00
P1109,3,54,2024-01-01 00:00:00
P1109,4,75,2024-01-01 00:00:00
P1109,5,79,2024-01-01 00:00:00
P1109,6,73,2024-01-01 00:00:00
P1109,7,95,2024-01-01 00:00:00
P1109,8,79,2024-01-01 00:00:00
P1109,9,49,2024-01-01 00:00:00
P1109,10,75,2024-01-01 00:00:00
P1110,1,24,2024-01-01 00:00:00
P1110,2,36,2024-01-01 00:00:00
P1110,3,55,2024-01-01 00:00:00
P1110,4,35,2024-01-01 00:00:00
P1110,5,49,2024-01-01 00:00:00
P1110,6,29,2024-01-01 00:00:00
P1110,7,35,2024-01-01 00:00:00
P1110,8,26,2024-01-01 00:00:00
P1110,9,49,2024-01-01 00:00:00
P1110,10,34,2024-01-01 00:00:00
P1111,1,84,2024-01-01 00:00:00
P1111,2,74,2024-01-01 00:00:00
P1111,3,62,2024-01-01 00:00:00
P1111,4,75,2024-01-01 00:00:00
P1111,5,82,2024-01-01 00:00:00
P1111,6,82,2024-01-01 00:00:00
P1111,7,86,2024-01-01 00:00:00
P1111,8,100,2024-01-01 00:00:00
P1111,9,59,2024-01-01 00:00:00
P1111,10,99,2024-01-01 00:00:00
P1112,1,84,2024-01-01 00:00:00
P1112,2,58,2024-01-01 00:00:00
P1112,3,55,2024-01-01 00:00:00
P1112,4,53,2024-01-01 00:00:00
P1112,5,43,2024-01-01 00:00:00
P1112,6,45,2024-01-01 00:00:00
P1112,7,87,2024-01-01 00:00:00
P1112,8,68,2024-01-01 00:00:00
P1112,9,91,2024-01-01 00:00:00
P1112,10,49,2024-01-01 00:00:00
P1113,1,18,2024-01-01 00:00:00
P1113,2,27,2024-01-01 00:00:00
P1113,3,24,2024-01-01 00:00:00
P1113,4,26,2024-01-01 00:00:00
P1113,5,24,2024-01-01 00:00:00
P1113,6,36,2024-01-01 00:00:00
P1113,7,26,2024-01-01 00:00:00
P1113,8,36,2024-01-01 00:00:00
P1113,9,27,2024-01-01 00:00:00
P1113,10,29,2024-01-01 00:00:00
P1114,1,84,2024-01-01 00:00:00
P1114,2,96,2024-01-01 00:00:00
P1114,3,78,2024-01-01 00:00:00
P1114,4,64,2024-01-01 00:00:00
P1114,5,73,2024-01-01 00:00:00
P1114,6,85,2024-01-01 00:00:00
P1114,7,84,2024-01-01 00:00:00
P1114,8,74,2024-01-01 00:00:00
P1114,9,66,2024-01-01 00:00:00
P1114,10,89,2024-01-01 00:00:00
P1115,1,84,2024-01-01 00:00:00
P1115,2,59,2024-01-01 00:00:00
P1115,3,67,2024-01-01 00:00:00
P1115,4,73,2024-01-01 00:00:00
P1115,5,66,2024-01-01 00:00:00
P1115,6,70,2024-01-01 00:00:00
P1115,7,45,2024-01-01 00:00:00
P1115,8,81,2024-01-01 00:00:00
P1115,9,74,2024-01-01 00:00:00
P1115,10,74,2024-01-01 00:00:00
P1116,1,64,2024-01-01 00:00:00
P1116,2,74,2024-01-01 00:00:00
P1116,3,52,2024-01-01 00:00:00
P1116,4,54,2024-01-01 00:00:00
P1116,5,58,2024-01-01 00:00:00
P1116,6,70,2024-01-01 00:00:00
P1116,7,87,2024-01-01 00:00:00
P1116,8,60,2024-01-01 00:00:00
P1116,9,91,2024-01-01 00:00:00
P1116,10,66,2024-01-01 00:00:00
P1117,1,62,2024-01-01 00:00:00
P1117,2,56,2024-01-01 00:00:00
P1117,3,92,2024-01-01 00:00:00
P1117,4,105,2024-01-01 00:00:00
P1117,5,55,2024-01-01 00:00:00
P1117,6,78,2024-01-01 00:00:00
P1117,7,77,2024-01-01 00:00:00
P1117,8,84,2024-01-01 00:00:00
P1117,9,51,2024-01-01 00:00:00
P1117,10,102,2024-01-01 00:00:00
P1118,1,100,2024-01-01 00:00:00
P1118,2,94,2024-01-01 00:00:00
P1118,3,48,2024-01-01 00:00:00
P1118,4,49,2024-01-01 00:00:00
P1118,5,83,2024-01-01 00:00:00
P1118,6,95,2024-01-01 00:00:00
P1118,7,69,2024-01-01 00:00:00
P1118,8,93,2024-01-01 00:00:00
P1118,9,98,2024-01-01 00:00:00
P1118,10,61,2024-01-01 00:00:00
P1119,1,66,2024-01-01 00:00:00
P1119,2,55,2024-01-01 00:00:00
P1119,3,95,2024-01-01 00:00:00
P1119,4,54,2024-01-01 00:00:00
P1119,5,78,2024-01-01 00:00:00
P1119,6,59,2024-01-01 00:00:00
P1119,7,105,2024-01-01 00:00:00
P1119,8,80,2024-01-01 00:00:00
P1119,9,82,2024-01-01 00:00:00
P1119,10,47,2024-01-01 00:00:00
P1120,1,77,2024-01-01 00:00:00
P1120,2,92,2024-01-01 00:00:00
P1120,3,64,2024-01-01 00:00:00
P1120,4,82,2024-01-01 00:00:00
P1120,5,116,2024-01-01 00:00:00
P1120,6,109,2024-01-01 00:00:00
P1120,7,99,2024-01-01 00:00:00
P1120,8,84,2024-01-01 00:00:00
P1120,9,103,2024-01-01 00:00:00
P1120,10,100,2024-01-01 00:00:00
P1121,1,59,2024-01-01 00:00:00
P1121,2,77,2024-01-01 00:00:00
P1121,3,44,2024-01-01 00:00:00
P1121,4,43,2024-01-01 00:00:00
P1121,5,40,2024-01-01 00:00:00
P1121,6,45,2024-01-01 00:00:00
P1121,7,40,2024-01-01 00:00:00
P1121,8,70,2024-01-01 00:00:00
P1121,9,80,2024-01-01 00:00:00
P1121,10,94,2024-01-01 00:00:00
P1122,1,71,2024-01-01 00:00:00
P1122,2,54,2024-01-01 00:00:00
P1122,3,58,2024-01-01 00:00:00
P1122,4,96,2024-01-01 00:00:00
P1122,5,85,2024-01-01 00:00:00
P1122,6,50,2024-01-01 00:00:00
P1122,7,68,2024-01-01 00:00:00
P1122,8,63,2024-01-01 00:00:00
P1122,9,70,2024-01-01 00:00:00
P1122,10,59,2024-01-01 00:00:00
P1123,1,100,2024-01-01 00:00:00
P1123,2,57,2024-01-01 00:00:00
P1123,3,52,2024-01-01 00:00:00
P1123,4,80,2024-01-01 00:00:00
P1123,5,61,2024-01-01 00:00:00
P1123,6,51,2024-01-01 00:00:00
P1123,7,80,2024-01-01 00:00:00
P1123,8,76,2024-01-01 00:00:00
P1123,9,70,2024-01-01 00:00:00
P1123,10,67,2024-01-01 00:00:00
P1124,1,67,2024-01-01 00:00:00
P1124,2,77,2024-01-01 00:00:00
P1124,3,58,2024-01-01 00:00:00
P1124,4,121,2024-01-01 00:00:00
P1124,5,103,2024-01-01 00:00:00
P1124,6,80,2024-01-01 00:00:00
P1124,7,86,2024-01-01 00:00:00
P1124,8,66,2024-01-01 00:00:00
P1124,9,79,2024-01-01 00:00:00
P1124,10,83,2024-01-01 00:00:00
P1125,1,55,2024-01-01 00:00:00
P1125,2,63,2024-01-01 00:00:00
P1125,3,114,2024-01-01 00:00:00
P1125,4,63,2024-01-01 00:00:00
P1125,5,92,2024-01-01 00:00:00
P1125,6,77,2024-01-01 00:00:00
P1125,7,66,2024-01-01 00:00:00
P1125,8,61,2024-01-01 00:00:00
P1125,9,80,2024-01-01 00:00:00
P1125,10,62,2024-01-01 00:00:00
P1126,1,43,2024-01-01 00:00:00
P1126,2,78,2024-01-01 00:00:00
P1126,3,70,2024-01-01 00:00:00
P1126,4,73,2024-01-01 00:00:00
P1126,5,45,2024-01-01 00:00:00
P1126,6,41,2024-01-01 00:00:00
P1126,7,40,2024-01-01 00:00:00
P1126,8,75,2024-01-01 00:00:00
P1126,9,60,2024-01-01 00:00:00
P1126,10,80,2024-01-01 00:00:00
P1127,1,97,2024-01-01 00:00:00
P1127,2,66,2024-01-01 00:00:00
P1127,3,70,2024-01-01 00:00:00
P1127,4,96,2024-01-01 00:00:00
P1127,5,50,2024-01-01 00:00:00
P1127,6,68,2024-01-01 00:00:00
P1127,7,93,2024-01-01 00:00:00
P1127,8,99,2024-01-01 00:00:00
P1127,9,48,2024-01-01 00:00:00
P1127,10,95,2024-01-01 00:00:00
P1128,1,60,2024-01-01 00:00:00
P1128,2,56,2024-01-01 00:00:00
P1128,3,50,2024-01-01 00:00:00
P1128,4,54,2024-01-01 00:00:00
P1128,5,49,2024-01-01 00:00:00
P1128,6,46,2024-01-01 00:00:00
P1128,7,51,2024-01-01 00:00:00
P1128,8,65,2024-01-01 00:00:00
P1128,9,43,2024-01-01 00:00:00
P1128,10,50,2024-01-01 00:00:00
P1129,1,88,2024-01-01 00:00:00
P1129,2,114,2024-01-01 00:00:00
P1129,3,91,2024-01-01 00:00:00
P1129,4,136,2024-01-01 00:00:00
P1129,5,101,2024-01-01 00:00:00
P1129,6,136,2024-01-01 00:00:00
P1129,7,110,2024-01-01 00:00:00
P1129,8,126,2024-01-01 00:00:00
P1129,9,76,2024-01-01 00:00:00
P1129,10,79,2024-01-01 00:00:00
P1130,1,104,2024-01-01 00:00:00
P1130,2,94,2024-01-01 00:00:00
P1130,3,174,2024-01-01 00:00:00
P1130,4,101,2024-01-01 00:00:00
P1130,5,86,2024-01-01 00:00:00
P1130,6,89,2024-01-01 00:00:00
P1130,7,86,2024-01-01 00:00:00
P1130,8,101,2024-01-01 00:00:00
P1130,9,155,2024-01-01 00:00:00
P1130,10,149,2024-01-01 00:00:00
P1131,1,54,2024-01-01 00:00:00
P1131,2,100,2024-01-01 00:00:00
P1131,3,75,2024-01-01 00:00:00
P1131,4,67,2024-01-01 00:00:00
P1131,5,90,2024-01-01 00:00:00
P1131,6,114,2024-01-01 00:00:00
P1131,7,97,2024-01-01 00:00:00
P1131,8,108,2024-01-01 00:00:00
P1131,9,63,2024-01-01 00:00:00
P1131,10,110,2024-01-01 00:00:00
P1132,1,137,2024-01-01 00:00:00
P1132,2,120,2024-01-01 00:00:00
P1132,3,89,2024-01-01 00:00:00
P1132,4,88,2024-01-01 00:00:00
P1132,5,114,2024-01-01 00:00:00
P1132,6,72,2024-01-01 00:00:00
P1132,7,130,2024-01-01 00:00:00
P1132,8,115,2024-01-01 00:00:00
P1132,9,131,2024-01-01 00:00:00
P1132,10,123,2024-01-01 00:00:00
P1133,1,47,2024-01-01 00:00:00
P1133,2,95,2024-01-01 00:00:00
P1133,3,82,2024-01-01 00:00:00
P1133,4,56,2024-01-01 00:00:00
P1133,5,59,2024-01-01 00:00:00
P1133,6,104,2024-01-01 00:00:00
P1133,7,92,2024-01-01 00:00:00
P1133,8,58,2024-01-01 00:00:00
P1133,9,103,2024-01-01 00:00:00
P1133,10,50,2024-01-01 00:00:00
P1134,1,76,2024-01-01 00:00:00
P1134,2,35,2024-01-01 00:00:00
P1134,3,37,2024-01-01 00:00:00
P1134,4,46,2024-01-01 00:00:00
P1134,5,48,2024-01-01 00:00:00
P1134,6,42,2024-01-01 00:00:00
P1134,7,45,2024-01-01 00:00:00
P1134,8,82,2024-01-01 00:00:00
P1134,9,46,2024-01-01 00:00:00
P1134,10,63,2024-01-01 00:00:00
P1135,1,71,2024-01-01 00:00:00
P1135,2,49,2024-01-01 00:00:00
P1135,3,48,2024-01-01 00:00:00
P1135,4,55,2024-01-01 00:00:00
P1135,5,58,2024-01-01 00:00:00
P1135,6,88,2024-01-01 00:00:00
P1135,7,85,2024-01-01 00:00:00
P1135,8,65,2024-01-01 00:00:00
P1135,9,69,2024-01-01 00:00:00
P1135,10,53,2024-01-01 00:00:00
P1136,1,100,2024-01-01 00:00:00
P1136,2,101,2024-01-01 00:00:00
P1136,3,96,2024-01-01 00:00:00
P1136,4,71,2024-01-01 00:00:00
P1136,5,54,2024-01-01 00:00:00
P1136,6,54,2024-01-01 00:00:00
P1136,7,60,2024-01-01 00:00:00
P1136,8,81,2024-01-01 00:00:00
P1136,9,68,2024-01-01 00:00:00
P1136,10,89,2024-01-01 00:00:00
P1137,1,45,2024-01-01 00:00:00
P1137,2,103,2024-01-01 00:00:00
P1137,3,74,2024-01-01 00:00:00
P1137,4,67,2024-01-01 00:00:00
P1137,5,67,2024-01-01 00:00:00
P1137,6,96,2024-01-01 00:00:00
P1137,7,52,2024-01-01 00:00:00
P1137,8,76,2024-01-01 00:00:00
P1137,9,89,2024-01-01 00:00:00
P1137,10,99,2024-01-01 00:00:00
P1138,1,68,2024-01-01 00:00:00
P1138,2,84,2024-01-01 00:00:00
P1138,3,105,2024-01-01 00:00:00
P1138,4,75,2024-01-01 00:00:00
P1138,5,88,2024-01-01 00:00:00
P1138,6,77,2024-01-01 00:00:00
P1138,7,85,2024-01-01 00:00:00
P1138,8,51,2024-01-01 00:00:00
P1138,9,46,2024-01-01 00:00:00
P1138,10,79,2024-01-01 00:00:00
P1139,1,52,2024-01-01 00:00:00
P1139,2,84,2024-01-01 00:00:00
P1139,3,104,2024-01-01 00:00:00
P1139,4,86,2024-01-01 00:00:00
P1139,5,100,2024-01-01 00:00:00
P1139,6,70,2024-01-01 00:00:00
P1139,7,104,2024-01-01 00:00:00
P1139,8,66,2024-01-01 00:00:00
P1139,9,58,2024-01-01 00:00:00
P1139,10,104,2024-01-01 00:00:00
P1140,1,76,2024-01-01 00:00:00
P1140,2,86,2024-01-01 00:00:00
P1140,3,85,2024-01-01 00:00:00
P1140,4,102,2024-01-01 00:00:00
P1140,5,98,2024-01-01 00:00:00
P1140,6,74,2024-01-01 00:00:00
P1140,7,66,2024-01-01 00:00:00
P1140,8,77,2024-01-01 00:00:00
P1140,9,71,2024-01-01 00:00:00
P1140,10,68,2024-01-01 00:00:00
P1141,1,53,2024-01-01 00:00:00
P1141,2,86,2024-01-01 00:00:00
P1141,3,57,2024-01-01 00:00:00
P1141,4,45,2024-01-01 00:00:00
P1141,5,68,2024-01-01 00:00:00
P1141,6,69,2024-01-01 00:00:00
P1141,7,70,2024-01-01 00:00:00
P1141,8,75,2024-01-01 00:00:00
P1141,9,65,2024-01-01 00:00:00
P1141,10,62,2024-01-01 00:00:00
P1142,1,61,2024-01-01 00:00:00
P1142,2,88,2024-01-01 00:00:00
P1142,3,97,2024-01-01 00:00:00
P1142,4,60,2024-01-01 00:00:00
P1142,5,73,2024-01-01 00:00:00
P1142,6,71,2024-01-01 00:00:00
P1142,7,103,2024-01-01 00:00:00
P1142,8,48,2024-01-01 00:00:00
P1142,9,98,2024-01-01 00:00:00
P1142,10,102,2024-01-01 00:00:00
P1143,1,69,2024-01-01 00:00:00
P1143,2,82,2024-01-01 00:00:00
P1143,3,55,2024-01-01 00:00:00
P1143,4,53,2024-01-01 00:00:00
P1143,5,94,2024-01-01 00:00:00
P1143,6,95,2024-01-01 00:00:00
P1143,7,93,2024-01-01 00:00:00
P1143,8,71,2024-01-01 00:00:00
P1143,9,71,2024-01-01 00:00:00
P1143,10,104,2024-01-01 00:00:00
P1144,1,59,2024-01-01 00:00:00
P1144,2,67,2024-01-01 00:00:00
P1144,3,81,2024-01-01 00:00:00
P1144,4,96,2024-01-01 00:00:00
P1144,5,57,2024-01-01 00:00:00
P1144,6,86,2024-01-01 00:00:00
P1144,7,54,2024-01-01 00:00:00
P1144,8,49,2024-01-01 00:00:00
P1144,9,58,2024-01-01 00:00:00
P1144,10,93,2024-01-01 00:00:00
P1145,1,78,2024-01-01 00:00:00
P1145,2,102,2024-01-01 00:00:00
P1145,3,78,2024-01-01 00:00:00
P1145,4,60,2024-01-01 00:00:00
P1145,5,98,2024-01-01 00:00:00
P1145,6,99,2024-01-01 00:00:00
P1145,7,81,2024-01-01 00:00:00
P1145,8,50,2024-01-01 00:00:00
P1145,9,75,2024-01-01 00:00:00
P1145,10,63,2024-01-01 00:00:00
P1146,1,49,2024-01-01 00:00:00
P1146,2,53,2024-01-01 00:00:00
P1146,3,78,2024-01-01 00:00:00
P1146,4,104,2024-01-01 00:00:00
P1146,5,64,2024-01-01 00:00:00
P1146,6,70,2024-01-01 00:00:00
P1146,7,52,2024-01-01 00:00:00
P1146,8,72,2024-01-01 00:00:00
P1146,9,104,2024-01-01 00:00:00
P1146,10,105,2024-01-01 00:00:00
P1147,1,65,2024-01-01 00:00:00
P1147,2,69,2024-01-01 00:00:00
P1147,3,69,2024-01-01 00:00:00
P1147,4,83,2024-01-01 00:00:00
P1147,5,56,2024-01-01 00:00:00
P1147,6,89,2024-01-01 00:00:00
P1147,7,77,2024-01-01 00:00:00
P1147,8,98,2024-01-01 00:00:00
P1147,9,102,2024-01-01 00:00:00
P1147,10,84,2024-01-01 00:00:00
P1148,1,103,2024-01-01 00:00:00
P1148,2,52,2024-01-01 00:00:00
P1148,3,56,2024-01-01 00:00:00
P1148,4,114,2024-01-01 00:00:00
P1148,5,54,2024-01-01 00:00:00
P1148,6,79,2024-01-01 00:00:00
P1148,7,60,2024-01-01 00:00:00
P1148,8,94,2024-01-01 00:00:00
P1148,9,109,2024-01-01 00:00:00
P1148,10,85,2024-01-01 00:00:00
P1149,1,49,2024-01-01 00:00:00
P1149,2,88,2024-01-01 00:00:00
P1149,3,44,2024-01-01 00:00:00
P1149,4,81,2024-01-01 00:00:00
P1149,5,40,2024-01-01 00:00:00
P1149,6,74,2024-01-01 00:00:00
P1149,7,61,2024-01-01 00:00:00
P1149,8,62,2024-01-01 00:00:00
P1149,9,71,2024-01-01 00:00:00
P1149,10,70,2024-01-01 00:00:00
P1150,1,145,2024-01-01 00:00:00
P1150,2,158,2024-01-01 00:00:00
P1150,3,127,2024-01-01 00:00:00
P1150,4,154,2024-01-01 00:00:00
P1150,5,116,2024-01-01 00:00:00
P1150,6,122,2024-01-01 00:00:00
P1150,7,95,2024-01-01 00:00:00
P1150,8,114,2024-01-01 00:00:00
P1150,9,163,2024-01-01 00:00:00
P1150,10,163,2024-01-01 00:00:00
P1151,1,85,2024-01-01 00:00:00
P1151,2,90,2024-01-01 00:00:00
P1151,3,59,2024-01-01 00:00:00
P1151,4,49,2024-01-01 00:00:00
P1151,5,47,2024-01-01 00:00:00
P1151,6,60,2024-01-01 00:00:00
P1151,7,88,2024-01-01 00:00:00
P1151,8,104,2024-01-01 00:00:00
P1151,9,97,2024-01-01 00:00:00
P1151,10,70,2024-01-01 00:00:00
P1152,1,91,2024-01-01 00:00:00
P1152,2,96,2024-01-01 00:00:00
P1152,3,99,2024-01-01 00:00:00
P1152,4,72,2024-01-01 00:00:00
P1152,5,61,2024-01-01 00:00:00
P1152,6,78,2024-01-01 00:00:00
P1152,7,47,2024-01-01 00:00:00
P1152,8,61,2024-01-01 00:00:00
P1152,9,101,2024-01-01 00:00:00
P1152,10,92,2024-01-01 00:00:00
P1153,1,74,2024-01-01 00:00:00
P1153,2,66,2024-01-01 00:00:00
P1153,3,100,2024-01-01 00:00:00
P1153,4,89,2024-01-01 00:00:00
P1153,5,86,2024-01-01 00:00:00
P1153,6,45,2024-01-01 00:00:00
P1153,7,45,2024-01-01 00:00:00
P1153,8,84,2024-01-01 00:00:00
P1153,9,51,2024-01-01 00:00:00
P1153,10,105,2024-01-01 00:00:00
P1154,1,58,2024-01-01 00:00:00
P1154,2,54,2024-01-01 00:00:00
P1154,3,97,2024-01-01 00:00:00
P1154,4,57,2024-01-01 00:00:00
P1154,5,94,2024-01-01 00:00:00
P1154,6,94,2024-01-01 00:00:00
P1154,7,105,2024-01-01 00:00:00
P1154,8,67,2024-01-01 00:00:00
P1154,9,103,2024-01-01 00:00:00
P1154,10,108,2024-01-01 00:00:00
P1155,1,49,2024-01-01 00:00:00
P1155,2,48,2024-01-01 00:00:00
P1155,3,83,2024-01-01 00:00:00
P1155,4,81,2024-01-01 00:00:00
P1155,5,79,2024-01-01 00:00:00
P1155,6,60,2024-01-01 00:00:00
P1155,7,91,2024-01-01 00:00:00
P1155,8,98,2024-01-01 00:00:00
P1155,9,82,2024-01-01 00:00:00
P1155,10,65,2024-01-01 00:00:00
P1156,1,71,2024-01-01 00:00:00
P1156,2,47,2024-01-01 00:00:00
P1156,3,62,2024-01-01 00:00:00
P1156,4,87,2024-01-01 00:00:00
P1156,5,79,2024-01-01 00:00:00
P1156,6,101,2024-01-01 00:00:00
P1156,7,49,2024-01-01 00:00:00
P1156,8,62,2024-01-01 00:00:00
P1156,9,56,2024-01-01 00:00:00
P1156,10,50,2024-01-01 00:00:00
P1157,1,123,2024-01-01 00:00:00
P1157,2,121,2024-01-01 00:00:00
P1157,3,142,2024-01-01 00:00:00
P1157,4,113,2024-01-01 00:00:00
P1157,5,127,2024-01-01 00:00:00
P1157,6,70,2024-01-01 00:00:00
P1157,7,99,2024-01-01 00:00:00
P1157,8,99,2024-01-01 00:00:00
P1157,9,62,2024-01-01 00:00:00
P1157,10,75,2024-01-01 00:00:00
P1158,1,86,2024-01-01 00:00:00
P1158,2,103,2024-01-01 00:00:00
P1158,3,91,2024-01-01 00:00:00
P1158,4,90,2024-01-01 00:00:00
P1158,5,79,2024-01-01 00:00:00
P1158,6,115,2024-01-01 00:00:00
P1158,7,95,2024-01-01 00:00:00
P1158,8,102,2024-01-01 00:00:00
P1158,9,100,2024-01-01 00:00:00
P1158,10,76,2024-01-01 00:00:00
P1159,1,30,2024-01-01 00:00:00
P1159,2,32,2024-01-01 00:00:00
P1159,3,21,2024-01-01 00:00:00
P1159,4,26,2024-01-01 00:00:00
P1159,5,21,2024-01-01 00:00:00
P1159,6,22,2024-01-01 00:00:00
P1159,7,26,2024-01-01 00:00:00
P1159,8,24,2024-01-01 00:00:00
P1159,9,29,2024-01-01 00:00:00
P1159,10,21,2024-01-01 00:00:00
P1160,1,83,2024-01-01 00:00:00
P1160,2,102,2024-01-01 00:00:00
P1160,3,76,2024-01-01 00:00:00
P1160,4,87,2024-01-01 00:00:00
P1160,5,61,2024-01-01 00:00:00
P1160,6,70,2024-01-01 00:00:00
P1160,7,72,2024-01-01 00:00:00
P1160,8,74,2024-01-01 00:00:00
P1160,9,92,2024-01-01 00:00:00
P1160,10,78,2024-01-01 00:00:00
P1161,1,72,2024-01-01 00:00:00
P1161,2,69,2024-01-01 00:00:00
P1161,3,96,2024-01-01 00:00:00
P1161,4,51,2024-01-01 00:00:00
P1161,5,96,2024-01-01 00:00:00
P1161,6,47,2024-01-01 00:00:00
P1161,7,53,2024-01-01 00:00:00
P1161,8,74,2024-01-01 00:00:00
P1161,9,74,2024-01-01 00:00:00
P1161,10,81,2024-01-01 00:00:00
P1162,1,30,2024-01-01 00:00:00
P1162,2,35,2024-01-01 00:00:00
P1162,3,38,2024-01-01 00:00:00
P1162,4,17,2024-01-01 00:00:00
P1162,5,30,2024-01-01 00:00:00
P1162,6,21,2024-01-01 00:00:00
P1162,7,17,2024-01-01 00:00:00
P1162,8,26,2024-01-01 00:00:00
P1162,9,34,2024-01-01 00:00:00
P1162,10,24,2024-01-01 00:00:00
P1163,1,32,2024-01-01 00:00:00
P1163,2,61,2024-01-01 00:00:00
P1163,3,59,2024-01-01 00:00:00
P1163,4,53,2024-01-01 00:00:00
P1163,5,34,2024-01-01 00:00:00
P1163,6,33,2024-01-01 00:00:00
P1163,7,40,2024-01-01 00:00:00
P1163,8,36,2024-01-01 00:00:00
P1163,9,39,2024-01-01 00:00:00
P1163,10,54,2024-01-01 00:00:00
P1164,1,69,2024-01-01 00:00:00
P1164,2,102,2024-01-01 00:00:00
P1164,3,75,2024-01-01 00:00:00
P1164,4,103,2024-01-01 00:00:00
P1164,5,106,2024-01-01 00:00:00
P1164,6,71,2024-01-01 00:00:00
P1164,7,119,2024-01-01 00:00:00
P1164,8,86,2024-01-01 00:00:00
P1164,9,53,2024-01-01 00:00:00
P1164,10,103,2024-01-01 00:00:00
P1165,1,98,2024-01-01 00:00:00
P1165,2,128,2024-01-01 00:00:00
P1165,3,105,2024-01-01 00:00:00
P1165,4,103,2024-01-01 00:00:00
P1165,5,91,2024-01-01 00:00:00
P1165,6,78,2024-01-01 00:00:00
P1165,7,119,2024-01-01 00:00:00
P1165,8,128,2024-01-01 00:00:00
P1165,9,101,2024-01-01 00:00:00
P1165,10,72,2024-01-01 00:00:00
P1166,1,137,2024-01-01 00:00:00
P1166,2,127,2024-01-01 00:00:00
P1166,3,133,2024-01-01 00:00:00
P1166,4,113,2024-01-01 00:00:00
P1166,5,96,2024-01-01 00:00:00
P1166,6,73,2024-01-01 00:00:00
P1166,7,117,2024-01-01 00:00:00
P1166,8,105,2024-01-01 00:00:00
P1166,9,136,2024-01-01 00:00:00
P1166,10,100,2024-01-01 00:00:00
P1167,1,22,2024-01-01 00:00:00
P1167,2,38,2024-01-01 00:00:00
P1167,3,20,2024-01-01 00:00:00
P1167,4,19,2024-01-01 00:00:00
P1167,5,25,2024-01-01 00:00:00
P1167,6,34,2024-01-01 00:00:00
P1167,7,35,2024-01-01 00:00:00
P1167,8,22,2024-01-01 00:00:00
P1167,9,37,2024-01-01 00:00:00
P1167,10,30,2024-01-01 00:00:00
P1168,1,110,2024-01-01 00:00:00
P1168,2,57,2024-01-01 00:00:00
P1168,3,85,2024-01-01 00:00:00
P1168,4,48,2024-01-01 00:00:00
P1168,5,52,2024-01-01 00:00:00
P1168,6,97,2024-01-01 00:00:00
P1168,7,81,2024-01-01 00:00:00
P1168,8,112,2024-01-01 00:00:00
P1168,9,57,2024-01-01 00:00:00
P1168,10,83,2024-01-01 00:00:00
P1169,1,78,2024-01-01 00:00:00
P1169,2,74,2024-01-01 00:00:00
P1169,3,91,2024-01-01 00:00:00
P1169,4,103,2024-01-01 00:00:00
P1169,5,65,2024-01-01 00:00:00
P1169,6,53,2024-01-01 00:00:00
P1169,7,47,2024-01-01 00:00:00
P1169,8,73,2024-01-01 00:00:00
P1169,9,63,2024-01-01 00:00:00
P1169,10,48,2024-01-01 00:00:00
P1170,1,95,2024-01-01 00:00:00
P1170,2,96,2024-01-01 00:00:00
P1170,3,88,2024-01-01 00:00:00
P1170,4,79,2024-01-01 00:00:00
P1170,5,77,2024-01-01 00:00:00
P1170,6,46,2024-01-01 00:00:00
P1170,7,98,2024-01-01 00:00:00
P1170,8,98,2024-01-01 00:00:00
P1170,9,60,2024-01-01 00:00:00
P1170,10,99,2024-01-01 00:00:00
P1171,1,82,2024-01-01 00:00:00
P1171,2,114,2024-01-01 00:00:00
P1171,3,83,2024-01-01 00:00:00
P1171,4,115,2024-01-01 00:00:00
P1171,5,55,2024-01-01 00:00:00
P1171,6,107,2024-01-01 00:00:00
P1171,7,52,2024-01-01 00:00:00
P1171,8,57,2024-01-01 00:00:00
P1171,9,96,2024-01-01 00:00:00
P1171,10,85,2024-01-01 00:00:00
P1172,1,74,2024-01-01 00:00:00
P1172,2,53,2024-01-01 00:00:00
P1172,3,120,2024-01-01 00:00:00
P1172,4,52,2024-01-01 00:00:00
P1172,5,65,2024-01-01 00:00:00
P1172,6,67,2024-01-01 00:00:00
P1172,7,104,2024-01-01 00:00:00
P1172,8,74,2024-01-01 00:00:00
P1172,9,106,2024-01-01 00:00:00
P1172,10,71,2024-01-01 00:00:00
P1173,1,63,2024-01-01 00:00:00
P1173,2,87,2024-01-01 00:00:00
P1173,3,75,2024-01-01 00:00:00
P1173,4,81,2024-01-01 00:00:00
P1173,5,76,2024-01-01 00:00:00
P1173,6,73,2024-01-01 00:00:00
P1173,7,48,2024-01-01 00:00:00
P1173,8,88,2024-01-01 00:00:00
P1173,9,80,2024-01-01 00:00:00
P1173,10,73,2024-01-01 00:00:00
P1174,1,125,2024-01-01 00:00:00
P1174,2,128,2024-01-01 00:00:00
P1174,3,118,2024-01-01 00:00:00
P1174,4,63,2024-01-01 00:00:00
P1174,5,116,2024-01-01 00:00:00
P1174,6,78,2024-01-01 00:00:00
P1174,7,64,2024-01-01 00:00:00
P1174,8,89,2024-01-01 00:00:00
P1174,9,76,2024-01-01 00:00:00
P1174,10,67,2024-01-01 00:00:00
P1175,1,75,2024-01-01 00:00:00
P1175,2,83,2024-01-01 00:00:00
P1175,3,63,2024-01-01 00:00:00
P1175,4,87,2024-01-01 00:00:00
P1175,5,67,2024-01-01 00:00:00
P1175,6,61,2024-01-01 00:00:00
P1175,7,47,2024-01-01 00:00:00
P1175,8,65,2024-01-01 00:00:00
P1175,9,64,2024-01-01 00:00:00
P1175,10,61,2024-01-01 00:00:00
P1176,1,77,2024-01-01 00:00:00
P1176,2,88,2024-01-01 00:00:00
P1176,3,103,2024-01-01 00:00:00
P1176,4,90,2024-01-01 00:00:00
P1176,5,104,2024-01-01 00:00:00
P1176,6,105,2024-01-01 00:00:00
P1176,7,98,2024-01-01 00:00:00
P1176,8,90,2024-01-01 00:00:00
P1176,9,51,2024-01-01 00:00:00
P1176,10,101,2024-01-01 00:00:00
P1177,1,64,2024-01-01 00:00:00
P1177,2,50,2024-01-01 00:00:00
P1177,3,70,2024-01-01 00:00:00
P1177,4,91,2024-01-01 00:00:00
P1177,5,91,2024-01-01 00:00:00
P1177,6,67,2024-01-01 00:00:00
P1177,7,75,2024-01-01 00:00:00
P1177,8,100,2024-01-01 00:00:00
P1177,9,102,2024-01-01 00:00:00
P1177,10,88,2024-01-01 00:00:00
P1178,1,46,2024-01-01 00:00:00
P1178,2,52,2024-01-01 00:00:00
P1178,3,58,2024-01-01 00:00:00
P1178,4,65,2024-01-01 00:00:00
P1178,5,68,2024-01-01 00:00:00
P1178,6,47,2024-01-01 00:00:00
P1178,7,69,2024-01-01 00:00:00
P1178,8,60,2024-01-01 00:00:00
P1178,9,87,2024-01-01 00:00:00
P1178,10,54,2024-01-01 00:00:00
P1179,1,83,2024-01-01 00:00:00
P1179,2,105,2024-01-01 00:00:00
P1179,3,81,2024-01-01 00:00:00
P1179,4,103,2024-01-01 00:00:00
P1179,5,91,2024-01-01 00:00:00
P1179,6,60,2024-01-01 00:00:00
P1179,7,80,2024-01-01 00:00:00
P1179,8,55,2024-01-01 00:00:00
P1179,9,92,2024-01-01 00:00:00
P1179,10,95,2024-01-01 00:00:00
P1180,1,87,2024-01-01 00:00:00
P1180,2,105,2024-01-01 00:00:00
P1180,3,104,2024-01-01 00:00:00
P1180,4,93,2024-01-01 00:00:00
P1180,5,83,2024-01-01 00:00:00
P1180,6,98,2024-01-01 00:00:00
P1180,7,100,2024-01-01 00:00:00
P1180,8,71,2024-01-01 00:00:00
P1180,9,98,2024-01-01 00:00:00
P1180,10,80,2024-01-01 00:00:00
P1181,1,104,2024-01-01 00:00:00
P1181,2,68,2024-01-01 00:00:00
P1181,3,84,2024-01-01 00:00:00
P1181,4,83,2024-01-01 00:00:00
P1181,5,103,2024-01-01 00:00:00
P1181,6,57,2024-01-01 00:00:00
P1181,7,60,2024-01-01 00:00:00
P1181,8,71,2024-01-01 00:00:00
P1181,9,76,2024-01-01 00:00:00
P1181,10,92,2024-01-01 00:00:00
P1182,1,32,2024-01-01 00:00:00
P1182,2,48,2024-01-01 00:00:00
P1182,3,40,2024-01-01 00:00:00
P1182,4,34,2024-01-01 00:00:00
P1182,5,58,2024-01-01 00:00:00
P1182,6,35,2024-01-01 00:00:00
P1182,7,59,2024-01-01 00:00:00
P1182,8,36,2024-01-01 00:00:00
P1182,9,55,2024-01-01 00:00:00
P1182,10,51,2024-01-01 00:00:00
P1183,1,86,2024-01-01 00:00:00
P1183,2,74,2024-01-01 00:00:00
P1183,3,55,2024-01-01 00:00:00
P1183,4,65,2024-01-01 00:00:00
P1183,5,46,2024-01-01 00:00:00
P1183,6,75,2024-01-01 00:00:00
P1183,7,87,2024-01-01 00:00:00
P1183,8,69,2024-01-01 00:00:00
P1183,9,48,2024-01-01 00:00:00
P1183,10,100,2024-01-01 00:00:00
P1184,1,104,2024-01-01 00:00:00
P1184,2,46,2024-01-01 00:00:00
P1184,3,98,2024-01-01 00:00:00
P1184,4,93,2024-01-01 00:00:00
P1184,5,70,2024-01-01 00:00:00
P1184,6,53,2024-01-01 00:00:00
P1184,7,57,2024-01-01 00:00:00
P1184,8,67,2024-01-01 00:00:00
P1184,9,52,2024-01-01 00:00:00
P1184,10,73,2024-01-01 00:00:00
P1185,1,77,2024-01-01 00:00:00
P1185,2,98,2024-01-01 00:00:00
P1185,3,97,2024-01-01 00:00:00
P1185,4,82,2024-01-01 00:00:00
P1185,5,51,2024-01-01 00:00:00
P1185,6,93,2024-01-01 00:00:00
P1185,7,100,2024-01-01 00:00:00
P1185,8,74,2024-01-01 00:00:00
P1185,9,78,2024-01-01 00:00:00
P1185,10,94,2024-01-01 00:00:00
P1186,1,85,2024-01-01 00:00:00
P1186,2,75,2024-01-01 00:00:00
P1186,3,92,2024-01-01 00:00:00
P1186,4,50,2024-01-01 00:00:00
P1186,5,67,2024-01-01 00:00:00
P1186,6,75,2024-01-01 00:00:00
P1186,7,57,2024-01-01 00:00:00
P1186,8,66,2024-01-01 00:00:00
P1186,9,57,2024-01-01 00:00:00
P1186,10,74,2024-01-01 00:00:00
P1187,1,45,2024-01-01 00:00:00
P1187,2,54,2024-01-01 00:00:00
P1187,3,93,2024-01-01 00:00:00
P1187,4,103,2024-01-01 00:00:00
P1187,5,76,2024-01-01 00:00:00
P1187,6,86,2024-01-01 00:00:00
P1187,7,91,2024-01-01 00:00:00
P1187,8,96,2024-01-01 00:00:00
P1187,9,97,2024-01-01 00:00:00
P1187,10,72,2024-01-01 00:00:00
P1188,1,76,2024-01-01 00:00:00
P1188,2,74,2024-01-01 00:00:00
P1188,3,45,2024-01-01 00:00:00
P1188,4,83,2024-01-01 00:00:00
P1188,5,82,2024-01-01 00:00:00
P1188,6,102,2024-01-01 00:00:00
P1188,7,58,2024-01-01 00:00:00
P1188,8,49,2024-01-01 00:00:00
P1188,9,54,2024-01-01 00:00:00
P1188,10,58,2024-01-01 00:00:00
P1189,1,96,2024-01-01 00:00:00
P1189,2,54,2024-01-01 00:00:00
P1189,3,45,2024-01-01 00:00:00
P1189,4,90,2024-01-01 00:00:00
P1189,5,104,2024-01-01 00:00:00
P1189,6,49,2024-01-01 00:00:00
P1189,7,58,2024-01-01 00:00:00
P1189,8,72,2024-01-01 00:00:00
P1189,9,53,2024-01-01 00:00:00
P1189,10,102,2024-01-01 00:00:00
P1190,1,106,2024-01-01 00:00:00
P1190,2,95,2024-01-01 00:00:00
P1190,3,79,2024-01-01 00:00:00
P1190,4,67,2024-01-01 00:00:00
P1190,5,68,2024-01-01 00:00:00
P1190,6,100,2024-01-01 00:00:00
P1190,7,106,2024-01-01 00:00:00
P1190,8,76,2024-01-01 00:00:00
P1190,9,123,2024-01-01 00:00:00
P1190,10,138,2024-01-01 00:00:00
P1191,1,67,2024-01-01 00:00:00
P1191,2,117,2024-01-01 00:00:00
P1191,3,89,2024-01-01 00:00:00
P1191,4,122,2024-01-01 00:00:00
P1191,5,64,2024-01-01 00:00:00
P1191,6,69,2024-01-01 00:00:00
P1191,7,79,2024-01-01 00:00:00
P1191,8,122,2024-01-01 00:00:00
P1191,9,117,2024-01-01 00:00:00
P1191,10,66,2024-01-01 00:00:00
P1192,1,97,2024-01-01 00:00:00
P1192,2,80,2024-01-01 00:00:00
P1192,3,51,2024-01-01 00:00:00
P1192,4,92,2024-01-01 00:00:00
P1192,5,76,2024-01-01 00:00:00
P1192,6,58,2024-01-01 00:00:00
P1192,7,83,2024-01-01 00:00:00
P1192,8,71,2024-01-01 00:00:00
P1192,9,98,2024-01-01 00:00:00
P1192,10,70,2024-01-01 00:00:00
P1193,1,85,2024-01-01 00:00:00
P1193,2,51,2024-01-01 00:00:00
P1193,3,98,2024-01-01 00:00:00
P1193,4,102,2024-01-01 00:00:00
P1193,5,79,2024-01-01 00:00:00
P1193,6,53,2024-01-01 00:00:00
P1193,7,67,2024-01-01 00:00:00
P1193,8,101,2024-01-01 00:00:00
P1193,9,89,2024-01-01 00:00:00
P1193,10,55,2024-01-01 00:00:00
P1194,1,91,2024-01-01 00:00:00
P1194,2,57,2024-01-01 00:00:00
P1194,3,87,2024-01-01 00:00:00
P1194,4,59,2024-01-01 00:00:00
P1194,5,98,2024-01-01 00:00:00
P1194,6,73,2024-01-01 00:00:00
P1194,7,57,2024-01-01 00:00:00
P1194,8,65,2024-01-01 00:00:00
P1194,9,62,2024-01-01 00:00:00
P1194,10,93,2024-01-01 00:00:00
P1195,1,75,2024-01-01 00:00:00
P1195,2,64,2024-01-01 00:00:00
P1195,3,105,2024-01-01 00:00:00
P1195,4,121,2024-01-01 00:00:00
P1195,5,93,2024-01-01 00:00:00
P1195,6,83,2024-01-01 00:00:00
P1195,7,86,2024-01-01 00:00:00
P1195,8,114,2024-01-01 00:00:00
P1195,9,90,2024-01-01 00:00:00
P1195,10,80,2024-01-01 00:00:00
P1196,1,107,2024-01-01 00:00:00
P1196,2,51,2024-01-01 00:00:00
P1196,3,48,2024-01-01 00:00:00
P1196,4,106,2024-01-01 00:00:00
P1196,5,51,2024-01-01 00:00:00
P1196,6,67,2024-01-01 00:00:00
P1196,7,55,2024-01-01 00:00:00
P1196,8,83,2024-01-01 00:00:00
P1196,9,94,2024-01-01 00:00:00
P1196,10,107,2024-01-01 00:00:00
P1197,1,62,2024-01-01 00:00:00
P1197,2,101,2024-01-01 00:00:00
P1197,3,67,2024-01-01 00:00:00
P1197,4,66,2024-01-01 00:00:00
P1197,5,96,2024-01-01 00:00:00
P1197,6,52,2024-01-01 00:00:00
P1197,7,103,2024-01-01 00:00:00
P1197,8,92,2024-01-01 00:00:00
P1197,9,83,2024-01-01 00:00:00
P1197,10,79,2024-01-01 00:00:00
P1198,1,77,2024-01-01 00:00:00
P1198,2,68,2024-01-01 00:00:00
P1198,3,61,2024-01-01 00:00:00
P1198,4,70,2024-01-01 00:00:00
P1198,5,84,2024-01-01 00:00:00
P1198,6,77,2024-01-01 00:00:00
P1198,7,87,2024-01-01 00:00:00
P1198,8,105,2024-01-01 00:00:00
P1198,9,84,2024-01-01 00:00:00
P1198,10,45,2024-01-01 00:00:00
P1199,1,63,2024-01-01 00:00:00
P1199,2,52,2024-01-01 00:00:00
P1199,3,66,2024-01-01 00:00:00
P1199,4,97,2024-01-01 00:00:00
P1199,5,67,2024-01-01 00:00:00
P1199,6,94,2024-01-01 00:00:00
P1199,7,65,2024-01-01 00:00:00
P1199,8,58,2024-01-01 00:00:00
P1199,9,46,2024-01-01 00:00:00
P1199,10,94,2024-01-01 00:00:00
P1200,1,63,2024-01-01 00:00:00
P1200,2,99,2024-01-01 00:00:00
P1200,3,74,2024-01-01 00:00:00
P1200,4,104,2024-01-01 00:00:00
P1200,5,81,2024-01-01 00:00:00
P1200,6,65,2024-01-01 00:00:00
P1200,7,93,2024-01-01 00:00:00
P1200,8,51,2024-01-01 00:00:00
P1200,9,71,2024-01-01 00:00:00
P1200,10,51,2024-01-01 00:00:00
P1201,1,62,2024-01-01 00:00:00
P1201,2,46,2024-01-01 00:00:00
P1201,3,64,2024-01-01 00:00:00
P1201,4,65,2024-01-01 00:00:00
P1201,5,56,2024-01-01 00:00:00
P1201,6,77,2024-01-01 00:00:00
P1201,7,64,2024-01-01 00:00:00
P1201,8,50,2024-01-01 00:00:00
P1201,9,82,2024-01-01 00:00:00
P1201,10,65,2024-01-01 00:00:00
P1202,1,60,2024-01-01 00:00:00
P1202,2,81,2024-01-01 00:00:00
P1202,3,56,2024-01-01 00:00:00
P1202,4,50,2024-01-01 00:00:00
P1202,5,87,2024-01-01 00:00:00
P1202,6,70,2024-01-01 00:00:00
P1202,7,63,2024-01-01 00:00:00
P1202,8,72,2024-01-01 00:00:00
P1202,9,71,2024-01-01 00:00:00
P1202,10,59,2024-01-01 00:00:00
P1203,1,101,2024-01-01 00:00:00
P1203,2,69,2024-01-01 00:00:00
P1203,3,94,2024-01-01 00:00:00
P1203,4,73,2024-01-01 00:00:00
P1203,5,55,2024-01-01 00:00:00
P1203,6,69,2024-01-01 00:00:00
P1203,7,65,2024-01-01 00:00:00
P1203,8,47,2024-01-01 00:00:00
P1203,9,67,2024-01-01 00:00:00
P1203,10,66,2024-01-01 00:00:00
P1204,1,86,2024-01-01 00:00:00
P1204,2,69,2024-01-01 00:00:00
P1204,3,91,2024-01-01 00:00:00
P1204,4,62,2024-01-01 00:00:00
P1204,5,95,2024-01-01 00:00:00
P1204,6,65,2024-01-01 00:00:00
P1204,7,48,2024-01-01 00:00:00
P1204,8,66,2024-01-01 00:00:00
P1204,9,86,2024-01-01 00:00:00
P1204,10,85,2024-01-01 00:00:00
P1205,1,78,2024-01-01 00:00:00
P1205,2,80,2024-01-01 00:00:00
P1205,3,75,2024-01-01 00:00:00
P1205,4,65,2024-01-01 00:00:00
P1205,5,74,2024-01-01 00:00:00
P1205,6,62,2024-01-01 00:00:00
P1205,7,45,2024-01-01 00:00:00
P1205,8,63,2024-01-01 00:00:00
P1205,9,92,2024-01-01 00:00:00
P1205,10,54,2024-01-01 00:00:00
P1206,1,56,2024-01-01 00:00:00
P1206,2,70,2024-01-01 00:00:00
P1206,3,57,2024-01-01 00:00:00
P1206,4,99,2024-01-01 00:00:00
P1206,5,96,2024-01-01 00:00:00
P1206,6,96,2024-01-01 00:00:00
P1206,7,73,2024-01-01 00:00:00
P1206,8,76,2024-01-01 00:00:00
P1206,9,59,2024-01-01 00:00:00
P1206,10,94,2024-01-01 00:00:00
P1207,1,97,2024-01-01 00:00:00
P1207,2,90,2024-01-01 00:00:00
P1207,3,54,2024-01-01 00:00:00
P1207,4,52,2024-01-01 00:00:00
P1207,5,76,2024-01-01 00:00:00
P1207,6,81,2024-01-01 00:00:00
P1207,7,88,2024-01-01 00:00:00
P1207,8,75,2024-01-01 00:00:00
P1207,9,77,2024-01-01 00:00:00
P1207,10,71,2024-01-01 00:00:00
P1208,1,79,2024-01-01 00:00:00
P1208,2,95,2024-01-01 00:00:00
P1208,3,60,2024-01-01 00:00:00
P1208,4,101,2024-01-01 00:00:00
P1208,5,56,2024-01-01 00:00:00
P1208,6,75,2024-01-01 00:00:00
P1208,7,74,2024-01-01 00:00:00
P1208,8,76,2024-01-01 00:00:00
P1208,9,75,2024-01-01 00:00:00
P1208,10,90,2024-01-01 00:00:00
P1209,1,111,2024-01-01 00:00:00
P1209,2,78,2024-01-01 00:00:00
P1209,3,86,2024-01-01 00:00:00
P1209,4,104,2024-01-01 00:00:00
P1209,5,100,2024-01-01 00:00:00
P1209,6,58,2024-01-01 00:00:00
P1209,7,83,2024-01-01 00:00:00
P1209,8,71,2024-01-01 00:00:00
P1209,9,74,2024-01-01 00:00:00
P1209,10,64,2024-01-01 00:00:00
P1210,1,69,2024-01-01 00:00:00
P1210,2,103,2024-01-01 00:00:00
P1210,3,65,2024-01-01 00:00:00
P1210,4,76,2024-01-01 00:00:00
P1210,5,116,2024-01-01 00:00:00
P1210,6,101,2024-01-01 00:00:00
P1210,7,88,2024-01-01 00:00:00
P1210,8,58,2024-01-01 00:00:00
P1210,9,107,2024-01-01 00:00:00
P1210,10,103,2024-01-01 00:00:00
P1211,1,100,2024-01-01 00:00:00
P1211,2,105,2024-01-01 00:00:00
P1211,3,74,2024-01-01 00:00:00
P1211,4,84,2024-01-01 00:00:00
P1211,5,78,2024-01-01 00:00:00
P1211,6,96,2024-01-01 00:00:00
P1211,7,94,2024-01-01 00:00:00
P1211,8,58,2024-01-01 00:00:00
P1211,9,76,2024-01-01 00:00:00
P1211,10,56,2024-01-01 00:00:00
P1212,1,73,2024-01-01 00:00:00
P1212,2,92,2024-01-01 00:00:00
P1212,3,65,2024-01-01 00:00:00
P1212,4,61,2024-01-01 00:00:00
P1212,5,48,2024-01-01 00:00:00
P1212,6,103,2024-01-01 00:00:00
P1212,7,58,2024-01-01 00:00:00
P1212,8,62,2024-01-01 00:00:00
P1212,9,53,2024-01-01 00:00:00
P1212,10,60,2024-01-01 00:00:00
P1213,1,37,2024-01-01 00:00:00
P1213,2,65,2024-01-01 00:00:00
P1213,3,72,2024-01-01 00:00:00
P1213,4,45,2024-01-01 00:00:00
P1213,5,73,2024-01-01 00:00:00
P1213,6,48,2024-01-01 00:00:00
P1213,7,69,2024-01-01 00:00:00
P1213,8,34,2024-01-01 00:00:00
P1213,9,73,2024-01-01 00:00:00
P1213,10,55,2024-01-01 00:00:00
P1214,1,63,2024-01-01 00:00:00
P1214,2,90,2024-01-01 00:00:00
P1214,3,87,2024-01-01 00:00:00
P1214,4,84,2024-01-01 00:00:00
P1214,5,57,2024-01-01 00:00:00
P1214,6,96,2024-01-01 00:00:00
P1214,7,62,2024-01-01 00:00:00
P1214,8,105,2024-01-01 00:00:00
P1214,9,78,2024-01-01 00:00:00
P1214,10,87,2024-01-01 00:00:00
P1215,1,124,2024-01-01 00:00:00
P1215,2,67,2024-01-01 00:00:00
P1215,3,124,2024-01-01 00:00:00
P1215,4,74,2024-01-01 00:00:00
P1215,5,105,2024-01-01 00:00:00
P1215,6,93,2024-01-01 00:00:00
P1215,7,64,2024-01-01 00:00:00
P1215,8,113,2024-01-01 00:00:00
P1215,9,68,2024-01-01 00:00:00
P1215,10,135,2024-01-01 00:00:00
P1216,1,102,2024-01-01 00:00:00
P1216,2,100,2024-01-01 00:00:00
P1216,3,68,2024-01-01 00:00:00
P1216,4,53,2024-01-01 00:00:00
P1216,5,52,2024-01-01 00:00:00
P1216,6,80,2024-01-01 00:00:00
P1216,7,64,2024-01-01 00:00:00
P1216,8,59,2024-01-01 00:00:00
P1216,9,53,2024-01-01 00:00:00
P1216,10,101,2024-01-01 00:00:00
P1217,1,85,2024-01-01 00:00:00
P1217,2,60,2024-01-01 00:00:00
P1217,3,59,2024-01-01 00:00:00
P1217,4,77,2024-01-01 00:00:00
P1217,5,41,2024-01-01 00:00:00
P1217,6,77,2024-01-01 00:00:00
P1217,7,73,2024-01-01 00:00:00
P1217,8,46,2024-01-01 00:00:00
P1217,9,76,2024-01-01 00:00:00
P1217,10,45,2024-01-01 00:00:00
P1218,1,119,2024-01-01 00:00:00
P1218,2,111,2024-01-01 00:00:00
P1218,3,103,2024-01-01 00:00:00
P1218,4,109,2024-01-01 00:00:00
P1218,5,68,2024-01-01 00:00:00
P1218,6,97,2024-01-01 00:00:00
P1218,7,82,2024-01-01 00:00:00
P1218,8,97,2024-01-01 00:00:00
P1218,9,108,2024-01-01 00:00:00
P1218,10,106,2024-01-01 00:00:00
P1219,1,47,2024-01-01 00:00:00
P1219,2,41,2024-01-01 00:00:00
P1219,3,67,2024-01-01 00:00:00
P1219,4,78,2024-01-01 00:00:00
P1219,5,78,2024-01-01 00:00:00
P1219,6,64,2024-01-01 00:00:00
P1219,7,78,2024-01-01 00:00:00
P1219,8,73,2024-01-01 00:00:00
P1219,9,92,2024-01-01 00:00:00
P1219,10,75,2024-01-01 00:00:00
P1220,1,56,2024-01-01 00:00:00
P1220,2,104,2024-01-01 00:00:00
P1220,3,59,2024-01-01 00:00:00
P1220,4,63,2024-01-01 00:00:00
P1220,5,70,2024-01-01 00:00:00
P1220,6,59,2024-01-01 00:00:00
P1220,7,47,2024-01-01 00:00:00
P1220,8,83,2024-01-01 00:00:00
P1220,9,49,2024-01-01 00:00:00
P1220,10,86,2024-01-01 00:00:00
P1221,1,61,2024-01-01 00:00:00
P1221,2,38,2024-01-01 00:00:00
P1221,3,68,2024-01-01 00:00:00
P1221,4,41,2024-01-01 00:00:00
P1221,5,50,2024-01-01 00:00:00
P1221,6,53,2024-01-01 00:00:00
P1221,7,57,2024-01-01 00:00:00
P1221,8,32,2024-01-01 00:00:00
P1221,9,45,2024-01-01 00:00:00
P1221,10,62,2024-01-01 00:00:00
P1222,1,59,2024-01-01 00:00:00
P1222,2,39,2024-01-01 00:00:00
P1222,3,68,2024-01-01 00:00:00
P1222,4,43,2024-01-01 00:00:00
P1222,5,86,2024-01-01 00:00:00
P1222,6,86,2024-01-01 00:00:00
P1222,7,57,2024-01-01 00:00:00
P1222,8,61,2024-01-01 00:00:00
P1222,9,84,2024-01-01 00:00:00
P1222,10,83,2024-01-01 00:00:00
P1223,1,109,2024-01-01 00:00:00
P1223,2,86,2024-01-01 00:00:00
P1223,3,92,2024-01-01 00:00:00
P1223,4,118,2024-01-01 00:00:00
P1223,5,76,2024-01-01 00:00:00
P1223,6,60,2024-01-01 00:00:00
P1223,7,73,2024-01-01 00:00:00
P1223,8,97,2024-01-01 00:00:00
P1223,9,103,2024-01-01 00:00:00
P1223,10,68,2024-01-01 00:00:00
P1224,1,58,2024-01-01 00:00:00
P1224,2,104,2024-01-01 00:00:00
P1224,3,86,2024-01-01 00:00:00
P1224,4,106,2024-01-01 00:00:00
P1224,5,73,2024-01-01 00:00:00
P1224,6,59,2024-01-01 00:00:00
P1224,7,76,2024-01-01 00:00:00
P1224,8,73,2024-01-01 00:00:00
P1224,9,99,2024-01-01 00:00:00
P1224,10,122,2024-01-01 00:00:00
P1225,1,69,2024-01-01 00:00:00
P1225,2,61,2024-01-01 00:00:00
P1225,3,54,2024-01-01 00:00:00
P1225,4,47,2024-01-01 00:00:00
P1225,5,53,2024-01-01 00:00:00
P1225,6,32,2024-01-01 00:00:00
P1225,7,64,2024-01-01 00:00:00
P1225,8,69,2024-01-01 00:00:00
P1225,9,33,2024-01-01 00:00:00
P1225,10,56,2024-01-01 00:00:00
P1226,1,114,2024-01-01 00:00:00
P1226,2,98,2024-01-01 00:00:00
P1226,3,111,2024-01-01 00:00:00
P1226,4,61,2024-01-01 00:00:00
P1226,5,110,2024-01-01 00:00:00
P1226,6,117,2024-01-01 00:00:00
P1226,7,66,2024-01-01 00:00:00
P1226,8,104,2024-01-01 00:00:00
P1226,9,80,2024-01-01 00:00:00
P1226,10,98,2024-01-01 00:00:00
P1227,1,45,2024-01-01 00:00:00
P1227,2,51,2024-01-01 00:00:00
P1227,3,59,2024-01-01 00:00:00
P1227,4,83,2024-01-01 00:00:00
P1227,5,61,2024-01-01 00:00:00
P1227,6,46,2024-01-01 00:00:00
P1227,7,74,2024-01-01 00:00:00
P1227,8,50,2024-01-01 00:00:00
P1227,9,61,2024-01-01 00:00:00
P1227,10,86,2024-01-01 00:00:00
P1228,1,101,2024-01-01 00:00:00
P1228,2,86,2024-01-01 00:00:00
P1228,3,54,2024-01-01 00:00:00
P1228,4,99,2024-01-01 00:00:00
P1228,5,75,2024-01-01 00:00:00
P1228,6,66,2024-01-01 00:00:00
P1228,7,91,2024-01-01 00:00:00
P1228,8,48,2024-01-01 00:00:00
P1228,9,102,2024-01-01 00:00:00
P1228,10,77,2024-01-01 00:00:00
P1229,1,83,2024-01-01 00:00:00
P1229,2,61,2024-01-01 00:00:00
P1229,3,83,2024-01-01 00:00:00
P1229,4,51,2024-01-01 00:00:00
P1229,5,58,2024-01-01 00:00:00
P1229,6,95,2024-01-01 00:00:00
P1229,7,82,2024-01-01 00:00:00
P1229,8,49,2024-01-01 00:00:00
P1229,9,100,2024-01-01 00:00:00
P1229,10,84,2024-01-01 00:00:00
P1230,1,89,2024-01-01 00:00:00
P1230,2,130,2024-01-01 00:00:00
P1230,3,108,2024-01-01 00:00:00
P1230,4,109,2024-01-01 00:00:00
P1230,5,95,2024-01-01 00:00:00
P1230,6,106,2024-01-01 00:00:00
P1230,7,122,2024-01-01 00:00:00
P1230,8,124,2024-01-01 00:00:00
P1230,9,105,2024-01-01 00:00:00
P1230,10,128,2024-01-01 00:00:00
P1231,1,88,2024-01-01 00:00:00
P1231,2,63,2024-01-01 00:00:00
P1231,3,54,2024-01-01 00:00:00
P1231,4,49,2024-01-01 00:00:00
P1231,5,71,2024-01-01 00:00:00
P1231,6,76,2024-01-01 00:00:00
P1231,7,59,2024-01-01 00:00:00
P1231,8,49,2024-01-01 00:00:00
P1231,9,54,2024-01-01 00:00:00
P1231,10,53,2024-01-01 00:00:00
P1232,1,76,2024-01-01 00:00:00
P1232,2,78,2024-01-01 00:00:00
P1232,3,73,2024-01-01 00:00:00
P1232,4,87,2024-01-01 00:00:00
P1232,5,67,2024-01-01 00:00:00
P1232,6,84,2024-01-01 00:00:00
P1232,7,37,2024-01-01 00:00:00
P1232,8,52,2024-01-01 00:00:00
P1232,9,69,2024-01-01 00:00:00
P1232,10,77,2024-01-01 00:00:00
P1233,1,96,2024-01-01 00:00:00
P1233,2,113,2024-01-01 00:00:00
P1233,3,101,2024-01-01 00:00:00
P1233,4,78,2024-01-01 00:00:00
P1233,5,94,2024-01-01 00:00:00
P1233,6,75,2024-01-01 00:00:00
P1233,7,116,2024-01-01 00:00:00
P1233,8,107,2024-01-01 00:00:00
P1233,9,84,2024-01-01 00:00:00
P1233,10,110,2024-01-01 00:00:00
P1234,1,78,2024-01-01 00:00:00
P1234,2,60,2024-01-01 00:00:00
P1234,3,44,2024-01-01 00:00:00
P1234,4,56,2024-01-01 00:00:00
P1234,5,95,2024-01-01 00:00:00
P1234,6,45,2024-01-01 00:00:00
P1234,7,55,2024-01-01 00:00:00
P1234,8,77,2024-01-01 00:00:00
P1234,9,70,2024-01-01 00:00:00
P1234,10,80,2024-01-01 00:00:00
P1235,1,100,2024-01-01 00:00:00
P1235,2,95,2024-01-01 00:00:00
P1235,3,71,2024-01-01 00:00:00
P1235,4,88,2024-01-01 00:00:00
P1235,5,108,2024-01-01 00:00:00
P1235,6,77,2024-01-01 00:00:00
P1235,7,86,2024-01-01 00:00:00
P1235,8,53,2024-01-01 00:00:00
P1235,9,56,2024-01-01 00:00:00
P1235,10,60,2024-01-01 00:00:00
P1236,1,103,2024-01-01 00:00:00
P1236,2,63,2024-01-01 00:00:00
P1236,3,50,2024-01-01 00:00:00
P1236,4,55,2024-01-01 00:00:00
P1236,5,77,2024-01-01 00:00:00
P1236,6,101,2024-01-01 00:00:00
P1236,7,72,2024-01-01 00:00:00
P1236,8,96,2024-01-01 00:00:00
P1236,9,79,2024-01-01 00:00:00
P1236,10,79,2024-01-01 00:00:00
P1237,1,59,2024-01-01 00:00:00
P1237,2,71,2024-01-01 00:00:00
P1237,3,72,2024-01-01 00:00:00
P1237,4,31,2024-01-01 00:00:00
P1237,5,47,2024-01-01 00:00:00
P1237,6,45,2024-01-01 00:00:00
P1237,7,54,2024-01-01 00:00:00
P1237,8,60,2024-01-01 00:00:00
P1237,9,47,2024-01-01 00:00:00
P1237,10,50,2024-01-01 00:00:00
P1238,1,81,2024-01-01 00:00:00
P1238,2,45,2024-01-01 00:00:00
P1238,3,75,2024-01-01 00:00:00
P1238,4,84,2024-01-01 00:00:00
P1238,5,92,2024-01-01 00:00:00
P1238,6,45,2024-01-01 00:00:00
P1238,7,48,2024-01-01 00:00:00
P1238,8,61,2024-01-01 00:00:00
P1238,9,96,2024-01-01 00:00:00
P1238,10,49,2024-01-01 00:00:00
P1239,1,79,2024-01-01 00:00:00
P1239,2,89,2024-01-01 00:00:00
P1239,3,60,2024-01-01 00:00:00
P1239,4,98,2024-01-01 00:00:00
P1239,5,92,2024-01-01 00:00:00
P1239,6,103,2024-01-01 00:00:00
P1239,7,79,2024-01-01 00:00:00
P1239,8,103,2024-01-01 00:00:00
P1239,9,58,2024-01-01 00:00:00
P1239,10,52,2024-01-01 00:00:00
P1240,1,74,2024-01-01 00:00:00
P1240,2,85,2024-01-01 00:00:00
P1240,3,86,2024-01-01 00:00:00
P1240,4,93,2024-01-01 00:00:00
P1240,5,53,2024-01-01 00:00:00
P1240,6,55,2024-01-01 00:00:00
P1240,7,105,2024-01-01 00:00:00
P1240,8,75,2024-01-01 00:00:00
P1240,9,70,2024-01-01 00:00:00
P1240,10,70,2024-01-01 00:00:00
P1241,1,55,2024-01-01 00:00:00
P1241,2,73,2024-01-01 00:00:00
P1241,3,88,2024-01-01 00:00:00
P1241,4,104,2024-01-01 00:00:00
P1241,5,79,2024-01-01 00:00:00
P1241,6,50,2024-01-01 00:00:00
P1241,7,77,2024-01-01 00:00:00
P1241,8,97,2024-01-01 00:00:00
P1241,9,46,2024-01-01 00:00:00
P1241,10,77,2024-01-01 00:00:00
P1242,1,60,2024-01-01 00:00:00
P1242,2,55,2024-01-01 00:00:00
P1242,3,64,2024-01-01 00:00:00
P1242,4,51,2024-01-01 00:00:00
P1242,5,68,2024-01-01 00:00:00
P1242,6,50,2024-01-01 00:00:00
P1242,7,47,2024-01-01 00:00:00
P1242,8,64,2024-01-01 00:00:00
P1242,9,97,2024-01-01 00:00:00
P1242,10,76,2024-01-01 00:00:00
P1243,1,80,2024-01-01 00:00:00
P1243,2,91,2024-01-01 00:00:00
P1243,3,71,2024-01-01 00:00:00
P1243,4,102,2024-01-01 00:00:00
P1243,5,91,2024-01-01 00:00:00
P1243,6,95,2024-01-01 00:00:00
P1243,7,49,2024-01-01 00:00:00
P1243,8,71,2024-01-01 00:00:00
P1243,9,105,2024-01-01 00:00:00
P1243,10,86,2024-01-01 00:00:00
P1244,1,51,2024-01-01 00:00:00
P1244,2,87,2024-01-01 00:00:00
P1244,3,55,2024-01-01 00:00:00
P1244,4,103,2024-01-01 00:00:00
P1244,5,73,2024-01-01 00:00:00
P1244,6,67,2024-01-01 00:00:00
P1244,7,94,2024-01-01 00:00:00
P1244,8,89,2024-01-01 00:00:00
P1244,9,72,2024-01-01 00:00:00
P1244,10,64,2024-01-01 00:00:00
P1245,1,58,2024-01-01 00:00:00
P1245,2,89,2024-01-01 00:00:00
P1245,3,48,2024-01-01 00:00:00
P1245,4,97,2024-01-01 00:00:00
P1245,5,96,2024-01-01 00:00:00
P1245,6,71,2024-01-01 00:00:00
P1245,7,61,2024-01-01 00:00:00
P1245,8,54,2024-01-01 00:00:00
P1245,9,66,2024-01-01 00:00:00
P1245,10,60,2024-01-01 00:00:00
P1246,1,86,2024-01-01 00:00:00
P1246,2,64,2024-01-01 00:00:00
P1246,3,85,2024-01-01 00:00:00
P1246,4,59,2024-01-01 00:00:00
P1246,5,65,2024-01-01 00:00:00
P1246,6,82,2024-01-01 00:00:00
P1246,7,65,2024-01-01 00:00:00
P1246,8,103,2024-01-01 00:00:00
P1246,9,47,2024-01-01 00:00:00
P1246,10,84,2024-01-01 00:00:00
P1247,1,63,2024-01-01 00:00:00
P1247,2,98,2024-01-01 00:00:00
P1247,3,52,2024-01-01 00:00:00
P1247,4,79,2024-01-01 00:00:00
P1247,5,70,2024-01-01 00:00:00
P1247,6,52,2024-01-01 00:00:00
P1247,7,71,2024-01-01 00:00:00
P1247,8,95,2024-01-01 00:00:00
P1247,9,83,2024-01-01 00:00:00
P1247,10,51,2024-01-01 00:00:00
P1248,1,75,2024-01-01 00:00:00
P1248,2,82,2024-01-01 00:00:00
P1248,3,60,2024-01-01 00:00:00
P1248,4,59,2024-01-01 00:00:00
P1248,5,81,2024-01-01 00:00:00
P1248,6,75,2024-01-01 00:00:00
P1248,7,123,2024-01-01 00:00:00
P1248,8,82,2024-01-01 00:00:00
P1248,9,76,2024-01-01 00:00:00
P1248,10,99,2024-01-01 00:00:00
P1249,1,75,2024-01-01 00:00:00
P1249,2,80,2024-01-01 00:00:00
P1249,3,69,2024-01-01 00:00:00
P1249,4,96,2024-01-01 00:00:00
P1249,5,56,2024-01-01 00:00:00
P1249,6,47,2024-01-01 00:00:00
P1249,7,56,2024-01-01 00:00:00
P1249,8,88,2024-01-01 00:00:00
P1249,9,78,2024-01-01 00:00:00
P1249,10,105,2024-01-01 00:00:00
P1250,1,94,2024-01-01 00:00:00
P1250,2,77,2024-01-01 00:00:00
P1250,3,46,2024-01-01 00:00:00
P1250,4,56,2024-01-01 00:00:00
P1250,5,56,2024-01-01 00:00:00
P1250,6,80,2024-01-01 00:00:00
P1250,7,85,2024-01-01 00:00:00
P1250,8,87,2024-01-01 00:00:00
P1250,9,47,2024-01-01 00:00:00
P1250,10,92,2024-01-01 00:00:00
P1251,1,54,2024-01-01 00:00:00
P1251,2,55,2024-01-01 00:00:00
P1251,3,45,2024-01-01 00:00:00
P1251,4,86,2024-01-01 00:00:00
P1251,5,74,2024-01-01 00:00:00
P1251,6,66,2024-01-01 00:00:00
P1251,7,78,2024-01-01 00:00:00
P1251,8,75,2024-01-01 00:00:00
P1251,9,95,2024-01-01 00:00:00
P1251,10,57,2024-01-01 00:00:00
P1252,1,73,2024-01-01 00:00:00
P1252,2,100,2024-01-01 00:00:00
P1252,3,67,2024-01-01 00:00:00
P1252,4,76,2024-01-01 00:00:00
P1252,5,58,2024-01-01 00:00:00
P1252,6,63,2024-01-01 00:00:00
P1252,7,88,2024-01-01 00:00:00
P1252,8,72,2024-01-01 00:00:00
P1252,9,89,2024-01-01 00:00:00
P1252,10,68,2024-01-01 00:00:00
P1253,1,77,2024-01-01 00:00:00
P1253,2,87,2024-01-01 00:00:00
P1253,3,56,2024-01-01 00:00:00
P1253,4,100,2024-01-01 00:00:00
P1253,5,57,2024-01-01 00:00:00
P1253,6,104,2024-01-01 00:00:00
P1253,7,66,2024-01-01 00:00:00
P1253,8,73,2024-01-01 00:00:00
P1253,9,71,2024-01-01 00:00:00
P1253,10,82,2024-01-01 00:00:00
P1254,1,94,2024-01-01 00:00:00
P1254,2,131,2024-01-01 00:00:00
P1254,3,94,2024-01-01 00:00:00
P1254,4,112,2024-01-01 00:00:00
P1254,5,120,2024-01-01 00:00:00
P1254,6,96,2024-01-01 00:00:00
P1254,7,120,2024-01-01 00:00:00
P1254,8,101,2024-01-01 00:00:00
P1254,9,105,2024-01-01 00:00:00
P1254,10,118,2024-01-01 00:00:00
P1255,1,86,2024-01-01 00:00:00
P1255,2,62,2024-01-01 00:00:00
P1255,3,64,2024-01-01 00:00:00
P1255,4,85,2024-01-01 00:00:00
P1255,5,66,2024-01-01 00:00:00
P1255,6,98,2024-01-01 00:00:00
P1255,7,91,2024-01-01 00:00:00
P1255,8,79,2024-01-01 00:00:00
P1255,9,100,2024-01-01 00:00:00
P1255,10,48,2024-01-01 00:00:00
P1256,1,52,2024-01-01 00:00:00
P1256,2,92,2024-01-01 00:00:00
P1256,3,85,2024-01-01 00:00:00
P1256,4,85,2024-01-01 00:00:00
P1256,5,45,2024-01-01 00:00:00
P1256,6,76,2024-01-01 00:00:00
P1256,7,81,2024-01-01 00:00:00
P1256,8,49,2024-01-01 00:00:00
P1256,9,54,2024-01-01 00:00:00
P1256,10,66,2024-01-01 00:00:00
P1257,1,82,2024-01-01 00:00:00
P1257,2,59,2024-01-01 00:00:00
P1257,3,75,2024-01-01 00:00:00
P1257,4,78,2024-01-01 00:00:00
P1257,5,54,2024-01-01 00:00:00
P1257,6,84,2024-01-01 00:00:00
P1257,7,62,2024-01-01 00:00:00
P1257,8,60,2024-01-01 00:00:00
P1257,9,64,2024-01-01 00:00:00
P1257,10,68,2024-01-01 00:00:00
P1258,1,92,2024-01-01 00:00:00
P1258,2,96,2024-01-01 00:00:00
P1258,3,67,2024-01-01 00:00:00
P1258,4,89,2024-01-01 00:00:00
P1258,5,46,2024-01-01 00:00:00
P1258,6,101,2024-01-01 00:00:00
P1258,7,84,2024-01-01 00:00:00
P1258,8,56,2024-01-01 00:00:00
P1258,9,80,2024-01-01 00:00:00
P1258,10,58,2024-01-01 00:00:00
P1259,1,77,2024-01-01 00:00:00
P1259,2,117,2024-01-01 00:00:00
P1259,3,150,2024-01-01 00:00:00
P1259,4,144,2024-01-01 00:00:00
P1259,5,100,2024-01-01 00:00:00
P1259,6,102,2024-01-01 00:00:00
P1259,7,102,2024-01-01 00:00:00
P1259,8,77,2024-01-01 00:00:00
P1259,9,118,2024-01-01 00:00:00
P1259,10,141,2024-01-01 00:00:00
P1260,1,120,2024-01-01 00:00:00
P1260,2,119,2024-01-01 00:00:00
P1260,3,99,2024-01-01 00:00:00
P1260,4,142,2024-01-01 00:00:00
P1260,5,79,2024-01-01 00:00:00
P1260,6,161,2024-01-01 00:00:00
P1260,7,154,2024-01-01 00:00:00
P1260,8,103,2024-01-01 00:00:00
P1260,9,99,2024-01-01 00:00:00
P1260,10,87,2024-01-01 00:00:00
P1261,1,40,2024-01-01 00:00:00
P1261,2,62,2024-01-01 00:00:00
P1261,3,52,2024-01-01 00:00:00
P1261,4,61,2024-01-01 00:00:00
P1261,5,43,2024-01-01 00:00:00
P1261,6,59,2024-01-01 00:00:00
P1261,7,53,2024-01-01 00:00:00
P1261,8,63,2024-01-01 00:00:00
P1261,9,43,2024-01-01 00:00:00
P1261,10,51,2024-01-01 00:00:00
P1262,1,76,2024-01-01 00:00:00
P1262,2,116,2024-01-01 00:00:00
P1262,3,59,2024-01-01 00:00:00
P1262,4,113,2024-01-01 00:00:00
P1262,5,116,2024-01-01 00:00:00
P1262,6,84,2024-01-01 00:00:00
P1262,7,84,2024-01-01 00:00:00
P1262,8,87,2024-01-01 00:00:00
P1262,9,81,2024-01-01 00:00:00
P1262,10,117,2024-01-01 00:00:00
P1263,1,80,2024-01-01 00:00:00
P1263,2,136,2024-01-01 00:00:00
P1263,3,135,2024-01-01 00:00:00
P1263,4,129,2024-01-01 00:00:00
P1263,5,115,2024-01-01 00:00:00
P1263,6,89,2024-01-01 00:00:00
P1263,7,166,2024-01-01 00:00:00
P1263,8,137,2024-01-01 00:00:00
P1263,9,159,2024-01-01 00:00:00
P1263,10,131,2024-01-01 00:00:00
P1264,1,29,2024-01-01 00:00:00
P1264,2,60,2024-01-01 00:00:00
P1264,3,32,2024-01-01 00:00:00
P1264,4,47,2024-01-01 00:00:00
P1264,5,46,2024-01-01 00:00:00
P1264,6,53,2024-01-01 00:00:00
P1264,7,52,2024-01-01 00:00:00
P1264,8,63,2024-01-01 00:00:00
P1264,9,59,2024-01-01 00:00:00
P1264,10,49,2024-01-01 00:00:00
P1265,1,122,2024-01-01 00:00:00
P1265,2,85,2024-01-01 00:00:00
P1265,3,159,2024-01-01 00:00:00
P1265,4,143,2024-01-01 00:00:00
P1265,5,102,2024-01-01 00:00:00
P1265,6,170,2024-01-01 00:00:00
P1265,7,184,2024-01-01 00:00:00
P1265,8,175,2024-01-01 00:00:00
P1265,9,157,2024-01-01 00:00:00
P1265,10,159,2024-01-01 00:00:00
P1266,1,119,2024-01-01 00:00:00
P1266,2,138,2024-01-01 00:00:00
P1266,3,88,2024-01-01 00:00:00
P1266,4,78,2024-01-01 00:00:00
P1266,5,139,2024-01-01 00:00:00
P1266,6,144,2024-01-01 00:00:00
P1266,7,116,2024-01-01 00:00:00
P1266,8,139,2024-01-01 00:00:00
P1266,9,123,2024-01-01 00:00:00
P1266,10,160,2024-01-01 00:00:00
P1267,1,63,2024-01-01 00:00:00
P1267,2,105,2024-01-01 00:00:00
P1267,3,101,2024-01-01 00:00:00
P1267,4,94,2024-01-01 00:00:00
P1267,5,106,2024-01-01 00:00:00
P1267,6,76,2024-01-01 00:00:00
P1267,7,108,2024-01-01 00:00:00
P1267,8,106,2024-01-01 00:00:00
P1267,9,82,2024-01-01 00:00:00
P1267,10,98,2024-01-01 00:00:00
P1268,1,87,2024-01-01 00:00:00
P1268,2,105,2024-01-01 00:00:00
P1268,3,139,2024-01-01 00:00:00
P1268,4,112,2024-01-01 00:00:00
P1268,5,70,2024-01-01 00:00:00
P1268,6,98,2024-01-01 00:00:00
P1268,7,143,2024-01-01 00:00:00
P1268,8,138,2024-01-01 00:00:00
P1268,9,119,2024-01-01 00:00:00
P1268,10,123,2024-01-01 00:00:00
P1269,1,173,2024-01-01 00:00:00
P1269,2,162,2024-01-01 00:00:00
P1269,3,158,2024-01-01 00:00:00
P1269,4,161,2024-01-01 00:00:00
P1269,5,102,2024-01-01 00:00:00
P1269,6,89,2024-01-01 00:00:00
P1269,7,118,2024-01-01 00:00:00
P1269,8,117,2024-01-01 00:00:00
P1269,9,126,2024-01-01 00:00:00
P1269,10,96,2024-01-01 00:00:00
P1270,1,39,2024-01-01 00:00:00
P1270,2,62,2024-01-01 00:00:00
P1270,3,39,2024-01-01 00:00:00
P1270,4,40,2024-01-01 00:00:00
P1270,5,68,2024-01-01 00:00:00
P1270,6,77,2024-01-01 00:00:00
P1270,7,67,2024-01-01 00:00:00
P1270,8,48,2024-01-01 00:00:00
P1270,9,63,2024-01-01 00:00:00
P1270,10,68,2024-01-01 00:00:00
P1271,1,55,2024-01-01 00:00:00
P1271,2,68,2024-01-01 00:00:00
P1271,3,59,2024-01-01 00:00:00
P1271,4,50,2024-01-01 00:00:00
P1271,5,66,2024-01-01 00:00:00
P1271,6,49,2024-01-01 00:00:00
P1271,7,102,2024-01-01 00:00:00
P1271,8,45,2024-01-01 00:00:00
P1271,9,79,2024-01-01 00:00:00
P1271,10,77,2024-01-01 00:00:00
P1272,1,97,2024-01-01 00:00:00
P1272,2,91,2024-01-01 00:00:00
P1272,3,51,2024-01-01 00:00:00
P1272,4,99,2024-01-01 00:00:00
P1272,5,99,2024-01-01 00:00:00
P1272,6,62,2024-01-01 00:00:00
P1272,7,62,2024-01-01 00:00:00
P1272,8,48,2024-01-01 00:00:00
P1272,9,72,2024-01-01 00:00:00
P1272,10,49,2024-01-01 00:00:00
P1273,1,105,2024-01-01 00:00:00
P1273,2,105,2024-01-01 00:00:00
P1273,3,58,2024-01-01 00:00:00
P1273,4,64,2024-01-01 00:00:00
P1273,5,71,2024-01-01 00:00:00
P1273,6,92,2024-01-01 00:00:00
P1273,7,85,2024-01-01 00:00:00
P1273,8,73,2024-01-01 00:00:00
P1273,9,82,2024-01-01 00:00:00
P1273,10,57,2024-01-01 00:00:00
P1274,1,83,2024-01-01 00:00:00
P1274,2,94,2024-01-01 00:00:00
P1274,3,104,2024-01-01 00:00:00
P1274,4,68,2024-01-01 00:00:00
P1274,5,83,2024-01-01 00:00:00
P1274,6,84,2024-01-01 00:00:00
P1274,7,60,2024-01-01 00:00:00
P1274,8,55,2024-01-01 00:00:00
P1274,9,90,2024-01-01 00:00:00
P1274,10,93,2024-01-01 00:00:00
P1275,1,81,2024-01-01 00:00:00
P1275,2,48,2024-01-01 00:00:00
P1275,3,49,2024-01-01 00:00:00
P1275,4,50,2024-01-01 00:00:00
P1275,5,53,2024-01-01 00:00:00
P1275,6,76,2024-01-01 00:00:00
P1275,7,54,2024-01-01 00:00:00
P1275,8,96,2024-01-01 00:00:00
P1275,9,50,2024-01-01 00:00:00
P1275,10,102,2024-01-01 00:00:00
P1276,1,63,2024-01-01 00:00:00
P1276,2,62,2024-01-01 00:00:00
P1276,3,57,2024-01-01 00:00:00
P1276,4,63,2024-01-01 00:00:00
P1276,5,97,2024-01-01 00:00:00
P1276,6,82,2024-01-01 00:00:00
P1276,7,86,2024-01-01 00:00:00
P1276,8,90,2024-01-01 00:00:00
P1276,9,54,2024-01-01 00:00:00
P1276,10,80,2024-01-01 00:00:00
P1277,1,85,2024-01-01 00:00:00
P1277,2,71,2024-01-01 00:00:00
P1277,3,75,2024-01-01 00:00:00
P1277,4,66,2024-01-01 00:00:00
P1277,5,63,2024-01-01 00:00:00
P1277,6,96,2024-01-01 00:00:00
P1277,7,48,2024-01-01 00:00:00
P1277,8,91,2024-01-01 00:00:00
P1277,9,86,2024-01-01 00:00:00
P1277,10,103,2024-01-01 00:00:00
P1278,1,85,2024-01-01 00:00:00
P1278,2,102,2024-01-01 00:00:00
P1278,3,163,2024-01-01 00:00:00
P1278,4,87,2024-01-01 00:00:00
P1278,5,112,2024-01-01 00:00:00
P1278,6,91,2024-01-01 00:00:00
P1278,7,82,2024-01-01 00:00:00
P1278,8,93,2024-01-01 00:00:00
P1278,9,156,2024-01-01 00:00:00
P1278,10,104,2024-01-01 00:00:00
P1279,1,101,2024-01-01 00:00:00
P1279,2,70,2024-01-01 00:00:00
P1279,3,83,2024-01-01 00:00:00
P1279,4,67,2024-01-01 00:00:00
P1279,5,130,2024-01-01 00:00:00
P1279,6,93,2024-01-01 00:00:00
P1279,7,97,2024-01-01 00:00:00
P1279,8,116,2024-01-01 00:00:00
P1279,9,87,2024-01-01 00:00:00
P1279,10,71,2024-01-01 00:00:00
P1280,1,95,2024-01-01 00:00:00
P1280,2,47,2024-01-01 00:00:00
P1280,3,55,2024-01-01 00:00:00
P1280,4,85,2024-01-01 00:00:00
P1280,5,67,2024-01-01 00:00:00
P1280,6,58,2024-01-01 00:00:00
P1280,7,102,2024-01-01 00:00:00
P1280,8,87,2024-01-01 00:00:00
P1280,9,85,2024-01-01 00:00:00
P1280,10,84,2024-01-01 00:00:00
P1281,1,103,2024-01-01 00:00:00
P1281,2,88,2024-01-01 00:00:00
P1281,3,76,2024-01-01 00:00:00
P1281,4,98,2024-01-01 00:00:00
P1281,5,81,2024-01-01 00:00:00
P1281,6,104,2024-01-01 00:00:00
P1281,7,84,2024-01-01 00:00:00
P1281,8,83,2024-01-01 00:00:00
P1281,9,47,2024-01-01 00:00:00
P1281,10,81,2024-01-01 00:00:00
P1282,1,103,2024-01-01 00:00:00
P1282,2,53,2024-01-01 00:00:00
P1282,3,86,2024-01-01 00:00:00
P1282,4,50,2024-01-01 00:00:00
P1282,5,76,2024-01-01 00:00:00
P1282,6,90,2024-01-01 00:00:00
P1282,7,89,2024-01-01 00:00:00
P1282,8,81,2024-01-01 00:00:00
P1282,9,102,2024-01-01 00:00:00
P1282,10,105,2024-01-01 00:00:00
P1283,1,77,2024-01-01 00:00:00
P1283,2,66,2024-01-01 00:00:00
P1283,3,96,2024-01-01 00:00:00
P1283,4,73,2024-01-01 00:00:00
P1283,5,99,2024-01-01 00:00:00
P1283,6,80,2024-01-01 00:00:00
P1283,7,56,2024-01-01 00:00:00
P1283,8,66,2024-01-01 00:00:00
P1283,9,97,2024-01-01 00:00:00
P1283,10,105,2024-01-01 00:00:00
P1284,1,81,2024-01-01 00:00:00
P1284,2,62,2024-01-01 00:00:00
P1284,3,92,2024-01-01 00:00:00
P1284,4,99,2024-01-01 00:00:00
P1284,5,45,2024-01-01 00:00:00
P1284,6,79,2024-01-01 00:00:00
P1284,7,54,2024-01-01 00:00:00
P1284,8,70,2024-01-01 00:00:00
P1284,9,72,2024-01-01 00:00:00
P1284,10,63,2024-01-01 00:00:00
P1285,1,90,2024-01-01 00:00:00
P1285,2,95,2024-01-01 00:00:00
P1285,3,53,2024-01-01 00:00:00
P1285,4,62,2024-01-01 00:00:00
P1285,5,94,2024-01-01 00:00:00
P1285,6,59,2024-01-01 00:00:00
P1285,7,92,2024-01-01 00:00:00
P1285,8,88,2024-01-01 00:00:00
P1285,9,46,2024-01-01 00:00:00
P1285,10,70,2024-01-01 00:00:00
P1286,1,83,2024-01-01 00:00:00
P1286,2,74,2024-01-01 00:00:00
P1286,3,70,2024-01-01 00:00:00
P1286,4,70,2024-01-01 00:00:00
P1286,5,94,2024-01-01 00:00:00
P1286,6,101,2024-01-01 00:00:00
P1286,7,76,2024-01-01 00:00:00
P1286,8,94,2024-01-01 00:00:00
P1286,9,83,2024-01-01 00:00:00
P1286,10,86,2024-01-01 00:00:00
P1287,1,87,2024-01-01 00:00:00
P1287,2,84,2024-01-01 00:00:00
P1287,3,98,2024-01-01 00:00:00
P1287,4,57,2024-01-01 00:00:00
P1287,5,92,2024-01-01 00:00:00
P1287,6,78,2024-01-01 00:00:00
P1287,7,90,2024-01-01 00:00:00
P1287,8,69,2024-01-01 00:00:00
P1287,9,93,2024-01-01 00:00:00
P1287,10,79,2024-01-01 00:00:00
P1288,1,66,2024-01-01 00:00:00
P1288,2,73,2024-01-01 00:00:00
P1288,3,60,2024-01-01 00:00:00
P1288,4,90,2024-01-01 00:00:00
P1288,5,95,2024-01-01 00:00:00
P1288,6,92,2024-01-01 00:00:00
P1288,7,75,2024-01-01 00:00:00
P1288,8,75,2024-01-01 00:00:00
P1288,9,74,2024-01-01 00:00:00
P1288,10,60,2024-01-01 00:00:00
P1289,1,94,2024-01-01 00:00:00
P1289,2,67,2024-01-01 00:00:00
P1289,3,48,2024-01-01 00:00:00
P1289,4,95,2024-01-01 00:00:00
P1289,5,74,2024-01-01 00:00:00
P1289,6,79,2024-01-01 00:00:00
P1289,7,67,2024-01-01 00:00:00
P1289,8,60,2024-01-01 00:00:00
P1289,9,49,2024-01-01 00:00:00
P1289,10,64,2024-01-01 00:00:00
P1290,1,101,2024-01-01 00:00:00
P1290,2,129,2024-01-01 00:00:00
P1290,3,80,2024-01-01 00:00:00
P1290,4,116,2024-01-01 00:00:00
P1290,5,115,2024-01-01 00:00:00
P1290,6,93,2024-01-01 00:00:00
P1290,7,96,2024-01-01 00:00:00
P1290,8,62,2024-01-01 00:00:00
P1290,9,106,2024-01-01 00:00:00
P1290,10,112,2024-01-01 00:00:00
P1291,1,107,2024-01-01 00:00:00
P1291,2,81,2024-01-01 00:00:00
P1291,3,85,2024-01-01 00:00:00
P1291,4,69,2024-01-01 00:00:00
P1291,5,65,2024-01-01 00:00:00
P1291,6,65,2024-01-01 00:00:00
P1291,7,111,2024-01-01 00:00:00
P1291,8,118,2024-01-01 00:00:00
P1291,9,75,2024-01-01 00:00:00
P1291,10,135,2024-01-01 00:00:00
P1292,1,80,2024-01-01 00:00:00
P1292,2,94,2024-01-01 00:00:00
P1292,3,109,2024-01-01 00:00:00
P1292,4,116,2024-01-01 00:00:00
P1292,5,55,2024-01-01 00:00:00
P1292,6,81,2024-01-01 00:00:00
P1292,7,73,2024-01-01 00:00:00
P1292,8,72,2024-01-01 00:00:00
P1292,9,66,2024-01-01 00:00:00
P1292,10,106,2024-01-01 00:00:00
P1293,1,57,2024-01-01 00:00:00
P1293,2,88,2024-01-01 00:00:00
P1293,3,65,2024-01-01 00:00:00
P1293,4,78,2024-01-01 00:00:00
P1293,5,76,2024-01-01 00:00:00
P1293,6,48,2024-01-01 00:00:00
P1293,7,107,2024-01-01 00:00:00
P1293,8,67,2024-01-01 00:00:00
P1293,9,53,2024-01-01 00:00:00
P1293,10,87,2024-01-01 00:00:00
P1294,1,91,2024-01-01 00:00:00
P1294,2,82,2024-01-01 00:00:00
P1294,3,51,2024-01-01 00:00:00
P1294,4,88,2024-01-01 00:00:00
P1294,5,51,2024-01-01 00:00:00
P1294,6,93,2024-01-01 00:00:00
P1294,7,69,2024-01-01 00:00:00
P1294,8,79,2024-01-01 00:00:00
P1294,9,46,2024-01-01 00:00:00
P1294,10,51,2024-01-01 00:00:00
P1295,1,54,2024-01-01 00:00:00
P1295,2,97,2024-01-01 00:00:00
P1295,3,46,2024-01-01 00:00:00
P1295,4,75,2024-01-01 00:00:00
P1295,5,97,2024-01-01 00:00:00
P1295,6,72,2024-01-01 00:00:00
P1295,7,49,2024-01-01 00:00:00
P1295,8,74,2024-01-01 00:00:00
P1295,9,99,2024-01-01 00:00:00
P1295,10,75,2024-01-01 00:00:00
P1296,1,20,2024-01-01 00:00:00
P1296,2,39,2024-01-01 00:00:00
P1296,3,44,2024-01-01 00:00:00
P1296,4,42,2024-01-01 00:00:00
P1296,5,20,2024-01-01 00:00:00
P1296,6,36,2024-01-01 00:00:00
P1296,7,20,2024-01-01 00:00:00
P1296,8,32,2024-01-01 00:00:00
P1296,9,45,2024-01-01 00:00:00
P1296,10,27,2024-01-01 00:00:00
P1297,1,92,2024-01-01 00:00:00
P1297,2,52,2024-01-01 00:00:00
P1297,3,59,2024-01-01 00:00:00
P1297,4,49,2024-01-01 00:00:00
P1297,5,64,2024-01-01 00:00:00
P1297,6,69,2024-01-01 00:00:00
P1297,7,94,2024-01-01 00:00:00
P1297,8,70,2024-01-01 00:00:00
P1297,9,77,2024-01-01 00:00:00
P1297,10,68,2024-01-01 00:00:00
P1298,1,91,2024-01-01 00:00:00
P1298,2,104,2024-01-01 00:00:00
P1298,3,46,2024-01-01 00:00:00
P1298,4,91,2024-01-01 00:00:00
P1298,5,64,2024-01-01 00:00:00
P1298,6,60,2024-01-01 00:00:00
P1298,7,101,2024-01-01 00:00:00
P1298,8,102,2024-01-01 00:00:00
P1298,9,90,2024-01-01 00:00:00
P1298,10,91,2024-01-01 00:00:00
P1299,1,71,2024-01-01 00:00:00
P1299,2,91,2024-01-01 00:00:00
P1299,3,85,2024-01-01 00:00:00
P1299,4,51,2024-01-01 00:00:00
P1299,5,52,2024-01-01 00:00:00
P1299,6,61,2024-01-01 00:00:00
P1299,7,46,2024-01-01 00:00:00
P1299,8,86,2024-01-01 00:00:00
P1299,9,55,2024-01-01 00:00:00
P1299,10,103,2024-01-01 00:00:00
P1300,1,55,2024-01-01 00:00:00
P1300,2,32,2024-01-01 00:00:00
P1300,3,50,2024-01-01 00:00:00
P1300,4,44,2024-01-01 00:00:00
P1300,5,35,2024-01-01 00:00:00
P1300,6,33,2024-01-01 00:00:00
P1300,7,53,2024-01-01 00:00:00
P1300,8,46,2024-01-01 00:00:00
P1300,9,25,2024-01-01 00:00:00
P1300,10,25,2024-01-01 00:00:00
P1301,1,98,2024-01-01 00:00:00
P1301,2,105,2024-01-01 00:00:00
P1301,3,61,2024-01-01 00:00:00
P1301,4,57,2024-01-01 00:00:00
P1301,5,70,2024-01-01 00:00:00
P1301,6,68,2024-01-01 00:00:00
P1301,7,87,2024-01-01 00:00:00
P1301,8,92,2024-01-01 00:00:00
P1301,9,53,2024-01-01 00:00:00
P1301,10,48,2024-01-01 00:00:00
P1302,1,83,2024-01-01 00:00:00
P1302,2,93,2024-01-01 00:00:00
P1302,3,50,2024-01-01 00:00:00
P1302,4,73,2024-01-01 00:00:00
P1302,5,105,2024-01-01 00:00:00
P1302,6,49,2024-01-01 00:00:00
P1302,7,69,2024-01-01 00:00:00
P1302,8,95,2024-01-01 00:00:00
P1302,9,77,2024-01-01 00:00:00
P1302,10,70,2024-01-01 00:00:00
P1303,1,69,2024-01-01 00:00:00
P1303,2,95,2024-01-01 00:00:00
P1303,3,73,2024-01-01 00:00:00
P1303,4,95,2024-01-01 00:00:00
P1303,5,74,2024-01-01 00:00:00
P1303,6,91,2024-01-01 00:00:00
P1303,7,58,2024-01-01 00:00:00
P1303,8,71,2024-01-01 00:00:00
P1303,9,49,2024-01-01 00:00:00
P1303,10,103,2024-01-01 00:00:00
P1304,1,94,2024-01-01 00:00:00
P1304,2,67,2024-01-01 00:00:00
P1304,3,77,2024-01-01 00:00:00
P1304,4,54,2024-01-01 00:00:00
P1304,5,82,2024-01-01 00:00:00
P1304,6,61,2024-01-01 00:00:00
P1304,7,55,2024-01-01 00:00:00
P1304,8,77,2024-01-01 00:00:00
P1304,9,46,2024-01-01 00:00:00
P1304,10,56,2024-01-01 00:00:00
P1305,1,57,2024-01-01 00:00:00
P1305,2,76,2024-01-01 00:00:00
P1305,3,80,2024-01-01 00:00:00
P1305,4,46,2024-01-01 00:00:00
P1305,5,54,2024-01-01 00:00:00
P1305,6,103,2024-01-01 00:00:00
P1305,7,73,2024-01-01 00:00:00
P1305,8,48,2024-01-01 00:00:00
P1305,9,60,2024-01-01 00:00:00
P1305,10,61,2024-01-01 00:00:00
P1306,1,65,2024-01-01 00:00:00
P1306,2,56,2024-01-01 00:00:00
P1306,3,47,2024-01-01 00:00:00
P1306,4,67,2024-01-01 00:00:00
P1306,5,97,2024-01-01 00:00:00
P1306,6,105,2024-01-01 00:00:00
P1306,7,88,2024-01-01 00:00:00
P1306,8,78,2024-01-01 00:00:00
P1306,9,51,2024-01-01 00:00:00
P1306,10,78,2024-01-01 00:00:00
P1307,1,48,2024-01-01 00:00:00
P1307,2,34,2024-01-01 00:00:00
P1307,3,40,2024-01-01 00:00:00
P1307,4,38,2024-01-01 00:00:00
P1307,5,52,2024-01-01 00:00:00
P1307,6,50,2024-01-01 00:00:00
P1307,7,52,2024-01-01 00:00:00
P1307,8,48,2024-01-01 00:00:00
P1307,9,60,2024-01-01 00:00:00
P1307,10,51,2024-01-01 00:00:00
P1308,1,78,2024-01-01 00:00:00
P1308,2,96,2024-01-01 00:00:00
P1308,3,95,2024-01-01 00:00:00
P1308,4,45,2024-01-01 00:00:00
P1308,5,61,2024-01-01 00:00:00
P1308,6,99,2024-01-01 00:00:00
P1308,7,52,2024-01-01 00:00:00
P1308,8,62,2024-01-01 00:00:00
P1308,9,67,2024-01-01 00:00:00
P1308,10,60,2024-01-01 00:00:00
P1309,1,97,2024-01-01 00:00:00
P1309,2,56,2024-01-01 00:00:00
P1309,3,59,2024-01-01 00:00:00
P1309,4,91,2024-01-01 00:00:00
P1309,5,61,2024-01-01 00:00:00
P1309,6,58,2024-01-01 00:00:00
P1309,7,70,2024-01-01 00:00:00
P1309,8,74,2024-01-01 00:00:00
P1309,9,72,2024-01-01 00:00:00
P1309,10,80,2024-01-01 00:00:00
P1310,1,95,2024-01-01 00:00:00
P1310,2,61,2024-01-01 00:00:00
P1310,3,64,2024-01-01 00:00:00
P1310,4,93,2024-01-01 00:00:00
P1310,5,74,2024-01-01 00:00:00
P1310,6,83,2024-01-01 00:00:00
P1310,7,93,2024-01-01 00:00:00
P1310,8,63,2024-01-01 00:00:00
P1310,9,49,2024-01-01 00:00:00
P1310,10,61,2024-01-01 00:00:00
P1311,1,45,2024-01-01 00:00:00
P1311,2,95,2024-01-01 00:00:00
P1311,3,91,2024-01-01 00:00:00
P1311,4,94,2024-01-01 00:00:00
P1311,5,86,2024-01-01 00:00:00
P1311,6,71,2024-01-01 00:00:00
P1311,7,101,2024-01-01 00:00:00
P1311,8,97,2024-01-01 00:00:00
P1311,9,47,2024-01-01 00:00:00
P1311,10,81,2024-01-01 00:00:00
P1312,1,31,2024-01-01 00:00:00
P1312,2,55,2024-01-01 00:00:00
P1312,3,26,2024-01-01 00:00:00
P1312,4,41,2024-01-01 00:00:00
P1312,5,36,2024-01-01 00:00:00
P1312,6,47,2024-01-01 00:00:00
P1312,7,44,2024-01-01 00:00:00
P1312,8,36,2024-01-01 00:00:00
P1312,9,27,2024-01-01 00:00:00
P1312,10,37,2024-01-01 00:00:00
P1313,1,48,2024-01-01 00:00:00
P1313,2,63,2024-01-01 00:00:00
P1313,3,40,2024-01-01 00:00:00
P1313,4,47,2024-01-01 00:00:00
P1313,5,86,2024-01-01 00:00:00
P1313,6,92,2024-01-01 00:00:00
P1313,7,50,2024-01-01 00:00:00
P1313,8,80,2024-01-01 00:00:00
P1313,9,71,2024-01-01 00:00:00
P1313,10,83,2024-01-01 00:00:00
P1314,1,57,2024-01-01 00:00:00
P1314,2,82,2024-01-01 00:00:00
P1314,3,63,2024-01-01 00:00:00
P1314,4,48,2024-01-01 00:00:00
P1314,5,60,2024-01-01 00:00:00
P1314,6,80,2024-01-01 00:00:00
P1314,7,48,2024-01-01 00:00:00
P1314,8,56,2024-01-01 00:00:00
P1314,9,103,2024-01-01 00:00:00
P1314,10,55,2024-01-01 00:00:00
P1315,1,52,2024-01-01 00:00:00
P1315,2,90,2024-01-01 00:00:00
P1315,3,67,2024-01-01 00:00:00
P1315,4,66,2024-01-01 00:00:00
P1315,5,66,2024-01-01 00:00:00
P1315,6,50,2024-01-01 00:00:00
P1315,7,70,2024-01-01 00:00:00
P1315,8,71,2024-01-01 00:00:00
P1315,9,69,2024-01-01 00:00:00
P1315,10,95,2024-01-01 00:00:00
P1316,1,72,2024-01-01 00:00:00
P1316,2,99,2024-01-01 00:00:00
P1316,3,63,2024-01-01 00:00:00
P1316,4,109,2024-01-01 00:00:00
P1316,5,86,2024-01-01 00:00:00
P1316,6,70,2024-01-01 00:00:00
P1316,7,69,2024-01-01 00:00:00
P1316,8,91,2024-01-01 00:00:00
P1316,9,72,2024-01-01 00:00:00
P1316,10,66,2024-01-01 00:00:00
P1317,1,96,2024-01-01 00:00:00
P1317,2,53,2024-01-01 00:00:00
P1317,3,88,2024-01-01 00:00:00
P1317,4,52,2024-01-01 00:00:00
P1317,5,56,2024-01-01 00:00:00
P1317,6,76,2024-01-01 00:00:00
P1317,7,53,2024-01-01 00:00:00
P1317,8,81,2024-01-01 00:00:00
P1317,9,55,2024-01-01 00:00:00
P1317,10,76,2024-01-01 00:00:00
P1318,1,40,2024-01-01 00:00:00
P1318,2,47,2024-01-01 00:00:00
P1318,3,56,2024-01-01 00:00:00
P1318,4,47,2024-01-01 00:00:00
P1318,5,38,2024-01-01 00:00:00
P1318,6,51,2024-01-01 00:00:00
P1318,7,33,2024-01-01 00:00:00
P1318,8,42,2024-01-01 00:00:00
P1318,9,52,2024-01-01 00:00:00
P1318,10,58,2024-01-01 00:00:00
P1319,1,40,2024-01-01 00:00:00
P1319,2,39,2024-01-01 00:00:00
P1319,3,29,2024-01-01 00:00:00
P1319,4,42,2024-01-01 00:00:00
P1319,5,36,2024-01-01 00:00:00
P1319,6,33,2024-01-01 00:00:00
P1319,7,47,2024-01-01 00:00:00
P1319,8,38,2024-01-01 00:00:00
P1319,9,28,2024-01-01 00:00:00
P1319,10,48,2024-01-01 00:00:00
P1320,1,97,2024-01-01 00:00:00
P1320,2,95,2024-01-01 00:00:00
P1320,3,73,2024-01-01 00:00:00
P1320,4,90,2024-01-01 00:00:00
P1320,5,95,2024-01-01 00:00:00
P1320,6,81,2024-01-01 00:00:00
P1320,7,74,2024-01-01 00:00:00
P1320,8,49,2024-01-01 00:00:00
P1320,9,48,2024-01-01 00:00:00
P1320,10,51,2024-01-01 00:00:00
P1321,1,31,2024-01-01 00:00:00
P1321,2,36,2024-01-01 00:00:00
P1321,3,47,2024-01-01 00:00:00
P1321,4,54,2024-01-01 00:00:00
P1321,5,27,2024-01-01 00:00:00
P1321,6,56,2024-01-01 00:00:00
P1321,7,47,2024-01-01 00:00:00
P1321,8,48,2024-01-01 00:00:00
P1321,9,34,2024-01-01 00:00:00
P1321,10,27,2024-01-01 00:00:00
P1322,1,40,2024-01-01 00:00:00
P1322,2,36,2024-01-01 00:00:00
P1322,3,52,2024-01-01 00:00:00
P1322,4,31,2024-01-01 00:00:00
P1322,5,44,2024-01-01 00:00:00
P1322,6,37,2024-01-01 00:00:00
P1322,7,23,2024-01-01 00:00:00
P1322,8,42,2024-01-01 00:00:00
P1322,9,52,2024-01-01 00:00:00
P1322,10,53,2024-01-01 00:00:00
P1323,1,94,2024-01-01 00:00:00
P1323,2,49,2024-01-01 00:00:00
P1323,3,57,2024-01-01 00:00:00
P1323,4,99,2024-01-01 00:00:00
P1323,5,69,2024-01-01 00:00:00
P1323,6,65,2024-01-01 00:00:00
P1323,7,45,2024-01-01 00:00:00
P1323,8,47,2024-01-01 00:00:00
P1323,9,80,2024-01-01 00:00:00
P1323,10,54,2024-01-01 00:00:00
P1324,1,60,2024-01-01 00:00:00
P1324,2,49,2024-01-01 00:00:00
P1324,3,94,2024-01-01 00:00:00
P1324,4,65,2024-01-01 00:00:00
P1324,5,91,2024-01-01 00:00:00
P1324,6,62,2024-01-01 00:00:00
P1324,7,72,2024-01-01 00:00:00
P1324,8,61,2024-01-01 00:00:00
P1324,9,88,2024-01-01 00:00:00
P1324,10,87,2024-01-01 00:00:00
P1325,1,84,2024-01-01 00:00:00
P1325,2,85,2024-01-01 00:00:00
P1325,3,64,2024-01-01 00:00:00
P1325,4,82,2024-01-01 00:00:00
P1325,5,90,2024-01-01 00:00:00
P1325,6,95,2024-01-01 00:00:00
P1325,7,45,2024-01-01 00:00:00
P1325,8,62,2024-01-01 00:00:00
P1325,9,70,2024-01-01 00:00:00
P1325,10,103,2024-01-01 00:00:00
P1326,1,64,2024-01-01 00:00:00
P1326,2,64,2024-01-01 00:00:00
P1326,3,61,2024-01-01 00:00:00
P1326,4,86,2024-01-01 00:00:00
P1326,5,86,2024-01-01 00:00:00
P1326,6,67,2024-01-01 00:00:00
P1326,7,69,2024-01-01 00:00:00
P1326,8,69,2024-01-01 00:00:00
P1326,9,89,2024-01-01 00:00:00
P1326,10,102,2024-01-01 00:00:00
P1327,1,57,2024-01-01 00:00:00
P1327,2,51,2024-01-01 00:00:00
P1327,3,66,2024-01-01 00:00:00
P1327,4,72,2024-01-01 00:00:00
P1327,5,85,2024-01-01 00:00:00
P1327,6,98,2024-01-01 00:00:00
P1327,7,64,2024-01-01 00:00:00
P1327,8,69,2024-01-01 00:00:00
P1327,9,90,2024-01-01 00:00:00
P1327,10,59,2024-01-01 00:00:00
P1328,1,92,2024-01-01 00:00:00
P1328,2,88,2024-01-01 00:00:00
P1328,3,58,2024-01-01 00:00:00
P1328,4,67,2024-01-01 00:00:00
P1328,5,66,2024-01-01 00:00:00
P1328,6,93,2024-01-01 00:00:00
P1328,7,67,2024-01-01 00:00:00
P1328,8,92,2024-01-01 00:00:00
P1328,9,95,2024-01-01 00:00:00
P1328,10,88,2024-01-01 00:00:00
P1329,1,84,2024-01-01 00:00:00
P1329,2,65,2024-01-01 00:00:00
P1329,3,65,2024-01-01 00:00:00
P1329,4,58,2024-01-01 00:00:00
P1329,5,76,2024-01-01 00:00:00
P1329,6,85,2024-01-01 00:00:00
P1329,7,88,2024-01-01 00:00:00
P1329,8,70,2024-01-01 00:00:00
P1329,9,69,2024-01-01 00:00:00
P1329,10,70,2024-01-01 00:00:00
P1330,1,47,2024-01-01 00:00:00
P1330,2,45,2024-01-01 00:00:00
P1330,3,95,2024-01-01 00:00:00
P1330,4,71,2024-01-01 00:00:00
P1330,5,56,2024-01-01 00:00:00
P1330,6,93,2024-01-01 00:00:00
P1330,7,84,2024-01-01 00:00:00
P1330,8,89,2024-01-01 00:00:00
P1330,9,45,2024-01-01 00:00:00
P1330,10,56,2024-01-01 00:00:00
P1331,1,54,2024-01-01 00:00:00
P1331,2,74,2024-01-01 00:00:00
P1331,3,94,2024-01-01 00:00:00
P1331,4,85,2024-01-01 00:00:00
P1331,5,81,2024-01-01 00:00:00
P1331,6,47,2024-01-01 00:00:00
P1331,7,89,2024-01-01 00:00:00
P1331,8,54,2024-01-01 00:00:00
P1331,9,95,2024-01-01 00:00:00
P1331,10,103,2024-01-01 00:00:00
P1332,1,90,2024-01-01 00:00:00
P1332,2,69,2024-01-01 00:00:00
P1332,3,105,2024-01-01 00:00:00
P1332,4,58,2024-01-01 00:00:00
P1332,5,104,2024-01-01 00:00:00
P1332,6,74,2024-01-01 00:00:00
P1332,7,96,2024-01-01 00:00:00
P1332,8,95,2024-01-01 00:00:00
P1332,9,55,2024-01-01 00:00:00
P1332,10,87,2024-01-01 00:00:00
P1333,1,102,2024-01-01 00:00:00
P1333,2,87,2024-01-01 00:00:00
P1333,3,78,2024-01-01 00:00:00
P1333,4,68,2024-01-01 00:00:00
P1333,5,56,2024-01-01 00:00:00
P1333,6,104,2024-01-01 00:00:00
P1333,7,46,2024-01-01 00:00:00
P1333,8,91,2024-01-01 00:00:00
P1333,9,81,2024-01-01 00:00:00
P1333,10,57,2024-01-01 00:00:00
P1334,1,53,2024-01-01 00:00:00
P1334,2,69,2024-01-01 00:00:00
P1334,3,84,2024-01-01 00:00:00
P1334,4,103,2024-01-01 00:00:00
P1334,5,69,2024-01-01 00:00:00
P1334,6,95,2024-01-01 00:00:00
P1334,7,46,2024-01-01 00:00:00
P1334,8,55,2024-01-01 00:00:00
P1334,9,45,2024-01-01 00:00:00
P1334,10,98,2024-01-01 00:00:00
P1335,1,67,2024-01-01 00:00:00
P1335,2,92,2024-01-01 00:00:00
P1335,3,98,2024-01-01 00:00:00
P1335,4,90,2024-01-01 00:00:00
P1335,5,56,2024-01-01 00:00:00
P1335,6,63,2024-01-01 00:00:00
P1335,7,57,2024-01-01 00:00:00
P1335,8,103,2024-01-01 00:00:00
P1335,9,83,2024-01-01 00:00:00
P1335,10,71,2024-01-01 00:00:00
P1336,1,53,2024-01-01 00:00:00
P1336,2,98,2024-01-01 00:00:00
P1336,3,64,2024-01-01 00:00:00
P1336,4,56,2024-01-01 00:00:00
P1336,5,66,2024-01-01 00:00:00
P1336,6,101,2024-01-01 00:00:00
P1336,7,47,2024-01-01 00:00:00
P1336,8,71,2024-01-01 00:00:00
P1336,9,77,2024-01-01 00:00:00
P1336,10,100,2024-01-01 00:00:00
P1337,1,96,2024-01-01 00:00:00
P1337,2,78,2024-01-01 00:00:00
P1337,3,88,2024-01-01 00:00:00
P1337,4,88,2024-01-01 00:00:00
P1337,5,64,2024-01-01 00:00:00
P1337,6,45,2024-01-01 00:00:00
P1337,7,61,2024-01-01 00:00:00
P1337,8,84,2024-01-01 00:00:00
P1337,9,84,2024-01-01 00:00:00
P1337,10,84,2024-01-01 00:00:00
P1338,1,55,2024-01-01 00:00:00
P1338,2,95,2024-01-01 00:00:00
P1338,3,96,2024-01-01 00:00:00
P1338,4,65,2024-01-01 00:00:00
P1338,5,98,2024-01-01 00:00:00
P1338,6,87,2024-01-01 00:00:00
P1338,7,45,2024-01-01 00:00:00
P1338,8,60,2024-01-01 00:00:00
P1338,9,60,2024-01-01 00:00:00
P1338,10,72,2024-01-01 00:00:00
P1339,1,58,2024-01-01 00:00:00
P1339,2,70,2024-01-01 00:00:00
P1339,3,67,2024-01-01 00:00:00
P1339,4,100,2024-01-01 00:00:00
P1339,5,99,2024-01-01 00:00:00
P1339,6,85,2024-01-01 00:00:00
P1339,7,54,2024-01-01 00:00:00
P1339,8,54,2024-01-01 00:00:00
P1339,9,97,2024-01-01 00:00:00
P1339,10,76,2024-01-01 00:00:00
P1340,1,65,2024-01-01 00:00:00
P1340,2,57,2024-01-01 00:00:00
P1340,3,105,2024-01-01 00:00:00
P1340,4,105,2024-01-01 00:00:00
P1340,5,59,2024-01-01 00:00:00
P1340,6,78,2024-01-01 00:00:00
P1340,7,68,2024-01-01 00:00:00
P1340,8,115,2024-01-01 00:00:00
P1340,9,129,2024-01-01 00:00:00
P1340,10,59,2024-01-01 00:00:00
P1341,1,48,2024-01-01 00:00:00
P1341,2,59,2024-01-01 00:00:00
P1341,3,95,2024-01-01 00:00:00
P1341,4,76,2024-01-01 00:00:00
P1341,5,88,2024-01-01 00:00:00
P1341,6,53,2024-01-01 00:00:00
P1341,7,56,2024-01-01 00:00:00
P1341,8,104,2024-01-01 00:00:00
P1341,9,49,2024-01-01 00:00:00
P1341,10,67,2024-01-01 00:00:00
P1342,1,95,2024-01-01 00:00:00
P1342,2,45,2024-01-01 00:00:00
P1342,3,46,2024-01-01 00:00:00
P1342,4,77,2024-01-01 00:00:00
P1342,5,75,2024-01-01 00:00:00
P1342,6,68,2024-01-01 00:00:00
P1342,7,76,2024-01-01 00:00:00
P1342,8,73,2024-01-01 00:00:00
P1342,9,58,2024-01-01 00:00:00
P1342,10,47,2024-01-01 00:00:00
P1343,1,95,2024-01-01 00:00:00
P1343,2,86,2024-01-01 00:00:00
P1343,3,71,2024-01-01 00:00:00
P1343,4,95,2024-01-01 00:00:00
P1343,5,69,2024-01-01 00:00:00
P1343,6,69,2024-01-01 00:00:00
P1343,7,69,2024-01-01 00:00:00
P1343,8,81,2024-01-01 00:00:00
P1343,9,51,2024-01-01 00:00:00
P1343,10,87,2024-01-01 00:00:00
P1344,1,100,2024-01-01 00:00:00
P1344,2,46,2024-01-01 00:00:00
P1344,3,75,2024-01-01 00:00:00
P1344,4,72,2024-01-01 00:00:00
P1344,5,80,2024-01-01 00:00:00
P1344,6,86,2024-01-01 00:00:00
P1344,7,59,2024-01-01 00:00:00
P1344,8,83,2024-01-01 00:00:00
P1344,9,54,2024-01-01 00:00:00
P1344,10,101,2024-01-01 00:00:00
P1345,1,93,2024-01-01 00:00:00
P1345,2,56,2024-01-01 00:00:00
P1345,3,49,2024-01-01 00:00:00
P1345,4,87,2024-01-01 00:00:00
P1345,5,98,2024-01-01 00:00:00
P1345,6,83,2024-01-01 00:00:00
P1345,7,100,2024-01-01 00:00:00
P1345,8,74,2024-01-01 00:00:00
P1345,9,99,2024-01-01 00:00:00
P1345,10,66,2024-01-01 00:00:00
P1346,1,96,2024-01-01 00:00:00
P1346,2,67,2024-01-01 00:00:00
P1346,3,83,2024-01-01 00:00:00
P1346,4,101,2024-01-01 00:00:00
P1346,5,121,2024-01-01 00:00:00
P1346,6,58,2024-01-01 00:00:00
P1346,7,120,2024-01-01 00:00:00
P1346,8,112,2024-01-01 00:00:00
P1346,9,81,2024-01-01 00:00:00
P1346,10,103,2024-01-01 00:00:00
P1347,1,74,2024-01-01 00:00:00
P1347,2,100,2024-01-01 00:00:00
P1347,3,66,2024-01-01 00:00:00
P1347,4,92,2024-01-01 00:00:00
P1347,5,67,2024-01-01 00:00:00
P1347,6,64,2024-01-01 00:00:00
P1347,7,67,2024-01-01 00:00:00
P1347,8,92,2024-01-01 00:00:00
P1347,9,77,2024-01-01 00:00:00
P1347,10,75,2024-01-01 00:00:00
P1348,1,71,2024-01-01 00:00:00
P1348,2,60,2024-01-01 00:00:00
P1348,3,45,2024-01-01 00:00:00
P1348,4,58,2024-01-01 00:00:00
P1348,5,90,2024-01-01 00:00:00
P1348,6,69,2024-01-01 00:00:00
P1348,7,95,2024-01-01 00:00:00
P1348,8,92,2024-01-01 00:00:00
P1348,9,53,2024-01-01 00:00:00
P1348,10,45,2024-01-01 00:00:00
P1349,1,79,2024-01-01 00:00:00
P1349,2,94,2024-01-01 00:00:00
P1349,3,97,2024-01-01 00:00:00
P1349,4,46,2024-01-01 00:00:00
P1349,5,83,2024-01-01 00:00:00
P1349,6,78,2024-01-01 00:00:00
P1349,7,55,2024-01-01 00:00:00
P1349,8,95,2024-01-01 00:00:00
P1349,9,75,2024-01-01 00:00:00
P1349,10,67,2024-01-01 00:00:00
P1350,1,71,2024-01-01 00:00:00
P1350,2,72,2024-01-01 00:00:00
P1350,3,120,2024-01-01 00:00:00
P1350,4,90,2024-01-01 00:00:00
P1350,5,71,2024-01-01 00:00:00
P1350,6,112,2024-01-01 00:00:00
P1350,7,116,2024-01-01 00:00:00
P1350,8,75,2024-01-01 00:00:00
P1350,9,54,2024-01-01 00:00:00
P1350,10,93,2024-01-01 00:00:00
P1351,1,59,2024-01-01 00:00:00
P1351,2,53,2024-01-01 00:00:00
P1351,3,84,2024-01-01 00:00:00
P1351,4,73,2024-01-01 00:00:00
P1351,5,85,2024-01-01 00:00:00
P1351,6,65,2024-01-01 00:00:00
P1351,7,68,2024-01-01 00:00:00
P1351,8,96,2024-01-01 00:00:00
P1351,9,55,2024-01-01 00:00:00
P1351,10,50,2024-01-01 00:00:00
P1352,1,78,2024-01-01 00:00:00
P1352,2,53,2024-01-01 00:00:00
P1352,3,56,2024-01-01 00:00:00
P1352,4,102,2024-01-01 00:00:00
P1352,5,78,2024-01-01 00:00:00
P1352,6,77,2024-01-01 00:00:00
P1352,7,93,2024-01-01 00:00:00
P1352,8,70,2024-01-01 00:00:00
P1352,9,79,2024-01-01 00:00:00
P1352,10,92,2024-01-01 00:00:00
P1353,1,62,2024-01-01 00:00:00
P1353,2,52,2024-01-01 00:00:00
P1353,3,81,2024-01-01 00:00:00
P1353,4,99,2024-01-01 00:00:00
P1353,5,83,2024-01-01 00:00:00
P1353,6,68,2024-01-01 00:00:00
P1353,7,97,2024-01-01 00:00:00
P1353,8,79,2024-01-01 00:00:00
P1353,9,45,2024-01-01 00:00:00
P1353,10,62,2024-01-01 00:00:00
P1354,1,56,2024-01-01 00:00:00
P1354,2,87,2024-01-01 00:00:00
P1354,3,45,2024-01-01 00:00:00
P1354,4,101,2024-01-01 00:00:00
P1354,5,96,2024-01-01 00:00:00
P1354,6,85,2024-01-01 00:00:00
P1354,7,46,2024-01-01 00:00:00
P1354,8,60,2024-01-01 00:00:00
P1354,9,63,2024-01-01 00:00:00
P1354,10,46,2024-01-01 00:00:00
P1355,1,73,2024-01-01 00:00:00
P1355,2,90,2024-01-01 00:00:00
P1355,3,75,2024-01-01 00:00:00
P1355,4,67,2024-01-01 00:00:00
P1355,5,51,2024-01-01 00:00:00
P1355,6,89,2024-01-01 00:00:00
P1355,7,72,2024-01-01 00:00:00
P1355,8,51,2024-01-01 00:00:00
P1355,9,75,2024-01-01 00:00:00
P1355,10,48,2024-01-01 00:00:00
P1356,1,58,2024-01-01 00:00:00
P1356,2,92,2024-01-01 00:00:00
P1356,3,58,2024-01-01 00:00:00
P1356,4,54,2024-01-01 00:00:00
P1356,5,80,2024-01-01 00:00:00
P1356,6,52,2024-01-01 00:00:00
P1356,7,70,2024-01-01 00:00:00
P1356,8,102,2024-01-01 00:00:00
P1356,9,74,2024-01-01 00:00:00
P1356,10,87,2024-01-01 00:00:00
P1357,1,81,2024-01-01 00:00:00
P1357,2,91,2024-01-01 00:00:00
P1357,3,101,2024-01-01 00:00:00
P1357,4,152,2024-01-01 00:00:00
P1357,5,135,2024-01-01 00:00:00
P1357,6,169,2024-01-01 00:00:00
P1357,7,172,2024-01-01 00:00:00
P1357,8,101,2024-01-01 00:00:00
P1357,9,150,2024-01-01 00:00:00
P1357,10,89,2024-01-01 00:00:00
P1358,1,70,2024-01-01 00:00:00
P1358,2,68,2024-01-01 00:00:00
P1358,3,62,2024-01-01 00:00:00
P1358,4,73,2024-01-01 00:00:00
P1358,5,68,2024-01-01 00:00:00
P1358,6,56,2024-01-01 00:00:00
P1358,7,47,2024-01-01 00:00:00
P1358,8,101,2024-01-01 00:00:00
P1358,9,85,2024-01-01 00:00:00
P1358,10,57,2024-01-01 00:00:00
P1359,1,65,2024-01-01 00:00:00
P1359,2,63,2024-01-01 00:00:00
P1359,3,100,2024-01-01 00:00:00
P1359,4,112,2024-01-01 00:00:00
P1359,5,93,2024-01-01 00:00:00
P1359,6,73,2024-01-01 00:00:00
P1359,7,57,2024-01-01 00:00:00
P1359,8,98,2024-01-01 00:00:00
P1359,9,52,2024-01-01 00:00:00
P1359,10,71,2024-01-01 00:00:00
P1360,1,85,2024-01-01 00:00:00
P1360,2,81,2024-01-01 00:00:00
P1360,3,125,2024-01-01 00:00:00
P1360,4,128,2024-01-01 00:00:00
P1360,5,122,2024-01-01 00:00:00
P1360,6,131,2024-01-01 00:00:00
P1360,7,121,2024-01-01 00:00:00
P1360,8,137,2024-01-01 00:00:00
P1360,9,161,2024-01-01 00:00:00
P1360,10,111,2024-01-01 00:00:00
P1361,1,73,2024-01-01 00:00:00
P1361,2,74,2024-01-01 00:00:00
P1361,3,66,2024-01-01 00:00:00
P1361,4,70,2024-01-01 00:00:00
P1361,5,65,2024-01-01 00:00:00
P1361,6,77,2024-01-01 00:00:00
P1361,7,74,2024-01-01 00:00:00
P1361,8,75,2024-01-01 00:00:00
P1361,9,65,2024-01-01 00:00:00
P1361,10,38,2024-01-01 00:00:00
P1362,1,97,2024-01-01 00:00:00
P1362,2,93,2024-01-01 00:00:00
P1362,3,93,2024-01-01 00:00:00
P1362,4,61,2024-01-01 00:00:00
P1362,5,93,2024-01-01 00:00:00
P1362,6,69,2024-01-01 00:00:00
P1362,7,73,2024-01-01 00:00:00
P1362,8,95,2024-01-01 00:00:00
P1362,9,86,2024-01-01 00:00:00
P1362,10,70,2024-01-01 00:00:00
P1363,1,136,2024-01-01 00:00:00
P1363,2,138,2024-01-01 00:00:00
P1363,3,137,2024-01-01 00:00:00
P1363,4,77,2024-01-01 00:00:00
P1363,5,64,2024-01-01 00:00:00
P1363,6,83,2024-01-01 00:00:00
P1363,7,96,2024-01-01 00:00:00
P1363,8,61,2024-01-01 00:00:00
P1363,9,74,2024-01-01 00:00:00
P1363,10,78,2024-01-01 00:00:00
P1364,1,95,2024-01-01 00:00:00
P1364,2,54,2024-01-01 00:00:00
P1364,3,45,2024-01-01 00:00:00
P1364,4,70,2024-01-01 00:00:00
P1364,5,62,2024-01-01 00:00:00
P1364,6,91,2024-01-01 00:00:00
P1364,7,65,2024-01-01 00:00:00
P1364,8,94,2024-01-01 00:00:00
P1364,9,80,2024-01-01 00:00:00
P1364,10,53,2024-01-01 00:00:00
P1365,1,91,2024-01-01 00:00:00
P1365,2,49,2024-01-01 00:00:00
P1365,3,56,2024-01-01 00:00:00
P1365,4,51,2024-01-01 00:00:00
P1365,5,105,2024-01-01 00:00:00
P1365,6,64,2024-01-01 00:00:00
P1365,7,72,2024-01-01 00:00:00
P1365,8,94,2024-01-01 00:00:00
P1365,9,90,2024-01-01 00:00:00
P1365,10,82,2024-01-01 00:00:00
P1366,1,105,2024-01-01 00:00:00
P1366,2,111,2024-01-01 00:00:00
P1366,3,123,2024-01-01 00:00:00
P1366,4,80,2024-01-01 00:00:00
P1366,5,99,2024-01-01 00:00:00
P1366,6,68,2024-01-01 00:00:00
P1366,7,125,2024-01-01 00:00:00
P1366,8,64,2024-01-01 00:00:00
P1366,9,90,2024-01-01 00:00:00
P1366,10,79,2024-01-01 00:00:00
P1367,1,79,2024-01-01 00:00:00
P1367,2,67,2024-01-01 00:00:00
P1367,3,48,2024-01-01 00:00:00
P1367,4,76,2024-01-01 00:00:00
P1367,5,56,2024-01-01 00:00:00
P1367,6,100,2024-01-01 00:00:00
P1367,7,87,2024-01-01 00:00:00
P1367,8,48,2024-01-01 00:00:00
P1367,9,51,2024-01-01 00:00:00
P1367,10,77,2024-01-01 00:00:00
P1368,1,74,2024-01-01 00:00:00
P1368,2,79,2024-01-01 00:00:00
P1368,3,50,2024-01-01 00:00:00
P1368,4,84,2024-01-01 00:00:00
P1368,5,40,2024-01-01 00:00:00
P1368,6,79,2024-01-01 00:00:00
P1368,7,91,2024-01-01 00:00:00
P1368,8,40,2024-01-01 00:00:00
P1368,9,69,2024-01-01 00:00:00
P1368,10,67,2024-01-01 00:00:00
P1369,1,105,2024-01-01 00:00:00
P1369,2,53,2024-01-01 00:00:00
P1369,3,65,2024-01-01 00:00:00
P1369,4,94,2024-01-01 00:00:00
P1369,5,74,2024-01-01 00:00:00
P1369,6,66,2024-01-01 00:00:00
P1369,7,102,2024-01-01 00:00:00
P1369,8,52,2024-01-01 00:00:00
P1369,9,71,2024-01-01 00:00:00
P1369,10,91,2024-01-01 00:00:00
P1370,1,53,2024-01-01 00:00:00
P1370,2,50,2024-01-01 00:00:00
P1370,3,46,2024-01-01 00:00:00
P1370,4,104,2024-01-01 00:00:00
P1370,5,100,2024-01-01 00:00:00
P1370,6,69,2024-01-01 00:00:00
P1370,7,59,2024-01-01 00:00:00
P1370,8,54,2024-01-01 00:00:00
P1370,9,60,2024-01-01 00:00:00
P1370,10,90,2024-01-01 00:00:00
P1371,1,80,2024-01-01 00:00:00
P1371,2,118,2024-01-01 00:00:00
P1371,3,73,2024-01-01 00:00:00
P1371,4,124,2024-01-01 00:00:00
P1371,5,87,2024-01-01 00:00:00
P1371,6,84,2024-01-01 00:00:00
P1371,7,77,2024-01-01 00:00:00
P1371,8,108,2024-01-01 00:00:00
P1371,9,78,2024-01-01 00:00:00
P1371,10,66,2024-01-01 00:00:00
P1372,1,105,2024-01-01 00:00:00
P1372,2,109,2024-01-01 00:00:00
P1372,3,139,2024-01-01 00:00:00
P1372,4,118,2024-01-01 00:00:00
P1372,5,163,2024-01-01 00:00:00
P1372,6,88,2024-01-01 00:00:00
P1372,7,101,2024-01-01 00:00:00
P1372,8,136,2024-01-01 00:00:00
P1372,9,156,2024-01-01 00:00:00
P1372,10,101,2024-01-01 00:00:00
P1373,1,110,2024-01-01 00:00:00
P1373,2,125,2024-01-01 00:00:00
P1373,3,98,2024-01-01 00:00:00
P1373,4,139,2024-01-01 00:00:00
P1373,5,128,2024-01-01 00:00:00
P1373,6,98,2024-01-01 00:00:00
P1373,7,143,2024-01-01 00:00:00
P1373,8,99,2024-01-01 00:00:00
P1373,9,148,2024-01-01 00:00:00
P1373,10,108,2024-01-01 00:00:00
P1374,1,105,2024-01-01 00:00:00
P1374,2,90,2024-01-01 00:00:00
P1374,3,131,2024-01-01 00:00:00
P1374,4,61,2024-01-01 00:00:00
P1374,5,74,2024-01-01 00:00:00
P1374,6,105,2024-01-01 00:00:00
P1374,7,91,2024-01-01 00:00:00
P1374,8,63,2024-01-01 00:00:00
P1374,9,139,2024-01-01 00:00:00
P1374,10,104,2024-01-01 00:00:00
P1375,1,46,2024-01-01 00:00:00
P1375,2,28,2024-01-01 00:00:00
P1375,3,26,2024-01-01 00:00:00
P1375,4,43,2024-01-01 00:00:00
P1375,5,56,2024-01-01 00:00:00
P1375,6,46,2024-01-01 00:00:00
P1375,7,47,2024-01-01 00:00:00
P1375,8,55,2024-01-01 00:00:00
P1375,9,52,2024-01-01 00:00:00
P1375,10,26,2024-01-01 00:00:00
P1376,1,22,2024-01-01 00:00:00
P1376,2,11,2024-01-01 00:00:00
P1376,3,10,2024-01-01 00:00:00
P1376,4,16,2024-01-01 00:00:00
P1376,5,18,2024-01-01 00:00:00
P1376,6,19,2024-01-01 00:00:00
P1376,7,13,2024-01-01 00:00:00
P1376,8,19,2024-01-01 00:00:00
P1376,9,17,2024-01-01 00:00:00
P1376,10,16,2024-01-01 00:00:00
P1377,1,45,2024-01-01 00:00:00
P1377,2,80,2024-01-01 00:00:00
P1377,3,81,2024-01-01 00:00:00
P1377,4,85,2024-01-01 00:00:00
P1377,5,51,2024-01-01 00:00:00
P1377,6,96,2024-01-01 00:00:00
P1377,7,68,2024-01-01 00:00:00
P1377,8,80,2024-01-01 00:00:00
P1377,9,61,2024-01-01 00:00:00
P1377,10,59,2024-01-01 00:00:00
P1378,1,57,2024-01-01 00:00:00
P1378,2,101,2024-01-01 00:00:00
P1378,3,76,2024-01-01 00:00:00
P1378,4,92,2024-01-01 00:00:00
P1378,5,78,2024-01-01 00:00:00
P1378,6,83,2024-01-01 00:00:00
P1378,7,87,2024-01-01 00:00:00
P1378,8,86,2024-01-01 00:00:00
P1378,9,49,2024-01-01 00:00:00
P1378,10,48,2024-01-01 00:00:00
P1379,1,43,2024-01-01 00:00:00
P1379,2,61,2024-01-01 00:00:00
P1379,3,48,2024-01-01 00:00:00
P1379,4,32,2024-01-01 00:00:00
P1379,5,28,2024-01-01 00:00:00
P1379,6,46,2024-01-01 00:00:00
P1379,7,35,2024-01-01 00:00:00
P1379,8,33,2024-01-01 00:00:00
P1379,9,32,2024-01-01 00:00:00
P1379,10,41,2024-01-01 00:00:00
P1380,1,36,2024-01-01 00:00:00
P1380,2,55,2024-01-01 00:00:00
P1380,3,56,2024-01-01 00:00:00
P1380,4,42,2024-01-01 00:00:00
P1380,5,59,2024-01-01 00:00:00
P1380,6,61,2024-01-01 00:00:00
P1380,7,53,2024-01-01 00:00:00
P1380,8,37,2024-01-01 00:00:00
P1380,9,50,2024-01-01 00:00:00
P1380,10,31,2024-01-01 00:00:00
P1381,1,30,2024-01-01 00:00:00
P1381,2,30,2024-01-01 00:00:00
P1381,3,50,2024-01-01 00:00:00
P1381,4,44,2024-01-01 00:00:00
P1381,5,21,2024-01-01 00:00:00
P1381,6,28,2024-01-01 00:00:00
P1381,7,45,2024-01-01 00:00:00
P1381,8,26,2024-01-01 00:00:00
P1381,9,31,2024-01-01 00:00:00
P1381,10,44,2024-01-01 00:00:00
P1382,1,36,2024-01-01 00:00:00
P1382,2,19,2024-01-01 00:00:00
P1382,3,25,2024-01-01 00:00:00
P1382,4,21,2024-01-01 00:00:00
P1382,5,19,2024-01-01 00:00:00
P1382,6,36,2024-01-01 00:00:00
P1382,7,32,2024-01-01 00:00:00
P1382,8,36,2024-01-01 00:00:00
P1382,9,34,2024-01-01 00:00:00
P1382,10,18,2024-01-01 00:00:00
P1383,1,26,2024-01-01 00:00:00
P1383,2,47,2024-01-01 00:00:00
P1383,3,22,2024-01-01 00:00:00
P1383,4,33,2024-01-01 00:00:00
P1383,5,40,2024-01-01 00:00:00
P1383,6,28,2024-01-01 00:00:00
P1383,7,32,2024-01-01 00:00:00
P1383,8,49,2024-01-01 00:00:00
P1383,9,46,2024-01-01 00:00:00
P1383,10,23,2024-01-01 00:00:00
P1384,1,54,2024-01-01 00:00:00
P1384,2,61,2024-01-01 00:00:00
P1384,3,64,2024-01-01 00:00:00
P1384,4,64,2024-01-01 00:00:00
P1384,5,29,2024-01-01 00:00:00
P1384,6,50,2024-01-01 00:00:00
P1384,7,59,2024-01-01 00:00:00
P1384,8,31,2024-01-01 00:00:00
P1384,9,62,2024-01-01 00:00:00
P1384,10,51,2024-01-01 00:00:00
P1385,1,33,2024-01-01 00:00:00
P1385,2,22,2024-01-01 00:00:00
P1385,3,39,2024-01-01 00:00:00
P1385,4,24,2024-01-01 00:00:00
P1385,5,28,2024-01-01 00:00:00
P1385,6,21,2024-01-01 00:00:00
P1385,7,42,2024-01-01 00:00:00
P1385,8,23,2024-01-01 00:00:00
P1385,9,28,2024-01-01 00:00:00
P1385,10,33,2024-01-01 00:00:00
P1386,1,51,2024-01-01 00:00:00
P1386,2,40,2024-01-01 00:00:00
P1386,3,49,2024-01-01 00:00:00
P1386,4,77,2024-01-01 00:00:00
P1386,5,64,2024-01-01 00:00:00
P1386,6,77,2024-01-01 00:00:00
P1386,7,59,2024-01-01 00:00:00
P1386,8,72,2024-01-01 00:00:00
P1386,9,80,2024-01-01 00:00:00
P1386,10,56,2024-01-01 00:00:00
P1387,1,104,2024-01-01 00:00:00
P1387,2,87,2024-01-01 00:00:00
P1387,3,92,2024-01-01 00:00:00
P1387,4,65,2024-01-01 00:00:00
P1387,5,77,2024-01-01 00:00:00
P1387,6,90,2024-01-01 00:00:00
P1387,7,55,2024-01-01 00:00:00
P1387,8,47,2024-01-01 00:00:00
P1387,9,87,2024-01-01 00:00:00
P1387,10,103,2024-01-01 00:00:00
P1388,1,59,2024-01-01 00:00:00
P1388,2,97,2024-01-01 00:00:00
P1388,3,55,2024-01-01 00:00:00
P1388,4,90,2024-01-01 00:00:00
P1388,5,99,2024-01-01 00:00:00
P1388,6,68,2024-01-01 00:00:00
P1388,7,45,2024-01-01 00:00:00
P1388,8,50,2024-01-01 00:00:00
P1388,9,85,2024-01-01 00:00:00
P1388,10,81,2024-01-01 00:00:00
P1389,1,103,2024-01-01 00:00:00
P1389,2,71,2024-01-01 00:00:00
P1389,3,69,2024-01-01 00:00:00
P1389,4,65,2024-01-01 00:00:00
P1389,5,100,2024-01-01 00:00:00
P1389,6,77,2024-01-01 00:00:00
P1389,7,96,2024-01-01 00:00:00
P1389,8,54,2024-01-01 00:00:00
P1389,9,73,2024-01-01 00:00:00
P1389,10,97,2024-01-01 00:00:00
P1390,1,43,2024-01-01 00:00:00
P1390,2,29,2024-01-01 00:00:00
P1390,3,22,2024-01-01 00:00:00
P1390,4,28,2024-01-01 00:00:00
P1390,5,36,2024-01-01 00:00:00
P1390,6,24,2024-01-01 00:00:00
P1390,7,22,2024-01-01 00:00:00
P1390,8,22,2024-01-01 00:00:00
P1390,9,25,2024-01-01 00:00:00
P1390,10,24,2024-01-01 00:00:00
P1391,1,45,2024-01-01 00:00:00
P1391,2,31,2024-01-01 00:00:00
P1391,3,33,2024-01-01 00:00:00
P1391,4,35,2024-01-01 00:00:00
P1391,5,36,2024-01-01 00:00:00
P1391,6,30,2024-01-01 00:00:00
P1391,7,30,2024-01-01 00:00:00
P1391,8,25,2024-01-01 00:00:00
P1391,9,26,2024-01-01 00:00:00
P1391,10,36,2024-01-01 00:00:00
P1392,1,89,2024-01-01 00:00:00
P1392,2,79,2024-01-01 00:00:00
P1392,3,55,2024-01-01 00:00:00
P1392,4,89,2024-01-01 00:00:00
P1392,5,67,2024-01-01 00:00:00
P1392,6,49,2024-01-01 00:00:00
P1392,7,92,2024-01-01 00:00:00
P1392,8,81,2024-01-01 00:00:00
P1392,9,96,2024-01-01 00:00:00
P1392,10,59,2024-01-01 00:00:00
P1393,1,84,2024-01-01 00:00:00
P1393,2,93,2024-01-01 00:00:00
P1393,3,96,2024-01-01 00:00:00
P1393,4,89,2024-01-01 00:00:00
P1393,5,79,2024-01-01 00:00:00
P1393,6,89,2024-01-01 00:00:00
P1393,7,67,2024-01-01 00:00:00
P1393,8,73,2024-01-01 00:00:00
P1393,9,69,2024-01-01 00:00:00
P1393,10,73,2024-01-01 00:00:00
P1394,1,99,2024-01-01 00:00:00
P1394,2,73,2024-01-01 00:00:00
P1394,3,83,2024-01-01 00:00:00
P1394,4,48,2024-01-01 00:00:00
P1394,5,53,2024-01-01 00:00:00
P1394,6,75,2024-01-01 00:00:00
P1394,7,92,2024-01-01 00:00:00
P1394,8,98,2024-01-01 00:00:00
P1394,9,63,2024-01-01 00:00:00
P1394,10,74,2024-01-01 00:00:00
P1395,1,47,2024-01-01 00:00:00
P1395,2,78,2024-01-01 00:00:00
P1395,3,48,2024-01-01 00:00:00
P1395,4,102,2024-01-01 00:00:00
P1395,5,61,2024-01-01 00:00:00
P1395,6,92,2024-01-01 00:00:00
P1395,7,46,2024-01-01 00:00:00
P1395,8,100,2024-01-01 00:00:00
P1395,9,83,2024-01-01 00:00:00
P1395,10,97,2024-01-01 00:00:00
P1396,1,87,2024-01-01 00:00:00
P1396,2,54,2024-01-01 00:00:00
P1396,3,102,2024-01-01 00:00:00
P1396,4,103,2024-01-01 00:00:00
P1396,5,86,2024-01-01 00:00:00
P1396,6,81,2024-01-01 00:00:00
P1396,7,72,2024-01-01 00:00:00
P1396,8,99,2024-01-01 00:00:00
P1396,9,87,2024-01-01 00:00:00
P1396,10,54,2024-01-01 00:00:00
P1397,1,47,2024-01-01 00:00:00
P1397,2,60,2024-01-01 00:00:00
P1397,3,97,2024-01-01 00:00:00
P1397,4,102,2024-01-01 00:00:00
P1397,5,56,2024-01-01 00:00:00
P1397,6,58,2024-01-01 00:00:00
P1397,7,87,2024-01-01 00:00:00
P1397,8,56,2024-01-01 00:00:00
P1397,9,83,2024-01-01 00:00:00
P1397,10,54,2024-01-01 00:00:00
P1398,1,93,2024-01-01 00:00:00
P1398,2,92,2024-01-01 00:00:00
P1398,3,84,2024-01-01 00:00:00
P1398,4,94,2024-01-01 00:00:00
P1398,5,79,2024-01-01 00:00:00
P1398,6,74,2024-01-01 00:00:00
P1398,7,62,2024-01-01 00:00:00
P1398,8,68,2024-01-01 00:00:00
P1398,9,83,2024-01-01 00:00:00
P1398,10,71,2024-01-01 00:00:00
P1399,1,37,2024-01-01 00:00:00
P1399,2,38,2024-01-01 00:00:00
P1399,3,24,2024-01-01 00:00:00
P1399,4,39,2024-01-01 00:00:00
P1399,5,40,2024-01-01 00:00:00
P1399,6,35,2024-01-01 00:00:00
P1399,7,20,2024-01-01 00:00:00
P1399,8,33,2024-01-01 00:00:00
P1399,9,22,2024-01-01 00:00:00
P1399,10,42,2024-01-01 00:00:00
P1400,1,56,2024-01-01 00:00:00
P1400,2,35,2024-01-01 00:00:00
P1400,3,55,2024-01-01 00:00:00
P1400,4,69,2024-01-01 00:00:00
P1400,5,39,2024-01-01 00:00:00
P1400,6,40,2024-01-01 00:00:00
P1400,7,33,2024-01-01 00:00:00
P1400,8,46,2024-01-01 00:00:00
P1400,9,32,2024-01-01 00:00:00
P1400,10,51,2024-01-01 00:00:00
P1401,1,11,2024-01-01 00:00:00
P1401,2,12,2024-01-01 00:00:00
P1401,3,14,2024-01-01 00:00:00
P1401,4,21,2024-01-01 00:00:00
P1401,5,14,2024-01-01 00:00:00
P1401,6,23,2024-01-01 00:00:00
P1401,7,18,2024-01-01 00:00:00
P1401,8,27,2024-01-01 00:00:00
P1401,9,15,2024-01-01 00:00:00
P1401,10,18,2024-01-01 00:00:00
P1402,1,99,2024-01-01 00:00:00
P1402,2,68,2024-01-01 00:00:00
P1402,3,101,2024-01-01 00:00:00
P1402,4,94,2024-01-01 00:00:00
P1402,5,72,2024-01-01 00:00:00
P1402,6,65,2024-01-01 00:00:00
P1402,7,121,2024-01-01 00:00:00
P1402,8,123,2024-01-01 00:00:00
P1402,9,69,2024-01-01 00:00:00
P1402,10,91,2024-01-01 00:00:00
P1403,1,43,2024-01-01 00:00:00
P1403,2,41,2024-01-01 00:00:00
P1403,3,19,2024-01-01 00:00:00
P1403,4,25,2024-01-01 00:00:00
P1403,5,23,2024-01-01 00:00:00
P1403,6,43,2024-01-01 00:00:00
P1403,7,29,2024-01-01 00:00:00
P1403,8,41,2024-01-01 00:00:00
P1403,9,33,2024-01-01 00:00:00
P1403,10,19,2024-01-01 00:00:00
P1404,1,35,2024-01-01 00:00:00
P1404,2,36,2024-01-01 00:00:00
P1404,3,52,2024-01-01 00:00:00
P1404,4,28,2024-01-01 00:00:00
P1404,5,44,2024-01-01 00:00:00
P1404,6,41,2024-01-01 00:00:00
P1404,7,39,2024-01-01 00:00:00
P1404,8,38,2024-01-01 00:00:00
P1404,9,35,2024-01-01 00:00:00
P1404,10,42,2024-01-01 00:00:00
P1405,1,70,2024-01-01 00:00:00
P1405,2,52,2024-01-01 00:00:00
P1405,3,50,2024-01-01 00:00:00
P1405,4,86,2024-01-01 00:00:00
P1405,5,93,2024-01-01 00:00:00
P1405,6,82,2024-01-01 00:00:00
P1405,7,82,2024-01-01 00:00:00
P1405,8,54,2024-01-01 00:00:00
P1405,9,96,2024-01-01 00:00:00
P1405,10,86,2024-01-01 00:00:00
P1406,1,67,2024-01-01 00:00:00
P1406,2,80,2024-01-01 00:00:00
P1406,3,64,2024-01-01 00:00:00
P1406,4,53,2024-01-01 00:00:00
P1406,5,93,2024-01-01 00:00:00
P1406,6,82,2024-01-01 00:00:00
P1406,7,90,2024-01-01 00:00:00
P1406,8,97,2024-01-01 00:00:00
P1406,9,97,2024-01-01 00:00:00
P1406,10,67,2024-01-01 00:00:00
P1407,1,65,2024-01-01 00:00:00
P1407,2,77,2024-01-01 00:00:00
P1407,3,76,2024-01-01 00:00:00
P1407,4,78,2024-01-01 00:00:00
P1407,5,49,2024-01-01 00:00:00
P1407,6,78,2024-01-01 00:00:00
P1407,7,38,2024-01-01 00:00:00
P1407,8,39,2024-01-01 00:00:00
P1407,9,52,2024-01-01 00:00:00
P1407,10,70,2024-01-01 00:00:00
P1408,1,51,2024-01-01 00:00:00
P1408,2,37,2024-01-01 00:00:00
P1408,3,26,2024-01-01 00:00:00
P1408,4,31,2024-01-01 00:00:00
P1408,5,33,2024-01-01 00:00:00
P1408,6,50,2024-01-01 00:00:00
P1408,7,48,2024-01-01 00:00:00
P1408,8,37,2024-01-01 00:00:00
P1408,9,30,2024-01-01 00:00:00
P1408,10,31,2024-01-01 00:00:00
P1409,1,60,2024-01-01 00:00:00
P1409,2,57,2024-01-01 00:00:00
P1409,3,40,2024-01-01 00:00:00
P1409,4,41,2024-01-01 00:00:00
P1409,5,57,2024-01-01 00:00:00
P1409,6,40,2024-01-01 00:00:00
P1409,7,62,2024-01-01 00:00:00
P1409,8,58,2024-01-01 00:00:00
P1409,9,34,2024-01-01 00:00:00
P1409,10,63,2024-01-01 00:00:00
P1410,1,38,2024-01-01 00:00:00
P1410,2,26,2024-01-01 00:00:00
P1410,3,42,2024-01-01 00:00:00
P1410,4,43,2024-01-01 00:00:00
P1410,5,45,2024-01-01 00:00:00
P1410,6,31,2024-01-01 00:00:00
P1410,7,34,2024-01-01 00:00:00
P1410,8,28,2024-01-01 00:00:00
P1410,9,35,2024-01-01 00:00:00
P1410,10,32,2024-01-01 00:00:00
P1411,1,48,2024-01-01 00:00:00
P1411,2,45,2024-01-01 00:00:00
P1411,3,42,2024-01-01 00:00:00
P1411,4,44,2024-01-01 00:00:00
P1411,5,36,2024-01-01 00:00:00
P1411,6,47,2024-01-01 00:00:00
P1411,7,43,2024-01-01 00:00:00
P1411,8,24,2024-01-01 00:00:00
P1411,9,44,2024-01-01 00:00:00
P1411,10,39,2024-01-01 00:00:00
P1412,1,52,2024-01-01 00:00:00
P1412,2,24,2024-01-01 00:00:00
P1412,3,24,2024-01-01 00:00:00
P1412,4,44,2024-01-01 00:00:00
P1412,5,56,2024-01-01 00:00:00
P1412,6,32,2024-01-01 00:00:00
P1412,7,28,2024-01-01 00:00:00
P1412,8,45,2024-01-01 00:00:00
P1412,9,41,2024-01-01 00:00:00
P1412,10,44,2024-01-01 00:00:00
P1413,1,33,2024-01-01 00:00:00
P1413,2,46,2024-01-01 00:00:00
P1413,3,60,2024-01-01 00:00:00
P1413,4,70,2024-01-01 00:00:00
P1413,5,54,2024-01-01 00:00:00
P1413,6,65,2024-01-01 00:00:00
P1413,7,53,2024-01-01 00:00:00
P1413,8,70,2024-01-01 00:00:00
P1413,9,62,2024-01-01 00:00:00
P1413,10,58,2024-01-01 00:00:00
P1414,1,61,2024-01-01 00:00:00
P1414,2,67,2024-01-01 00:00:00
P1414,3,49,2024-01-01 00:00:00
P1414,4,60,2024-01-01 00:00:00
P1414,5,92,2024-01-01 00:00:00
P1414,6,61,2024-01-01 00:00:00
P1414,7,90,2024-01-01 00:00:00
P1414,8,51,2024-01-01 00:00:00
P1414,9,98,2024-01-01 00:00:00
P1414,10,72,2024-01-01 00:00:00
P1415,1,51,2024-01-01 00:00:00
P1415,2,53,2024-01-01 00:00:00
P1415,3,46,2024-01-01 00:00:00
P1415,4,63,2024-01-01 00:00:00
P1415,5,70,2024-01-01 00:00:00
P1415,6,83,2024-01-01 00:00:00
P1415,7,96,2024-01-01 00:00:00
P1415,8,68,2024-01-01 00:00:00
P1415,9,98,2024-01-01 00:00:00
P1415,10,86,2024-01-01 00:00:00
P1416,1,24,2024-01-01 00:00:00
P1416,2,28,2024-01-01 00:00:00
P1416,3,19,2024-01-01 00:00:00
P1416,4,23,2024-01-01 00:00:00
P1416,5,32,2024-01-01 00:00:00
P1416,6,16,2024-01-01 00:00:00
P1416,7,21,2024-01-01 00:00:00
P1416,8,35,2024-01-01 00:00:00
P1416,9,36,2024-01-01 00:00:00
P1416,10,28,2024-01-01 00:00:00
P1417,1,59,2024-01-01 00:00:00
P1417,2,92,2024-01-01 00:00:00
P1417,3,45,2024-01-01 00:00:00
P1417,4,86,2024-01-01 00:00:00
P1417,5,83,2024-01-01 00:00:00
P1417,6,70,2024-01-01 00:00:00
P1417,7,53,2024-01-01 00:00:00
P1417,8,66,2024-01-01 00:00:00
P1417,9,94,2024-01-01 00:00:00
P1417,10,94,2024-01-01 00:00:00
P1418,1,49,2024-01-01 00:00:00
P1418,2,78,2024-01-01 00:00:00
P1418,3,47,2024-01-01 00:00:00
P1418,4,53,2024-01-01 00:00:00
P1418,5,66,2024-01-01 00:00:00
P1418,6,86,2024-01-01 00:00:00
P1418,7,80,2024-01-01 00:00:00
P1418,8,92,2024-01-01 00:00:00
P1418,9,90,2024-01-01 00:00:00
P1418,10,54,2024-01-01 00:00:00
P1419,1,40,2024-01-01 00:00:00
P1419,2,44,2024-01-01 00:00:00
P1419,3,48,2024-01-01 00:00:00
P1419,4,22,2024-01-01 00:00:00
P1419,5,51,2024-01-01 00:00:00
P1419,6,36,2024-01-01 00:00:00
P1419,7,52,2024-01-01 00:00:00
P1419,8,44,2024-01-01 00:00:00
P1419,9,26,2024-01-01 00:00:00
P1419,10,35,2024-01-01 00:00:00
P1420,1,26,2024-01-01 00:00:00
P1420,2,22,2024-01-01 00:00:00
P1420,3,47,2024-01-01 00:00:00
P1420,4,28,2024-01-01 00:00:00
P1420,5,47,2024-01-01 00:00:00
P1420,6,31,2024-01-01 00:00:00
P1420,7,36,2024-01-01 00:00:00
P1420,8,44,2024-01-01 00:00:00
P1420,9,33,2024-01-01 00:00:00
P1420,10,27,2024-01-01 00:00:00
P1421,1,61,2024-01-01 00:00:00
P1421,2,57,2024-01-01 00:00:00
P1421,3,40,2024-01-01 00:00:00
P1421,4,40,2024-01-01 00:00:00
P1421,5,54,2024-01-01 00:00:00
P1421,6,27,2024-01-01 00:00:00
P1421,7,59,2024-01-01 00:00:00
P1421,8,40,2024-01-01 00:00:00
P1421,9,37,2024-01-01 00:00:00
P1421,10,50,2024-01-01 00:00:00
P1422,1,37,2024-01-01 00:00:00
P1422,2,30,2024-01-01 00:00:00
P1422,3,30,2024-01-01 00:00:00
P1422,4,39,2024-01-01 00:00:00
P1422,5,24,2024-01-01 00:00:00
P1422,6,49,2024-01-01 00:00:00
P1422,7,43,2024-01-01 00:00:00
P1422,8,36,2024-01-01 00:00:00
P1422,9,50,2024-01-01 00:00:00
P1422,10,29,2024-01-01 00:00:00
P1423,1,46,2024-01-01 00:00:00
P1423,2,46,2024-01-01 00:00:00
P1423,3,85,2024-01-01 00:00:00
P1423,4,73,2024-01-01 00:00:00
P1423,5,52,2024-01-01 00:00:00
P1423,6,68,2024-01-01 00:00:00
P1423,7,86,2024-01-01 00:00:00
P1423,8,93,2024-01-01 00:00:00
P1423,9,66,2024-01-01 00:00:00
P1423,10,60,2024-01-01 00:00:00
P1424,1,35,2024-01-01 00:00:00
P1424,2,29,2024-01-01 00:00:00
P1424,3,53,2024-01-01 00:00:00
P1424,4,50,2024-01-01 00:00:00
P1424,5,31,2024-01-01 00:00:00
P1424,6,46,2024-01-01 00:00:00
P1424,7,46,2024-01-01 00:00:00
P1424,8,43,2024-01-01 00:00:00
P1424,9,45,2024-01-01 00:00:00
P1424,10,25,2024-01-01 00:00:00
P1425,1,87,2024-01-01 00:00:00
P1425,2,87,2024-01-01 00:00:00
P1425,3,54,2024-01-01 00:00:00
P1425,4,76,2024-01-01 00:00:00
P1425,5,79,2024-01-01 00:00:00
P1425,6,94,2024-01-01 00:00:00
P1425,7,101,2024-01-01 00:00:00
P1425,8,81,2024-01-01 00:00:00
P1425,9,82,2024-01-01 00:00:00
P1425,10,82,2024-01-01 00:00:00
P1426,1,70,2024-01-01 00:00:00
P1426,2,89,2024-01-01 00:00:00
P1426,3,78,2024-01-01 00:00:00
P1426,4,61,2024-01-01 00:00:00
P1426,5,57,2024-01-01 00:00:00
P1426,6,73,2024-01-01 00:00:00
P1426,7,87,2024-01-01 00:00:00
P1426,8,87,2024-01-01 00:00:00
P1426,9,49,2024-01-01 00:00:00
P1426,10,88,2024-01-01 00:00:00
P1427,1,75,2024-01-01 00:00:00
P1427,2,71,2024-01-01 00:00:00
P1427,3,48,2024-01-01 00:00:00
P1427,4,85,2024-01-01 00:00:00
P1427,5,88,2024-01-01 00:00:00
P1427,6,47,2024-01-01 00:00:00
P1427,7,76,2024-01-01 00:00:00
P1427,8,93,2024-01-01 00:00:00
P1427,9,86,2024-01-01 00:00:00
P1427,10,103,2024-01-01 00:00:00
P1428,1,75,2024-01-01 00:00:00
P1428,2,72,2024-01-01 00:00:00
P1428,3,60,2024-01-01 00:00:00
P1428,4,93,2024-01-01 00:00:00
P1428,5,68,2024-01-01 00:00:00
P1428,6,48,2024-01-01 00:00:00
P1428,7,104,2024-01-01 00:00:00
P1428,8,103,2024-01-01 00:00:00
P1428,9,82,2024-01-01 00:00:00
P1428,10,74,2024-01-01 00:00:00
P1429,1,78,2024-01-01 00:00:00
P1429,2,66,2024-01-01 00:00:00
P1429,3,88,2024-01-01 00:00:00
P1429,4,57,2024-01-01 00:00:00
P1429,5,50,2024-01-01 00:00:00
P1429,6,47,2024-01-01 00:00:00
P1429,7,105,2024-01-01 00:00:00
P1429,8,69,2024-01-01 00:00:00
P1429,9,85,2024-01-01 00:00:00
P1429,10,95,2024-01-01 00:00:00
P1430,1,50,2024-01-01 00:00:00
P1430,2,61,2024-01-01 00:00:00
P1430,3,48,2024-01-01 00:00:00
P1430,4,64,2024-01-01 00:00:00
P1430,5,99,2024-01-01 00:00:00
P1430,6,70,2024-01-01 00:00:00
P1430,7,70,2024-01-01 00:00:00
P1430,8,90,2024-01-01 00:00:00
P1430,9,72,2024-01-01 00:00:00
P1430,10,83,2024-01-01 00:00:00
P1431,1,64,2024-01-01 00:00:00
P1431,2,81,2024-01-01 00:00:00
P1431,3,55,2024-01-01 00:00:00
P1431,4,68,2024-01-01 00:00:00
P1431,5,91,2024-01-01 00:00:00
P1431,6,60,2024-01-01 00:00:00
P1431,7,57,2024-01-01 00:00:00
P1431,8,90,2024-01-01 00:00:00
P1431,9,69,2024-01-01 00:00:00
P1431,10,48,2024-01-01 00:00:00
P1432,1,77,2024-01-01 00:00:00
P1432,2,101,2024-01-01 00:00:00
P1432,3,64,2024-01-01 00:00:00
P1432,4,79,2024-01-01 00:00:00
P1432,5,61,2024-01-01 00:00:00
P1432,6,68,2024-01-01 00:00:00
P1432,7,65,2024-01-01 00:00:00
P1432,8,105,2024-01-01 00:00:00
P1432,9,89,2024-01-01 00:00:00
P1432,10,96,2024-01-01 00:00:00
P1433,1,66,2024-01-01 00:00:00
P1433,2,81,2024-01-01 00:00:00
P1433,3,51,2024-01-01 00:00:00
P1433,4,97,2024-01-01 00:00:00
P1433,5,85,2024-01-01 00:00:00
P1433,6,55,2024-01-01 00:00:00
P1433,7,45,2024-01-01 00:00:00
P1433,8,91,2024-01-01 00:00:00
P1433,9,73,2024-01-01 00:00:00
P1433,10,93,2024-01-01 00:00:00
P1434,1,51,2024-01-01 00:00:00
P1434,2,46,2024-01-01 00:00:00
P1434,3,56,2024-01-01 00:00:00
P1434,4,86,2024-01-01 00:00:00
P1434,5,89,2024-01-01 00:00:00
P1434,6,73,2024-01-01 00:00:00
P1434,7,63,2024-01-01 00:00:00
P1434,8,71,2024-01-01 00:00:00
P1434,9,94,2024-01-01 00:00:00
P1434,10,59,2024-01-01 00:00:00
P1435,1,91,2024-01-01 00:00:00
P1435,2,80,2024-01-01 00:00:00
P1435,3,78,2024-01-01 00:00:00
P1435,4,97,2024-01-01 00:00:00
P1435,5,51,2024-01-01 00:00:00
P1435,6,77,2024-01-01 00:00:00
P1435,7,58,2024-01-01 00:00:00
P1435,8,79,2024-01-01 00:00:00
P1435,9,59,2024-01-01 00:00:00
P1435,10,95,2024-01-01 00:00:00
P1436,1,51,2024-01-01 00:00:00
P1436,2,101,2024-01-01 00:00:00
P1436,3,75,2024-01-01 00:00:00
P1436,4,88,2024-01-01 00:00:00
P1436,5,68,2024-01-01 00:00:00
P1436,6,76,2024-01-01 00:00:00
P1436,7,50,2024-01-01 00:00:00
P1436,8,70,2024-01-01 00:00:00
P1436,9,86,2024-01-01 00:00:00
P1436,10,105,2024-01-01 00:00:00
P1437,1,101,2024-01-01 00:00:00
P1437,2,84,2024-01-01 00:00:00
P1437,3,90,2024-01-01 00:00:00
P1437,4,76,2024-01-01 00:00:00
P1437,5,89,2024-01-01 00:00:00
P1437,6,55,2024-01-01 00:00:00
P1437,7,86,2024-01-01 00:00:00
P1437,8,50,2024-01-01 00:00:00
P1437,9,49,2024-01-01 00:00:00
P1437,10,51,2024-01-01 00:00:00
P1438,1,70,2024-01-01 00:00:00
P1438,2,84,2024-01-01 00:00:00
P1438,3,99,2024-01-01 00:00:00
P1438,4,94,2024-01-01 00:00:00
P1438,5,86,2024-01-01 00:00:00
P1438,6,69,2024-01-01 00:00:00
P1438,7,89,2024-01-01 00:00:00
P1438,8,51,2024-01-01 00:00:00
P1438,9,48,2024-01-01 00:00:00
P1438,10,51,2024-01-01 00:00:00
P1439,1,60,2024-01-01 00:00:00
P1439,2,86,2024-01-01 00:00:00
P1439,3,46,2024-01-01 00:00:00
P1439,4,70,2024-01-01 00:00:00
P1439,5,49,2024-01-01 00:00:00
P1439,6,101,2024-01-01 00:00:00
P1439,7,78,2024-01-01 00:00:00
P1439,8,63,2024-01-01 00:00:00
P1439,9,83,2024-01-01 00:00:00
P1439,10,71,2024-01-01 00:00:00
P1440,1,90,2024-01-01 00:00:00
P1440,2,63,2024-01-01 00:00:00
P1440,3,87,2024-01-01 00:00:00
P1440,4,83,2024-01-01 00:00:00
P1440,5,52,2024-01-01 00:00:00
P1440,6,70,2024-01-01 00:00:00
P1440,7,79,2024-01-01 00:00:00
P1440,8,59,2024-01-01 00:00:00
P1440,9,60,2024-01-01 00:00:00
P1440,10,105,2024-01-01 00:00:00
P1441,1,48,2024-01-01 00:00:00
P1441,2,65,2024-01-01 00:00:00
P1441,3,60,2024-01-01 00:00:00
P1441,4,100,2024-01-01 00:00:00
P1441,5,49,2024-01-01 00:00:00
P1441,6,95,2024-01-01 00:00:00
P1441,7,59,2024-01-01 00:00:00
P1441,8,70,2024-01-01 00:00:00
P1441,9,89,2024-01-01 00:00:00
P1441,10,54,2024-01-01 00:00:00
P1442,1,56,2024-01-01 00:00:00
P1442,2,89,2024-01-01 00:00:00
P1442,3,49,2024-01-01 00:00:00
P1442,4,73,2024-01-01 00:00:00
P1442,5,73,2024-01-01 00:00:00
P1442,6,80,2024-01-01 00:00:00
P1442,7,68,2024-01-01 00:00:00
P1442,8,56,2024-01-01 00:00:00
P1442,9,95,2024-01-01 00:00:00
P1442,10,64,2024-01-01 00:00:00
P1443,1,72,2024-01-01 00:00:00
P1443,2,86,2024-01-01 00:00:00
P1443,3,82,2024-01-01 00:00:00
P1443,4,80,2024-01-01 00:00:00
P1443,5,51,2024-01-01 00:00:00
P1443,6,90,2024-01-01 00:00:00
P1443,7,90,2024-01-01 00:00:00
P1443,8,67,2024-01-01 00:00:00
P1443,9,61,2024-01-01 00:00:00
P1443,10,55,2024-01-01 00:00:00
P1444,1,59,2024-01-01 00:00:00
P1444,2,80,2024-01-01 00:00:00
P1444,3,103,2024-01-01 00:00:00
P1444,4,91,2024-01-01 00:00:00
P1444,5,57,2024-01-01 00:00:00
P1444,6,47,2024-01-01 00:00:00
P1444,7,103,2024-01-01 00:00:00
P1444,8,100,2024-01-01 00:00:00
P1444,9,69,2024-01-01 00:00:00
P1444,10,65,2024-01-01 00:00:00
P1445,1,87,2024-01-01 00:00:00
P1445,2,88,2024-01-01 00:00:00
P1445,3,47,2024-01-01 00:00:00
P1445,4,91,2024-01-01 00:00:00
P1445,5,46,2024-01-01 00:00:00
P1445,6,105,2024-01-01 00:00:00
P1445,7,84,2024-01-01 00:00:00
P1445,8,90,2024-01-01 00:00:00
P1445,9,79,2024-01-01 00:00:00
P1445,10,75,2024-01-01 00:00:00
P1446,1,70,2024-01-01 00:00:00
P1446,2,99,2024-01-01 00:00:00
P1446,3,45,2024-01-01 00:00:00
P1446,4,71,2024-01-01 00:00:00
P1446,5,72,2024-01-01 00:00:00
P1446,6,52,2024-01-01 00:00:00
P1446,7,83,2024-01-01 00:00:00
P1446,8,91,2024-01-01 00:00:00
P1446,9,104,2024-01-01 00:00:00
P1446,10,80,2024-01-01 00:00:00
P1447,1,91,2024-01-01 00:00:00
P1447,2,47,2024-01-01 00:00:00
P1447,3,46,2024-01-01 00:00:00
P1447,4,104,2024-01-01 00:00:00
P1447,5,103,2024-01-01 00:00:00
P1447,6,61,2024-01-01 00:00:00
P1447,7,103,2024-01-01 00:00:00
P1447,8,74,2024-01-01 00:00:00
P1447,9,79,2024-01-01 00:00:00
P1447,10,57,2024-01-01 00:00:00
P1448,1,63,2024-01-01 00:00:00
P1448,2,65,2024-01-01 00:00:00
P1448,3,58,2024-01-01 00:00:00
P1448,4,66,2024-01-01 00:00:00
P1448,5,72,2024-01-01 00:00:00
P1448,6,50,2024-01-01 00:00:00
P1448,7,79,2024-01-01 00:00:00
P1448,8,76,2024-01-01 00:00:00
P1448,9,60,2024-01-01 00:00:00
P1448,10,61,2024-01-01 00:00:00
P1449,1,92,2024-01-01 00:00:00
P1449,2,79,2024-01-01 00:00:00
P1449,3,78,2024-01-01 00:00:00
P1449,4,76,2024-01-01 00:00:00
P1449,5,58,2024-01-01 00:00:00
P1449,6,93,2024-01-01 00:00:00
P1449,7,98,2024-01-01 00:00:00
P1449,8,78,2024-01-01 00:00:00
P1449,9,101,2024-01-01 00:00:00
P1449,10,45,2024-01-01 00:00:00
P1450,1,100,2024-01-01 00:00:00
P1450,2,46,2024-01-01 00:00:00
P1450,3,81,2024-01-01 00:00:00
P1450,4,87,2024-01-01 00:00:00
P1450,5,90,2024-01-01 00:00:00
P1450,6,103,2024-01-01 00:00:00
P1450,7,70,2024-01-01 00:00:00
P1450,8,62,2024-01-01 00:00:00
P1450,9,72,2024-01-01 00:00:00
P1450,10,64,2024-01-01 00:00:00
P1451,1,70,2024-01-01 00:00:00
P1451,2,84,2024-01-01 00:00:00
P1451,3,55,2024-01-01 00:00:00
P1451,4,104,2024-01-01 00:00:00
P1451,5,48,2024-01-01 00:00:00
P1451,6,45,2024-01-01 00:00:00
P1451,7,81,2024-01-01 00:00:00
P1451,8,70,2024-01-01 00:00:00
P1451,9,94,2024-01-01 00:00:00
P1451,10,64,2024-01-01 00:00:00
P1452,1,59,2024-01-01 00:00:00
P1452,2,77,2024-01-01 00:00:00
P1452,3,95,2024-01-01 00:00:00
P1452,4,55,2024-01-01 00:00:00
P1452,5,92,2024-01-01 00:00:00
P1452,6,63,2024-01-01 00:00:00
P1452,7,63,2024-01-01 00:00:00
P1452,8,72,2024-01-01 00:00:00
P1452,9,93,2024-01-01 00:00:00
P1452,10,53,2024-01-01 00:00:00
P1453,1,77,2024-01-01 00:00:00
P1453,2,90,2024-01-01 00:00:00
P1453,3,51,2024-01-01 00:00:00
P1453,4,78,2024-01-01 00:00:00
P1453,5,92,2024-01-01 00:00:00
P1453,6,66,2024-01-01 00:00:00
P1453,7,76,2024-01-01 00:00:00
P1453,8,93,2024-01-01 00:00:00
P1453,9,93,2024-01-01 00:00:00
P1453,10,95,2024-01-01 00:00:00
P1454,1,104,2024-01-01 00:00:00
P1454,2,71,2024-01-01 00:00:00
P1454,3,116,2024-01-01 00:00:00
P1454,4,117,2024-01-01 00:00:00
P1454,5,88,2024-01-01 00:00:00
P1454,6,71,2024-01-01 00:00:00
P1454,7,103,2024-01-01 00:00:00
P1454,8,56,2024-01-01 00:00:00
P1454,9,118,2024-01-01 00:00:00
P1454,10,122,2024-01-01 00:00:00
P1455,1,57,2024-01-01 00:00:00
P1455,2,75,2024-01-01 00:00:00
P1455,3,96,2024-01-01 00:00:00
P1455,4,97,2024-01-01 00:00:00
P1455,5,104,2024-01-01 00:00:00
P1455,6,57,2024-01-01 00:00:00
P1455,7,63,2024-01-01 00:00:00
P1455,8,70,2024-01-01 00:00:00
P1455,9,78,2024-01-01 00:00:00
P1455,10,64,2024-01-01 00:00:00
P1456,1,23,2024-01-01 00:00:00
P1456,2,28,2024-01-01 00:00:00
P1456,3,18,2024-01-01 00:00:00
P1456,4,30,2024-01-01 00:00:00
P1456,5,29,2024-01-01 00:00:00
P1456,6,27,2024-01-01 00:00:00
P1456,7,32,2024-01-01 00:00:00
P1456,8,26,2024-01-01 00:00:00
P1456,9,29,2024-01-01 00:00:00
P1456,10,22,2024-01-01 00:00:00
P1457,1,75,2024-01-01 00:00:00
P1457,2,105,2024-01-01 00:00:00
P1457,3,127,2024-01-01 00:00:00
P1457,4,114,2024-01-01 00:00:00
P1457,5,118,2024-01-01 00:00:00
P1457,6,95,2024-01-01 00:00:00
P1457,7,105,2024-01-01 00:00:00
P1457,8,102,2024-01-01 00:00:00
P1457,9,70,2024-01-01 00:00:00
P1457,10,105,2024-01-01 00:00:00
P1458,1,101,2024-01-01 00:00:00
P1458,2,84,2024-01-01 00:00:00
P1458,3,75,2024-01-01 00:00:00
P1458,4,48,2024-01-01 00:00:00
P1458,5,93,2024-01-01 00:00:00
P1458,6,77,2024-01-01 00:00:00
P1458,7,50,2024-01-01 00:00:00
P1458,8,99,2024-01-01 00:00:00
P1458,9,105,2024-01-01 00:00:00
P1458,10,62,2024-01-01 00:00:00
P1459,1,86,2024-01-01 00:00:00
P1459,2,64,2024-01-01 00:00:00
P1459,3,100,2024-01-01 00:00:00
P1459,4,75,2024-01-01 00:00:00
P1459,5,71,2024-01-01 00:00:00
P1459,6,61,2024-01-01 00:00:00
P1459,7,46,2024-01-01 00:00:00
P1459,8,45,2024-01-01 00:00:00
P1459,9,66,2024-01-01 00:00:00
P1459,10,90,2024-01-01 00:00:00
P1460,1,107,2024-01-01 00:00:00
P1460,2,61,2024-01-01 00:00:00
P1460,3,111,2024-01-01 00:00:00
P1460,4,111,2024-01-01 00:00:00
P1460,5,115,2024-01-01 00:00:00
P1460,6,122,2024-01-01 00:00:00
P1460,7,106,2024-01-01 00:00:00
P1460,8,128,2024-01-01 00:00:00
P1460,9,68,2024-01-01 00:00:00
P1460,10,108,2024-01-01 00:00:00
P1461,1,53,2024-01-01 00:00:00
P1461,2,81,2024-01-01 00:00:00
P1461,3,104,2024-01-01 00:00:00
P1461,4,52,2024-01-01 00:00:00
P1461,5,80,2024-01-01 00:00:00
P1461,6,98,2024-01-01 00:00:00
P1461,7,56,2024-01-01 00:00:00
P1461,8,71,2024-01-01 00:00:00
P1461,9,104,2024-01-01 00:00:00
P1461,10,94,2024-01-01 00:00:00
P1462,1,96,2024-01-01 00:00:00
P1462,2,76,2024-01-01 00:00:00
P1462,3,61,2024-01-01 00:00:00
P1462,4,83,2024-01-01 00:00:00
P1462,5,93,2024-01-01 00:00:00
P1462,6,76,2024-01-01 00:00:00
P1462,7,94,2024-01-01 00:00:00
P1462,8,77,2024-01-01 00:00:00
P1462,9,86,2024-01-01 00:00:00
P1462,10,105,2024-01-01 00:00:00
P1463,1,94,2024-01-01 00:00:00
P1463,2,75,2024-01-01 00:00:00
P1463,3,96,2024-01-01 00:00:00
P1463,4,77,2024-01-01 00:00:00
P1463,5,51,2024-01-01 00:00:00
P1463,6,94,2024-01-01 00:00:00
P1463,7,102,2024-01-01 00:00:00
P1463,8,99,2024-01-01 00:00:00
P1463,9,73,2024-01-01 00:00:00
P1463,10,47,2024-01-01 00:00:00
P1464,1,69,2024-01-01 00:00:00
P1464,2,50,2024-01-01 00:00:00
P1464,3,94,2024-01-01 00:00:00
P1464,4,105,2024-01-01 00:00:00
P1464,5,55,2024-01-01 00:00:00
P1464,6,93,2024-01-01 00:00:00
P1464,7,92,2024-01-01 00:00:00
P1464,8,45,2024-01-01 00:00:00
P1464,9,71,2024-01-01 00:00:00
P1464,10,52,2024-01-01 00:00:00
P1465,1,60,2024-01-01 00:00:00
P1465,2,68,2024-01-01 00:00:00
P1465,3,70,2024-01-01 00:00:00
P1465,4,92,2024-01-01 00:00:00
P1465,5,81,2024-01-01 00:00:00
P1465,6,81,2024-01-01 00:00:00
P1465,7,48,2024-01-01 00:00:00
P1465,8,103,2024-01-01 00:00:00
P1465,9,102,2024-01-01 00:00:00
P1465,10,72,2024-01-01 00:00:00
P1466,1,61,2024-01-01 00:00:00
P1466,2,63,2024-01-01 00:00:00
P1466,3,91,2024-01-01 00:00:00
P1466,4,102,2024-01-01 00:00:00
P1466,5,87,2024-01-01 00:00:00
P1466,6,79,2024-01-01 00:00:00
P1466,7,48,2024-01-01 00:00:00
P1466,8,97,2024-01-01 00:00:00
P1466,9,76,2024-01-01 00:00:00
P1466,10,102,2024-01-01 00:00:00
P1467,1,77,2024-01-01 00:00:00
P1467,2,102,2024-01-01 00:00:00
P1467,3,60,2024-01-01 00:00:00
P1467,4,92,2024-01-01 00:00:00
P1467,5,69,2024-01-01 00:00:00
P1467,6,53,2024-01-01 00:00:00
P1467,7,80,2024-01-01 00:00:00
P1467,8,69,2024-01-01 00:00:00
P1467,9,65,2024-01-01 00:00:00
P1467,10,89,2024-01-01 00:00:00
P1468,1,80,2024-01-01 00:00:00
P1468,2,40,2024-01-01 00:00:00
P1468,3,79,2024-01-01 00:00:00
P1468,4,66,2024-01-01 00:00:00
P1468,5,64,2024-01-01 00:00:00
P1468,6,50,2024-01-01 00:00:00
P1468,7,44,2024-01-01 00:00:00
P1468,8,34,2024-01-01 00:00:00
P1468,9,45,2024-01-01 00:00:00
P1468,10,42,2024-01-01 00:00:00
P1469,1,48,2024-01-01 00:00:00
P1469,2,59,2024-01-01 00:00:00
P1469,3,51,2024-01-01 00:00:00
P1469,4,71,2024-01-01 00:00:00
P1469,5,45,2024-01-01 00:00:00
P1469,6,53,2024-01-01 00:00:00
P1469,7,69,2024-01-01 00:00:00
P1469,8,79,2024-01-01 00:00:00
P1469,9,88,2024-01-01 00:00:00
P1469,10,46,2024-01-01 00:00:00
P1470,1,90,2024-01-01 00:00:00
P1470,2,78,2024-01-01 00:00:00
P1470,3,70,2024-01-01 00:00:00
P1470,4,82,2024-01-01 00:00:00
P1470,5,55,2024-01-01 00:00:00
P1470,6,70,2024-01-01 00:00:00
P1470,7,45,2024-01-01 00:00:00
P1470,8,54,2024-01-01 00:00:00
P1470,9,63,2024-01-01 00:00:00
P1470,10,105,2024-01-01 00:00:00
P1471,1,65,2024-01-01 00:00:00
P1471,2,98,2024-01-01 00:00:00
P1471,3,45,2024-01-01 00:00:00
P1471,4,87,2024-01-01 00:00:00
P1471,5,100,2024-01-01 00:00:00
P1471,6,93,2024-01-01 00:00:00
P1471,7,103,2024-01-01 00:00:00
P1471,8,92,2024-01-01 00:00:00
P1471,9,54,2024-01-01 00:00:00
P1471,10,46,2024-01-01 00:00:00
P1472,1,88,2024-01-01 00:00:00
P1472,2,63,2024-01-01 00:00:00
P1472,3,98,2024-01-01 00:00:00
P1472,4,51,2024-01-01 00:00:00
P1472,5,87,2024-01-01 00:00:00
P1472,6,54,2024-01-01 00:00:00
P1472,7,78,2024-01-01 00:00:00
P1472,8,101,2024-01-01 00:00:00
P1472,9,48,2024-01-01 00:00:00
P1472,10,50,2024-01-01 00:00:00
P1473,1,105,2024-01-01 00:00:00
P1473,2,62,2024-01-01 00:00:00
P1473,3,56,2024-01-01 00:00:00
P1473,4,82,2024-01-01 00:00:00
P1473,5,63,2024-01-01 00:00:00
P1473,6,81,2024-01-01 00:00:00
P1473,7,57,2024-01-01 00:00:00
P1473,8,66,2024-01-01 00:00:00
P1473,9,95,2024-01-01 00:00:00
P1473,10,69,2024-01-01 00:00:00
P1474,1,80,2024-01-01 00:00:00
P1474,2,78,2024-01-01 00:00:00
P1474,3,74,2024-01-01 00:00:00
P1474,4,59,2024-01-01 00:00:00
P1474,5,73,2024-01-01 00:00:00
P1474,6,83,2024-01-01 00:00:00
P1474,7,76,2024-01-01 00:00:00
P1474,8,98,2024-01-01 00:00:00
P1474,9,50,2024-01-01 00:00:00
P1474,10,80,2024-01-01 00:00:00
P1475,1,90,2024-01-01 00:00:00
P1475,2,98,2024-01-01 00:00:00
P1475,3,66,2024-01-01 00:00:00
P1475,4,75,2024-01-01 00:00:00
P1475,5,90,2024-01-01 00:00:00
P1475,6,57,2024-01-01 00:00:00
P1475,7,102,2024-01-01 00:00:00
P1475,8,53,2024-01-01 00:00:00
P1475,9,86,2024-01-01 00:00:00
P1475,10,77,2024-01-01 00:00:00
P1476,1,66,2024-01-01 00:00:00
P1476,2,56,2024-01-01 00:00:00
P1476,3,81,2024-01-01 00:00:00
P1476,4,75,2024-01-01 00:00:00
P1476,5,83,2024-01-01 00:00:00
P1476,6,88,2024-01-01 00:00:00
P1476,7,65,2024-01-01 00:00:00
P1476,8,49,2024-01-01 00:00:00
P1476,9,77,2024-01-01 00:00:00
P1476,10,67,2024-01-01 00:00:00
P1477,1,102,2024-01-01 00:00:00
P1477,2,56,2024-01-01 00:00:00
P1477,3,58,2024-01-01 00:00:00
P1477,4,98,2024-01-01 00:00:00
P1477,5,64,2024-01-01 00:00:00
P1477,6,86,2024-01-01 00:00:00
P1477,7,95,2024-01-01 00:00:00
P1477,8,57,2024-01-01 00:00:00
P1477,9,74,2024-01-01 00:00:00
P1477,10,48,2024-01-01 00:00:00
P1478,1,92,2024-01-01 00:00:00
P1478,2,105,2024-01-01 00:00:00
P1478,3,97,2024-01-01 00:00:00
P1478,4,68,2024-01-01 00:00:00
P1478,5,104,2024-01-01 00:00:00
P1478,6,95,2024-01-01 00:00:00
P1478,7,54,2024-01-01 00:00:00
P1478,8,95,2024-01-01 00:00:00
P1478,9,89,2024-01-01 00:00:00
P1478,10,79,2024-01-01 00:00:00
P1479,1,62,2024-01-01 00:00:00
P1479,2,52,2024-01-01 00:00:00
P1479,3,59,2024-01-01 00:00:00
P1479,4,54,2024-01-01 00:00:00
P1479,5,88,2024-01-01 00:00:00
P1479,6,93,2024-01-01 00:00:00
P1479,7,49,2024-01-01 00:00:00
P1479,8,94,2024-01-01 00:00:00
P1479,9,51,2024-01-01 00:00:00
P1479,10,94,2024-01-01 00:00:00
P1480,1,48,2024-01-01 00:00:00
P1480,2,57,2024-01-01 00:00:00
P1480,3,87,2024-01-01 00:00:00
P1480,4,104,2024-01-01 00:00:00
P1480,5,47,2024-01-01 00:00:00
P1480,6,69,2024-01-01 00:00:00
P1480,7,50,2024-01-01 00:00:00
P1480,8,60,2024-01-01 00:00:00
P1480,9,59,2024-01-01 00:00:00
P1480,10,69,2024-01-01 00:00:00
P1481,1,85,2024-01-01 00:00:00
P1481,2,63,2024-01-01 00:00:00
P1481,3,59,2024-01-01 00:00:00
P1481,4,92,2024-01-01 00:00:00
P1481,5,98,2024-01-01 00:00:00
P1481,6,68,2024-01-01 00:00:00
P1481,7,88,2024-01-01 00:00:00
P1481,8,76,2024-01-01 00:00:00
P1481,9,104,2024-01-01 00:00:00
P1481,10,101,2024-01-01 00:00:00
P1482,1,65,2024-01-01 00:00:00
P1482,2,95,2024-01-01 00:00:00
P1482,3,74,2024-01-01 00:00:00
P1482,4,82,2024-01-01 00:00:00
P1482,5,72,2024-01-01 00:00:00
P1482,6,48,2024-01-01 00:00:00
P1482,7,70,2024-01-01 00:00:00
P1482,8,100,2024-01-01 00:00:00
P1482,9,82,2024-01-01 00:00:00
P1482,10,56,2024-01-01 00:00:00
P1483,1,94,2024-01-01 00:00:00
P1483,2,96,2024-01-01 00:00:00
P1483,3,96,2024-01-01 00:00:00
P1483,4,93,2024-01-01 00:00:00
P1483,5,82,2024-01-01 00:00:00
P1483,6,49,2024-01-01 00:00:00
P1483,7,57,2024-01-01 00:00:00
P1483,8,62,2024-01-01 00:00:00
P1483,9,91,2024-01-01 00:00:00
P1483,10,101,2024-01-01 00:00:00
P1484,1,94,2024-01-01 00:00:00
P1484,2,77,2024-01-01 00:00:00
P1484,3,50,2024-01-01 00:00:00
P1484,4,65,2024-01-01 00:00:00
P1484,5,48,2024-01-01 00:00:00
P1484,6,54,2024-01-01 00:00:00
P1484,7,61,2024-01-01 00:00:00
P1484,8,104,2024-01-01 00:00:00
P1484,9,46,2024-01-01 00:00:00
P1484,10,56,2024-01-01 00:00:00
P1485,1,105,2024-01-01 00:00:00
P1485,2,81,2024-01-01 00:00:00
P1485,3,82,2024-01-01 00:00:00
P1485,4,71,2024-01-01 00:00:00
P1485,5,102,2024-01-01 00:00:00
P1485,6,68,2024-01-01 00:00:00
P1485,7,77,2024-01-01 00:00:00
P1485,8,73,2024-01-01 00:00:00
P1485,9,76,2024-01-01 00:00:00
P1485,10,90,2024-01-01 00:00:00
P1486,1,104,2024-01-01 00:00:00
P1486,2,92,2024-01-01 00:00:00
P1486,3,46,2024-01-01 00:00:00
P1486,4,48,2024-01-01 00:00:00
P1486,5,92,2024-01-01 00:00:00
P1486,6,88,2024-01-01 00:00:00
P1486,7,82,2024-01-01 00:00:00
P1486,8,86,2024-01-01 00:00:00
P1486,9,46,2024-01-01 00:00:00
P1486,10,79,2024-01-01 00:00:00
P1487,1,58,2024-01-01 00:00:00
P1487,2,51,2024-01-01 00:00:00
P1487,3,81,2024-01-01 00:00:00
P1487,4,61,2024-01-01 00:00:00
P1487,5,65,2024-01-01 00:00:00
P1487,6,58,2024-01-01 00:00:00
P1487,7,60,2024-01-01 00:00:00
P1487,8,89,2024-01-01 00:00:00
P1487,9,49,2024-01-01 00:00:00
P1487,10,93,2024-01-01 00:00:00
P1488,1,55,2024-01-01 00:00:00
P1488,2,54,2024-01-01 00:00:00
P1488,3,62,2024-01-01 00:00:00
P1488,4,74,2024-01-01 00:00:00
P1488,5,50,2024-01-01 00:00:00
P1488,6,74,2024-01-01 00:00:00
P1488,7,57,2024-01-01 00:00:00
P1488,8,95,2024-01-01 00:00:00
P1488,9,94,2024-01-01 00:00:00
P1488,10,93,2024-01-01 00:00:00
P1489,1,54,2024-01-01 00:00:00
P1489,2,51,2024-01-01 00:00:00
P1489,3,96,2024-01-01 00:00:00
P1489,4,65,2024-01-01 00:00:00
P1489,5,79,2024-01-01 00:00:00
P1489,6,97,2024-01-01 00:00:00
P1489,7,90,2024-01-01 00:00:00
P1489,8,60,2024-01-01 00:00:00
P1489,9,76,2024-01-01 00:00:00
P1489,10,47,2024-01-01 00:00:00
P1490,1,65,2024-01-01 00:00:00
P1490,2,76,2024-01-01 00:00:00
P1490,3,66,2024-01-01 00:00:00
P1490,4,62,2024-01-01 00:00:00
P1490,5,77,2024-01-01 00:00:00
P1490,6,50,2024-01-01 00:00:00
P1490,7,90,2024-01-01 00:00:00
P1490,8,93,2024-01-01 00:00:00
P1490,9,83,2024-01-01 00:00:00
P1490,10,77,2024-01-01 00:00:00
P1491,1,76,2024-01-01 00:00:00
P1491,2,54,2024-01-01 00:00:00
P1491,3,105,2024-01-01 00:00:00
P1491,4,94,2024-01-01 00:00:00
P1491,5,61,2024-01-01 00:00:00
P1491,6,51,2024-01-01 00:00:00
P1491,7,87,2024-01-01 00:00:00
P1491,8,91,2024-01-01 00:00:00
P1491,9,89,2024-01-01 00:00:00
P1491,10,86,2024-01-01 00:00:00
P1492,1,95,2024-01-01 00:00:00
P1492,2,62,2024-01-01 00:00:00
P1492,3,103,2024-01-01 00:00:00
P1492,4,64,2024-01-01 00:00:00
P1492,5,100,2024-01-01 00:00:00
P1492,6,92,2024-01-01 00:00:00
P1492,7,93,2024-01-01 00:00:00
P1492,8,84,2024-01-01 00:00:00
P1492,9,48,2024-01-01 00:00:00
P1492,10,97,2024-01-01 00:00:00
P1493,1,49,2024-01-01 00:00:00
P1493,2,91,2024-01-01 00:00:00
P1493,3,97,2024-01-01 00:00:00
P1493,4,91,2024-01-01 00:00:00
P1493,5,103,2024-01-01 00:00:00
P1493,6,75,2024-01-01 00:00:00
P1493,7,58,2024-01-01 00:00:00
P1493,8,45,2024-01-01 00:00:00
P1493,9,93,2024-01-01 00:00:00
P1493,10,72,2024-01-01 00:00:00
P1494,1,68,2024-01-01 00:00:00
P1494,2,79,2024-01-01 00:00:00
P1494,3,88,2024-01-01 00:00:00
P1494,4,71,2024-01-01 00:00:00
P1494,5,80,2024-01-01 00:00:00
P1494,6,92,2024-01-01 00:00:00
P1494,7,52,2024-01-01 00:00:00
P1494,8,77,2024-01-01 00:00:00
P1494,9,61,2024-01-01 00:00:00
P1494,10,49,2024-01-01 00:00:00
P1495,1,67,2024-01-01 00:00:00
P1495,2,86,2024-01-01 00:00:00
P1495,3,59,2024-01-01 00:00:00
P1495,4,99,2024-01-01 00:00:00
P1495,5,46,2024-01-01 00:00:00
P1495,6,60,2024-01-01 00:00:00
P1495,7,74,2024-01-01 00:00:00
P1495,8,60,2024-01-01 00:00:00
P1495,9,103,2024-01-01 00:00:00
P1495,10,75,2024-01-01 00:00:00
P1496,1,67,2024-01-01 00:00:00
P1496,2,77,2024-01-01 00:00:00
P1496,3,97,2024-01-01 00:00:00
P1496,4,53,2024-01-01 00:00:00
P1496,5,99,2024-01-01 00:00:00
P1496,6,75,2024-01-01 00:00:00
P1496,7,70,2024-01-01 00:00:00
P1496,8,89,2024-01-01 00:00:00
P1496,9,62,2024-01-01 00:00:00
P1496,10,73,2024-01-01 00:00:00
P1497,1,45,2024-01-01 00:00:00
P1497,2,52,2024-01-01 00:00:00
P1497,3,73,2024-01-01 00:00:00
P1497,4,71,2024-01-01 00:00:00
P1497,5,105,2024-01-01 00:00:00
P1497,6,79,2024-01-01 00:00:00
P1497,7,90,2024-01-01 00:00:00
P1497,8,95,2024-01-01 00:00:00
P1497,9,54,2024-01-01 00:00:00
P1497,10,72,2024-01-01 00:00:00
P1498,1,58,2024-01-01 00:00:00
P1498,2,73,2024-01-01 00:00:00
P1498,3,101,2024-01-01 00:00:00
P1498,4,99,2024-01-01 00:00:00
P1498,5,105,2024-01-01 00:00:00
P1498,6,103,2024-01-01 00:00:00
P1498,7,75,2024-01-01 00:00:00
P1498,8,52,2024-01-01 00:00:00
P1498,9,96,2024-01-01 00:00:00
P1498,10,56,2024-01-01 00:00:00
P1499,1,97,2024-01-01 00:00:00
P1499,2,48,2024-01-01 00:00:00
P1499,3,50,2024-01-01 00:00:00
P1499,4,56,2024-01-01 00:00:00
P1499,5,95,2024-01-01 00:00:00
P1499,6,104,2024-01-01 00:00:00
P1499,7,103,2024-01-01 00:00:00
P1499,8,71,2024-01-01 00:00:00
P1499,9,74,2024-01-01 00:00:00
P1499,10,47,2024-01-01 00:00:00
P1500,1,76,2024-01-01 00:00:00
P1500,2,66,2024-01-01 00:00:00
P1500,3,95,2024-01-01 00:00:00
P1500,4,66,2024-01-01 00:00:00
P1500,5,69,2024-01-01 00:00:00
P1500,6,78,2024-01-01 00:00:00
P1500,7,68,2024-01-01 00:00:00
P1500,8,85,2024-01-01 00:00:00
P1500,9,85,2024-01-01 00:00:00
P1500,10,73,2024-01-01 00:00:00
P1501,1,47,2024-01-01 00:00:00
P1501,2,78,2024-01-01 00:00:00
P1501,3,55,2024-01-01 00:00:00
P1501,4,105,2024-01-01 00:00:00
P1501,5,88,2024-01-01 00:00:00
P1501,6,45,2024-01-01 00:00:00
P1501,7,59,2024-01-01 00:00:00
P1501,8,84,2024-01-01 00:00:00
P1501,9,79,2024-01-01 00:00:00
P1501,10,51,2024-01-01 00:00:00
P1502,1,103,2024-01-01 00:00:00
P1502,2,102,2024-01-01 00:00:00
P1502,3,77,2024-01-01 00:00:00
P1502,4,98,2024-01-01 00:00:00
P1502,5,70,2024-01-01 00:00:00
P1502,6,94,2024-01-01 00:00:00
P1502,7,102,2024-01-01 00:00:00
P1502,8,85,2024-01-01 00:00:00
P1502,9,64,2024-01-01 00:00:00
P1502,10,99,2024-01-01 00:00:00
P1503,1,63,2024-01-01 00:00:00
P1503,2,103,2024-01-01 00:00:00
P1503,3,96,2024-01-01 00:00:00
P1503,4,68,2024-01-01 00:00:00
P1503,5,88,2024-01-01 00:00:00
P1503,6,103,2024-01-01 00:00:00
P1503,7,59,2024-01-01 00:00:00
P1503,8,79,2024-01-01 00:00:00
P1503,9,99,2024-01-01 00:00:00
P1503,10,61,2024-01-01 00:00:00
P1504,1,55,2024-01-01 00:00:00
P1504,2,66,2024-01-01 00:00:00
P1504,3,101,2024-01-01 00:00:00
P1504,4,104,2024-01-01 00:00:00
P1504,5,71,2024-01-01 00:00:00
P1504,6,59,2024-01-01 00:00:00
P1504,7,73,2024-01-01 00:00:00
P1504,8,92,2024-01-01 00:00:00
P1504,9,56,2024-01-01 00:00:00
P1504,10,64,2024-01-01 00:00:00
P1505,1,54,2024-01-01 00:00:00
P1505,2,63,2024-01-01 00:00:00
P1505,3,58,2024-01-01 00:00:00
P1505,4,88,2024-01-01 00:00:00
P1505,5,76,2024-01-01 00:00:00
P1505,6,55,2024-01-01 00:00:00
P1505,7,64,2024-01-01 00:00:00
P1505,8,55,2024-01-01 00:00:00
P1505,9,85,2024-01-01 00:00:00
P1505,10,84,2024-01-01 00:00:00
P1506,1,61,2024-01-01 00:00:00
P1506,2,94,2024-01-01 00:00:00
P1506,3,52,2024-01-01 00:00:00
P1506,4,48,2024-01-01 00:00:00
P1506,5,101,2024-01-01 00:00:00
P1506,6,104,2024-01-01 00:00:00
P1506,7,78,2024-01-01 00:00:00
P1506,8,98,2024-01-01 00:00:00
P1506,9,97,2024-01-01 00:00:00
P1506,10,68,2024-01-01 00:00:00
P1507,1,78,2024-01-01 00:00:00
P1507,2,59,2024-01-01 00:00:00
P1507,3,65,2024-01-01 00:00:00
P1507,4,73,2024-01-01 00:00:00
P1507,5,69,2024-01-01 00:00:00
P1507,6,80,2024-01-01 00:00:00
P1507,7,102,2024-01-01 00:00:00
P1507,8,66,2024-01-01 00:00:00
P1507,9,66,2024-01-01 00:00:00
P1507,10,66,2024-01-01 00:00:00
P1508,1,71,2024-01-01 00:00:00
P1508,2,45,2024-01-01 00:00:00
P1508,3,61,2024-01-01 00:00:00
P1508,4,50,2024-01-01 00:00:00
P1508,5,70,2024-01-01 00:00:00
P1508,6,90,2024-01-01 00:00:00
P1508,7,100,2024-01-01 00:00:00
P1508,8,88,2024-01-01 00:00:00
P1508,9,73,2024-01-01 00:00:00
P1508,10,62,2024-01-01 00:00:00
P1509,1,62,2024-01-01 00:00:00
P1509,2,80,2024-01-01 00:00:00
P1509,3,95,2024-01-01 00:00:00
P1509,4,82,2024-01-01 00:00:00
P1509,5,95,2024-01-01 00:00:00
P1509,6,54,2024-01-01 00:00:00
P1509,7,103,2024-01-01 00:00:00
P1509,8,46,2024-01-01 00:00:00
P1509,9,88,2024-01-01 00:00:00
P1509,10,89,2024-01-01 00:00:00
P1510,1,56,2024-01-01 00:00:00
P1510,2,36,2024-01-01 00:00:00
P1510,3,42,2024-01-01 00:00:00
P1510,4,27,2024-01-01 00:00:00
P1510,5,40,2024-01-01 00:00:00
P1510,6,45,2024-01-01 00:00:00
P1510,7,43,2024-01-01 00:00:00
P1510,8,51,2024-01-01 00:00:00
P1510,9,51,2024-01-01 00:00:00
P1510,10,34,2024-01-01 00:00:00
P1511,1,32,2024-01-01 00:00:00
P1511,2,65,2024-01-01 00:00:00
P1511,3,31,2024-01-01 00:00:00
P1511,4,42,2024-01-01 00:00:00
P1511,5,44,2024-01-01 00:00:00
P1511,6,50,2024-01-01 00:00:00
P1511,7,70,2024-01-01 00:00:00
P1511,8,61,2024-01-01 00:00:00
P1511,9,36,2024-01-01 00:00:00
P1511,10,54,2024-01-01 00:00:00
P1512,1,13,2024-01-01 00:00:00
P1512,2,11,2024-01-01 00:00:00
P1512,3,10,2024-01-01 00:00:00
P1512,4,10,2024-01-01 00:00:00
P1512,5,10,2024-01-01 00:00:00
P1512,6,10,2024-01-01 00:00:00
P1512,7,14,2024-01-01 00:00:00
P1512,8,17,2024-01-01 00:00:00
P1512,9,15,2024-01-01 00:00:00
P1512,10,21,2024-01-01 00:00:00
P1513,1,33,2024-01-01 00:00:00
P1513,2,29,2024-01-01 00:00:00
P1513,3,27,2024-01-01 00:00:00
P1513,4,28,2024-01-01 00:00:00
P1513,5,24,2024-01-01 00:00:00
P1513,6,35,2024-01-01 00:00:00
P1513,7,37,2024-01-01 00:00:00
P1513,8,24,2024-01-01 00:00:00
P1513,9,26,2024-01-01 00:00:00
P1513,10,28,2024-01-01 00:00:00
P1514,1,92,2024-01-01 00:00:00
P1514,2,75,2024-01-01 00:00:00
P1514,3,54,2024-01-01 00:00:00
P1514,4,77,2024-01-01 00:00:00
P1514,5,101,2024-01-01 00:00:00
P1514,6,94,2024-01-01 00:00:00
P1514,7,55,2024-01-01 00:00:00
P1514,8,58,2024-01-01 00:00:00
P1514,9,59,2024-01-01 00:00:00
P1514,10,58,2024-01-01 00:00:00
P1515,1,50,2024-01-01 00:00:00
P1515,2,47,2024-01-01 00:00:00
P1515,3,95,2024-01-01 00:00:00
P1515,4,56,2024-01-01 00:00:00
P1515,5,83,2024-01-01 00:00:00
P1515,6,69,2024-01-01 00:00:00
P1515,7,50,2024-01-01 00:00:00
P1515,8,87,2024-01-01 00:00:00
P1515,9,89,2024-01-01 00:00:00
P1515,10,86,2024-01-01 00:00:00
P1516,1,62,2024-01-01 00:00:00
P1516,2,57,2024-01-01 00:00:00
P1516,3,105,2024-01-01 00:00:00
P1516,4,99,2024-01-01 00:00:00
P1516,5,82,2024-01-01 00:00:00
P1516,6,62,2024-01-01 00:00:00
P1516,7,82,2024-01-01 00:00:00
P1516,8,66,2024-01-01 00:00:00
P1516,9,88,2024-01-01 00:00:00
P1516,10,74,2024-01-01 00:00:00
P1517,1,90,2024-01-01 00:00:00
P1517,2,99,2024-01-01 00:00:00
P1517,3,87,2024-01-01 00:00:00
P1517,4,58,2024-01-01 00:00:00
P1517,5,55,2024-01-01 00:00:00
P1517,6,45,2024-01-01 00:00:00
P1517,7,60,2024-01-01 00:00:00
P1517,8,83,2024-01-01 00:00:00
P1517,9,91,2024-01-01 00:00:00
P1517,10,56,2024-01-01 00:00:00
P1518,1,94,2024-01-01 00:00:00
P1518,2,86,2024-01-01 00:00:00
P1518,3,82,2024-01-01 00:00:00
P1518,4,99,2024-01-01 00:00:00
P1518,5,79,2024-01-01 00:00:00
P1518,6,49,2024-01-01 00:00:00
P1518,7,67,2024-01-01 00:00:00
P1518,8,77,2024-01-01 00:00:00
P1518,9,72,2024-01-01 00:00:00
P1518,10,99,2024-01-01 00:00:00
P1519,1,62,2024-01-01 00:00:00
P1519,2,90,2024-01-01 00:00:00
P1519,3,67,2024-01-01 00:00:00
P1519,4,51,2024-01-01 00:00:00
P1519,5,100,2024-01-01 00:00:00
P1519,6,102,2024-01-01 00:00:00
P1519,7,50,2024-01-01 00:00:00
P1519,8,53,2024-01-01 00:00:00
P1519,9,72,2024-01-01 00:00:00
P1519,10,63,2024-01-01 00:00:00
P1520,1,71,2024-01-01 00:00:00
P1520,2,102,2024-01-01 00:00:00
P1520,3,83,2024-01-01 00:00:00
P1520,4,79,2024-01-01 00:00:00
P1520,5,59,2024-01-01 00:00:00
P1520,6,76,2024-01-01 00:00:00
P1520,7,78,2024-01-01 00:00:00
P1520,8,57,2024-01-01 00:00:00
P1520,9,71,2024-01-01 00:00:00
P1520,10,59,2024-01-01 00:00:00
P1521,1,20,2024-01-01 00:00:00
P1521,2,14,2024-01-01 00:00:00
P1521,3,15,2024-01-01 00:00:00
P1521,4,10,2024-01-01 00:00:00
P1521,5,19,2024-01-01 00:00:00
P1521,6,15,2024-01-01 00:00:00
P1521,7,20,2024-01-01 00:00:00
P1521,8,10,2024-01-01 00:00:00
P1521,9,17,2024-01-01 00:00:00
P1521,10,21,2024-01-01 00:00:00
P1522,1,10,2024-01-01 00:00:00
P1522,2,10,2024-01-01 00:00:00
P1522,3,10,2024-01-01 00:00:00
P1522,4,12,2024-01-01 00:00:00
P1522,5,10,2024-01-01 00:00:00
P1522,6,13,2024-01-01 00:00:00
P1522,7,11,2024-01-01 00:00:00
P1522,8,17,2024-01-01 00:00:00
P1522,9,16,2024-01-01 00:00:00
P1522,10,10,2024-01-01 00:00:00
P1523,1,55,2024-01-01 00:00:00
P1523,2,88,2024-01-01 00:00:00
P1523,3,66,2024-01-01 00:00:00
P1523,4,103,2024-01-01 00:00:00
P1523,5,69,2024-01-01 00:00:00
P1523,6,72,2024-01-01 00:00:00
P1523,7,96,2024-01-01 00:00:00
P1523,8,98,2024-01-01 00:00:00
P1523,9,51,2024-01-01 00:00:00
P1523,10,104,2024-01-01 00:00:00
P1524,1,78,2024-01-01 00:00:00
P1524,2,92,2024-01-01 00:00:00
P1524,3,86,2024-01-01 00:00:00
P1524,4,74,2024-01-01 00:00:00
P1524,5,82,2024-01-01 00:00:00
P1524,6,83,2024-01-01 00:00:00
P1524,7,92,2024-01-01 00:00:00
P1524,8,66,2024-01-01 00:00:00
P1524,9,97,2024-01-01 00:00:00
P1524,10,72,2024-01-01 00:00:00
P1525,1,100,2024-01-01 00:00:00
P1525,2,77,2024-01-01 00:00:00
P1525,3,111,2024-01-01 00:00:00
P1525,4,78,2024-01-01 00:00:00
P1525,5,81,2024-01-01 00:00:00
P1525,6,96,2024-01-01 00:00:00
P1525,7,134,2024-01-01 00:00:00
P1525,8,77,2024-01-01 00:00:00
P1525,9,132,2024-01-01 00:00:00
P1525,10,154,2024-01-01 00:00:00
P1526,1,50,2024-01-01 00:00:00
P1526,2,103,2024-01-01 00:00:00
P1526,3,57,2024-01-01 00:00:00
P1526,4,65,2024-01-01 00:00:00
P1526,5,49,2024-01-01 00:00:00
P1526,6,50,2024-01-01 00:00:00
P1526,7,63,2024-01-01 00:00:00
P1526,8,65,2024-01-01 00:00:00
P1526,9,46,2024-01-01 00:00:00
P1526,10,84,2024-01-01 00:00:00
P1527,1,98,2024-01-01 00:00:00
P1527,2,82,2024-01-01 00:00:00
P1527,3,87,2024-01-01 00:00:00
P1527,4,84,2024-01-01 00:00:00
P1527,5,122,2024-01-01 00:00:00
P1527,6,79,2024-01-01 00:00:00
P1527,7,95,2024-01-01 00:00:00
P1527,8,70,2024-01-01 00:00:00
P1527,9,121,2024-01-01 00:00:00
P1527,10,127,2024-01-01 00:00:00
P1528,1,142,2024-01-01 00:00:00
P1528,2,115,2024-01-01 00:00:00
P1528,3,103,2024-01-01 00:00:00
P1528,4,81,2024-01-01 00:00:00
P1528,5,127,2024-01-01 00:00:00
P1528,6,168,2024-01-01 00:00:00
P1528,7,98,2024-01-01 00:00:00
P1528,8,96,2024-01-01 00:00:00
P1528,9,130,2024-01-01 00:00:00
P1528,10,120,2024-01-01 00:00:00
P1529,1,146,2024-01-01 00:00:00
P1529,2,142,2024-01-01 00:00:00
P1529,3,144,2024-01-01 00:00:00
P1529,4,134,2024-01-01 00:00:00
P1529,5,133,2024-01-01 00:00:00
P1529,6,116,2024-01-01 00:00:00
P1529,7,114,2024-01-01 00:00:00
P1529,8,105,2024-01-01 00:00:00
P1529,9,124,2024-01-01 00:00:00
P1529,10,82,2024-01-01 00:00:00
P1530,1,86,2024-01-01 00:00:00
P1530,2,82,2024-01-01 00:00:00
P1530,3,76,2024-01-01 00:00:00
P1530,4,110,2024-01-01 00:00:00
P1530,5,55,2024-01-01 00:00:00
P1530,6,119,2024-01-01 00:00:00
P1530,7,96,2024-01-01 00:00:00
P1530,8,91,2024-01-01 00:00:00
P1530,9,114,2024-01-01 00:00:00
P1530,10,103,2024-01-01 00:00:00
P1531,1,70,2024-01-01 00:00:00
P1531,2,148,2024-01-01 00:00:00
P1531,3,117,2024-01-01 00:00:00
P1531,4,142,2024-01-01 00:00:00
P1531,5,128,2024-01-01 00:00:00
P1531,6,149,2024-01-01 00:00:00
P1531,7,115,2024-01-01 00:00:00
P1531,8,97,2024-01-01 00:00:00
P1531,9,87,2024-01-01 00:00:00
P1531,10,87,2024-01-01 00:00:00
P1532,1,93,2024-01-01 00:00:00
P1532,2,86,2024-01-01 00:00:00
P1532,3,87,2024-01-01 00:00:00
P1532,4,45,2024-01-01 00:00:00
P1532,5,69,2024-01-01 00:00:00
P1532,6,67,2024-01-01 00:00:00
P1532,7,55,2024-01-01 00:00:00
P1532,8,65,2024-01-01 00:00:00
P1532,9,69,2024-01-01 00:00:00
P1532,10,83,2024-01-01 00:00:00
P1533,1,85,2024-01-01 00:00:00
P1533,2,99,2024-01-01 00:00:00
P1533,3,78,2024-01-01 00:00:00
P1533,4,85,2024-01-01 00:00:00
P1533,5,72,2024-01-01 00:00:00
P1533,6,62,2024-01-01 00:00:00
P1533,7,72,2024-01-01 00:00:00
P1533,8,54,2024-01-01 00:00:00
P1533,9,57,2024-01-01 00:00:00
P1533,10,77,2024-01-01 00:00:00
P1534,1,100,2024-01-01 00:00:00
P1534,2,86,2024-01-01 00:00:00
P1534,3,128,2024-01-01 00:00:00
P1534,4,119,2024-01-01 00:00:00
P1534,5,121,2024-01-01 00:00:00
P1534,6,111,2024-01-01 00:00:00
P1534,7,105,2024-01-01 00:00:00
P1534,8,116,2024-01-01 00:00:00
P1534,9,65,2024-01-01 00:00:00
P1534,10,130,2024-01-01 00:00:00
P1535,1,121,2024-01-01 00:00:00
P1535,2,143,2024-01-01 00:00:00
P1535,3,113,2024-01-01 00:00:00
P1535,4,93,2024-01-01 00:00:00
P1535,5,103,2024-01-01 00:00:00
P1535,6,132,2024-01-01 00:00:00
P1535,7,129,2024-01-01 00:00:00
P1535,8,85,2024-01-01 00:00:00
P1535,9,148,2024-01-01 00:00:00
P1535,10,83,2024-01-01 00:00:00
P1536,1,100,2024-01-01 00:00:00
P1536,2,60,2024-01-01 00:00:00
P1536,3,72,2024-01-01 00:00:00
P1536,4,119,2024-01-01 00:00:00
P1536,5,67,2024-01-01 00:00:00
P1536,6,133,2024-01-01 00:00:00
P1536,7,76,2024-01-01 00:00:00
P1536,8,110,2024-01-01 00:00:00
P1536,9,60,2024-01-01 00:00:00
P1536,10,92,2024-01-01 00:00:00
P1537,1,47,2024-01-01 00:00:00
P1537,2,101,2024-01-01 00:00:00
P1537,3,76,2024-01-01 00:00:00
P1537,4,44,2024-01-01 00:00:00
P1537,5,97,2024-01-01 00:00:00
P1537,6,64,2024-01-01 00:00:00
P1537,7,80,2024-01-01 00:00:00
P1537,8,77,2024-01-01 00:00:00
P1537,9,84,2024-01-01 00:00:00
P1537,10,43,2024-01-01 00:00:00
P1538,1,56,2024-01-01 00:00:00
P1538,2,97,2024-01-01 00:00:00
P1538,3,88,2024-01-01 00:00:00
P1538,4,107,2024-01-01 00:00:00
P1538,5,118,2024-01-01 00:00:00
P1538,6,109,2024-01-01 00:00:00
P1538,7,82,2024-01-01 00:00:00
P1538,8,95,2024-01-01 00:00:00
P1538,9,118,2024-01-01 00:00:00
P1538,10,122,2024-01-01 00:00:00
P1539,1,66,2024-01-01 00:00:00
P1539,2,65,2024-01-01 00:00:00
P1539,3,95,2024-01-01 00:00:00
P1539,4,96,2024-01-01 00:00:00
P1539,5,93,2024-01-01 00:00:00
P1539,6,96,2024-01-01 00:00:00
P1539,7,98,2024-01-01 00:00:00
P1539,8,96,2024-01-01 00:00:00
P1539,9,97,2024-01-01 00:00:00
P1539,10,89,2024-01-01 00:00:00
P1540,1,116,2024-01-01 00:00:00
P1540,2,93,2024-01-01 00:00:00
P1540,3,138,2024-01-01 00:00:00
P1540,4,143,2024-01-01 00:00:00
P1540,5,136,2024-01-01 00:00:00
P1540,6,108,2024-01-01 00:00:00
P1540,7,105,2024-01-01 00:00:00
P1540,8,116,2024-01-01 00:00:00
P1540,9,143,2024-01-01 00:00:00
P1540,10,63,2024-01-01 00:00:00
P1541,1,108,2024-01-01 00:00:00
P1541,2,126,2024-01-01 00:00:00
P1541,3,96,2024-01-01 00:00:00
P1541,4,55,2024-01-01 00:00:00
P1541,5,125,2024-01-01 00:00:00
P1541,6,79,2024-01-01 00:00:00
P1541,7,74,2024-01-01 00:00:00
P1541,8,60,2024-01-01 00:00:00
P1541,9,71,2024-01-01 00:00:00
P1541,10,106,2024-01-01 00:00:00
P1542,1,60,2024-01-01 00:00:00
P1542,2,82,2024-01-01 00:00:00
P1542,3,53,2024-01-01 00:00:00
P1542,4,52,2024-01-01 00:00:00
P1542,5,87,2024-01-01 00:00:00
P1542,6,55,2024-01-01 00:00:00
P1542,7,49,2024-01-01 00:00:00
P1542,8,98,2024-01-01 00:00:00
P1542,9,47,2024-01-01 00:00:00
P1542,10,98,2024-01-01 00:00:00
P1543,1,72,2024-01-01 00:00:00
P1543,2,69,2024-01-01 00:00:00
P1543,3,100,2024-01-01 00:00:00
P1543,4,56,2024-01-01 00:00:00
P1543,5,91,2024-01-01 00:00:00
P1543,6,69,2024-01-01 00:00:00
P1543,7,84,2024-01-01 00:00:00
P1543,8,72,2024-01-01 00:00:00
P1543,9,81,2024-01-01 00:00:00
P1543,10,66,2024-01-01 00:00:00
P1544,1,97,2024-01-01 00:00:00
P1544,2,99,2024-01-01 00:00:00
P1544,3,88,2024-01-01 00:00:00
P1544,4,77,2024-01-01 00:00:00
P1544,5,95,2024-01-01 00:00:00
P1544,6,88,2024-01-01 00:00:00
P1544,7,90,2024-01-01 00:00:00
P1544,8,53,2024-01-01 00:00:00
P1544,9,50,2024-01-01 00:00:00
P1544,10,89,2024-01-01 00:00:00
P1545,1,90,2024-01-01 00:00:00
P1545,2,102,2024-01-01 00:00:00
P1545,3,58,2024-01-01 00:00:00
P1545,4,79,2024-01-01 00:00:00
P1545,5,84,2024-01-01 00:00:00
P1545,6,95,2024-01-01 00:00:00
P1545,7,91,2024-01-01 00:00:00
P1545,8,55,2024-01-01 00:00:00
P1545,9,82,2024-01-01 00:00:00
P1545,10,49,2024-01-01 00:00:00
P1546,1,94,2024-01-01 00:00:00
P1546,2,51,2024-01-01 00:00:00
P1546,3,89,2024-01-01 00:00:00
P1546,4,96,2024-01-01 00:00:00
P1546,5,72,2024-01-01 00:00:00
P1546,6,79,2024-01-01 00:00:00
P1546,7,94,2024-01-01 00:00:00
P1546,8,96,2024-01-01 00:00:00
P1546,9,80,2024-01-01 00:00:00
P1546,10,92,2024-01-01 00:00:00
P1547,1,66,2024-01-01 00:00:00
P1547,2,90,2024-01-01 00:00:00
P1547,3,78,2024-01-01 00:00:00
P1547,4,94,2024-01-01 00:00:00
P1547,5,60,2024-01-01 00:00:00
P1547,6,102,2024-01-01 00:00:00
P1547,7,101,2024-01-01 00:00:00
P1547,8,60,2024-01-01 00:00:00
P1547,9,101,2024-01-01 00:00:00
P1547,10,86,2024-01-01 00:00:00
P1548,1,93,2024-01-01 00:00:00
P1548,2,101,2024-01-01 00:00:00
P1548,3,47,2024-01-01 00:00:00
P1548,4,47,2024-01-01 00:00:00
P1548,5,47,2024-01-01 00:00:00
P1548,6,105,2024-01-01 00:00:00
P1548,7,80,2024-01-01 00:00:00
P1548,8,95,2024-01-01 00:00:00
P1548,9,71,2024-01-01 00:00:00
P1548,10,99,2024-01-01 00:00:00
P1549,1,77,2024-01-01 00:00:00
P1549,2,62,2024-01-01 00:00:00
P1549,3,50,2024-01-01 00:00:00
P1549,4,49,2024-01-01 00:00:00
P1549,5,94,2024-01-01 00:00:00
P1549,6,102,2024-01-01 00:00:00
P1549,7,94,2024-01-01 00:00:00
P1549,8,87,2024-01-01 00:00:00
P1549,9,86,2024-01-01 00:00:00
P1549,10,95,2024-01-01 00:00:00
P1550,1,100,2024-01-01 00:00:00
P1550,2,67,2024-01-01 00:00:00
P1550,3,85,2024-01-01 00:00:00
P1550,4,50,2024-01-01 00:00:00
P1550,5,56,2024-01-01 00:00:00
P1550,6,67,2024-01-01 00:00:00
P1550,7,103,2024-01-01 00:00:00
P1550,8,88,2024-01-01 00:00:00
P1550,9,58,2024-01-01 00:00:00
P1550,10,59,2024-01-01 00:00:00
P1551,1,72,2024-01-01 00:00:00
P1551,2,99,2024-01-01 00:00:00
P1551,3,82,2024-01-01 00:00:00
P1551,4,101,2024-01-01 00:00:00
P1551,5,95,2024-01-01 00:00:00
P1551,6,65,2024-01-01 00:00:00
P1551,7,90,2024-01-01 00:00:00
P1551,8,63,2024-01-01 00:00:00
P1551,9,98,2024-01-01 00:00:00
P1551,10,91,2024-01-01 00:00:00
P1552,1,31,2024-01-01 00:00:00
P1552,2,39,2024-01-01 00:00:00
P1552,3,20,2024-01-01 00:00:00
P1552,4,23,2024-01-01 00:00:00
P1552,5,21,2024-01-01 00:00:00
P1552,6,18,2024-01-01 00:00:00
P1552,7,36,2024-01-01 00:00:00
P1552,8,30,2024-01-01 00:00:00
P1552,9,40,2024-01-01 00:00:00
P1552,10,36,2024-01-01 00:00:00
P1553,1,102,2024-01-01 00:00:00
P1553,2,90,2024-01-01 00:00:00
P1553,3,82,2024-01-01 00:00:00
P1553,4,74,2024-01-01 00:00:00
P1553,5,100,2024-01-01 00:00:00
P1553,6,57,2024-01-01 00:00:00
P1553,7,66,2024-01-01 00:00:00
P1553,8,72,2024-01-01 00:00:00
P1553,9,100,2024-01-01 00:00:00
P1553,10,98,2024-01-01 00:00:00
P1554,1,60,2024-01-01 00:00:00
P1554,2,52,2024-01-01 00:00:00
P1554,3,60,2024-01-01 00:00:00
P1554,4,64,2024-01-01 00:00:00
P1554,5,59,2024-01-01 00:00:00
P1554,6,60,2024-01-01 00:00:00
P1554,7,55,2024-01-01 00:00:00
P1554,8,84,2024-01-01 00:00:00
P1554,9,58,2024-01-01 00:00:00
P1554,10,58,2024-01-01 00:00:00
P1555,1,48,2024-01-01 00:00:00
P1555,2,66,2024-01-01 00:00:00
P1555,3,94,2024-01-01 00:00:00
P1555,4,83,2024-01-01 00:00:00
P1555,5,83,2024-01-01 00:00:00
P1555,6,51,2024-01-01 00:00:00
P1555,7,53,2024-01-01 00:00:00
P1555,8,70,2024-01-01 00:00:00
P1555,9,53,2024-01-01 00:00:00
P1555,10,104,2024-01-01 00:00:00
P1556,1,102,2024-01-01 00:00:00
P1556,2,94,2024-01-01 00:00:00
P1556,3,95,2024-01-01 00:00:00
P1556,4,86,2024-01-01 00:00:00
P1556,5,70,2024-01-01 00:00:00
P1556,6,90,2024-01-01 00:00:00
P1556,7,47,2024-01-01 00:00:00
P1556,8,54,2024-01-01 00:00:00
P1556,9,89,2024-01-01 00:00:00
P1556,10,58,2024-01-01 00:00:00
P1557,1,94,2024-01-01 00:00:00
P1557,2,56,2024-01-01 00:00:00
P1557,3,79,2024-01-01 00:00:00
P1557,4,58,2024-01-01 00:00:00
P1557,5,76,2024-01-01 00:00:00
P1557,6,87,2024-01-01 00:00:00
P1557,7,98,2024-01-01 00:00:00
P1557,8,92,2024-01-01 00:00:00
P1557,9,67,2024-01-01 00:00:00
P1557,10,55,2024-01-01 00:00:00
P1558,1,19,2024-01-01 00:00:00
P1558,2,19,2024-01-01 00:00:00
P1558,3,25,2024-01-01 00:00:00
P1558,4,14,2024-01-01 00:00:00
P1558,5,26,2024-01-01 00:00:00
P1558,6,13,2024-01-01 00:00:00
P1558,7,15,2024-01-01 00:00:00
P1558,8,19,2024-01-01 00:00:00
P1558,9,28,2024-01-01 00:00:00
P1558,10,23,2024-01-01 00:00:00
P1559,1,62,2024-01-01 00:00:00
P1559,2,72,2024-01-01 00:00:00
P1559,3,82,2024-01-01 00:00:00
P1559,4,48,2024-01-01 00:00:00
P1559,5,68,2024-01-01 00:00:00
P1559,6,101,2024-01-01 00:00:00
P1559,7,55,2024-01-01 00:00:00
P1559,8,54,2024-01-01 00:00:00
P1559,9,105,2024-01-01 00:00:00
P1559,10,69,2024-01-01 00:00:00
P1560,1,77,2024-01-01 00:00:00
P1560,2,89,2024-01-01 00:00:00
P1560,3,78,2024-01-01 00:00:00
P1560,4,74,2024-01-01 00:00:00
P1560,5,99,2024-01-01 00:00:00
P1560,6,64,2024-01-01 00:00:00
P1560,7,77,2024-01-01 00:00:00
P1560,8,92,2024-01-01 00:00:00
P1560,9,45,2024-01-01 00:00:00
P1560,10,55,2024-01-01 00:00:00
P1561,1,49,2024-01-01 00:00:00
P1561,2,103,2024-01-01 00:00:00
P1561,3,92,2024-01-01 00:00:00
P1561,4,79,2024-01-01 00:00:00
P1561,5,58,2024-01-01 00:00:00
P1561,6,59,2024-01-01 00:00:00
P1561,7,103,2024-01-01 00:00:00
P1561,8,83,2024-01-01 00:00:00
P1561,9,80,2024-01-01 00:00:00
P1561,10,94,2024-01-01 00:00:00
P1562,1,10,2024-01-01 00:00:00
P1562,2,10,2024-01-01 00:00:00
P1562,3,10,2024-01-01 00:00:00
P1562,4,12,2024-01-01 00:00:00
P1562,5,12,2024-01-01 00:00:00
P1562,6,10,2024-01-01 00:00:00
P1562,7,13,2024-01-01 00:00:00
P1562,8,10,2024-01-01 00:00:00
P1562,9,10,2024-01-01 00:00:00
P1562,10,10,2024-01-01 00:00:00
P1563,1,73,2024-01-01 00:00:00
P1563,2,94,2024-01-01 00:00:00
P1563,3,100,2024-01-01 00:00:00
P1563,4,47,2024-01-01 00:00:00
P1563,5,88,2024-01-01 00:00:00
P1563,6,80,2024-01-01 00:00:00
P1563,7,70,2024-01-01 00:00:00
P1563,8,99,2024-01-01 00:00:00
P1563,9,52,2024-01-01 00:00:00
P1563,10,83,2024-01-01 00:00:00
P1564,1,100,2024-01-01 00:00:00
P1564,2,52,2024-01-01 00:00:00
P1564,3,90,2024-01-01 00:00:00
P1564,4,51,2024-01-01 00:00:00
P1564,5,93,2024-01-01 00:00:00
P1564,6,76,2024-01-01 00:00:00
P1564,7,101,2024-01-01 00:00:00
P1564,8,101,2024-01-01 00:00:00
P1564,9,102,2024-01-01 00:00:00
P1564,10,65,2024-01-01 00:00:00
P1565,1,32,2024-01-01 00:00:00
P1565,2,18,2024-01-01 00:00:00
P1565,3,23,2024-01-01 00:00:00
P1565,4,31,2024-01-01 00:00:00
P1565,5,19,2024-01-01 00:00:00
P1565,6,20,2024-01-01 00:00:00
P1565,7,34,2024-01-01 00:00:00
P1565,8,33,2024-01-01 00:00:00
P1565,9,15,2024-01-01 00:00:00
P1565,10,32,2024-01-01 00:00:00
P1566,1,96,2024-01-01 00:00:00
P1566,2,58,2024-01-01 00:00:00
P1566,3,78,2024-01-01 00:00:00
P1566,4,70,2024-01-01 00:00:00
P1566,5,61,2024-01-01 00:00:00
P1566,6,74,2024-01-01 00:00:00
P1566,7,88,2024-01-01 00:00:00
P1566,8,58,2024-01-01 00:00:00
P1566,9,66,2024-01-01 00:00:00
P1566,10,67,2024-01-01 00:00:00
P1567,1,73,2024-01-01 00:00:00
P1567,2,93,2024-01-01 00:00:00
P1567,3,51,2024-01-01 00:00:00
P1567,4,103,2024-01-01 00:00:00
P1567,5,68,2024-01-01 00:00:00
P1567,6,98,2024-01-01 00:00:00
P1567,7,47,2024-01-01 00:00:00
P1567,8,57,2024-01-01 00:00:00
P1567,9,46,2024-01-01 00:00:00
P1567,10,77,2024-01-01 00:00:00
P1568,1,100,2024-01-01 00:00:00
P1568,2,64,2024-01-01 00:00:00
P1568,3,63,2024-01-01 00:00:00
P1568,4,71,2024-01-01 00:00:00
P1568,5,46,2024-01-01 00:00:00
P1568,6,56,2024-01-01 00:00:00
P1568,7,55,2024-01-01 00:00:00
P1568,8,61,2024-01-01 00:00:00
P1568,9,54,2024-01-01 00:00:00
P1568,10,65,2024-01-01 00:00:00
P1569,1,69,2024-01-01 00:00:00
P1569,2,72,2024-01-01 00:00:00
P1569,3,104,2024-01-01 00:00:00
P1569,4,51,2024-01-01 00:00:00
P1569,5,100,2024-01-01 00:00:00
P1569,6,63,2024-01-01 00:00:00
P1569,7,49,2024-01-01 00:00:00
P1569,8,89,2024-01-01 00:00:00
P1569,9,51,2024-01-01 00:00:00
P1569,10,72,2024-01-01 00:00:00
P1570,1,60,2024-01-01 00:00:00
P1570,2,86,2024-01-01 00:00:00
P1570,3,91,2024-01-01 00:00:00
P1570,4,99,2024-01-01 00:00:00
P1570,5,102,2024-01-01 00:00:00
P1570,6,87,2024-01-01 00:00:00
P1570,7,50,2024-01-01 00:00:00
P1570,8,78,2024-01-01 00:00:00
P1570,9,77,2024-01-01 00:00:00
P1570,10,74,2024-01-01 00:00:00
P1571,1,52,2024-01-01 00:00:00
P1571,2,104,2024-01-01 00:00:00
P1571,3,100,2024-01-01 00:00:00
P1571,4,70,2024-01-01 00:00:00
P1571,5,61,2024-01-01 00:00:00
P1571,6,96,2024-01-01 00:00:00
P1571,7,75,2024-01-01 00:00:00
P1571,8,96,2024-01-01 00:00:00
P1571,9,61,2024-01-01 00:00:00
P1571,10,55,2024-01-01 00:00:00
P1572,1,61,2024-01-01 00:00:00
P1572,2,51,2024-01-01 00:00:00
P1572,3,96,2024-01-01 00:00:00
P1572,4,99,2024-01-01 00:00:00
P1572,5,56,2024-01-01 00:00:00
P1572,6,55,2024-01-01 00:00:00
P1572,7,46,2024-01-01 00:00:00
P1572,8,58,2024-01-01 00:00:00
P1572,9,71,2024-01-01 00:00:00
P1572,10,99,2024-01-01 00:00:00
P1573,1,77,2024-01-01 00:00:00
P1573,2,63,2024-01-01 00:00:00
P1573,3,52,2024-01-01 00:00:00
P1573,4,82,2024-01-01 00:00:00
P1573,5,53,2024-01-01 00:00:00
P1573,6,95,2024-01-01 00:00:00
P1573,7,104,2024-01-01 00:00:00
P1573,8,92,2024-01-01 00:00:00
P1573,9,102,2024-01-01 00:00:00
P1573,10,49,2024-01-01 00:00:00
P1574,1,72,2024-01-01 00:00:00
P1574,2,96,2024-01-01 00:00:00
P1574,3,50,2024-01-01 00:00:00
P1574,4,63,2024-01-01 00:00:00
P1574,5,98,2024-01-01 00:00:00
P1574,6,66,2024-01-01 00:00:00
P1574,7,99,2024-01-01 00:00:00
P1574,8,89,2024-01-01 00:00:00
P1574,9,68,2024-01-01 00:00:00
P1574,10,97,2024-01-01 00:00:00
P1575,1,94,2024-01-01 00:00:00
P1575,2,90,2024-01-01 00:00:00
P1575,3,73,2024-01-01 00:00:00
P1575,4,89,2024-01-01 00:00:00
P1575,5,87,2024-01-01 00:00:00
P1575,6,74,2024-01-01 00:00:00
P1575,7,66,2024-01-01 00:00:00
P1575,8,88,2024-01-01 00:00:00
P1575,9,91,2024-01-01 00:00:00
P1575,10,88,2024-01-01 00:00:00
P1576,1,60,2024-01-01 00:00:00
P1576,2,80,2024-01-01 00:00:00
P1576,3,75,2024-01-01 00:00:00
P1576,4,96,2024-01-01 00:00:00
P1576,5,73,2024-01-01 00:00:00
P1576,6,55,2024-01-01 00:00:00
P1576,7,95,2024-01-01 00:00:00
P1576,8,93,2024-01-01 00:00:00
P1576,9,55,2024-01-01 00:00:00
P1576,10,104,2024-01-01 00:00:00
P1577,1,66,2024-01-01 00:00:00
P1577,2,56,2024-01-01 00:00:00
P1577,3,80,2024-01-01 00:00:00
P1577,4,62,2024-01-01 00:00:00
P1577,5,94,2024-01-01 00:00:00
P1577,6,105,2024-01-01 00:00:00
P1577,7,85,2024-01-01 00:00:00
P1577,8,58,2024-01-01 00:00:00
P1577,9,49,2024-01-01 00:00:00
P1577,10,88,2024-01-01 00:00:00
P1578,1,83,2024-01-01 00:00:00
P1578,2,63,2024-01-01 00:00:00
P1578,3,86,2024-01-01 00:00:00
P1578,4,52,2024-01-01 00:00:00
P1578,5,88,2024-01-01 00:00:00
P1578,6,104,2024-01-01 00:00:00
P1578,7,62,2024-01-01 00:00:00
P1578,8,48,2024-01-01 00:00:00
P1578,9,79,2024-01-01 00:00:00
P1578,10,56,2024-01-01 00:00:00
P1579,1,62,2024-01-01 00:00:00
P1579,2,55,2024-01-01 00:00:00
P1579,3,103,2024-01-01 00:00:00
P1579,4,53,2024-01-01 00:00:00
P1579,5,46,2024-01-01 00:00:00
P1579,6,66,2024-01-01 00:00:00
P1579,7,74,2024-01-01 00:00:00
P1579,8,84,2024-01-01 00:00:00
P1579,9,97,2024-01-01 00:00:00
P1579,10,82,2024-01-01 00:00:00
P1580,1,61,2024-01-01 00:00:00
P1580,2,59,2024-01-01 00:00:00
P1580,3,63,2024-01-01 00:00:00
P1580,4,77,2024-01-01 00:00:00
P1580,5,79,2024-01-01 00:00:00
P1580,6,101,2024-01-01 00:00:00
P1580,7,90,2024-01-01 00:00:00
P1580,8,61,2024-01-01 00:00:00
P1580,9,85,2024-01-01 00:00:00
P1580,10,68,2024-01-01 00:00:00
P1581,1,75,2024-01-01 00:00:00
P1581,2,55,2024-01-01 00:00:00
P1581,3,70,2024-01-01 00:00:00
P1581,4,98,2024-01-01 00:00:00
P1581,5,73,2024-01-01 00:00:00
P1581,6,102,2024-01-01 00:00:00
P1581,7,51,2024-01-01 00:00:00
P1581,8,102,2024-01-01 00:00:00
P1581,9,80,2024-01-01 00:00:00
P1581,10,87,2024-01-01 00:00:00
P1582,1,49,2024-01-01 00:00:00
P1582,2,84,2024-01-01 00:00:00
P1582,3,98,2024-01-01 00:00:00
P1582,4,72,2024-01-01 00:00:00
P1582,5,48,2024-01-01 00:00:00
P1582,6,73,2024-01-01 00:00:00
P1582,7,85,2024-01-01 00:00:00
P1582,8,70,2024-01-01 00:00:00
P1582,9,91,2024-01-01 00:00:00
P1582,10,59,2024-01-01 00:00:00
P1583,1,46,2024-01-01 00:00:00
P1583,2,54,2024-01-01 00:00:00
P1583,3,58,2024-01-01 00:00:00
P1583,4,89,2024-01-01 00:00:00
P1583,5,95,2024-01-01 00:00:00
P1583,6,78,2024-01-01 00:00:00
P1583,7,99,2024-01-01 00:00:00
P1583,8,85,2024-01-01 00:00:00
P1583,9,56,2024-01-01 00:00:00
P1583,10,65,2024-01-01 00:00:00
P1584,1,58,2024-01-01 00:00:00
P1584,2,82,2024-01-01 00:00:00
P1584,3,99,2024-01-01 00:00:00
P1584,4,75,2024-01-01 00:00:00
P1584,5,81,2024-01-01 00:00:00
P1584,6,63,2024-01-01 00:00:00
P1584,7,51,2024-01-01 00:00:00
P1584,8,63,2024-01-01 00:00:00
P1584,9,49,2024-01-01 00:00:00
P1584,10,77,2024-01-01 00:00:00
P1585,1,86,2024-01-01 00:00:00
P1585,2,73,2024-01-01 00:00:00
P1585,3,89,2024-01-01 00:00:00
P1585,4,53,2024-01-01 00:00:00
P1585,5,82,2024-01-01 00:00:00
P1585,6,62,2024-01-01 00:00:00
P1585,7,77,2024-01-01 00:00:00
P1585,8,64,2024-01-01 00:00:00
P1585,9,60,2024-01-01 00:00:00
P1585,10,58,2024-01-01 00:00:00
P1586,1,66,2024-01-01 00:00:00
P1586,2,60,2024-01-01 00:00:00
P1586,3,90,2024-01-01 00:00:00
P1586,4,100,2024-01-01 00:00:00
P1586,5,72,2024-01-01 00:00:00
P1586,6,78,2024-01-01 00:00:00
P1586,7,56,2024-01-01 00:00:00
P1586,8,94,2024-01-01 00:00:00
P1586,9,50,2024-01-01 00:00:00
P1586,10,45,2024-01-01 00:00:00
P1587,1,85,2024-01-01 00:00:00
P1587,2,98,2024-01-01 00:00:00
P1587,3,68,2024-01-01 00:00:00
P1587,4,94,2024-01-01 00:00:00
P1587,5,104,2024-01-01 00:00:00
P1587,6,70,2024-01-01 00:00:00
P1587,7,90,2024-01-01 00:00:00
P1587,8,103,2024-01-01 00:00:00
P1587,9,72,2024-01-01 00:00:00
P1587,10,47,2024-01-01 00:00:00
P1588,1,91,2024-01-01 00:00:00
P1588,2,77,2024-01-01 00:00:00
P1588,3,77,2024-01-01 00:00:00
P1588,4,74,2024-01-01 00:00:00
P1588,5,104,2024-01-01 00:00:00
P1588,6,45,2024-01-01 00:00:00
P1588,7,99,2024-01-01 00:00:00
P1588,8,67,2024-01-01 00:00:00
P1588,9,98,2024-01-01 00:00:00
P1588,10,91,2024-01-01 00:00:00
P1589,1,86,2024-01-01 00:00:00
P1589,2,105,2024-01-01 00:00:00
P1589,3,57,2024-01-01 00:00:00
P1589,4,80,2024-01-01 00:00:00
P1589,5,45,2024-01-01 00:00:00
P1589,6,89,2024-01-01 00:00:00
P1589,7,74,2024-01-01 00:00:00
P1589,8,100,2024-01-01 00:00:00
P1589,9,55,2024-01-01 00:00:00
P1589,10,78,2024-01-01 00:00:00
P1590,1,95,2024-01-01 00:00:00
P1590,2,105,2024-01-01 00:00:00
P1590,3,61,2024-01-01 00:00:00
P1590,4,80,2024-01-01 00:00:00
P1590,5,59,2024-01-01 00:00:00
P1590,6,76,2024-01-01 00:00:00
P1590,7,55,2024-01-01 00:00:00
P1590,8,75,2024-01-01 00:00:00
P1590,9,71,2024-01-01 00:00:00
P1590,10,74,2024-01-01 00:00:00
P1591,1,101,2024-01-01 00:00:00
P1591,2,53,2024-01-01 00:00:00
P1591,3,104,2024-01-01 00:00:00
P1591,4,102,2024-01-01 00:00:00
P1591,5,52,2024-01-01 00:00:00
P1591,6,95,2024-01-01 00:00:00
P1591,7,45,2024-01-01 00:00:00
P1591,8,84,2024-01-01 00:00:00
P1591,9,104,2024-01-01 00:00:00
P1591,10,84,2024-01-01 00:00:00
P1592,1,56,2024-01-01 00:00:00
P1592,2,117,2024-01-01 00:00:00
P1592,3,114,2024-01-01 00:00:00
P1592,4,54,2024-01-01 00:00:00
P1592,5,65,2024-01-01 00:00:00
P1592,6,100,2024-01-01 00:00:00
P1592,7,66,2024-01-01 00:00:00
P1592,8,54,2024-01-01 00:00:00
P1592,9,101,2024-01-01 00:00:00
P1592,10,66,2024-01-01 00:00:00
P1593,1,107,2024-01-01 00:00:00
P1593,2,63,2024-01-01 00:00:00
P1593,3,126,2024-01-01 00:00:00
P1593,4,100,2024-01-01 00:00:00
P1593,5,93,2024-01-01 00:00:00
P1593,6,81,2024-01-01 00:00:00
P1593,7,128,2024-01-01 00:00:00
P1593,8,83,2024-01-01 00:00:00
P1593,9,116,2024-01-01 00:00:00
P1593,10,76,2024-01-01 00:00:00
P1594,1,58,2024-01-01 00:00:00
P1594,2,46,2024-01-01 00:00:00
P1594,3,47,2024-01-01 00:00:00
P1594,4,77,2024-01-01 00:00:00
P1594,5,74,2024-01-01 00:00:00
P1594,6,64,2024-01-01 00:00:00
P1594,7,46,2024-01-01 00:00:00
P1594,8,61,2024-01-01 00:00:00
P1594,9,81,2024-01-01 00:00:00
P1594,10,47,2024-01-01 00:00:00
P1595,1,45,2024-01-01 00:00:00
P1595,2,80,2024-01-01 00:00:00
P1595,3,47,2024-01-01 00:00:00
P1595,4,65,2024-01-01 00:00:00
P1595,5,63,2024-01-01 00:00:00
P1595,6,79,2024-01-01 00:00:00
P1595,7,55,2024-01-01 00:00:00
P1595,8,50,2024-01-01 00:00:00
P1595,9,80,2024-01-01 00:00:00
P1595,10,79,2024-01-01 00:00:00
P1596,1,142,2024-01-01 00:00:00
P1596,2,84,2024-01-01 00:00:00
P1596,3,96,2024-01-01 00:00:00
P1596,4,63,2024-01-01 00:00:00
P1596,5,121,2024-01-01 00:00:00
P1596,6,144,2024-01-01 00:00:00
P1596,7,84,2024-01-01 00:00:00
P1596,8,134,2024-01-01 00:00:00
P1596,9,123,2024-01-01 00:00:00
P1596,10,109,2024-01-01 00:00:00
P1597,1,98,2024-01-01 00:00:00
P1597,2,58,2024-01-01 00:00:00
P1597,3,86,2024-01-01 00:00:00
P1597,4,103,2024-01-01 00:00:00
P1597,5,85,2024-01-01 00:00:00
P1597,6,56,2024-01-01 00:00:00
P1597,7,99,2024-01-01 00:00:00
P1597,8,96,2024-01-01 00:00:00
P1597,9,90,2024-01-01 00:00:00
P1597,10,79,2024-01-01 00:00:00
P1598,1,88,2024-01-01 00:00:00
P1598,2,108,2024-01-01 00:00:00
P1598,3,80,2024-01-01 00:00:00
P1598,4,107,2024-01-01 00:00:00
P1598,5,127,2024-01-01 00:00:00
P1598,6,128,2024-01-01 00:00:00
P1598,7,104,2024-01-01 00:00:00
P1598,8,68,2024-01-01 00:00:00
P1598,9,98,2024-01-01 00:00:00
P1598,10,79,2024-01-01 00:00:00
P1599,1,104,2024-01-01 00:00:00
P1599,2,115,2024-01-01 00:00:00
P1599,3,97,2024-01-01 00:00:00
P1599,4,142,2024-01-01 00:00:00
P1599,5,126,2024-01-01 00:00:00
P1599,6,127,2024-01-01 00:00:00
P1599,7,118,2024-01-01 00:00:00
P1599,8,142,2024-01-01 00:00:00
P1599,9,133,2024-01-01 00:00:00
P1599,10,160,2024-01-01 00:00:00
P1600,1,73,2024-01-01 00:00:00
P1600,2,54,2024-01-01 00:00:00
P1600,3,54,2024-01-01 00:00:00
P1600,4,72,2024-01-01 00:00:00
P1600,5,95,2024-01-01 00:00:00
P1600,6,46,2024-01-01 00:00:00
P1600,7,58,2024-01-01 00:00:00
P1600,8,74,2024-01-01 00:00:00
P1600,9,81,2024-01-01 00:00:00
P1600,10,46,2024-01-01 00:00:00
P1601,1,72,2024-01-01 00:00:00
P1601,2,92,2024-01-01 00:00:00
P1601,3,64,2024-01-01 00:00:00
P1601,4,64,2024-01-01 00:00:00
P1601,5,52,2024-01-01 00:00:00
P1601,6,60,2024-01-01 00:00:00
P1601,7,61,2024-01-01 00:00:00
P1601,8,95,2024-01-01 00:00:00
P1601,9,94,2024-01-01 00:00:00
P1601,10,101,2024-01-01 00:00:00
P1602,1,51,2024-01-01 00:00:00
P1602,2,72,2024-01-01 00:00:00
P1602,3,74,2024-01-01 00:00:00
P1602,4,57,2024-01-01 00:00:00
P1602,5,61,2024-01-01 00:00:00
P1602,6,54,2024-01-01 00:00:00
P1602,7,46,2024-01-01 00:00:00
P1602,8,77,2024-01-01 00:00:00
P1602,9,49,2024-01-01 00:00:00
P1602,10,71,2024-01-01 00:00:00
P1603,1,58,2024-01-01 00:00:00
P1603,2,50,2024-01-01 00:00:00
P1603,3,81,2024-01-01 00:00:00
P1603,4,76,2024-01-01 00:00:00
P1603,5,75,2024-01-01 00:00:00
P1603,6,85,2024-01-01 00:00:00
P1603,7,90,2024-01-01 00:00:00
P1603,8,101,2024-01-01 00:00:00
P1603,9,74,2024-01-01 00:00:00
P1603,10,78,2024-01-01 00:00:00
P1604,1,92,2024-01-01 00:00:00
P1604,2,93,2024-01-01 00:00:00
P1604,3,53,2024-01-01 00:00:00
P1604,4,79,2024-01-01 00:00:00
P1604,5,63,2024-01-01 00:00:00
P1604,6,78,2024-01-01 00:00:00
P1604,7,50,2024-01-01 00:00:00
P1604,8,51,2024-01-01 00:00:00
P1604,9,61,2024-01-01 00:00:00
P1604,10,69,2024-01-01 00:00:00
P1605,1,70,2024-01-01 00:00:00
P1605,2,75,2024-01-01 00:00:00
P1605,3,97,2024-01-01 00:00:00
P1605,4,66,2024-01-01 00:00:00
P1605,5,92,2024-01-01 00:00:00
P1605,6,51,2024-01-01 00:00:00
P1605,7,88,2024-01-01 00:00:00
P1605,8,93,2024-01-01 00:00:00
P1605,9,63,2024-01-01 00:00:00
P1605,10,59,2024-01-01 00:00:00
P1606,1,84,2024-01-01 00:00:00
P1606,2,73,2024-01-01 00:00:00
P1606,3,62,2024-01-01 00:00:00
P1606,4,55,2024-01-01 00:00:00
P1606,5,93,2024-01-01 00:00:00
P1606,6,50,2024-01-01 00:00:00
P1606,7,100,2024-01-01 00:00:00
P1606,8,86,2024-01-01 00:00:00
P1606,9,80,2024-01-01 00:00:00
P1606,10,105,2024-01-01 00:00:00
P1607,1,89,2024-01-01 00:00:00
P1607,2,63,2024-01-01 00:00:00
P1607,3,74,2024-01-01 00:00:00
P1607,4,85,2024-01-01 00:00:00
P1607,5,95,2024-01-01 00:00:00
P1607,6,65,2024-01-01 00:00:00
P1607,7,89,2024-01-01 00:00:00
P1607,8,99,2024-01-01 00:00:00
P1607,9,62,2024-01-01 00:00:00
P1607,10,53,2024-01-01 00:00:00
P1608,1,65,2024-01-01 00:00:00
P1608,2,67,2024-01-01 00:00:00
P1608,3,81,2024-01-01 00:00:00
P1608,4,56,2024-01-01 00:00:00
P1608,5,85,2024-01-01 00:00:00
P1608,6,39,2024-01-01 00:00:00
P1608,7,82,2024-01-01 00:00:00
P1608,8,39,2024-01-01 00:00:00
P1608,9,61,2024-01-01 00:00:00
P1608,10,47,2024-01-01 00:00:00
P1609,1,70,2024-01-01 00:00:00
P1609,2,77,2024-01-01 00:00:00
P1609,3,58,2024-01-01 00:00:00
P1609,4,103,2024-01-01 00:00:00
P1609,5,96,2024-01-01 00:00:00
P1609,6,83,2024-01-01 00:00:00
P1609,7,72,2024-01-01 00:00:00
P1609,8,82,2024-01-01 00:00:00
P1609,9,77,2024-01-01 00:00:00
P1609,10,50,2024-01-01 00:00:00
P1610,1,48,2024-01-01 00:00:00
P1610,2,47,2024-01-01 00:00:00
P1610,3,62,2024-01-01 00:00:00
P1610,4,63,2024-01-01 00:00:00
P1610,5,55,2024-01-01 00:00:00
P1610,6,81,2024-01-01 00:00:00
P1610,7,63,2024-01-01 00:00:00
P1610,8,47,2024-01-01 00:00:00
P1610,9,40,2024-01-01 00:00:00
P1610,10,42,2024-01-01 00:00:00
P1611,1,40,2024-01-01 00:00:00
P1611,2,88,2024-01-01 00:00:00
P1611,3,61,2024-01-01 00:00:00
P1611,4,86,2024-01-01 00:00:00
P1611,5,52,2024-01-01 00:00:00
P1611,6,68,2024-01-01 00:00:00
P1611,7,73,2024-01-01 00:00:00
P1611,8,39,2024-01-01 00:00:00
P1611,9,72,2024-01-01 00:00:00
P1611,10,69,2024-01-01 00:00:00
P1612,1,45,2024-01-01 00:00:00
P1612,2,76,2024-01-01 00:00:00
P1612,3,48,2024-01-01 00:00:00
P1612,4,45,2024-01-01 00:00:00
P1612,5,52,2024-01-01 00:00:00
P1612,6,80,2024-01-01 00:00:00
P1612,7,88,2024-01-01 00:00:00
P1612,8,89,2024-01-01 00:00:00
P1612,9,66,2024-01-01 00:00:00
P1612,10,63,2024-01-01 00:00:00
P1613,1,76,2024-01-01 00:00:00
P1613,2,70,2024-01-01 00:00:00
P1613,3,82,2024-01-01 00:00:00
P1613,4,70,2024-01-01 00:00:00
P1613,5,78,2024-01-01 00:00:00
P1613,6,72,2024-01-01 00:00:00
P1613,7,62,2024-01-01 00:00:00
P1613,8,69,2024-01-01 00:00:00
P1613,9,84,2024-01-01 00:00:00
P1613,10,79,2024-01-01 00:00:00
P1614,1,53,2024-01-01 00:00:00
P1614,2,73,2024-01-01 00:00:00
P1614,3,47,2024-01-01 00:00:00
P1614,4,88,2024-01-01 00:00:00
P1614,5,105,2024-01-01 00:00:00
P1614,6,62,2024-01-01 00:00:00
P1614,7,48,2024-01-01 00:00:00
P1614,8,74,2024-01-01 00:00:00
P1614,9,96,2024-01-01 00:00:00
P1614,10,60,2024-01-01 00:00:00
P1615,1,64,2024-01-01 00:00:00
P1615,2,88,2024-01-01 00:00:00
P1615,3,88,2024-01-01 00:00:00
P1615,4,52,2024-01-01 00:00:00
P1615,5,83,2024-01-01 00:00:00
P1615,6,77,2024-01-01 00:00:00
P1615,7,87,2024-01-01 00:00:00
P1615,8,104,2024-01-01 00:00:00
P1615,9,68,2024-01-01 00:00:00
P1615,10,59,2024-01-01 00:00:00
P1616,1,64,2024-01-01 00:00:00
P1616,2,94,2024-01-01 00:00:00
P1616,3,81,2024-01-01 00:00:00
P1616,4,54,2024-01-01 00:00:00
P1616,5,72,2024-01-01 00:00:00
P1616,6,48,2024-01-01 00:00:00
P1616,7,97,2024-01-01 00:00:00
P1616,8,76,2024-01-01 00:00:00
P1616,9,63,2024-01-01 00:00:00
P1616,10,69,2024-01-01 00:00:00
P1617,1,110,2024-01-01 00:00:00
P1617,2,151,2024-01-01 00:00:00
P1617,3,119,2024-01-01 00:00:00
P1617,4,81,2024-01-01 00:00:00
P1617,5,122,2024-01-01 00:00:00
P1617,6,109,2024-01-01 00:00:00
P1617,7,162,2024-01-01 00:00:00
P1617,8,149,2024-01-01 00:00:00
P1617,9,72,2024-01-01 00:00:00
P1617,10,93,2024-01-01 00:00:00
P1618,1,92,2024-01-01 00:00:00
P1618,2,98,2024-01-01 00:00:00
P1618,3,93,2024-01-01 00:00:00
P1618,4,94,2024-01-01 00:00:00
P1618,5,121,2024-01-01 00:00:00
P1618,6,119,2024-01-01 00:00:00
P1618,7,73,2024-01-01 00:00:00
P1618,8,67,2024-01-01 00:00:00
P1618,9,57,2024-01-01 00:00:00
P1618,10,82,2024-01-01 00:00:00
P1619,1,136,2024-01-01 00:00:00
P1619,2,113,2024-01-01 00:00:00
P1619,3,144,2024-01-01 00:00:00
P1619,4,112,2024-01-01 00:00:00
P1619,5,139,2024-01-01 00:00:00
P1619,6,69,2024-01-01 00:00:00
P1619,7,143,2024-01-01 00:00:00
P1619,8,133,2024-01-01 00:00:00
P1619,9,68,2024-01-01 00:00:00
P1619,10,119,2024-01-01 00:00:00
P1620,1,75,2024-01-01 00:00:00
P1620,2,71,2024-01-01 00:00:00
P1620,3,102,2024-01-01 00:00:00
P1620,4,126,2024-01-01 00:00:00
P1620,5,126,2024-01-01 00:00:00
P1620,6,106,2024-01-01 00:00:00
P1620,7,62,2024-01-01 00:00:00
P1620,8,94,2024-01-01 00:00:00
P1620,9,123,2024-01-01 00:00:00
P1620,10,117,2024-01-01 00:00:00
P1621,1,153,2024-01-01 00:00:00
P1621,2,162,2024-01-01 00:00:00
P1621,3,169,2024-01-01 00:00:00
P1621,4,149,2024-01-01 00:00:00
P1621,5,77,2024-01-01 00:00:00
P1621,6,75,2024-01-01 00:00:00
P1621,7,83,2024-01-01 00:00:00
P1621,8,151,2024-01-01 00:00:00
P1621,9,157,2024-01-01 00:00:00
P1621,10,80,2024-01-01 00:00:00
P1622,1,83,2024-01-01 00:00:00
P1622,2,120,2024-01-01 00:00:00
P1622,3,104,2024-01-01 00:00:00
P1622,4,131,2024-01-01 00:00:00
P1622,5,98,2024-01-01 00:00:00
P1622,6,131,2024-01-01 00:00:00
P1622,7,94,2024-01-01 00:00:00
P1622,8,96,2024-01-01 00:00:00
P1622,9,86,2024-01-01 00:00:00
P1622,10,85,2024-01-01 00:00:00
P1623,1,66,2024-01-01 00:00:00
P1623,2,77,2024-01-01 00:00:00
P1623,3,87,2024-01-01 00:00:00
P1623,4,93,2024-01-01 00:00:00
P1623,5,103,2024-01-01 00:00:00
P1623,6,47,2024-01-01 00:00:00
P1623,7,50,2024-01-01 00:00:00
P1623,8,92,2024-01-01 00:00:00
P1623,9,82,2024-01-01 00:00:00
P1623,10,69,2024-01-01 00:00:00
P1624,1,58,2024-01-01 00:00:00
P1624,2,58,2024-01-01 00:00:00
P1624,3,65,2024-01-01 00:00:00
P1624,4,50,2024-01-01 00:00:00
P1624,5,73,2024-01-01 00:00:00
P1624,6,79,2024-01-01 00:00:00
P1624,7,61,2024-01-01 00:00:00
P1624,8,72,2024-01-01 00:00:00
P1624,9,105,2024-01-01 00:00:00
P1624,10,70,2024-01-01 00:00:00
P1625,1,47,2024-01-01 00:00:00
P1625,2,79,2024-01-01 00:00:00
P1625,3,87,2024-01-01 00:00:00
P1625,4,105,2024-01-01 00:00:00
P1625,5,92,2024-01-01 00:00:00
P1625,6,72,2024-01-01 00:00:00
P1625,7,71,2024-01-01 00:00:00
P1625,8,48,2024-01-01 00:00:00
P1625,9,51,2024-01-01 00:00:00
P1625,10,76,2024-01-01 00:00:00
P1626,1,52,2024-01-01 00:00:00
P1626,2,105,2024-01-01 00:00:00
P1626,3,58,2024-01-01 00:00:00
P1626,4,71,2024-01-01 00:00:00
P1626,5,46,2024-01-01 00:00:00
P1626,6,91,2024-01-01 00:00:00
P1626,7,88,2024-01-01 00:00:00
P1626,8,50,2024-01-01 00:00:00
P1626,9,45,2024-01-01 00:00:00
P1626,10,76,2024-01-01 00:00:00
P1627,1,70,2024-01-01 00:00:00
P1627,2,104,2024-01-01 00:00:00
P1627,3,77,2024-01-01 00:00:00
P1627,4,99,2024-01-01 00:00:00
P1627,5,92,2024-01-01 00:00:00
P1627,6,52,2024-01-01 00:00:00
P1627,7,57,2024-01-01 00:00:00
P1627,8,76,2024-01-01 00:00:00
P1627,9,54,2024-01-01 00:00:00
P1627,10,69,2024-01-01 00:00:00
P1628,1,118,2024-01-01 00:00:00
P1628,2,120,2024-01-01 00:00:00
P1628,3,135,2024-01-01 00:00:00
P1628,4,148,2024-01-01 00:00:00
P1628,5,144,2024-01-01 00:00:00
P1628,6,114,2024-01-01 00:00:00
P1628,7,94,2024-01-01 00:00:00
P1628,8,152,2024-01-01 00:00:00
P1628,9,97,2024-01-01 00:00:00
P1628,10,101,2024-01-01 00:00:00
P1629,1,55,2024-01-01 00:00:00
P1629,2,76,2024-01-01 00:00:00
P1629,3,59,2024-01-01 00:00:00
P1629,4,66,2024-01-01 00:00:00
P1629,5,97,2024-01-01 00:00:00
P1629,6,70,2024-01-01 00:00:00
P1629,7,79,2024-01-01 00:00:00
P1629,8,74,2024-01-01 00:00:00
P1629,9,102,2024-01-01 00:00:00
P1629,10,54,2024-01-01 00:00:00
P1630,1,69,2024-01-01 00:00:00
P1630,2,90,2024-01-01 00:00:00
P1630,3,52,2024-01-01 00:00:00
P1630,4,87,2024-01-01 00:00:00
P1630,5,50,2024-01-01 00:00:00
P1630,6,82,2024-01-01 00:00:00
P1630,7,53,2024-01-01 00:00:00
P1630,8,97,2024-01-01 00:00:00
P1630,9,102,2024-01-01 00:00:00
P1630,10,53,2024-01-01 00:00:00
P1631,1,85,2024-01-01 00:00:00
P1631,2,73,2024-01-01 00:00:00
P1631,3,73,2024-01-01 00:00:00
P1631,4,72,2024-01-01 00:00:00
P1631,5,68,2024-01-01 00:00:00
P1631,6,88,2024-01-01 00:00:00
P1631,7,59,2024-01-01 00:00:00
P1631,8,68,2024-01-01 00:00:00
P1631,9,52,2024-01-01 00:00:00
P1631,10,52,2024-01-01 00:00:00
P1632,1,63,2024-01-01 00:00:00
P1632,2,105,2024-01-01 00:00:00
P1632,3,65,2024-01-01 00:00:00
P1632,4,59,2024-01-01 00:00:00
P1632,5,94,2024-01-01 00:00:00
P1632,6,55,2024-01-01 00:00:00
P1632,7,66,2024-01-01 00:00:00
P1632,8,76,2024-01-01 00:00:00
P1632,9,69,2024-01-01 00:00:00
P1632,10,61,2024-01-01 00:00:00
P1633,1,49,2024-01-01 00:00:00
P1633,2,54,2024-01-01 00:00:00
P1633,3,60,2024-01-01 00:00:00
P1633,4,79,2024-01-01 00:00:00
P1633,5,61,2024-01-01 00:00:00
P1633,6,77,2024-01-01 00:00:00
P1633,7,38,2024-01-01 00:00:00
P1633,8,51,2024-01-01 00:00:00
P1633,9,84,2024-01-01 00:00:00
P1633,10,74,2024-01-01 00:00:00
P1634,1,100,2024-01-01 00:00:00
P1634,2,92,2024-01-01 00:00:00
P1634,3,87,2024-01-01 00:00:00
P1634,4,75,2024-01-01 00:00:00
P1634,5,79,2024-01-01 00:00:00
P1634,6,84,2024-01-01 00:00:00
P1634,7,72,2024-01-01 00:00:00
P1634,8,111,2024-01-01 00:00:00
P1634,9,90,2024-01-01 00:00:00
P1634,10,85,2024-01-01 00:00:00
P1635,1,93,2024-01-01 00:00:00
P1635,2,96,2024-01-01 00:00:00
P1635,3,61,2024-01-01 00:00:00
P1635,4,77,2024-01-01 00:00:00
P1635,5,68,2024-01-01 00:00:00
P1635,6,69,2024-01-01 00:00:00
P1635,7,57,2024-01-01 00:00:00
P1635,8,51,2024-01-01 00:00:00
P1635,9,101,2024-01-01 00:00:00
P1635,10,105,2024-01-01 00:00:00
P1636,1,104,2024-01-01 00:00:00
P1636,2,96,2024-01-01 00:00:00
P1636,3,60,2024-01-01 00:00:00
P1636,4,95,2024-01-01 00:00:00
P1636,5,55,2024-01-01 00:00:00
P1636,6,93,2024-01-01 00:00:00
P1636,7,53,2024-01-01 00:00:00
P1636,8,70,2024-01-01 00:00:00
P1636,9,75,2024-01-01 00:00:00
P1636,10,56,2024-01-01 00:00:00
P1637,1,56,2024-01-01 00:00:00
P1637,2,49,2024-01-01 00:00:00
P1637,3,61,2024-01-01 00:00:00
P1637,4,70,2024-01-01 00:00:00
P1637,5,32,2024-01-01 00:00:00
P1637,6,66,2024-01-01 00:00:00
P1637,7,54,2024-01-01 00:00:00
P1637,8,66,2024-01-01 00:00:00
P1637,9,60,2024-01-01 00:00:00
P1637,10,60,2024-01-01 00:00:00
P1638,1,112,2024-01-01 00:00:00
P1638,2,109,2024-01-01 00:00:00
P1638,3,130,2024-01-01 00:00:00
P1638,4,129,2024-01-01 00:00:00
P1638,5,98,2024-01-01 00:00:00
P1638,6,104,2024-01-01 00:00:00
P1638,7,114,2024-01-01 00:00:00
P1638,8,114,2024-01-01 00:00:00
P1638,9,145,2024-01-01 00:00:00
P1638,10,94,2024-01-01 00:00:00
P1639,1,79,2024-01-01 00:00:00
P1639,2,91,2024-01-01 00:00:00
P1639,3,134,2024-01-01 00:00:00
P1639,4,119,2024-01-01 00:00:00
P1639,5,76,2024-01-01 00:00:00
P1639,6,137,2024-01-01 00:00:00
P1639,7,106,2024-01-01 00:00:00
P1639,8,118,2024-01-01 00:00:00
P1639,9,119,2024-01-01 00:00:00
P1639,10,72,2024-01-01 00:00:00
P1640,1,66,2024-01-01 00:00:00
P1640,2,95,2024-01-01 00:00:00
P1640,3,75,2024-01-01 00:00:00
P1640,4,60,2024-01-01 00:00:00
P1640,5,50,2024-01-01 00:00:00
P1640,6,57,2024-01-01 00:00:00
P1640,7,49,2024-01-01 00:00:00
P1640,8,103,2024-01-01 00:00:00
P1640,9,81,2024-01-01 00:00:00
P1640,10,61,2024-01-01 00:00:00
P1641,1,76,2024-01-01 00:00:00
P1641,2,51,2024-01-01 00:00:00
P1641,3,77,2024-01-01 00:00:00
P1641,4,68,2024-01-01 00:00:00
P1641,5,45,2024-01-01 00:00:00
P1641,6,71,2024-01-01 00:00:00
P1641,7,66,2024-01-01 00:00:00
P1641,8,51,2024-01-01 00:00:00
P1641,9,58,2024-01-01 00:00:00
P1641,10,64,2024-01-01 00:00:00
P1642,1,104,2024-01-01 00:00:00
P1642,2,105,2024-01-01 00:00:00
P1642,3,63,2024-01-01 00:00:00
P1642,4,76,2024-01-01 00:00:00
P1642,5,76,2024-01-01 00:00:00
P1642,6,97,2024-01-01 00:00:00
P1642,7,55,2024-01-01 00:00:00
P1642,8,87,2024-01-01 00:00:00
P1642,9,87,2024-01-01 00:00:00
P1642,10,53,2024-01-01 00:00:00
P1643,1,78,2024-01-01 00:00:00
P1643,2,100,2024-01-01 00:00:00
P1643,3,64,2024-01-01 00:00:00
P1643,4,97,2024-01-01 00:00:00
P1643,5,84,2024-01-01 00:00:00
P1643,6,85,2024-01-01 00:00:00
P1643,7,75,2024-01-01 00:00:00
P1643,8,95,2024-01-01 00:00:00
P1643,9,73,2024-01-01 00:00:00
P1643,10,88,2024-01-01 00:00:00
P1644,1,83,2024-01-01 00:00:00
P1644,2,48,2024-01-01 00:00:00
P1644,3,85,2024-01-01 00:00:00
P1644,4,59,2024-01-01 00:00:00
P1644,5,58,2024-01-01 00:00:00
P1644,6,98,2024-01-01 00:00:00
P1644,7,85,2024-01-01 00:00:00
P1644,8,84,2024-01-01 00:00:00
P1644,9,98,2024-01-01 00:00:00
P1644,10,78,2024-01-01 00:00:00
P1645,1,102,2024-01-01 00:00:00
P1645,2,70,2024-01-01 00:00:00
P1645,3,102,2024-01-01 00:00:00
P1645,4,103,2024-01-01 00:00:00
P1645,5,67,2024-01-01 00:00:00
P1645,6,47,2024-01-01 00:00:00
P1645,7,100,2024-01-01 00:00:00
P1645,8,53,2024-01-01 00:00:00
P1645,9,45,2024-01-01 00:00:00
P1645,10,69,2024-01-01 00:00:00
P1646,1,100,2024-01-01 00:00:00
P1646,2,102,2024-01-01 00:00:00
P1646,3,55,2024-01-01 00:00:00
P1646,4,59,2024-01-01 00:00:00
P1646,5,49,2024-01-01 00:00:00
P1646,6,93,2024-01-01 00:00:00
P1646,7,77,2024-01-01 00:00:00
P1646,8,54,2024-01-01 00:00:00
P1646,9,90,2024-01-01 00:00:00
P1646,10,79,2024-01-01 00:00:00
P1647,1,78,2024-01-01 00:00:00
P1647,2,62,2024-01-01 00:00:00
P1647,3,76,2024-01-01 00:00:00
P1647,4,62,2024-01-01 00:00:00
P1647,5,81,2024-01-01 00:00:00
P1647,6,45,2024-01-01 00:00:00
P1647,7,83,2024-01-01 00:00:00
P1647,8,100,2024-01-01 00:00:00
P1647,9,87,2024-01-01 00:00:00
P1647,10,50,2024-01-01 00:00:00
P1648,1,20,2024-01-01 00:00:00
P1648,2,43,2024-01-01 00:00:00
P1648,3,46,2024-01-01 00:00:00
P1648,4,38,2024-01-01 00:00:00
P1648,5,35,2024-01-01 00:00:00
P1648,6,40,2024-01-01 00:00:00
P1648,7,30,2024-01-01 00:00:00
P1648,8,24,2024-01-01 00:00:00
P1648,9,45,2024-01-01 00:00:00
P1648,10,27,2024-01-01 00:00:00
P1649,1,24,2024-01-01 00:00:00
P1649,2,33,2024-01-01 00:00:00
P1649,3,22,2024-01-01 00:00:00
P1649,4,24,2024-01-01 00:00:00
P1649,5,31,2024-01-01 00:00:00
P1649,6,35,2024-01-01 00:00:00
P1649,7,18,2024-01-01 00:00:00
P1649,8,34,2024-01-01 00:00:00
P1649,9,29,2024-01-01 00:00:00
P1649,10,35,2024-01-01 00:00:00
P1650,1,57,2024-01-01 00:00:00
P1650,2,39,2024-01-01 00:00:00
P1650,3,82,2024-01-01 00:00:00
P1650,4,61,2024-01-01 00:00:00
P1650,5,65,2024-01-01 00:00:00
P1650,6,47,2024-01-01 00:00:00
P1650,7,83,2024-01-01 00:00:00
P1650,8,75,2024-01-01 00:00:00
P1650,9,79,2024-01-01 00:00:00
P1650,10,69,2024-01-01 00:00:00
P1651,1,93,2024-01-01 00:00:00
P1651,2,76,2024-01-01 00:00:00
P1651,3,79,2024-01-01 00:00:00
P1651,4,105,2024-01-01 00:00:00
P1651,5,78,2024-01-01 00:00:00
P1651,6,72,2024-01-01 00:00:00
P1651,7,66,2024-01-01 00:00:00
P1651,8,98,2024-01-01 00:00:00
P1651,9,89,2024-01-01 00:00:00
P1651,10,83,2024-01-01 00:00:00
P1652,1,68,2024-01-01 00:00:00
P1652,2,100,2024-01-01 00:00:00
P1652,3,91,2024-01-01 00:00:00
P1652,4,86,2024-01-01 00:00:00
P1652,5,56,2024-01-01 00:00:00
P1652,6,103,2024-01-01 00:00:00
P1652,7,89,2024-01-01 00:00:00
P1652,8,88,2024-01-01 00:00:00
P1652,9,90,2024-01-01 00:00:00
P1652,10,90,2024-01-01 00:00:00
P1653,1,84,2024-01-01 00:00:00
P1653,2,102,2024-01-01 00:00:00
P1653,3,101,2024-01-01 00:00:00
P1653,4,50,2024-01-01 00:00:00
P1653,5,49,2024-01-01 00:00:00
P1653,6,69,2024-01-01 00:00:00
P1653,7,92,2024-01-01 00:00:00
P1653,8,63,2024-01-01 00:00:00
P1653,9,61,2024-01-01 00:00:00
P1653,10,57,2024-01-01 00:00:00
P1654,1,137,2024-01-01 00:00:00
P1654,2,61,2024-01-01 00:00:00
P1654,3,95,2024-01-01 00:00:00
P1654,4,70,2024-01-01 00:00:00
P1654,5,132,2024-01-01 00:00:00
P1654,6,76,2024-01-01 00:00:00
P1654,7,70,2024-01-01 00:00:00
P1654,8,133,2024-01-01 00:00:00
P1654,9,82,2024-01-01 00:00:00
P1654,10,126,2024-01-01 00:00:00
P1655,1,120,2024-01-01 00:00:00
P1655,2,137,2024-01-01 00:00:00
P1655,3,74,2024-01-01 00:00:00
P1655,4,99,2024-01-01 00:00:00
P1655,5,107,2024-01-01 00:00:00
P1655,6,97,2024-01-01 00:00:00
P1655,7,126,2024-01-01 00:00:00
P1655,8,118,2024-01-01 00:00:00
P1655,9,85,2024-01-01 00:00:00
P1655,10,120,2024-01-01 00:00:00
P1656,1,66,2024-01-01 00:00:00
P1656,2,56,2024-01-01 00:00:00
P1656,3,44,2024-01-01 00:00:00
P1656,4,55,2024-01-01 00:00:00
P1656,5,69,2024-01-01 00:00:00
P1656,6,38,2024-01-01 00:00:00
P1656,7,38,2024-01-01 00:00:00
P1656,8,74,2024-01-01 00:00:00
P1656,9,45,2024-01-01 00:00:00
P1656,10,73,2024-01-01 00:00:00
P1657,1,64,2024-01-01 00:00:00
P1657,2,90,2024-01-01 00:00:00
P1657,3,118,2024-01-01 00:00:00
P1657,4,109,2024-01-01 00:00:00
P1657,5,56,2024-01-01 00:00:00
P1657,6,56,2024-01-01 00:00:00
P1657,7,127,2024-01-01 00:00:00
P1657,8,84,2024-01-01 00:00:00
P1657,9,57,2024-01-01 00:00:00
P1657,10,95,2024-01-01 00:00:00
P1658,1,110,2024-01-01 00:00:00
P1658,2,50,2024-01-01 00:00:00
P1658,3,75,2024-01-01 00:00:00
P1658,4,102,2024-01-01 00:00:00
P1658,5,69,2024-01-01 00:00:00
P1658,6,69,2024-01-01 00:00:00
P1658,7,69,2024-01-01 00:00:00
P1658,8,51,2024-01-01 00:00:00
P1658,9,79,2024-01-01 00:00:00
P1658,10,83,2024-01-01 00:00:00
P1659,1,105,2024-01-01 00:00:00
P1659,2,73,2024-01-01 00:00:00
P1659,3,127,2024-01-01 00:00:00
P1659,4,70,2024-01-01 00:00:00
P1659,5,61,2024-01-01 00:00:00
P1659,6,109,2024-01-01 00:00:00
P1659,7,86,2024-01-01 00:00:00
P1659,8,56,2024-01-01 00:00:00
P1659,9,113,2024-01-01 00:00:00
P1659,10,77,2024-01-01 00:00:00
P1660,1,86,2024-01-01 00:00:00
P1660,2,58,2024-01-01 00:00:00
P1660,3,101,2024-01-01 00:00:00
P1660,4,97,2024-01-01 00:00:00
P1660,5,45,2024-01-01 00:00:00
P1660,6,48,2024-01-01 00:00:00
P1660,7,93,2024-01-01 00:00:00
P1660,8,72,2024-01-01 00:00:00
P1660,9,55,2024-01-01 00:00:00
P1660,10,63,2024-01-01 00:00:00
P1661,1,74,2024-01-01 00:00:00
P1661,2,98,2024-01-01 00:00:00
P1661,3,68,2024-01-01 00:00:00
P1661,4,82,2024-01-01 00:00:00
P1661,5,71,2024-01-01 00:00:00
P1661,6,63,2024-01-01 00:00:00
P1661,7,79,2024-01-01 00:00:00
P1661,8,96,2024-01-01 00:00:00
P1661,9,81,2024-01-01 00:00:00
P1661,10,78,2024-01-01 00:00:00
P1662,1,63,2024-01-01 00:00:00
P1662,2,48,2024-01-01 00:00:00
P1662,3,52,2024-01-01 00:00:00
P1662,4,76,2024-01-01 00:00:00
P1662,5,58,2024-01-01 00:00:00
P1662,6,44,2024-01-01 00:00:00
P1662,7,75,2024-01-01 00:00:00
P1662,8,93,2024-01-01 00:00:00
P1662,9,66,2024-01-01 00:00:00
P1662,10,52,2024-01-01 00:00:00
P1663,1,53,2024-01-01 00:00:00
P1663,2,52,2024-01-01 00:00:00
P1663,3,104,2024-01-01 00:00:00
P1663,4,100,2024-01-01 00:00:00
P1663,5,72,2024-01-01 00:00:00
P1663,6,94,2024-01-01 00:00:00
P1663,7,70,2024-01-01 00:00:00
P1663,8,76,2024-01-01 00:00:00
P1663,9,58,2024-01-01 00:00:00
P1663,10,64,2024-01-01 00:00:00
P1664,1,65,2024-01-01 00:00:00
P1664,2,63,2024-01-01 00:00:00
P1664,3,56,2024-01-01 00:00:00
P1664,4,88,2024-01-01 00:00:00
P1664,5,76,2024-01-01 00:00:00
P1664,6,54,2024-01-01 00:00:00
P1664,7,101,2024-01-01 00:00:00
P1664,8,106,2024-01-01 00:00:00
P1664,9,112,2024-01-01 00:00:00
P1664,10,75,2024-01-01 00:00:00
P1665,1,87,2024-01-01 00:00:00
P1665,2,65,2024-01-01 00:00:00
P1665,3,72,2024-01-01 00:00:00
P1665,4,86,2024-01-01 00:00:00
P1665,5,86,2024-01-01 00:00:00
P1665,6,103,2024-01-01 00:00:00
P1665,7,62,2024-01-01 00:00:00
P1665,8,86,2024-01-01 00:00:00
P1665,9,89,2024-01-01 00:00:00
P1665,10,87,2024-01-01 00:00:00
P1666,1,88,2024-01-01 00:00:00
P1666,2,99,2024-01-01 00:00:00
P1666,3,84,2024-01-01 00:00:00
P1666,4,65,2024-01-01 00:00:00
P1666,5,100,2024-01-01 00:00:00
P1666,6,97,2024-01-01 00:00:00
P1666,7,51,2024-01-01 00:00:00
P1666,8,98,2024-01-01 00:00:00
P1666,9,95,2024-01-01 00:00:00
P1666,10,92,2024-01-01 00:00:00
P1667,1,101,2024-01-01 00:00:00
P1667,2,104,2024-01-01 00:00:00
P1667,3,88,2024-01-01 00:00:00
P1667,4,90,2024-01-01 00:00:00
P1667,5,98,2024-01-01 00:00:00
P1667,6,65,2024-01-01 00:00:00
P1667,7,100,2024-01-01 00:00:00
P1667,8,76,2024-01-01 00:00:00
P1667,9,68,2024-01-01 00:00:00
P1667,10,87,2024-01-01 00:00:00
P1668,1,73,2024-01-01 00:00:00
P1668,2,87,2024-01-01 00:00:00
P1668,3,61,2024-01-01 00:00:00
P1668,4,82,2024-01-01 00:00:00
P1668,5,105,2024-01-01 00:00:00
P1668,6,54,2024-01-01 00:00:00
P1668,7,52,2024-01-01 00:00:00
P1668,8,69,2024-01-01 00:00:00
P1668,9,89,2024-01-01 00:00:00
P1668,10,78,2024-01-01 00:00:00
P1669,1,85,2024-01-01 00:00:00
P1669,2,51,2024-01-01 00:00:00
P1669,3,83,2024-01-01 00:00:00
P1669,4,48,2024-01-01 00:00:00
P1669,5,99,2024-01-01 00:00:00
P1669,6,99,2024-01-01 00:00:00
P1669,7,82,2024-01-01 00:00:00
P1669,8,56,2024-01-01 00:00:00
P1669,9,52,2024-01-01 00:00:00
P1669,10,63,2024-01-01 00:00:00
P1670,1,68,2024-01-01 00:00:00
P1670,2,78,2024-01-01 00:00:00
P1670,3,70,2024-01-01 00:00:00
P1670,4,84,2024-01-01 00:00:00
P1670,5,89,2024-01-01 00:00:00
P1670,6,98,2024-01-01 00:00:00
P1670,7,83,2024-01-01 00:00:00
P1670,8,97,2024-01-01 00:00:00
P1670,9,74,2024-01-01 00:00:00
P1670,10,102,2024-01-01 00:00:00
P1671,1,92,2024-01-01 00:00:00
P1671,2,95,2024-01-01 00:00:00
P1671,3,99,2024-01-01 00:00:00
P1671,4,69,2024-01-01 00:00:00
P1671,5,71,2024-01-01 00:00:00
P1671,6,85,2024-01-01 00:00:00
P1671,7,90,2024-01-01 00:00:00
P1671,8,102,2024-01-01 00:00:00
P1671,9,68,2024-01-01 00:00:00
P1671,10,46,2024-01-01 00:00:00
P1672,1,98,2024-01-01 00:00:00
P1672,2,64,2024-01-01 00:00:00
P1672,3,50,2024-01-01 00:00:00
P1672,4,48,2024-01-01 00:00:00
P1672,5,53,2024-01-01 00:00:00
P1672,6,101,2024-01-01 00:00:00
P1672,7,90,2024-01-01 00:00:00
P1672,8,91,2024-01-01 00:00:00
P1672,9,81,2024-01-01 00:00:00
P1672,10,75,2024-01-01 00:00:00
P1673,1,65,2024-01-01 00:00:00
P1673,2,47,2024-01-01 00:00:00
P1673,3,65,2024-01-01 00:00:00
P1673,4,88,2024-01-01 00:00:00
P1673,5,84,2024-01-01 00:00:00
P1673,6,72,2024-01-01 00:00:00
P1673,7,82,2024-01-01 00:00:00
P1673,8,60,2024-01-01 00:00:00
P1673,9,83,2024-01-01 00:00:00
P1673,10,93,2024-01-01 00:00:00
P1674,1,77,2024-01-01 00:00:00
P1674,2,67,2024-01-01 00:00:00
P1674,3,101,2024-01-01 00:00:00
P1674,4,74,2024-01-01 00:00:00
P1674,5,104,2024-01-01 00:00:00
P1674,6,65,2024-01-01 00:00:00
P1674,7,71,2024-01-01 00:00:00
P1674,8,104,2024-01-01 00:00:00
P1674,9,94,2024-01-01 00:00:00
P1674,10,100,2024-01-01 00:00:00
P1675,1,88,2024-01-01 00:00:00
P1675,2,89,2024-01-01 00:00:00
P1675,3,103,2024-01-01 00:00:00
P1675,4,97,2024-01-01 00:00:00
P1675,5,46,2024-01-01 00:00:00
P1675,6,97,2024-01-01 00:00:00
P1675,7,86,2024-01-01 00:00:00
P1675,8,92,2024-01-01 00:00:00
P1675,9,56,2024-01-01 00:00:00
P1675,10,97,2024-01-01 00:00:00
P1676,1,101,2024-01-01 00:00:00
P1676,2,59,2024-01-01 00:00:00
P1676,3,49,2024-01-01 00:00:00
P1676,4,70,2024-01-01 00:00:00
P1676,5,78,2024-01-01 00:00:00
P1676,6,53,2024-01-01 00:00:00
P1676,7,79,2024-01-01 00:00:00
P1676,8,99,2024-01-01 00:00:00
P1676,9,96,2024-01-01 00:00:00
P1676,10,49,2024-01-01 00:00:00
P1677,1,61,2024-01-01 00:00:00
P1677,2,64,2024-01-01 00:00:00
P1677,3,71,2024-01-01 00:00:00
P1677,4,83,2024-01-01 00:00:00
P1677,5,95,2024-01-01 00:00:00
P1677,6,71,2024-01-01 00:00:00
P1677,7,51,2024-01-01 00:00:00
P1677,8,105,2024-01-01 00:00:00
P1677,9,53,2024-01-01 00:00:00
P1677,10,68,2024-01-01 00:00:00
P1678,1,80,2024-01-01 00:00:00
P1678,2,82,2024-01-01 00:00:00
P1678,3,73,2024-01-01 00:00:00
P1678,4,92,2024-01-01 00:00:00
P1678,5,97,2024-01-01 00:00:00
P1678,6,81,2024-01-01 00:00:00
P1678,7,74,2024-01-01 00:00:00
P1678,8,77,2024-01-01 00:00:00
P1678,9,101,2024-01-01 00:00:00
P1678,10,91,2024-01-01 00:00:00
P1679,1,67,2024-01-01 00:00:00
P1679,2,85,2024-01-01 00:00:00
P1679,3,53,2024-01-01 00:00:00
P1679,4,96,2024-01-01 00:00:00
P1679,5,53,2024-01-01 00:00:00
P1679,6,53,2024-01-01 00:00:00
P1679,7,51,2024-01-01 00:00:00
P1679,8,95,2024-01-01 00:00:00
P1679,9,94,2024-01-01 00:00:00
P1679,10,48,2024-01-01 00:00:00
P1680,1,89,2024-01-01 00:00:00
P1680,2,99,2024-01-01 00:00:00
P1680,3,53,2024-01-01 00:00:00
P1680,4,74,2024-01-01 00:00:00
P1680,5,78,2024-01-01 00:00:00
P1680,6,48,2024-01-01 00:00:00
P1680,7,104,2024-01-01 00:00:00
P1680,8,60,2024-01-01 00:00:00
P1680,9,67,2024-01-01 00:00:00
P1680,10,67,2024-01-01 00:00:00
P1681,1,87,2024-01-01 00:00:00
P1681,2,63,2024-01-01 00:00:00
P1681,3,105,2024-01-01 00:00:00
P1681,4,60,2024-01-01 00:00:00
P1681,5,64,2024-01-01 00:00:00
P1681,6,68,2024-01-01 00:00:00
P1681,7,92,2024-01-01 00:00:00
P1681,8,94,2024-01-01 00:00:00
P1681,9,57,2024-01-01 00:00:00
P1681,10,67,2024-01-01 00:00:00
P1682,1,89,2024-01-01 00:00:00
P1682,2,78,2024-01-01 00:00:00
P1682,3,77,2024-01-01 00:00:00
P1682,4,99,2024-01-01 00:00:00
P1682,5,103,2024-01-01 00:00:00
P1682,6,89,2024-01-01 00:00:00
P1682,7,97,2024-01-01 00:00:00
P1682,8,61,2024-01-01 00:00:00
P1682,9,79,2024-01-01 00:00:00
P1682,10,56,2024-01-01 00:00:00
P1683,1,100,2024-01-01 00:00:00
P1683,2,67,2024-01-01 00:00:00
P1683,3,79,2024-01-01 00:00:00
P1683,4,67,2024-01-01 00:00:00
P1683,5,76,2024-01-01 00:00:00
P1683,6,72,2024-01-01 00:00:00
P1683,7,59,2024-01-01 00:00:00
P1683,8,99,2024-01-01 00:00:00
P1683,9,74,2024-01-01 00:00:00
P1683,10,91,2024-01-01 00:00:00
P1684,1,46,2024-01-01 00:00:00
P1684,2,73,2024-01-01 00:00:00
P1684,3,53,2024-01-01 00:00:00
P1684,4,46,2024-01-01 00:00:00
P1684,5,84,2024-01-01 00:00:00
P1684,6,63,2024-01-01 00:00:00
P1684,7,61,2024-01-01 00:00:00
P1684,8,60,2024-01-01 00:00:00
P1684,9,79,2024-01-01 00:00:00
P1684,10,82,2024-01-01 00:00:00
P1685,1,84,2024-01-01 00:00:00
P1685,2,57,2024-01-01 00:00:00
P1685,3,45,2024-01-01 00:00:00
P1685,4,75,2024-01-01 00:00:00
P1685,5,103,2024-01-01 00:00:00
P1685,6,102,2024-01-01 00:00:00
P1685,7,53,2024-01-01 00:00:00
P1685,8,73,2024-01-01 00:00:00
P1685,9,68,2024-01-01 00:00:00
P1685,10,62,2024-01-01 00:00:00
P1686,1,10,2024-01-01 00:00:00
P1686,2,12,2024-01-01 00:00:00
P1686,3,10,2024-01-01 00:00:00
P1686,4,11,2024-01-01 00:00:00
P1686,5,10,2024-01-01 00:00:00
P1686,6,10,2024-01-01 00:00:00
P1686,7,10,2024-01-01 00:00:00
P1686,8,14,2024-01-01 00:00:00
P1686,9,10,2024-01-01 00:00:00
P1686,10,10,2024-01-01 00:00:00
P1687,1,60,2024-01-01 00:00:00
P1687,2,62,2024-01-01 00:00:00
P1687,3,69,2024-01-01 00:00:00
P1687,4,54,2024-01-01 00:00:00
P1687,5,101,2024-01-01 00:00:00
P1687,6,95,2024-01-01 00:00:00
P1687,7,93,2024-01-01 00:00:00
P1687,8,104,2024-01-01 00:00:00
P1687,9,65,2024-01-01 00:00:00
P1687,10,83,2024-01-01 00:00:00
P1688,1,90,2024-01-01 00:00:00
P1688,2,50,2024-01-01 00:00:00
P1688,3,46,2024-01-01 00:00:00
P1688,4,56,2024-01-01 00:00:00
P1688,5,54,2024-01-01 00:00:00
P1688,6,73,2024-01-01 00:00:00
P1688,7,75,2024-01-01 00:00:00
P1688,8,46,2024-01-01 00:00:00
P1688,9,57,2024-01-01 00:00:00
P1688,10,95,2024-01-01 00:00:00
P1689,1,61,2024-01-01 00:00:00
P1689,2,99,2024-01-01 00:00:00
P1689,3,100,2024-01-01 00:00:00
P1689,4,64,2024-01-01 00:00:00
P1689,5,77,2024-01-01 00:00:00
P1689,6,86,2024-01-01 00:00:00
P1689,7,57,2024-01-01 00:00:00
P1689,8,94,2024-01-01 00:00:00
P1689,9,92,2024-01-01 00:00:00
P1689,10,86,2024-01-01 00:00:00
P1690,1,98,2024-01-01 00:00:00
P1690,2,60,2024-01-01 00:00:00
P1690,3,81,2024-01-01 00:00:00
P1690,4,51,2024-01-01 00:00:00
P1690,5,53,2024-01-01 00:00:00
P1690,6,53,2024-01-01 00:00:00
P1690,7,90,2024-01-01 00:00:00
P1690,8,73,2024-01-01 00:00:00
P1690,9,78,2024-01-01 00:00:00
P1690,10,88,2024-01-01 00:00:00
P1691,1,86,2024-01-01 00:00:00
P1691,2,105,2024-01-01 00:00:00
P1691,3,72,2024-01-01 00:00:00
P1691,4,48,2024-01-01 00:00:00
P1691,5,69,2024-01-01 00:00:00
P1691,6,66,2024-01-01 00:00:00
P1691,7,98,2024-01-01 00:00:00
P1691,8,63,2024-01-01 00:00:00
P1691,9,68,2024-01-01 00:00:00
P1691,10,90,2024-01-01 00:00:00
P1692,1,75,2024-01-01 00:00:00
P1692,2,48,2024-01-01 00:00:00
P1692,3,90,2024-01-01 00:00:00
P1692,4,69,2024-01-01 00:00:00
P1692,5,55,2024-01-01 00:00:00
P1692,6,52,2024-01-01 00:00:00
P1692,7,85,2024-01-01 00:00:00
P1692,8,95,2024-01-01 00:00:00
P1692,9,102,2024-01-01 00:00:00
P1692,10,105,2024-01-01 00:00:00
P1693,1,90,2024-01-01 00:00:00
P1693,2,92,2024-01-01 00:00:00
P1693,3,93,2024-01-01 00:00:00
P1693,4,87,2024-01-01 00:00:00
P1693,5,74,2024-01-01 00:00:00
P1693,6,65,2024-01-01 00:00:00
P1693,7,59,2024-01-01 00:00:00
P1693,8,63,2024-01-01 00:00:00
P1693,9,92,2024-01-01 00:00:00
P1693,10,96,2024-01-01 00:00:00
P1694,1,21,2024-01-01 00:00:00
P1694,2,10,2024-01-01 00:00:00
P1694,3,18,2024-01-01 00:00:00
P1694,4,13,2024-01-01 00:00:00
P1694,5,17,2024-01-01 00:00:00
P1694,6,21,2024-01-01 00:00:00
P1694,7,10,2024-01-01 00:00:00
P1694,8,19,2024-01-01 00:00:00
P1694,9,18,2024-01-01 00:00:00
P1694,10,22,2024-01-01 00:00:00
P1695,1,63,2024-01-01 00:00:00
P1695,2,91,2024-01-01 00:00:00
P1695,3,96,2024-01-01 00:00:00
P1695,4,58,2024-01-01 00:00:00
P1695,5,95,2024-01-01 00:00:00
P1695,6,93,2024-01-01 00:00:00
P1695,7,75,2024-01-01 00:00:00
P1695,8,58,2024-01-01 00:00:00
P1695,9,75,2024-01-01 00:00:00
P1695,10,90,2024-01-01 00:00:00
P1696,1,61,2024-01-01 00:00:00
P1696,2,98,2024-01-01 00:00:00
P1696,3,73,2024-01-01 00:00:00
P1696,4,48,2024-01-01 00:00:00
P1696,5,81,2024-01-01 00:00:00
P1696,6,58,2024-01-01 00:00:00
P1696,7,90,2024-01-01 00:00:00
P1696,8,82,2024-01-01 00:00:00
P1696,9,55,2024-01-01 00:00:00
P1696,10,57,2024-01-01 00:00:00
P1697,1,44,2024-01-01 00:00:00
P1697,2,41,2024-01-01 00:00:00
P1697,3,54,2024-01-01 00:00:00
P1697,4,78,2024-01-01 00:00:00
P1697,5,79,2024-01-01 00:00:00
P1697,6,72,2024-01-01 00:00:00
P1697,7,40,2024-01-01 00:00:00
P1697,8,72,2024-01-01 00:00:00
P1697,9,62,2024-01-01 00:00:00
P1697,10,59,2024-01-01 00:00:00
P1698,1,10,2024-01-01 00:00:00
P1698,2,21,2024-01-01 00:00:00
P1698,3,13,2024-01-01 00:00:00
P1698,4,12,2024-01-01 00:00:00
P1698,5,20,2024-01-01 00:00:00
P1698,6,10,2024-01-01 00:00:00
P1698,7,18,2024-01-01 00:00:00
P1698,8,13,2024-01-01 00:00:00
P1698,9,14,2024-01-01 00:00:00
P1698,10,17,2024-01-01 00:00:00
P1699,1,80,2024-01-01 00:00:00
P1699,2,95,2024-01-01 00:00:00
P1699,3,62,2024-01-01 00:00:00
P1699,4,51,2024-01-01 00:00:00
P1699,5,84,2024-01-01 00:00:00
P1699,6,87,2024-01-01 00:00:00
P1699,7,55,2024-01-01 00:00:00
P1699,8,95,2024-01-01 00:00:00
P1699,9,64,2024-01-01 00:00:00
P1699,10,73,2024-01-01 00:00:00
P1700,1,46,2024-01-01 00:00:00
P1700,2,60,2024-01-01 00:00:00
P1700,3,52,2024-01-01 00:00:00
P1700,4,59,2024-01-01 00:00:00
P1700,5,58,2024-01-01 00:00:00
P1700,6,92,2024-01-01 00:00:00
P1700,7,94,2024-01-01 00:00:00
P1700,8,82,2024-01-01 00:00:00
P1700,9,53,2024-01-01 00:00:00
P1700,10,77,2024-01-01 00:00:00
P1701,1,101,2024-01-01 00:00:00
P1701,2,54,2024-01-01 00:00:00
P1701,3,103,2024-01-01 00:00:00
P1701,4,58,2024-01-01 00:00:00
P1701,5,88,2024-01-01 00:00:00
P1701,6,94,2024-01-01 00:00:00
P1701,7,90,2024-01-01 00:00:00
P1701,8,85,2024-01-01 00:00:00
P1701,9,81,2024-01-01 00:00:00
P1701,10,52,2024-01-01 00:00:00
P1702,1,53,2024-01-01 00:00:00
P1702,2,100,2024-01-01 00:00:00
P1702,3,91,2024-01-01 00:00:00
P1702,4,60,2024-01-01 00:00:00
P1702,5,68,2024-01-01 00:00:00
P1702,6,88,2024-01-01 00:00:00
P1702,7,51,2024-01-01 00:00:00
P1702,8,93,2024-01-01 00:00:00
P1702,9,50,2024-01-01 00:00:00
P1702,10,78,2024-01-01 00:00:00
P1703,1,80,2024-01-01 00:00:00
P1703,2,75,2024-01-01 00:00:00
P1703,3,73,2024-01-01 00:00:00
P1703,4,59,2024-01-01 00:00:00
P1703,5,104,2024-01-01 00:00:00
P1703,6,102,2024-01-01 00:00:00
P1703,7,99,2024-01-01 00:00:00
P1703,8,66,2024-01-01 00:00:00
P1703,9,105,2024-01-01 00:00:00
P1703,10,95,2024-01-01 00:00:00
P1704,1,84,2024-01-01 00:00:00
P1704,2,51,2024-01-01 00:00:00
P1704,3,64,2024-01-01 00:00:00
P1704,4,65,2024-01-01 00:00:00
P1704,5,105,2024-01-01 00:00:00
P1704,6,76,2024-01-01 00:00:00
P1704,7,65,2024-01-01 00:00:00
P1704,8,64,2024-01-01 00:00:00
P1704,9,96,2024-01-01 00:00:00
P1704,10,78,2024-01-01 00:00:00
P1705,1,90,2024-01-01 00:00:00
P1705,2,105,2024-01-01 00:00:00
P1705,3,90,2024-01-01 00:00:00
P1705,4,47,2024-01-01 00:00:00
P1705,5,76,2024-01-01 00:00:00
P1705,6,100,2024-01-01 00:00:00
P1705,7,90,2024-01-01 00:00:00
P1705,8,46,2024-01-01 00:00:00
P1705,9,83,2024-01-01 00:00:00
P1705,10,68,2024-01-01 00:00:00
P1706,1,74,2024-01-01 00:00:00
P1706,2,52,2024-01-01 00:00:00
P1706,3,102,2024-01-01 00:00:00
P1706,4,46,2024-01-01 00:00:00
P1706,5,79,2024-01-01 00:00:00
P1706,6,74,2024-01-01 00:00:00
P1706,7,72,2024-01-01 00:00:00
P1706,8,69,2024-01-01 00:00:00
P1706,9,105,2024-01-01 00:00:00
P1706,10,58,2024-01-01 00:00:00
P1707,1,56,2024-01-01 00:00:00
P1707,2,96,2024-01-01 00:00:00
P1707,3,65,2024-01-01 00:00:00
P1707,4,82,2024-01-01 00:00:00
P1707,5,59,2024-01-01 00:00:00
P1707,6,98,2024-01-01 00:00:00
P1707,7,90,2024-01-01 00:00:00
P1707,8,97,2024-01-01 00:00:00
P1707,9,51,2024-01-01 00:00:00
P1707,10,103,2024-01-01 00:00:00
P1708,1,55,2024-01-01 00:00:00
P1708,2,95,2024-01-01 00:00:00
P1708,3,78,2024-01-01 00:00:00
P1708,4,103,2024-01-01 00:00:00
P1708,5,93,2024-01-01 00:00:00
P1708,6,78,2024-01-01 00:00:00
P1708,7,79,2024-01-01 00:00:00
P1708,8,104,2024-01-01 00:00:00
P1708,9,91,2024-01-01 00:00:00
P1708,10,63,2024-01-01 00:00:00
P1709,1,75,2024-01-01 00:00:00
P1709,2,86,2024-01-01 00:00:00
P1709,3,100,2024-01-01 00:00:00
P1709,4,87,2024-01-01 00:00:00
P1709,5,101,2024-01-01 00:00:00
P1709,6,59,2024-01-01 00:00:00
P1709,7,83,2024-01-01 00:00:00
P1709,8,50,2024-01-01 00:00:00
P1709,9,99,2024-01-01 00:00:00
P1709,10,58,2024-01-01 00:00:00
P1710,1,54,2024-01-01 00:00:00
P1710,2,51,2024-01-01 00:00:00
P1710,3,83,2024-01-01 00:00:00
P1710,4,54,2024-01-01 00:00:00
P1710,5,48,2024-01-01 00:00:00
P1710,6,97,2024-01-01 00:00:00
P1710,7,71,2024-01-01 00:00:00
P1710,8,91,2024-01-01 00:00:00
P1710,9,81,2024-01-01 00:00:00
P1710,10,90,2024-01-01 00:00:00
P1711,1,69,2024-01-01 00:00:00
P1711,2,86,2024-01-01 00:00:00
P1711,3,53,2024-01-01 00:00:00
P1711,4,64,2024-01-01 00:00:00
P1711,5,78,2024-01-01 00:00:00
P1711,6,58,2024-01-01 00:00:00
P1711,7,93,2024-01-01 00:00:00
P1711,8,82,2024-01-01 00:00:00
P1711,9,63,2024-01-01 00:00:00
P1711,10,69,2024-01-01 00:00:00
P1712,1,97,2024-01-01 00:00:00
P1712,2,104,2024-01-01 00:00:00
P1712,3,84,2024-01-01 00:00:00
P1712,4,61,2024-01-01 00:00:00
P1712,5,45,2024-01-01 00:00:00
P1712,6,48,2024-01-01 00:00:00
P1712,7,89,2024-01-01 00:00:00
P1712,8,89,2024-01-01 00:00:00
P1712,9,79,2024-01-01 00:00:00
P1712,10,103,2024-01-01 00:00:00
P1713,1,46,2024-01-01 00:00:00
P1713,2,86,2024-01-01 00:00:00
P1713,3,64,2024-01-01 00:00:00
P1713,4,94,2024-01-01 00:00:00
P1713,5,94,2024-01-01 00:00:00
P1713,6,68,2024-01-01 00:00:00
P1713,7,103,2024-01-01 00:00:00
P1713,8,104,2024-01-01 00:00:00
P1713,9,98,2024-01-01 00:00:00
P1713,10,61,2024-01-01 00:00:00
P1714,1,86,2024-01-01 00:00:00
P1714,2,67,2024-01-01 00:00:00
P1714,3,62,2024-01-01 00:00:00
P1714,4,93,2024-01-01 00:00:00
P1714,5,56,2024-01-01 00:00:00
P1714,6,48,2024-01-01 00:00:00
P1714,7,68,2024-01-01 00:00:00
P1714,8,85,2024-01-01 00:00:00
P1714,9,93,2024-01-01 00:00:00
P1714,10,65,2024-01-01 00:00:00
P1715,1,48,2024-01-01 00:00:00
P1715,2,55,2024-01-01 00:00:00
P1715,3,101,2024-01-01 00:00:00
P1715,4,79,2024-01-01 00:00:00
P1715,5,103,2024-01-01 00:00:00
P1715,6,58,2024-01-01 00:00:00
P1715,7,75,2024-01-01 00:00:00
P1715,8,100,2024-01-01 00:00:00
P1715,9,68,2024-01-01 00:00:00
P1715,10,57,2024-01-01 00:00:00
P1716,1,86,2024-01-01 00:00:00
P1716,2,63,2024-01-01 00:00:00
P1716,3,103,2024-01-01 00:00:00
P1716,4,67,2024-01-01 00:00:00
P1716,5,87,2024-01-01 00:00:00
P1716,6,48,2024-01-01 00:00:00
P1716,7,103,2024-01-01 00:00:00
P1716,8,103,2024-01-01 00:00:00
P1716,9,60,2024-01-01 00:00:00
P1716,10,80,2024-01-01 00:00:00
P1717,1,90,2024-01-01 00:00:00
P1717,2,80,2024-01-01 00:00:00
P1717,3,73,2024-01-01 00:00:00
P1717,4,95,2024-01-01 00:00:00
P1717,5,94,2024-01-01 00:00:00
P1717,6,79,2024-01-01 00:00:00
P1717,7,101,2024-01-01 00:00:00
P1717,8,71,2024-01-01 00:00:00
P1717,9,48,2024-01-01 00:00:00
P1717,10,64,2024-01-01 00:00:00
P1718,1,78,2024-01-01 00:00:00
P1718,2,54,2024-01-01 00:00:00
P1718,3,86,2024-01-01 00:00:00
P1718,4,76,2024-01-01 00:00:00
P1718,5,82,2024-01-01 00:00:00
P1718,6,90,2024-01-01 00:00:00
P1718,7,51,2024-01-01 00:00:00
P1718,8,92,2024-01-01 00:00:00
P1718,9,52,2024-01-01 00:00:00
P1718,10,76,2024-01-01 00:00:00
P1719,1,93,2024-01-01 00:00:00
P1719,2,59,2024-01-01 00:00:00
P1719,3,56,2024-01-01 00:00:00
P1719,4,53,2024-01-01 00:00:00
P1719,5,104,2024-01-01 00:00:00
P1719,6,87,2024-01-01 00:00:00
P1719,7,71,2024-01-01 00:00:00
P1719,8,80,2024-01-01 00:00:00
P1719,9,105,2024-01-01 00:00:00
P1719,10,64,2024-01-01 00:00:00
P1720,1,65,2024-01-01 00:00:00
P1720,2,69,2024-01-01 00:00:00
P1720,3,83,2024-01-01 00:00:00
P1720,4,61,2024-01-01 00:00:00
P1720,5,38,2024-01-01 00:00:00
P1720,6,71,2024-01-01 00:00:00
P1720,7,67,2024-01-01 00:00:00
P1720,8,43,2024-01-01 00:00:00
P1720,9,57,2024-01-01 00:00:00
P1720,10,58,2024-01-01 00:00:00
P1721,1,96,2024-01-01 00:00:00
P1721,2,65,2024-01-01 00:00:00
P1721,3,65,2024-01-01 00:00:00
P1721,4,52,2024-01-01 00:00:00
P1721,5,59,2024-01-01 00:00:00
P1721,6,103,2024-01-01 00:00:00
P1721,7,52,2024-01-01 00:00:00
P1721,8,73,2024-01-01 00:00:00
P1721,9,74,2024-01-01 00:00:00
P1721,10,71,2024-01-01 00:00:00
P1722,1,65,2024-01-01 00:00:00
P1722,2,68,2024-01-01 00:00:00
P1722,3,101,2024-01-01 00:00:00
P1722,4,90,2024-01-01 00:00:00
P1722,5,68,2024-01-01 00:00:00
P1722,6,52,2024-01-01 00:00:00
P1722,7,88,2024-01-01 00:00:00
P1722,8,51,2024-01-01 00:00:00
P1722,9,86,2024-01-01 00:00:00
P1722,10,62,2024-01-01 00:00:00
P1723,1,59,2024-01-01 00:00:00
P1723,2,50,2024-01-01 00:00:00
P1723,3,51,2024-01-01 00:00:00
P1723,4,49,2024-01-01 00:00:00
P1723,5,62,2024-01-01 00:00:00
P1723,6,93,2024-01-01 00:00:00
P1723,7,81,2024-01-01 00:00:00
P1723,8,57,2024-01-01 00:00:00
P1723,9,60,2024-01-01 00:00:00
P1723,10,63,2024-01-01 00:00:00
P1724,1,51,2024-01-01 00:00:00
P1724,2,82,2024-01-01 00:00:00
P1724,3,52,2024-01-01 00:00:00
P1724,4,102,2024-01-01 00:00:00
P1724,5,53,2024-01-01 00:00:00
P1724,6,70,2024-01-01 00:00:00
P1724,7,79,2024-01-01 00:00:00
P1724,8,63,2024-01-01 00:00:00
P1724,9,83,2024-01-01 00:00:00
P1724,10,92,2024-01-01 00:00:00
P1725,1,83,2024-01-01 00:00:00
P1725,2,68,2024-01-01 00:00:00
P1725,3,104,2024-01-01 00:00:00
P1725,4,61,2024-01-01 00:00:00
P1725,5,84,2024-01-01 00:00:00
P1725,6,51,2024-01-01 00:00:00
P1725,7,99,2024-01-01 00:00:00
P1725,8,52,2024-01-01 00:00:00
P1725,9,85,2024-01-01 00:00:00
P1725,10,82,2024-01-01 00:00:00
P1726,1,96,2024-01-01 00:00:00
P1726,2,91,2024-01-01 00:00:00
P1726,3,52,2024-01-01 00:00:00
P1726,4,100,2024-01-01 00:00:00
P1726,5,90,2024-01-01 00:00:00
P1726,6,91,2024-01-01 00:00:00
P1726,7,79,2024-01-01 00:00:00
P1726,8,92,2024-01-01 00:00:00
P1726,9,52,2024-01-01 00:00:00
P1726,10,86,2024-01-01 00:00:00
P1727,1,100,2024-01-01 00:00:00
P1727,2,77,2024-01-01 00:00:00
P1727,3,59,2024-01-01 00:00:00
P1727,4,81,2024-01-01 00:00:00
P1727,5,91,2024-01-01 00:00:00
P1727,6,78,2024-01-01 00:00:00
P1727,7,67,2024-01-01 00:00:00
P1727,8,77,2024-01-01 00:00:00
P1727,9,70,2024-01-01 00:00:00
P1727,10,46,2024-01-01 00:00:00
P1728,1,43,2024-01-01 00:00:00
P1728,2,30,2024-01-01 00:00:00
P1728,3,44,2024-01-01 00:00:00
P1728,4,44,2024-01-01 00:00:00
P1728,5,34,2024-01-01 00:00:00
P1728,6,33,2024-01-01 00:00:00
P1728,7,49,2024-01-01 00:00:00
P1728,8,62,2024-01-01 00:00:00
P1728,9,45,2024-01-01 00:00:00
P1728,10,49,2024-01-01 00:00:00
P1729,1,16,2024-01-01 00:00:00
P1729,2,34,2024-01-01 00:00:00
P1729,3,17,2024-01-01 00:00:00
P1729,4,31,2024-01-01 00:00:00
P1729,5,28,2024-01-01 00:00:00
P1729,6,20,2024-01-01 00:00:00
P1729,7,19,2024-01-01 00:00:00
P1729,8,33,2024-01-01 00:00:00
P1729,9,30,2024-01-01 00:00:00
P1729,10,26,2024-01-01 00:00:00
P1730,1,24,2024-01-01 00:00:00
P1730,2,23,2024-01-01 00:00:00
P1730,3,21,2024-01-01 00:00:00
P1730,4,23,2024-01-01 00:00:00
P1730,5,10,2024-01-01 00:00:00
P1730,6,15,2024-01-01 00:00:00
P1730,7,15,2024-01-01 00:00:00
P1730,8,15,2024-01-01 00:00:00
P1730,9,18,2024-01-01 00:00:00
P1730,10,19,2024-01-01 00:00:00
P1731,1,28,2024-01-01 00:00:00
P1731,2,14,2024-01-01 00:00:00
P1731,3,25,2024-01-01 00:00:00
P1731,4,18,2024-01-01 00:00:00
P1731,5,16,2024-01-01 00:00:00
P1731,6,23,2024-01-01 00:00:00
P1731,7,28,2024-01-01 00:00:00
P1731,8,25,2024-01-01 00:00:00
P1731,9,22,2024-01-01 00:00:00
P1731,10,20,2024-01-01 00:00:00
P1732,1,78,2024-01-01 00:00:00
P1732,2,113,2024-01-01 00:00:00
P1732,3,77,2024-01-01 00:00:00
P1732,4,134,2024-01-01 00:00:00
P1732,5,138,2024-01-01 00:00:00
P1732,6,112,2024-01-01 00:00:00
P1732,7,88,2024-01-01 00:00:00
P1732,8,88,2024-01-01 00:00:00
P1732,9,134,2024-01-01 00:00:00
P1732,10,76,2024-01-01 00:00:00
P1733,1,59,2024-01-01 00:00:00
P1733,2,93,2024-01-01 00:00:00
P1733,3,89,2024-01-01 00:00:00
P1733,4,64,2024-01-01 00:00:00
P1733,5,50,2024-01-01 00:00:00
P1733,6,105,2024-01-01 00:00:00
P1733,7,52,2024-01-01 00:00:00
P1733,8,69,2024-01-01 00:00:00
P1733,9,97,2024-01-01 00:00:00
P1733,10,47,2024-01-01 00:00:00
P1734,1,81,2024-01-01 00:00:00
P1734,2,66,2024-01-01 00:00:00
P1734,3,83,2024-01-01 00:00:00
P1734,4,71,2024-01-01 00:00:00
P1734,5,95,2024-01-01 00:00:00
P1734,6,97,2024-01-01 00:00:00
P1734,7,77,2024-01-01 00:00:00
P1734,8,67,2024-01-01 00:00:00
P1734,9,82,2024-01-01 00:00:00
P1734,10,88,2024-01-01 00:00:00
P1735,1,105,2024-01-01 00:00:00
P1735,2,58,2024-01-01 00:00:00
P1735,3,74,2024-01-01 00:00:00
P1735,4,73,2024-01-01 00:00:00
P1735,5,76,2024-01-01 00:00:00
P1735,6,51,2024-01-01 00:00:00
P1735,7,64,2024-01-01 00:00:00
P1735,8,60,2024-01-01 00:00:00
P1735,9,93,2024-01-01 00:00:00
P1735,10,101,2024-01-01 00:00:00
P1736,1,89,2024-01-01 00:00:00
P1736,2,78,2024-01-01 00:00:00
P1736,3,92,2024-01-01 00:00:00
P1736,4,72,2024-01-01 00:00:00
P1736,5,87,2024-01-01 00:00:00
P1736,6,57,2024-01-01 00:00:00
P1736,7,73,2024-01-01 00:00:00
P1736,8,56,2024-01-01 00:00:00
P1736,9,47,2024-01-01 00:00:00
P1736,10,72,2024-01-01 00:00:00
P1737,1,58,2024-01-01 00:00:00
P1737,2,51,2024-01-01 00:00:00
P1737,3,49,2024-01-01 00:00:00
P1737,4,101,2024-01-01 00:00:00
P1737,5,94,2024-01-01 00:00:00
P1737,6,53,2024-01-01 00:00:00
P1737,7,67,2024-01-01 00:00:00
P1737,8,94,2024-01-01 00:00:00
P1737,9,56,2024-01-01 00:00:00
P1737,10,63,2024-01-01 00:00:00
P1738,1,120,2024-01-01 00:00:00
P1738,2,59,2024-01-01 00:00:00
P1738,3,112,2024-01-01 00:00:00
P1738,4,118,2024-01-01 00:00:00
P1738,5,70,2024-01-01 00:00:00
P1738,6,106,2024-01-01 00:00:00
P1738,7,97,2024-01-01 00:00:00
P1738,8,94,2024-01-01 00:00:00
P1738,9,57,2024-01-01 00:00:00
P1738,10,91,2024-01-01 00:00:00
P1739,1,81,2024-01-01 00:00:00
P1739,2,85,2024-01-01 00:00:00
P1739,3,81,2024-01-01 00:00:00
P1739,4,84,2024-01-01 00:00:00
P1739,5,94,2024-01-01 00:00:00
P1739,6,49,2024-01-01 00:00:00
P1739,7,56,2024-01-01 00:00:00
P1739,8,90,2024-01-01 00:00:00
P1739,9,48,2024-01-01 00:00:00
P1739,10,85,2024-01-01 00:00:00
P1740,1,103,2024-01-01 00:00:00
P1740,2,46,2024-01-01 00:00:00
P1740,3,84,2024-01-01 00:00:00
P1740,4,55,2024-01-01 00:00:00
P1740,5,87,2024-01-01 00:00:00
P1740,6,75,2024-01-01 00:00:00
P1740,7,92,2024-01-01 00:00:00
P1740,8,94,2024-01-01 00:00:00
P1740,9,58,2024-01-01 00:00:00
P1740,10,48,2024-01-01 00:00:00
P1741,1,95,2024-01-01 00:00:00
P1741,2,104,2024-01-01 00:00:00
P1741,3,68,2024-01-01 00:00:00
P1741,4,75,2024-01-01 00:00:00
P1741,5,56,2024-01-01 00:00:00
P1741,6,52,2024-01-01 00:00:00
P1741,7,45,2024-01-01 00:00:00
P1741,8,60,2024-01-01 00:00:00
P1741,9,92,2024-01-01 00:00:00
P1741,10,60,2024-01-01 00:00:00
P1742,1,105,2024-01-01 00:00:00
P1742,2,65,2024-01-01 00:00:00
P1742,3,100,2024-01-01 00:00:00
P1742,4,50,2024-01-01 00:00:00
P1742,5,52,2024-01-01 00:00:00
P1742,6,47,2024-01-01 00:00:00
P1742,7,99,2024-01-01 00:00:00
P1742,8,76,2024-01-01 00:00:00
P1742,9,76,2024-01-01 00:00:00
P1742,10,47,2024-01-01 00:00:00
P1743,1,94,2024-01-01 00:00:00
P1743,2,101,2024-01-01 00:00:00
P1743,3,90,2024-01-01 00:00:00
P1743,4,72,2024-01-01 00:00:00
P1743,5,58,2024-01-01 00:00:00
P1743,6,71,2024-01-01 00:00:00
P1743,7,51,2024-01-01 00:00:00
P1743,8,71,2024-01-01 00:00:00
P1743,9,63,2024-01-01 00:00:00
P1743,10,87,2024-01-01 00:00:00
P1744,1,53,2024-01-01 00:00:00
P1744,2,65,2024-01-01 00:00:00
P1744,3,104,2024-01-01 00:00:00
P1744,4,101,2024-01-01 00:00:00
P1744,5,65,2024-01-01 00:00:00
P1744,6,80,2024-01-01 00:00:00
P1744,7,69,2024-01-01 00:00:00
P1744,8,78,2024-01-01 00:00:00
P1744,9,102,2024-01-01 00:00:00
P1744,10,102,2024-01-01 00:00:00
P1745,1,92,2024-01-01 00:00:00
P1745,2,59,2024-01-01 00:00:00
P1745,3,64,2024-01-01 00:00:00
P1745,4,84,2024-01-01 00:00:00
P1745,5,85,2024-01-01 00:00:00
P1745,6,101,2024-01-01 00:00:00
P1745,7,54,2024-01-01 00:00:00
P1745,8,84,2024-01-01 00:00:00
P1745,9,45,2024-01-01 00:00:00
P1745,10,86,2024-01-01 00:00:00
P1746,1,99,2024-01-01 00:00:00
P1746,2,48,2024-01-01 00:00:00
P1746,3,95,2024-01-01 00:00:00
P1746,4,86,2024-01-01 00:00:00
P1746,5,46,2024-01-01 00:00:00
P1746,6,50,2024-01-01 00:00:00
P1746,7,59,2024-01-01 00:00:00
P1746,8,77,2024-01-01 00:00:00
P1746,9,53,2024-01-01 00:00:00
P1746,10,66,2024-01-01 00:00:00
P1747,1,70,2024-01-01 00:00:00
P1747,2,51,2024-01-01 00:00:00
P1747,3,57,2024-01-01 00:00:00
P1747,4,99,2024-01-01 00:00:00
P1747,5,51,2024-01-01 00:00:00
P1747,6,99,2024-01-01 00:00:00
P1747,7,93,2024-01-01 00:00:00
P1747,8,54,2024-01-01 00:00:00
P1747,9,69,2024-01-01 00:00:00
P1747,10,47,2024-01-01 00:00:00
P1748,1,89,2024-01-01 00:00:00
P1748,2,69,2024-01-01 00:00:00
P1748,3,62,2024-01-01 00:00:00
P1748,4,105,2024-01-01 00:00:00
P1748,5,72,2024-01-01 00:00:00
P1748,6,101,2024-01-01 00:00:00
P1748,7,92,2024-01-01 00:00:00
P1748,8,65,2024-01-01 00:00:00
P1748,9,57,2024-01-01 00:00:00
P1748,10,56,2024-01-01 00:00:00
P1749,1,89,2024-01-01 00:00:00
P1749,2,60,2024-01-01 00:00:00
P1749,3,67,2024-01-01 00:00:00
P1749,4,105,2024-01-01 00:00:00
P1749,5,86,2024-01-01 00:00:00
P1749,6,73,2024-01-01 00:00:00
P1749,7,57,2024-01-01 00:00:00
P1749,8,97,2024-01-01 00:00:00
P1749,9,60,2024-01-01 00:00:00
P1749,10,55,2024-01-01 00:00:00
P1750,1,73,2024-01-01 00:00:00
P1750,2,54,2024-01-01 00:00:00
P1750,3,61,2024-01-01 00:00:00
P1750,4,91,2024-01-01 00:00:00
P1750,5,54,2024-01-01 00:00:00
P1750,6,82,2024-01-01 00:00:00
P1750,7,94,2024-01-01 00:00:00
P1750,8,86,2024-01-01 00:00:00
P1750,9,51,2024-01-01 00:00:00
P1750,10,47,2024-01-01 00:00:00
P1751,1,105,2024-01-01 00:00:00
P1751,2,82,2024-01-01 00:00:00
P1751,3,81,2024-01-01 00:00:00
P1751,4,55,2024-01-01 00:00:00
P1751,5,57,2024-01-01 00:00:00
P1751,6,62,2024-01-01 00:00:00
P1751,7,88,2024-01-01 00:00:00
P1751,8,60,2024-01-01 00:00:00
P1751,9,55,2024-01-01 00:00:00
P1751,10,70,2024-01-01 00:00:00
P1752,1,62,2024-01-01 00:00:00
P1752,2,93,2024-01-01 00:00:00
P1752,3,72,2024-01-01 00:00:00
P1752,4,91,2024-01-01 00:00:00
P1752,5,66,2024-01-01 00:00:00
P1752,6,60,2024-01-01 00:00:00
P1752,7,104,2024-01-01 00:00:00
P1752,8,54,2024-01-01 00:00:00
P1752,9,74,2024-01-01 00:00:00
P1752,10,68,2024-01-01 00:00:00
P1753,1,72,2024-01-01 00:00:00
P1753,2,67,2024-01-01 00:00:00
P1753,3,82,2024-01-01 00:00:00
P1753,4,99,2024-01-01 00:00:00
P1753,5,101,2024-01-01 00:00:00
P1753,6,98,2024-01-01 00:00:00
P1753,7,74,2024-01-01 00:00:00
P1753,8,45,2024-01-01 00:00:00
P1753,9,63,2024-01-01 00:00:00
P1753,10,80,2024-01-01 00:00:00
P1754,1,91,2024-01-01 00:00:00
P1754,2,89,2024-01-01 00:00:00
P1754,3,105,2024-01-01 00:00:00
P1754,4,53,2024-01-01 00:00:00
P1754,5,94,2024-01-01 00:00:00
P1754,6,56,2024-01-01 00:00:00
P1754,7,62,2024-01-01 00:00:00
P1754,8,77,2024-01-01 00:00:00
P1754,9,56,2024-01-01 00:00:00
P1754,10,90,2024-01-01 00:00:00
P1755,1,78,2024-01-01 00:00:00
P1755,2,79,2024-01-01 00:00:00
P1755,3,97,2024-01-01 00:00:00
P1755,4,60,2024-01-01 00:00:00
P1755,5,73,2024-01-01 00:00:00
P1755,6,77,2024-01-01 00:00:00
P1755,7,66,2024-01-01 00:00:00
P1755,8,98,2024-01-01 00:00:00
P1755,9,59,2024-01-01 00:00:00
P1755,10,77,2024-01-01 00:00:00
P1756,1,40,2024-01-01 00:00:00
P1756,2,31,2024-01-01 00:00:00
P1756,3,41,2024-01-01 00:00:00
P1756,4,32,2024-01-01 00:00:00
P1756,5,40,2024-01-01 00:00:00
P1756,6,34,2024-01-01 00:00:00
P1756,7,53,2024-01-01 00:00:00
P1756,8,56,2024-01-01 00:00:00
P1756,9,45,2024-01-01 00:00:00
P1756,10,56,2024-01-01 00:00:00
P1757,1,100,2024-01-01 00:00:00
P1757,2,104,2024-01-01 00:00:00
P1757,3,73,2024-01-01 00:00:00
P1757,4,93,2024-01-01 00:00:00
P1757,5,74,2024-01-01 00:00:00
P1757,6,73,2024-01-01 00:00:00
P1757,7,81,2024-01-01 00:00:00
P1757,8,86,2024-01-01 00:00:00
P1757,9,69,2024-01-01 00:00:00
P1757,10,73,2024-01-01 00:00:00
P1758,1,82,2024-01-01 00:00:00
P1758,2,78,2024-01-01 00:00:00
P1758,3,64,2024-01-01 00:00:00
P1758,4,62,2024-01-01 00:00:00
P1758,5,95,2024-01-01 00:00:00
P1758,6,88,2024-01-01 00:00:00
P1758,7,56,2024-01-01 00:00:00
P1758,8,94,2024-01-01 00:00:00
P1758,9,58,2024-01-01 00:00:00
P1758,10,46,2024-01-01 00:00:00
P1759,1,101,2024-01-01 00:00:00
P1759,2,53,2024-01-01 00:00:00
P1759,3,85,2024-01-01 00:00:00
P1759,4,78,2024-01-01 00:00:00
P1759,5,59,2024-01-01 00:00:00
P1759,6,43,2024-01-01 00:00:00
P1759,7,72,2024-01-01 00:00:00
P1759,8,48,2024-01-01 00:00:00
P1759,9,71,2024-01-01 00:00:00
P1759,10,64,2024-01-01 00:00:00
P1760,1,68,2024-01-01 00:00:00
P1760,2,82,2024-01-01 00:00:00
P1760,3,58,2024-01-01 00:00:00
P1760,4,83,2024-01-01 00:00:00
P1760,5,84,2024-01-01 00:00:00
P1760,6,64,2024-01-01 00:00:00
P1760,7,59,2024-01-01 00:00:00
P1760,8,94,2024-01-01 00:00:00
P1760,9,89,2024-01-01 00:00:00
P1760,10,87,2024-01-01 00:00:00
P1761,1,36,2024-01-01 00:00:00
P1761,2,35,2024-01-01 00:00:00
P1761,3,50,2024-01-01 00:00:00
P1761,4,29,2024-01-01 00:00:00
P1761,5,57,2024-01-01 00:00:00
P1761,6,49,2024-01-01 00:00:00
P1761,7,27,2024-01-01 00:00:00
P1761,8,41,2024-01-01 00:00:00
P1761,9,41,2024-01-01 00:00:00
P1761,10,52,2024-01-01 00:00:00
P1762,1,15,2024-01-01 00:00:00
P1762,2,14,2024-01-01 00:00:00
P1762,3,11,2024-01-01 00:00:00
P1762,4,11,2024-01-01 00:00:00
P1762,5,10,2024-01-01 00:00:00
P1762,6,10,2024-01-01 00:00:00
P1762,7,14,2024-01-01 00:00:00
P1762,8,10,2024-01-01 00:00:00
P1762,9,16,2024-01-01 00:00:00
P1762,10,12,2024-01-01 00:00:00
P1763,1,45,2024-01-01 00:00:00
P1763,2,95,2024-01-01 00:00:00
P1763,3,87,2024-01-01 00:00:00
P1763,4,69,2024-01-01 00:00:00
P1763,5,54,2024-01-01 00:00:00
P1763,6,78,2024-01-01 00:00:00
P1763,7,87,2024-01-01 00:00:00
P1763,8,89,2024-01-01 00:00:00
P1763,9,101,2024-01-01 00:00:00
P1763,10,57,2024-01-01 00:00:00
P1764,1,100,2024-01-01 00:00:00
P1764,2,66,2024-01-01 00:00:00
P1764,3,89,2024-01-01 00:00:00
P1764,4,67,2024-01-01 00:00:00
P1764,5,67,2024-01-01 00:00:00
P1764,6,75,2024-01-01 00:00:00
P1764,7,80,2024-01-01 00:00:00
P1764,8,79,2024-01-01 00:00:00
P1764,9,75,2024-01-01 00:00:00
P1764,10,48,2024-01-01 00:00:00
P1765,1,99,2024-01-01 00:00:00
P1765,2,63,2024-01-01 00:00:00
P1765,3,87,2024-01-01 00:00:00
P1765,4,67,2024-01-01 00:00:00
P1765,5,67,2024-01-01 00:00:00
P1765,6,103,2024-01-01 00:00:00
P1765,7,55,2024-01-01 00:00:00
P1765,8,56,2024-01-01 00:00:00
P1765,9,89,2024-01-01 00:00:00
P1765,10,78,2024-01-01 00:00:00
P1766,1,76,2024-01-01 00:00:00
P1766,2,81,2024-01-01 00:00:00
P1766,3,104,2024-01-01 00:00:00
P1766,4,82,2024-01-01 00:00:00
P1766,5,83,2024-01-01 00:00:00
P1766,6,52,2024-01-01 00:00:00
P1766,7,61,2024-01-01 00:00:00
P1766,8,87,2024-01-01 00:00:00
P1766,9,90,2024-01-01 00:00:00
P1766,10,72,2024-01-01 00:00:00
P1767,1,102,2024-01-01 00:00:00
P1767,2,80,2024-01-01 00:00:00
P1767,3,62,2024-01-01 00:00:00
P1767,4,68,2024-01-01 00:00:00
P1767,5,50,2024-01-01 00:00:00
P1767,6,51,2024-01-01 00:00:00
P1767,7,95,2024-01-01 00:00:00
P1767,8,94,2024-01-01 00:00:00
P1767,9,86,2024-01-01 00:00:00
P1767,10,67,2024-01-01 00:00:00
P1768,1,88,2024-01-01 00:00:00
P1768,2,99,2024-01-01 00:00:00
P1768,3,60,2024-01-01 00:00:00
P1768,4,46,2024-01-01 00:00:00
P1768,5,93,2024-01-01 00:00:00
P1768,6,57,2024-01-01 00:00:00
P1768,7,85,2024-01-01 00:00:00
P1768,8,99,2024-01-01 00:00:00
P1768,9,88,2024-01-01 00:00:00
P1768,10,97,2024-01-01 00:00:00
P1769,1,47,2024-01-01 00:00:00
P1769,2,98,2024-01-01 00:00:00
P1769,3,100,2024-01-01 00:00:00
P1769,4,104,2024-01-01 00:00:00
P1769,5,60,2024-01-01 00:00:00
P1769,6,60,2024-01-01 00:00:00
P1769,7,90,2024-01-01 00:00:00
P1769,8,54,2024-01-01 00:00:00
P1769,9,55,2024-01-01 00:00:00
P1769,10,91,2024-01-01 00:00:00
P1770,1,78,2024-01-01 00:00:00
P1770,2,94,2024-01-01 00:00:00
P1770,3,54,2024-01-01 00:00:00
P1770,4,46,2024-01-01 00:00:00
P1770,5,63,2024-01-01 00:00:00
P1770,6,57,2024-01-01 00:00:00
P1770,7,90,2024-01-01 00:00:00
P1770,8,90,2024-01-01 00:00:00
P1770,9,105,2024-01-01 00:00:00
P1770,10,68,2024-01-01 00:00:00
P1771,1,92,2024-01-01 00:00:00
P1771,2,71,2024-01-01 00:00:00
P1771,3,92,2024-01-01 00:00:00
P1771,4,80,2024-01-01 00:00:00
P1771,5,79,2024-01-01 00:00:00
P1771,6,105,2024-01-01 00:00:00
P1771,7,53,2024-01-01 00:00:00
P1771,8,52,2024-01-01 00:00:00
P1771,9,70,2024-01-01 00:00:00
P1771,10,82,2024-01-01 00:00:00
P1772,1,54,2024-01-01 00:00:00
P1772,2,59,2024-01-01 00:00:00
P1772,3,60,2024-01-01 00:00:00
P1772,4,45,2024-01-01 00:00:00
P1772,5,62,2024-01-01 00:00:00
P1772,6,61,2024-01-01 00:00:00
P1772,7,88,2024-01-01 00:00:00
P1772,8,99,2024-01-01 00:00:00
P1772,9,97,2024-01-01 00:00:00
P1772,10,61,2024-01-01 00:00:00
P1773,1,62,2024-01-01 00:00:00
P1773,2,54,2024-01-01 00:00:00
P1773,3,64,2024-01-01 00:00:00
P1773,4,74,2024-01-01 00:00:00
P1773,5,55,2024-01-01 00:00:00
P1773,6,85,2024-01-01 00:00:00
P1773,7,67,2024-01-01 00:00:00
P1773,8,74,2024-01-01 00:00:00
P1773,9,89,2024-01-01 00:00:00
P1773,10,79,2024-01-01 00:00:00
P1774,1,66,2024-01-01 00:00:00
P1774,2,64,2024-01-01 00:00:00
P1774,3,78,2024-01-01 00:00:00
P1774,4,103,2024-01-01 00:00:00
P1774,5,97,2024-01-01 00:00:00
P1774,6,90,2024-01-01 00:00:00
P1774,7,54,2024-01-01 00:00:00
P1774,8,91,2024-01-01 00:00:00
P1774,9,95,2024-01-01 00:00:00
P1774,10,50,2024-01-01 00:00:00
P1775,1,61,2024-01-01 00:00:00
P1775,2,86,2024-01-01 00:00:00
P1775,3,82,2024-01-01 00:00:00
P1775,4,69,2024-01-01 00:00:00
P1775,5,72,2024-01-01 00:00:00
P1775,6,78,2024-01-01 00:00:00
P1775,7,61,2024-01-01 00:00:00
P1775,8,62,2024-01-01 00:00:00
P1775,9,103,2024-01-01 00:00:00
P1775,10,76,2024-01-01 00:00:00
P1776,1,96,2024-01-01 00:00:00
P1776,2,75,2024-01-01 00:00:00
P1776,3,97,2024-01-01 00:00:00
P1776,4,80,2024-01-01 00:00:00
P1776,5,90,2024-01-01 00:00:00
P1776,6,62,2024-01-01 00:00:00
P1776,7,87,2024-01-01 00:00:00
P1776,8,45,2024-01-01 00:00:00
P1776,9,65,2024-01-01 00:00:00
P1776,10,47,2024-01-01 00:00:00
P1777,1,83,2024-01-01 00:00:00
P1777,2,54,2024-01-01 00:00:00
P1777,3,99,2024-01-01 00:00:00
P1777,4,104,2024-01-01 00:00:00
P1777,5,66,2024-01-01 00:00:00
P1777,6,55,2024-01-01 00:00:00
P1777,7,58,2024-01-01 00:00:00
P1777,8,76,2024-01-01 00:00:00
P1777,9,59,2024-01-01 00:00:00
P1777,10,85,2024-01-01 00:00:00
P1778,1,50,2024-01-01 00:00:00
P1778,2,68,2024-01-01 00:00:00
P1778,3,60,2024-01-01 00:00:00
P1778,4,48,2024-01-01 00:00:00
P1778,5,48,2024-01-01 00:00:00
P1778,6,68,2024-01-01 00:00:00
P1778,7,46,2024-01-01 00:00:00
P1778,8,88,2024-01-01 00:00:00
P1778,9,79,2024-01-01 00:00:00
P1778,10,78,2024-01-01 00:00:00
P1779,1,56,2024-01-01 00:00:00
P1779,2,103,2024-01-01 00:00:00
P1779,3,71,2024-01-01 00:00:00
P1779,4,78,2024-01-01 00:00:00
P1779,5,50,2024-01-01 00:00:00
P1779,6,92,2024-01-01 00:00:00
P1779,7,94,2024-01-01 00:00:00
P1779,8,63,2024-01-01 00:00:00
P1779,9,76,2024-01-01 00:00:00
P1779,10,79,2024-01-01 00:00:00
P1780,1,93,2024-01-01 00:00:00
P1780,2,95,2024-01-01 00:00:00
P1780,3,62,2024-01-01 00:00:00
P1780,4,73,2024-01-01 00:00:00
P1780,5,66,2024-01-01 00:00:00
P1780,6,53,2024-01-01 00:00:00
P1780,7,92,2024-01-01 00:00:00
P1780,8,71,2024-01-01 00:00:00
P1780,9,67,2024-01-01 00:00:00
P1780,10,72,2024-01-01 00:00:00
P1781,1,100,2024-01-01 00:00:00
P1781,2,104,2024-01-01 00:00:00
P1781,3,94,2024-01-01 00:00:00
P1781,4,65,2024-01-01 00:00:00
P1781,5,93,2024-01-01 00:00:00
P1781,6,102,2024-01-01 00:00:00
P1781,7,55,2024-01-01 00:00:00
P1781,8,57,2024-01-01 00:00:00
P1781,9,85,2024-01-01 00:00:00
P1781,10,66,2024-01-01 00:00:00
P1782,1,66,2024-01-01 00:00:00
P1782,2,71,2024-01-01 00:00:00
P1782,3,81,2024-01-01 00:00:00
P1782,4,73,2024-01-01 00:00:00
P1782,5,62,2024-01-01 00:00:00
P1782,6,65,2024-01-01 00:00:00
P1782,7,94,2024-01-01 00:00:00
P1782,8,77,2024-01-01 00:00:00
P1782,9,54,2024-01-01 00:00:00
P1782,10,98,2024-01-01 00:00:00
P1783,1,99,2024-01-01 00:00:00
P1783,2,84,2024-01-01 00:00:00
P1783,3,70,2024-01-01 00:00:00
P1783,4,52,2024-01-01 00:00:00
P1783,5,60,2024-01-01 00:00:00
P1783,6,84,2024-01-01 00:00:00
P1783,7,51,2024-01-01 00:00:00
P1783,8,71,2024-01-01 00:00:00
P1783,9,60,2024-01-01 00:00:00
P1783,10,59,2024-01-01 00:00:00
P1784,1,76,2024-01-01 00:00:00
P1784,2,89,2024-01-01 00:00:00
P1784,3,94,2024-01-01 00:00:00
P1784,4,82,2024-01-01 00:00:00
P1784,5,89,2024-01-01 00:00:00
P1784,6,98,2024-01-01 00:00:00
P1784,7,70,2024-01-01 00:00:00
P1784,8,74,2024-01-01 00:00:00
P1784,9,64,2024-01-01 00:00:00
P1784,10,85,2024-01-01 00:00:00
P1785,1,86,2024-01-01 00:00:00
P1785,2,93,2024-01-01 00:00:00
P1785,3,91,2024-01-01 00:00:00
P1785,4,103,2024-01-01 00:00:00
P1785,5,58,2024-01-01 00:00:00
P1785,6,78,2024-01-01 00:00:00
P1785,7,96,2024-01-01 00:00:00
P1785,8,66,2024-01-01 00:00:00
P1785,9,68,2024-01-01 00:00:00
P1785,10,99,2024-01-01 00:00:00
P1786,1,60,2024-01-01 00:00:00
P1786,2,72,2024-01-01 00:00:00
P1786,3,71,2024-01-01 00:00:00
P1786,4,80,2024-01-01 00:00:00
P1786,5,96,2024-01-01 00:00:00
P1786,6,89,2024-01-01 00:00:00
P1786,7,54,2024-01-01 00:00:00
P1786,8,67,2024-01-01 00:00:00
P1786,9,62,2024-01-01 00:00:00
P1786,10,60,2024-01-01 00:00:00
P1787,1,80,2024-01-01 00:00:00
P1787,2,50,2024-01-01 00:00:00
P1787,3,92,2024-01-01 00:00:00
P1787,4,77,2024-01-01 00:00:00
P1787,5,92,2024-01-01 00:00:00
P1787,6,93,2024-01-01 00:00:00
P1787,7,71,2024-01-01 00:00:00
P1787,8,74,2024-01-01 00:00:00
P1787,9,80,2024-01-01 00:00:00
P1787,10,61,2024-01-01 00:00:00
P1788,1,53,2024-01-01 00:00:00
P1788,2,77,2024-01-01 00:00:00
P1788,3,82,2024-01-01 00:00:00
P1788,4,86,2024-01-01 00:00:00
P1788,5,88,2024-01-01 00:00:00
P1788,6,45,2024-01-01 00:00:00
P1788,7,81,2024-01-01 00:00:00
P1788,8,65,2024-01-01 00:00:00
P1788,9,105,2024-01-01 00:00:00
P1788,10,47,2024-01-01 00:00:00
P1789,1,93,2024-01-01 00:00:00
P1789,2,87,2024-01-01 00:00:00
P1789,3,76,2024-01-01 00:00:00
P1789,4,68,2024-01-01 00:00:00
P1789,5,79,2024-01-01 00:00:00
P1789,6,68,2024-01-01 00:00:00
P1789,7,94,2024-01-01 00:00:00
P1789,8,57,2024-01-01 00:00:00
P1789,9,103,2024-01-01 00:00:00
P1789,10,82,2024-01-01 00:00:00
P1790,1,72,2024-01-01 00:00:00
P1790,2,74,2024-01-01 00:00:00
P1790,3,91,2024-01-01 00:00:00
P1790,4,99,2024-01-01 00:00:00
P1790,5,70,2024-01-01 00:00:00
P1790,6,66,2024-01-01 00:00:00
P1790,7,61,2024-01-01 00:00:00
P1790,8,62,2024-01-01 00:00:00
P1790,9,53,2024-01-01 00:00:00
P1790,10,105,2024-01-01 00:00:00
P1791,1,57,2024-01-01 00:00:00
P1791,2,49,2024-01-01 00:00:00
P1791,3,57,2024-01-01 00:00:00
P1791,4,63,2024-01-01 00:00:00
P1791,5,62,2024-01-01 00:00:00
P1791,6,105,2024-01-01 00:00:00
P1791,7,46,2024-01-01 00:00:00
P1791,8,61,2024-01-01 00:00:00
P1791,9,97,2024-01-01 00:00:00
P1791,10,81,2024-01-01 00:00:00
P1792,1,96,2024-01-01 00:00:00
P1792,2,80,2024-01-01 00:00:00
P1792,3,104,2024-01-01 00:00:00
P1792,4,71,2024-01-01 00:00:00
P1792,5,94,2024-01-01 00:00:00
P1792,6,61,2024-01-01 00:00:00
P1792,7,59,2024-01-01 00:00:00
P1792,8,96,2024-01-01 00:00:00
P1792,9,88,2024-01-01 00:00:00
P1792,10,55,2024-01-01 00:00:00
P1793,1,45,2024-01-01 00:00:00
P1793,2,47,2024-01-01 00:00:00
P1793,3,54,2024-01-01 00:00:00
P1793,4,71,2024-01-01 00:00:00
P1793,5,101,2024-01-01 00:00:00
P1793,6,91,2024-01-01 00:00:00
P1793,7,71,2024-01-01 00:00:00
P1793,8,105,2024-01-01 00:00:00
P1793,9,86,2024-01-01 00:00:00
P1793,10,84,2024-01-01 00:00:00
P1794,1,77,2024-01-01 00:00:00
P1794,2,62,2024-01-01 00:00:00
P1794,3,101,2024-01-01 00:00:00
P1794,4,87,2024-01-01 00:00:00
P1794,5,49,2024-01-01 00:00:00
P1794,6,54,2024-01-01 00:00:00
P1794,7,72,2024-01-01 00:00:00
P1794,8,79,2024-01-01 00:00:00
P1794,9,59,2024-01-01 00:00:00
P1794,10,57,2024-01-01 00:00:00
P1795,1,54,2024-01-01 00:00:00
P1795,2,85,2024-01-01 00:00:00
P1795,3,57,2024-01-01 00:00:00
P1795,4,79,2024-01-01 00:00:00
P1795,5,49,2024-01-01 00:00:00
P1795,6,61,2024-01-01 00:00:00
P1795,7,88,2024-01-01 00:00:00
P1795,8,95,2024-01-01 00:00:00
P1795,9,86,2024-01-01 00:00:00
P1795,10,70,2024-01-01 00:00:00
P1796,1,103,2024-01-01 00:00:00
P1796,2,77,2024-01-01 00:00:00
P1796,3,60,2024-01-01 00:00:00
P1796,4,48,2024-01-01 00:00:00
P1796,5,101,2024-01-01 00:00:00
P1796,6,62,2024-01-01 00:00:00
P1796,7,63,2024-01-01 00:00:00
P1796,8,61,2024-01-01 00:00:00
P1796,9,53,2024-01-01 00:00:00
P1796,10,54,2024-01-01 00:00:00
P1797,1,72,2024-01-01 00:00:00
P1797,2,99,2024-01-01 00:00:00
P1797,3,107,2024-01-01 00:00:00
P1797,4,89,2024-01-01 00:00:00
P1797,5,111,2024-01-01 00:00:00
P1797,6,105,2024-01-01 00:00:00
P1797,7,112,2024-01-01 00:00:00
P1797,8,51,2024-01-01 00:00:00
P1797,9,72,2024-01-01 00:00:00
P1797,10,116,2024-01-01 00:00:00
P1798,1,87,2024-01-01 00:00:00
P1798,2,104,2024-01-01 00:00:00
P1798,3,50,2024-01-01 00:00:00
P1798,4,62,2024-01-01 00:00:00
P1798,5,102,2024-01-01 00:00:00
P1798,6,68,2024-01-01 00:00:00
P1798,7,101,2024-01-01 00:00:00
P1798,8,105,2024-01-01 00:00:00
P1798,9,69,2024-01-01 00:00:00
P1798,10,53,2024-01-01 00:00:00
P1799,1,104,2024-01-01 00:00:00
P1799,2,61,2024-01-01 00:00:00
P1799,3,72,2024-01-01 00:00:00
P1799,4,48,2024-01-01 00:00:00
P1799,5,57,2024-01-01 00:00:00
P1799,6,66,2024-01-01 00:00:00
P1799,7,101,2024-01-01 00:00:00
P1799,8,71,2024-01-01 00:00:00
P1799,9,97,2024-01-01 00:00:00
P1799,10,52,2024-01-01 00:00:00
P1800,1,86,2024-01-01 00:00:00
P1800,2,99,2024-01-01 00:00:00
P1800,3,92,2024-01-01 00:00:00
P1800,4,78,2024-01-01 00:00:00
P1800,5,70,2024-01-01 00:00:00
P1800,6,94,2024-01-01 00:00:00
P1800,7,63,2024-01-01 00:00:00
P1800,8,72,2024-01-01 00:00:00
P1800,9,69,2024-01-01 00:00:00
P1800,10,52,2024-01-01 00:00:00
P1801,1,66,2024-01-01 00:00:00
P1801,2,47,2024-01-01 00:00:00
P1801,3,40,2024-01-01 00:00:00
P1801,4,42,2024-01-01 00:00:00
P1801,5,54,2024-01-01 00:00:00
P1801,6,52,2024-01-01 00:00:00
P1801,7,79,2024-01-01 00:00:00
P1801,8,39,2024-01-01 00:00:00
P1801,9,34,2024-01-01 00:00:00
P1801,10,57,2024-01-01 00:00:00
P1802,1,59,2024-01-01 00:00:00
P1802,2,55,2024-01-01 00:00:00
P1802,3,48,2024-01-01 00:00:00
P1802,4,55,2024-01-01 00:00:00
P1802,5,47,2024-01-01 00:00:00
P1802,6,52,2024-01-01 00:00:00
P1802,7,99,2024-01-01 00:00:00
P1802,8,74,2024-01-01 00:00:00
P1802,9,104,2024-01-01 00:00:00
P1802,10,82,2024-01-01 00:00:00
P1803,1,101,2024-01-01 00:00:00
P1803,2,102,2024-01-01 00:00:00
P1803,3,68,2024-01-01 00:00:00
P1803,4,79,2024-01-01 00:00:00
P1803,5,65,2024-01-01 00:00:00
P1803,6,80,2024-01-01 00:00:00
P1803,7,47,2024-01-01 00:00:00
P1803,8,94,2024-01-01 00:00:00
P1803,9,44,2024-01-01 00:00:00
P1803,10,70,2024-01-01 00:00:00
P1804,1,72,2024-01-01 00:00:00
P1804,2,85,2024-01-01 00:00:00
P1804,3,80,2024-01-01 00:00:00
P1804,4,66,2024-01-01 00:00:00
P1804,5,77,2024-01-01 00:00:00
P1804,6,93,2024-01-01 00:00:00
P1804,7,76,2024-01-01 00:00:00
P1804,8,100,2024-01-01 00:00:00
P1804,9,51,2024-01-01 00:00:00
P1804,10,81,2024-01-01 00:00:00
P1805,1,41,2024-01-01 00:00:00
P1805,2,33,2024-01-01 00:00:00
P1805,3,36,2024-01-01 00:00:00
P1805,4,29,2024-01-01 00:00:00
P1805,5,21,2024-01-01 00:00:00
P1805,6,30,2024-01-01 00:00:00
P1805,7,38,2024-01-01 00:00:00
P1805,8,33,2024-01-01 00:00:00
P1805,9,31,2024-01-01 00:00:00
P1805,10,37,2024-01-01 00:00:00
P1806,1,55,2024-01-01 00:00:00
P1806,2,75,2024-01-01 00:00:00
P1806,3,95,2024-01-01 00:00:00
P1806,4,45,2024-01-01 00:00:00
P1806,5,82,2024-01-01 00:00:00
P1806,6,77,2024-01-01 00:00:00
P1806,7,66,2024-01-01 00:00:00
P1806,8,90,2024-01-01 00:00:00
P1806,9,73,2024-01-01 00:00:00
P1806,10,48,2024-01-01 00:00:00
P1807,1,93,2024-01-01 00:00:00
P1807,2,102,2024-01-01 00:00:00
P1807,3,76,2024-01-01 00:00:00
P1807,4,90,2024-01-01 00:00:00
P1807,5,45,2024-01-01 00:00:00
P1807,6,102,2024-01-01 00:00:00
P1807,7,91,2024-01-01 00:00:00
P1807,8,96,2024-01-01 00:00:00
P1807,9,52,2024-01-01 00:00:00
P1807,10,57,2024-01-01 00:00:00
P1808,1,61,2024-01-01 00:00:00
P1808,2,47,2024-01-01 00:00:00
P1808,3,36,2024-01-01 00:00:00
P1808,4,34,2024-01-01 00:00:00
P1808,5,27,2024-01-01 00:00:00
P1808,6,36,2024-01-01 00:00:00
P1808,7,46,2024-01-01 00:00:00
P1808,8,29,2024-01-01 00:00:00
P1808,9,32,2024-01-01 00:00:00
P1808,10,52,2024-01-01 00:00:00
P1809,1,80,2024-01-01 00:00:00
P1809,2,99,2024-01-01 00:00:00
P1809,3,49,2024-01-01 00:00:00
P1809,4,104,2024-01-01 00:00:00
P1809,5,60,2024-01-01 00:00:00
P1809,6,103,2024-01-01 00:00:00
P1809,7,54,2024-01-01 00:00:00
P1809,8,58,2024-01-01 00:00:00
P1809,9,102,2024-01-01 00:00:00
P1809,10,72,2024-01-01 00:00:00
P1810,1,128,2024-01-01 00:00:00
P1810,2,150,2024-01-01 00:00:00
P1810,3,105,2024-01-01 00:00:00
P1810,4,80,2024-01-01 00:00:00
P1810,5,95,2024-01-01 00:00:00
P1810,6,108,2024-01-01 00:00:00
P1810,7,81,2024-01-01 00:00:00
P1810,8,107,2024-01-01 00:00:00
P1810,9,94,2024-01-01 00:00:00
P1810,10,134,2024-01-01 00:00:00
P1811,1,88,2024-01-01 00:00:00
P1811,2,100,2024-01-01 00:00:00
P1811,3,96,2024-01-01 00:00:00
P1811,4,48,2024-01-01 00:00:00
P1811,5,57,2024-01-01 00:00:00
P1811,6,78,2024-01-01 00:00:00
P1811,7,64,2024-01-01 00:00:00
P1811,8,95,2024-01-01 00:00:00
P1811,9,55,2024-01-01 00:00:00
P1811,10,71,2024-01-01 00:00:00
P1812,1,86,2024-01-01 00:00:00
P1812,2,80,2024-01-01 00:00:00
P1812,3,51,2024-01-01 00:00:00
P1812,4,104,2024-01-01 00:00:00
P1812,5,71,2024-01-01 00:00:00
P1812,6,84,2024-01-01 00:00:00
P1812,7,60,2024-01-01 00:00:00
P1812,8,100,2024-01-01 00:00:00
P1812,9,82,2024-01-01 00:00:00
P1812,10,64,2024-01-01 00:00:00
P1813,1,74,2024-01-01 00:00:00
P1813,2,53,2024-01-01 00:00:00
P1813,3,80,2024-01-01 00:00:00
P1813,4,52,2024-01-01 00:00:00
P1813,5,75,2024-01-01 00:00:00
P1813,6,64,2024-01-01 00:00:00
P1813,7,98,2024-01-01 00:00:00
P1813,8,70,2024-01-01 00:00:00
P1813,9,70,2024-01-01 00:00:00
P1813,10,75,2024-01-01 00:00:00
P1814,1,60,2024-01-01 00:00:00
P1814,2,92,2024-01-01 00:00:00
P1814,3,50,2024-01-01 00:00:00
P1814,4,51,2024-01-01 00:00:00
P1814,5,78,2024-01-01 00:00:00
P1814,6,104,2024-01-01 00:00:00
P1814,7,68,2024-01-01 00:00:00
P1814,8,74,2024-01-01 00:00:00
P1814,9,80,2024-01-01 00:00:00
P1814,10,89,2024-01-01 00:00:00
P1815,1,80,2024-01-01 00:00:00
P1815,2,73,2024-01-01 00:00:00
P1815,3,88,2024-01-01 00:00:00
P1815,4,77,2024-01-01 00:00:00
P1815,5,93,2024-01-01 00:00:00
P1815,6,82,2024-01-01 00:00:00
P1815,7,60,2024-01-01 00:00:00
P1815,8,86,2024-01-01 00:00:00
P1815,9,54,2024-01-01 00:00:00
P1815,10,53,2024-01-01 00:00:00
P1816,1,93,2024-01-01 00:00:00
P1816,2,73,2024-01-01 00:00:00
P1816,3,95,2024-01-01 00:00:00
P1816,4,85,2024-01-01 00:00:00
P1816,5,94,2024-01-01 00:00:00
P1816,6,51,2024-01-01 00:00:00
P1816,7,98,2024-01-01 00:00:00
P1816,8,97,2024-01-01 00:00:00
P1816,9,60,2024-01-01 00:00:00
P1816,10,65,2024-01-01 00:00:00
P1817,1,71,2024-01-01 00:00:00
P1817,2,103,2024-01-01 00:00:00
P1817,3,84,2024-01-01 00:00:00
P1817,4,50,2024-01-01 00:00:00
P1817,5,50,2024-01-01 00:00:00
P1817,6,58,2024-01-01 00:00:00
P1817,7,60,2024-01-01 00:00:00
P1817,8,57,2024-01-01 00:00:00
P1817,9,52,2024-01-01 00:00:00
P1817,10,99,2024-01-01 00:00:00
P1818,1,77,2024-01-01 00:00:00
P1818,2,54,2024-01-01 00:00:00
P1818,3,99,2024-01-01 00:00:00
P1818,4,58,2024-01-01 00:00:00
P1818,5,46,2024-01-01 00:00:00
P1818,6,60,2024-01-01 00:00:00
P1818,7,83,2024-01-01 00:00:00
P1818,8,53,2024-01-01 00:00:00
P1818,9,64,2024-01-01 00:00:00
P1818,10,95,2024-01-01 00:00:00
P1819,1,76,2024-01-01 00:00:00
P1819,2,65,2024-01-01 00:00:00
P1819,3,47,2024-01-01 00:00:00
P1819,4,49,2024-01-01 00:00:00
P1819,5,88,2024-01-01 00:00:00
P1819,6,55,2024-01-01 00:00:00
P1819,7,56,2024-01-01 00:00:00
P1819,8,62,2024-01-01 00:00:00
P1819,9,52,2024-01-01 00:00:00
P1819,10,49,2024-01-01 00:00:00
P1820,1,99,2024-01-01 00:00:00
P1820,2,57,2024-01-01 00:00:00
P1820,3,86,2024-01-01 00:00:00
P1820,4,93,2024-01-01 00:00:00
P1820,5,76,2024-01-01 00:00:00
P1820,6,53,2024-01-01 00:00:00
P1820,7,53,2024-01-01 00:00:00
P1820,8,60,2024-01-01 00:00:00
P1820,9,51,2024-01-01 00:00:00
P1820,10,82,2024-01-01 00:00:00
P1821,1,55,2024-01-01 00:00:00
P1821,2,93,2024-01-01 00:00:00
P1821,3,48,2024-01-01 00:00:00
P1821,4,59,2024-01-01 00:00:00
P1821,5,84,2024-01-01 00:00:00
P1821,6,78,2024-01-01 00:00:00
P1821,7,74,2024-01-01 00:00:00
P1821,8,89,2024-01-01 00:00:00
P1821,9,53,2024-01-01 00:00:00
P1821,10,69,2024-01-01 00:00:00
P1822,1,90,2024-01-01 00:00:00
P1822,2,75,2024-01-01 00:00:00
P1822,3,73,2024-01-01 00:00:00
P1822,4,77,2024-01-01 00:00:00
P1822,5,48,2024-01-01 00:00:00
P1822,6,69,2024-01-01 00:00:00
P1822,7,46,2024-01-01 00:00:00
P1822,8,56,2024-01-01 00:00:00
P1822,9,72,2024-01-01 00:00:00
P1822,10,47,2024-01-01 00:00:00
P1823,1,65,2024-01-01 00:00:00
P1823,2,85,2024-01-01 00:00:00
P1823,3,64,2024-01-01 00:00:00
P1823,4,67,2024-01-01 00:00:00
P1823,5,78,2024-01-01 00:00:00
P1823,6,78,2024-01-01 00:00:00
P1823,7,72,2024-01-01 00:00:00
P1823,8,63,2024-01-01 00:00:00
P1823,9,52,2024-01-01 00:00:00
P1823,10,90,2024-01-01 00:00:00
P1824,1,51,2024-01-01 00:00:00
P1824,2,68,2024-01-01 00:00:00
P1824,3,86,2024-01-01 00:00:00
P1824,4,77,2024-01-01 00:00:00
P1824,5,73,2024-01-01 00:00:00
P1824,6,70,2024-01-01 00:00:00
P1824,7,91,2024-01-01 00:00:00
P1824,8,63,2024-01-01 00:00:00
P1824,9,96,2024-01-01 00:00:00
P1824,10,89,2024-01-01 00:00:00
P1825,1,89,2024-01-01 00:00:00
P1825,2,79,2024-01-01 00:00:00
P1825,3,77,2024-01-01 00:00:00
P1825,4,74,2024-01-01 00:00:00
P1825,5,93,2024-01-01 00:00:00
P1825,6,77,2024-01-01 00:00:00
P1825,7,60,2024-01-01 00:00:00
P1825,8,87,2024-01-01 00:00:00
P1825,9,48,2024-01-01 00:00:00
P1825,10,100,2024-01-01 00:00:00
P1826,1,102,2024-01-01 00:00:00
P1826,2,79,2024-01-01 00:00:00
P1826,3,80,2024-01-01 00:00:00
P1826,4,91,2024-01-01 00:00:00
P1826,5,68,2024-01-01 00:00:00
P1826,6,87,2024-01-01 00:00:00
P1826,7,91,2024-01-01 00:00:00
P1826,8,74,2024-01-01 00:00:00
P1826,9,66,2024-01-01 00:00:00
P1826,10,87,2024-01-01 00:00:00
P1827,1,94,2024-01-01 00:00:00
P1827,2,105,2024-01-01 00:00:00
P1827,3,79,2024-01-01 00:00:00
P1827,4,102,2024-01-01 00:00:00
P1827,5,93,2024-01-01 00:00:00
P1827,6,57,2024-01-01 00:00:00
P1827,7,98,2024-01-01 00:00:00
P1827,8,65,2024-01-01 00:00:00
P1827,9,45,2024-01-01 00:00:00
P1827,10,73,2024-01-01 00:00:00
P1828,1,84,2024-01-01 00:00:00
P1828,2,89,2024-01-01 00:00:00
P1828,3,67,2024-01-01 00:00:00
P1828,4,97,2024-01-01 00:00:00
P1828,5,57,2024-01-01 00:00:00
P1828,6,49,2024-01-01 00:00:00
P1828,7,66,2024-01-01 00:00:00
P1828,8,56,2024-01-01 00:00:00
P1828,9,78,2024-01-01 00:00:00
P1828,10,96,2024-01-01 00:00:00
P1829,1,67,2024-01-01 00:00:00
P1829,2,89,2024-01-01 00:00:00
P1829,3,68,2024-01-01 00:00:00
P1829,4,100,2024-01-01 00:00:00
P1829,5,78,2024-01-01 00:00:00
P1829,6,63,2024-01-01 00:00:00
P1829,7,88,2024-01-01 00:00:00
P1829,8,45,2024-01-01 00:00:00
P1829,9,98,2024-01-01 00:00:00
P1829,10,97,2024-01-01 00:00:00
P1830,1,45,2024-01-01 00:00:00
P1830,2,79,2024-01-01 00:00:00
P1830,3,99,2024-01-01 00:00:00
P1830,4,93,2024-01-01 00:00:00
P1830,5,71,2024-01-01 00:00:00
P1830,6,95,2024-01-01 00:00:00
P1830,7,63,2024-01-01 00:00:00
P1830,8,87,2024-01-01 00:00:00
P1830,9,84,2024-01-01 00:00:00
P1830,10,48,2024-01-01 00:00:00
P1831,1,61,2024-01-01 00:00:00
P1831,2,46,2024-01-01 00:00:00
P1831,3,74,2024-01-01 00:00:00
P1831,4,45,2024-01-01 00:00:00
P1831,5,46,2024-01-01 00:00:00
P1831,6,102,2024-01-01 00:00:00
P1831,7,102,2024-01-01 00:00:00
P1831,8,75,2024-01-01 00:00:00
P1831,9,96,2024-01-01 00:00:00
P1831,10,89,2024-01-01 00:00:00
P1832,1,63,2024-01-01 00:00:00
P1832,2,46,2024-01-01 00:00:00
P1832,3,50,2024-01-01 00:00:00
P1832,4,70,2024-01-01 00:00:00
P1832,5,65,2024-01-01 00:00:00
P1832,6,99,2024-01-01 00:00:00
P1832,7,69,2024-01-01 00:00:00
P1832,8,53,2024-01-01 00:00:00
P1832,9,62,2024-01-01 00:00:00
P1832,10,89,2024-01-01 00:00:00
P1833,1,89,2024-01-01 00:00:00
P1833,2,102,2024-01-01 00:00:00
P1833,3,78,2024-01-01 00:00:00
P1833,4,51,2024-01-01 00:00:00
P1833,5,79,2024-01-01 00:00:00
P1833,6,89,2024-01-01 00:00:00
P1833,7,57,2024-01-01 00:00:00
P1833,8,102,2024-01-01 00:00:00
P1833,9,57,2024-01-01 00:00:00
P1833,10,100,2024-01-01 00:00:00
P1834,1,45,2024-01-01 00:00:00
P1834,2,64,2024-01-01 00:00:00
P1834,3,72,2024-01-01 00:00:00
P1834,4,102,2024-01-01 00:00:00
P1834,5,85,2024-01-01 00:00:00
P1834,6,104,2024-01-01 00:00:00
P1834,7,74,2024-01-01 00:00:00
P1834,8,54,2024-01-01 00:00:00
P1834,9,100,2024-01-01 00:00:00
P1834,10,54,2024-01-01 00:00:00
P1835,1,80,2024-01-01 00:00:00
P1835,2,55,2024-01-01 00:00:00
P1835,3,84,2024-01-01 00:00:00
P1835,4,100,2024-01-01 00:00:00
P1835,5,88,2024-01-01 00:00:00
P1835,6,93,2024-01-01 00:00:00
P1835,7,81,2024-01-01 00:00:00
P1835,8,101,2024-01-01 00:00:00
P1835,9,78,2024-01-01 00:00:00
P1835,10,83,2024-01-01 00:00:00
P1836,1,61,2024-01-01 00:00:00
P1836,2,52,2024-01-01 00:00:00
P1836,3,89,2024-01-01 00:00:00
P1836,4,48,2024-01-01 00:00:00
P1836,5,58,2024-01-01 00:00:00
P1836,6,48,2024-01-01 00:00:00
P1836,7,78,2024-01-01 00:00:00
P1836,8,78,2024-01-01 00:00:00
P1836,9,92,2024-01-01 00:00:00
P1836,10,95,2024-01-01 00:00:00
P1837,1,58,2024-01-01 00:00:00
P1837,2,94,2024-01-01 00:00:00
P1837,3,101,2024-01-01 00:00:00
P1837,4,96,2024-01-01 00:00:00
P1837,5,100,2024-01-01 00:00:00
P1837,6,57,2024-01-01 00:00:00
P1837,7,84,2024-01-01 00:00:00
P1837,8,97,2024-01-01 00:00:00
P1837,9,47,2024-01-01 00:00:00
P1837,10,105,2024-01-01 00:00:00
P1838,1,87,2024-01-01 00:00:00
P1838,2,60,2024-01-01 00:00:00
P1838,3,70,2024-01-01 00:00:00
P1838,4,45,2024-01-01 00:00:00
P1838,5,76,2024-01-01 00:00:00
P1838,6,61,2024-01-01 00:00:00
P1838,7,93,2024-01-01 00:00:00
P1838,8,46,2024-01-01 00:00:00
P1838,9,49,2024-01-01 00:00:00
P1838,10,48,2024-01-01 00:00:00
P1839,1,100,2024-01-01 00:00:00
P1839,2,74,2024-01-01 00:00:00
P1839,3,54,2024-01-01 00:00:00
P1839,4,49,2024-01-01 00:00:00
P1839,5,45,2024-01-01 00:00:00
P1839,6,72,2024-01-01 00:00:00
P1839,7,81,2024-01-01 00:00:00
P1839,8,96,2024-01-01 00:00:00
P1839,9,88,2024-01-01 00:00:00
P1839,10,104,2024-01-01 00:00:00
P1840,1,100,2024-01-01 00:00:00
P1840,2,62,2024-01-01 00:00:00
P1840,3,71,2024-01-01 00:00:00
P1840,4,53,2024-01-01 00:00:00
P1840,5,66,2024-01-01 00:00:00
P1840,6,95,2024-01-01 00:00:00
P1840,7,68,2024-01-01 00:00:00
P1840,8,49,2024-01-01 00:00:00
P1840,9,50,2024-01-01 00:00:00
P1840,10,65,2024-01-01 00:00:00
P1841,1,91,2024-01-01 00:00:00
P1841,2,79,2024-01-01 00:00:00
P1841,3,91,2024-01-01 00:00:00
P1841,4,45,2024-01-01 00:00:00
P1841,5,66,2024-01-01 00:00:00
P1841,6,89,2024-01-01 00:00:00
P1841,7,73,2024-01-01 00:00:00
P1841,8,47,2024-01-01 00:00:00
P1841,9,84,2024-01-01 00:00:00
P1841,10,50,2024-01-01 00:00:00
P1842,1,47,2024-01-01 00:00:00
P1842,2,71,2024-01-01 00:00:00
P1842,3,86,2024-01-01 00:00:00
P1842,4,98,2024-01-01 00:00:00
P1842,5,86,2024-01-01 00:00:00
P1842,6,97,2024-01-01 00:00:00
P1842,7,83,2024-01-01 00:00:00
P1842,8,90,2024-01-01 00:00:00
P1842,9,99,2024-01-01 00:00:00
P1842,10,56,2024-01-01 00:00:00
P1843,1,81,2024-01-01 00:00:00
P1843,2,84,2024-01-01 00:00:00
P1843,3,48,2024-01-01 00:00:00
P1843,4,96,2024-01-01 00:00:00
P1843,5,45,2024-01-01 00:00:00
P1843,6,52,2024-01-01 00:00:00
P1843,7,95,2024-01-01 00:00:00
P1843,8,65,2024-01-01 00:00:00
P1843,9,101,2024-01-01 00:00:00
P1843,10,67,2024-01-01 00:00:00
P1844,1,49,2024-01-01 00:00:00
P1844,2,81,2024-01-01 00:00:00
P1844,3,55,2024-01-01 00:00:00
P1844,4,101,2024-01-01 00:00:00
P1844,5,51,2024-01-01 00:00:00
P1844,6,91,2024-01-01 00:00:00
P1844,7,60,2024-01-01 00:00:00
P1844,8,71,2024-01-01 00:00:00
P1844,9,49,2024-01-01 00:00:00
P1844,10,52,2024-01-01 00:00:00
P1845,1,46,2024-01-01 00:00:00
P1845,2,51,2024-01-01 00:00:00
P1845,3,74,2024-01-01 00:00:00
P1845,4,88,2024-01-01 00:00:00
P1845,5,76,2024-01-01 00:00:00
P1845,6,82,2024-01-01 00:00:00
P1845,7,88,2024-01-01 00:00:00
P1845,8,62,2024-01-01 00:00:00
P1845,9,50,2024-01-01 00:00:00
P1845,10,84,2024-01-01 00:00:00
P1846,1,64,2024-01-01 00:00:00
P1846,2,54,2024-01-01 00:00:00
P1846,3,105,2024-01-01 00:00:00
P1846,4,80,2024-01-01 00:00:00
P1846,5,56,2024-01-01 00:00:00
P1846,6,67,2024-01-01 00:00:00
P1846,7,68,2024-01-01 00:00:00
P1846,8,54,2024-01-01 00:00:00
P1846,9,63,2024-01-01 00:00:00
P1846,10,95,2024-01-01 00:00:00
P1847,1,84,2024-01-01 00:00:00
P1847,2,96,2024-01-01 00:00:00
P1847,3,103,2024-01-01 00:00:00
P1847,4,96,2024-01-01 00:00:00
P1847,5,76,2024-01-01 00:00:00
P1847,6,90,2024-01-01 00:00:00
P1847,7,93,2024-01-01 00:00:00
P1847,8,73,2024-01-01 00:00:00
P1847,9,88,2024-01-01 00:00:00
P1847,10,96,2024-01-01 00:00:00
P1848,1,93,2024-01-01 00:00:00
P1848,2,84,2024-01-01 00:00:00
P1848,3,55,2024-01-01 00:00:00
P1848,4,102,2024-01-01 00:00:00
P1848,5,59,2024-01-01 00:00:00
P1848,6,90,2024-01-01 00:00:00
P1848,7,59,2024-01-01 00:00:00
P1848,8,92,2024-01-01 00:00:00
P1848,9,71,2024-01-01 00:00:00
P1848,10,105,2024-01-01 00:00:00
P1849,1,144,2024-01-01 00:00:00
P1849,2,71,2024-01-01 00:00:00
P1849,3,153,2024-01-01 00:00:00
P1849,4,143,2024-01-01 00:00:00
P1849,5,76,2024-01-01 00:00:00
P1849,6,76,2024-01-01 00:00:00
P1849,7,147,2024-01-01 00:00:00
P1849,8,95,2024-01-01 00:00:00
P1849,9,152,2024-01-01 00:00:00
P1849,10,131,2024-01-01 00:00:00
P1850,1,125,2024-01-01 00:00:00
P1850,2,91,2024-01-01 00:00:00
P1850,3,92,2024-01-01 00:00:00
P1850,4,94,2024-01-01 00:00:00
P1850,5,142,2024-01-01 00:00:00
P1850,6,153,2024-01-01 00:00:00
P1850,7,159,2024-01-01 00:00:00
P1850,8,118,2024-01-01 00:00:00
P1850,9,166,2024-01-01 00:00:00
P1850,10,160,2024-01-01 00:00:00
P1851,1,90,2024-01-01 00:00:00
P1851,2,107,2024-01-01 00:00:00
P1851,3,106,2024-01-01 00:00:00
P1851,4,87,2024-01-01 00:00:00
P1851,5,107,2024-01-01 00:00:00
P1851,6,102,2024-01-01 00:00:00
P1851,7,81,2024-01-01 00:00:00
P1851,8,74,2024-01-01 00:00:00
P1851,9,117,2024-01-01 00:00:00
P1851,10,81,2024-01-01 00:00:00
P1852,1,100,2024-01-01 00:00:00
P1852,2,107,2024-01-01 00:00:00
P1852,3,72,2024-01-01 00:00:00
P1852,4,64,2024-01-01 00:00:00
P1852,5,71,2024-01-01 00:00:00
P1852,6,99,2024-01-01 00:00:00
P1852,7,80,2024-01-01 00:00:00
P1852,8,103,2024-01-01 00:00:00
P1852,9,60,2024-01-01 00:00:00
P1852,10,70,2024-01-01 00:00:00
P1853,1,49,2024-01-01 00:00:00
P1853,2,46,2024-01-01 00:00:00
P1853,3,70,2024-01-01 00:00:00
P1853,4,51,2024-01-01 00:00:00
P1853,5,87,2024-01-01 00:00:00
P1853,6,62,2024-01-01 00:00:00
P1853,7,66,2024-01-01 00:00:00
P1853,8,94,2024-01-01 00:00:00
P1853,9,55,2024-01-01 00:00:00
P1853,10,73,2024-01-01 00:00:00
P1854,1,64,2024-01-01 00:00:00
P1854,2,61,2024-01-01 00:00:00
P1854,3,58,2024-01-01 00:00:00
P1854,4,48,2024-01-01 00:00:00
P1854,5,66,2024-01-01 00:00:00
P1854,6,50,2024-01-01 00:00:00
P1854,7,54,2024-01-01 00:00:00
P1854,8,65,2024-01-01 00:00:00
P1854,9,55,2024-01-01 00:00:00
P1854,10,61,2024-01-01 00:00:00
P1855,1,67,2024-01-01 00:00:00
P1855,2,83,2024-01-01 00:00:00
P1855,3,87,2024-01-01 00:00:00
P1855,4,89,2024-01-01 00:00:00
P1855,5,105,2024-01-01 00:00:00
P1855,6,112,2024-01-01 00:00:00
P1855,7,110,2024-01-01 00:00:00
P1855,8,58,2024-01-01 00:00:00
P1855,9,106,2024-01-01 00:00:00
P1855,10,52,2024-01-01 00:00:00
P1856,1,43,2024-01-01 00:00:00
P1856,2,57,2024-01-01 00:00:00
P1856,3,63,2024-01-01 00:00:00
P1856,4,52,2024-01-01 00:00:00
P1856,5,68,2024-01-01 00:00:00
P1856,6,34,2024-01-01 00:00:00
P1856,7,43,2024-01-01 00:00:00
P1856,8,67,2024-01-01 00:00:00
P1856,9,66,2024-01-01 00:00:00
P1856,10,32,2024-01-01 00:00:00
P1857,1,61,2024-01-01 00:00:00
P1857,2,111,2024-01-01 00:00:00
P1857,3,86,2024-01-01 00:00:00
P1857,4,64,2024-01-01 00:00:00
P1857,5,102,2024-01-01 00:00:00
P1857,6,117,2024-01-01 00:00:00
P1857,7,82,2024-01-01 00:00:00
P1857,8,105,2024-01-01 00:00:00
P1857,9,127,2024-01-01 00:00:00
P1857,10,69,2024-01-01 00:00:00
P1858,1,69,2024-01-01 00:00:00
P1858,2,34,2024-01-01 00:00:00
P1858,3,43,2024-01-01 00:00:00
P1858,4,64,2024-01-01 00:00:00
P1858,5,69,2024-01-01 00:00:00
P1858,6,54,2024-01-01 00:00:00
P1858,7,76,2024-01-01 00:00:00
P1858,8,53,2024-01-01 00:00:00
P1858,9,48,2024-01-01 00:00:00
P1858,10,40,2024-01-01 00:00:00
P1859,1,98,2024-01-01 00:00:00
P1859,2,107,2024-01-01 00:00:00
P1859,3,96,2024-01-01 00:00:00
P1859,4,127,2024-01-01 00:00:00
P1859,5,100,2024-01-01 00:00:00
P1859,6,126,2024-01-01 00:00:00
P1859,7,116,2024-01-01 00:00:00
P1859,8,100,2024-01-01 00:00:00
P1859,9,104,2024-01-01 00:00:00
P1859,10,55,2024-01-01 00:00:00
P1860,1,107,2024-01-01 00:00:00
P1860,2,124,2024-01-01 00:00:00
P1860,3,85,2024-01-01 00:00:00
P1860,4,69,2024-01-01 00:00:00
P1860,5,126,2024-01-01 00:00:00
P1860,6,78,2024-01-01 00:00:00
P1860,7,108,2024-01-01 00:00:00
P1860,8,116,2024-01-01 00:00:00
P1860,9,103,2024-01-01 00:00:00
P1860,10,109,2024-01-01 00:00:00
P1861,1,52,2024-01-01 00:00:00
P1861,2,72,2024-01-01 00:00:00
P1861,3,80,2024-01-01 00:00:00
P1861,4,80,2024-01-01 00:00:00
P1861,5,51,2024-01-01 00:00:00
P1861,6,97,2024-01-01 00:00:00
P1861,7,49,2024-01-01 00:00:00
P1861,8,91,2024-01-01 00:00:00
P1861,9,95,2024-01-01 00:00:00
P1861,10,74,2024-01-01 00:00:00
P1862,1,56,2024-01-01 00:00:00
P1862,2,59,2024-01-01 00:00:00
P1862,3,81,2024-01-01 00:00:00
P1862,4,90,2024-01-01 00:00:00
P1862,5,84,2024-01-01 00:00:00
P1862,6,83,2024-01-01 00:00:00
P1862,7,82,2024-01-01 00:00:00
P1862,8,55,2024-01-01 00:00:00
P1862,9,105,2024-01-01 00:00:00
P1862,10,49,2024-01-01 00:00:00
P1863,1,72,2024-01-01 00:00:00
P1863,2,97,2024-01-01 00:00:00
P1863,3,51,2024-01-01 00:00:00
P1863,4,47,2024-01-01 00:00:00
P1863,5,83,2024-01-01 00:00:00
P1863,6,86,2024-01-01 00:00:00
P1863,7,89,2024-01-01 00:00:00
P1863,8,75,2024-01-01 00:00:00
P1863,9,46,2024-01-01 00:00:00
P1863,10,102,2024-01-01 00:00:00
P1864,1,85,2024-01-01 00:00:00
P1864,2,94,2024-01-01 00:00:00
P1864,3,88,2024-01-01 00:00:00
P1864,4,56,2024-01-01 00:00:00
P1864,5,94,2024-01-01 00:00:00
P1864,6,73,2024-01-01 00:00:00
P1864,7,101,2024-01-01 00:00:00
P1864,8,61,2024-01-01 00:00:00
P1864,9,99,2024-01-01 00:00:00
P1864,10,98,2024-01-01 00:00:00
P1865,1,86,2024-01-01 00:00:00
P1865,2,58,2024-01-01 00:00:00
P1865,3,90,2024-01-01 00:00:00
P1865,4,96,2024-01-01 00:00:00
P1865,5,66,2024-01-01 00:00:00
P1865,6,75,2024-01-01 00:00:00
P1865,7,64,2024-01-01 00:00:00
P1865,8,101,2024-01-01 00:00:00
P1865,9,100,2024-01-01 00:00:00
P1865,10,100,2024-01-01 00:00:00
P1866,1,104,2024-01-01 00:00:00
P1866,2,53,2024-01-01 00:00:00
P1866,3,73,2024-01-01 00:00:00
P1866,4,100,2024-01-01 00:00:00
P1866,5,108,2024-01-01 00:00:00
P1866,6,56,2024-01-01 00:00:00
P1866,7,76,2024-01-01 00:00:00
P1866,8,87,2024-01-01 00:00:00
P1866,9,49,2024-01-01 00:00:00
P1866,10,106,2024-01-01 00:00:00
P1867,1,94,2024-01-01 00:00:00
P1867,2,68,2024-01-01 00:00:00
P1867,3,136,2024-01-01 00:00:00
P1867,4,83,2024-01-01 00:00:00
P1867,5,146,2024-01-01 00:00:00
P1867,6,106,2024-01-01 00:00:00
P1867,7,115,2024-01-01 00:00:00
P1867,8,86,2024-01-01 00:00:00
P1867,9,109,2024-01-01 00:00:00
P1867,10,117,2024-01-01 00:00:00
P1868,1,70,2024-01-01 00:00:00
P1868,2,107,2024-01-01 00:00:00
P1868,3,78,2024-01-01 00:00:00
P1868,4,104,2024-01-01 00:00:00
P1868,5,73,2024-01-01 00:00:00
P1868,6,76,2024-01-01 00:00:00
P1868,7,86,2024-01-01 00:00:00
P1868,8,50,2024-01-01 00:00:00
P1868,9,77,2024-01-01 00:00:00
P1868,10,88,2024-01-01 00:00:00
P1869,1,133,2024-01-01 00:00:00
P1869,2,139,2024-01-01 00:00:00
P1869,3,81,2024-01-01 00:00:00
P1869,4,141,2024-01-01 00:00:00
P1869,5,78,2024-01-01 00:00:00
P1869,6,68,2024-01-01 00:00:00
P1869,7,128,2024-01-01 00:00:00
P1869,8,67,2024-01-01 00:00:00
P1869,9,128,2024-01-01 00:00:00
P1869,10,142,2024-01-01 00:00:00
P1870,1,86,2024-01-01 00:00:00
P1870,2,81,2024-01-01 00:00:00
P1870,3,61,2024-01-01 00:00:00
P1870,4,73,2024-01-01 00:00:00
P1870,5,47,2024-01-01 00:00:00
P1870,6,55,2024-01-01 00:00:00
P1870,7,41,2024-01-01 00:00:00
P1870,8,85,2024-01-01 00:00:00
P1870,9,48,2024-01-01 00:00:00
P1870,10,48,2024-01-01 00:00:00
P1871,1,68,2024-01-01 00:00:00
P1871,2,94,2024-01-01 00:00:00
P1871,3,120,2024-01-01 00:00:00
P1871,4,74,2024-01-01 00:00:00
P1871,5,77,2024-01-01 00:00:00
P1871,6,71,2024-01-01 00:00:00
P1871,7,119,2024-01-01 00:00:00
P1871,8,97,2024-01-01 00:00:00
P1871,9,74,2024-01-01 00:00:00
P1871,10,71,2024-01-01 00:00:00
P1872,1,136,2024-01-01 00:00:00
P1872,2,132,2024-01-01 00:00:00
P1872,3,186,2024-01-01 00:00:00
P1872,4,167,2024-01-01 00:00:00
P1872,5,140,2024-01-01 00:00:00
P1872,6,132,2024-01-01 00:00:00
P1872,7,115,2024-01-01 00:00:00
P1872,8,139,2024-01-01 00:00:00
P1872,9,111,2024-01-01 00:00:00
P1872,10,104,2024-01-01 00:00:00
P1873,1,103,2024-01-01 00:00:00
P1873,2,77,2024-01-01 00:00:00
P1873,3,138,2024-01-01 00:00:00
P1873,4,137,2024-01-01 00:00:00
P1873,5,69,2024-01-01 00:00:00
P1873,6,111,2024-01-01 00:00:00
P1873,7,117,2024-01-01 00:00:00
P1873,8,104,2024-01-01 00:00:00
P1873,9,68,2024-01-01 00:00:00
P1873,10,118,2024-01-01 00:00:00
P1874,1,91,2024-01-01 00:00:00
P1874,2,58,2024-01-01 00:00:00
P1874,3,107,2024-01-01 00:00:00
P1874,4,78,2024-01-01 00:00:00
P1874,5,97,2024-01-01 00:00:00
P1874,6,75,2024-01-01 00:00:00
P1874,7,69,2024-01-01 00:00:00
P1874,8,85,2024-01-01 00:00:00
P1874,9,92,2024-01-01 00:00:00
P1874,10,110,2024-01-01 00:00:00
P1875,1,77,2024-01-01 00:00:00
P1875,2,103,2024-01-01 00:00:00
P1875,3,109,2024-01-01 00:00:00
P1875,4,96,2024-01-01 00:00:00
P1875,5,71,2024-01-01 00:00:00
P1875,6,116,2024-01-01 00:00:00
P1875,7,128,2024-01-01 00:00:00
P1875,8,70,2024-01-01 00:00:00
P1875,9,93,2024-01-01 00:00:00
P1875,10,85,2024-01-01 00:00:00
P1876,1,86,2024-01-01 00:00:00
P1876,2,132,2024-01-01 00:00:00
P1876,3,91,2024-01-01 00:00:00
P1876,4,106,2024-01-01 00:00:00
P1876,5,130,2024-01-01 00:00:00
P1876,6,81,2024-01-01 00:00:00
P1876,7,147,2024-01-01 00:00:00
P1876,8,162,2024-01-01 00:00:00
P1876,9,85,2024-01-01 00:00:00
P1876,10,72,2024-01-01 00:00:00
P1877,1,111,2024-01-01 00:00:00
P1877,2,76,2024-01-01 00:00:00
P1877,3,103,2024-01-01 00:00:00
P1877,4,121,2024-01-01 00:00:00
P1877,5,106,2024-01-01 00:00:00
P1877,6,147,2024-01-01 00:00:00
P1877,7,78,2024-01-01 00:00:00
P1877,8,81,2024-01-01 00:00:00
P1877,9,163,2024-01-01 00:00:00
P1877,10,118,2024-01-01 00:00:00
P1878,1,137,2024-01-01 00:00:00
P1878,2,70,2024-01-01 00:00:00
P1878,3,145,2024-01-01 00:00:00
P1878,4,72,2024-01-01 00:00:00
P1878,5,84,2024-01-01 00:00:00
P1878,6,98,2024-01-01 00:00:00
P1878,7,112,2024-01-01 00:00:00
P1878,8,109,2024-01-01 00:00:00
P1878,9,127,2024-01-01 00:00:00
P1878,10,150,2024-01-01 00:00:00
P1879,1,120,2024-01-01 00:00:00
P1879,2,117,2024-01-01 00:00:00
P1879,3,115,2024-01-01 00:00:00
P1879,4,89,2024-01-01 00:00:00
P1879,5,89,2024-01-01 00:00:00
P1879,6,121,2024-01-01 00:00:00
P1879,7,110,2024-01-01 00:00:00
P1879,8,90,2024-01-01 00:00:00
P1879,9,70,2024-01-01 00:00:00
P1879,10,86,2024-01-01 00:00:00
P1880,1,50,2024-01-01 00:00:00
P1880,2,80,2024-01-01 00:00:00
P1880,3,68,2024-01-01 00:00:00
P1880,4,95,2024-01-01 00:00:00
P1880,5,49,2024-01-01 00:00:00
P1880,6,80,2024-01-01 00:00:00
P1880,7,96,2024-01-01 00:00:00
P1880,8,51,2024-01-01 00:00:00
P1880,9,59,2024-01-01 00:00:00
P1880,10,61,2024-01-01 00:00:00
P1881,1,92,2024-01-01 00:00:00
P1881,2,95,2024-01-01 00:00:00
P1881,3,56,2024-01-01 00:00:00
P1881,4,81,2024-01-01 00:00:00
P1881,5,74,2024-01-01 00:00:00
P1881,6,69,2024-01-01 00:00:00
P1881,7,72,2024-01-01 00:00:00
P1881,8,78,2024-01-01 00:00:00
P1881,9,89,2024-01-01 00:00:00
P1881,10,105,2024-01-01 00:00:00
P1882,1,89,2024-01-01 00:00:00
P1882,2,94,2024-01-01 00:00:00
P1882,3,48,2024-01-01 00:00:00
P1882,4,71,2024-01-01 00:00:00
P1882,5,97,2024-01-01 00:00:00
P1882,6,76,2024-01-01 00:00:00
P1882,7,67,2024-01-01 00:00:00
P1882,8,80,2024-01-01 00:00:00
P1882,9,94,2024-01-01 00:00:00
P1882,10,67,2024-01-01 00:00:00
P1883,1,76,2024-01-01 00:00:00
P1883,2,78,2024-01-01 00:00:00
P1883,3,101,2024-01-01 00:00:00
P1883,4,72,2024-01-01 00:00:00
P1883,5,105,2024-01-01 00:00:00
P1883,6,53,2024-01-01 00:00:00
P1883,7,81,2024-01-01 00:00:00
P1883,8,95,2024-01-01 00:00:00
P1883,9,67,2024-01-01 00:00:00
P1883,10,79,2024-01-01 00:00:00
P1884,1,85,2024-01-01 00:00:00
P1884,2,89,2024-01-01 00:00:00
P1884,3,104,2024-01-01 00:00:00
P1884,4,82,2024-01-01 00:00:00
P1884,5,62,2024-01-01 00:00:00
P1884,6,67,2024-01-01 00:00:00
P1884,7,61,2024-01-01 00:00:00
P1884,8,94,2024-01-01 00:00:00
P1884,9,94,2024-01-01 00:00:00
P1884,10,56,2024-01-01 00:00:00
P1885,1,91,2024-01-01 00:00:00
P1885,2,55,2024-01-01 00:00:00
P1885,3,77,2024-01-01 00:00:00
P1885,4,69,2024-01-01 00:00:00
P1885,5,56,2024-01-01 00:00:00
P1885,6,46,2024-01-01 00:00:00
P1885,7,98,2024-01-01 00:00:00
P1885,8,96,2024-01-01 00:00:00
P1885,9,45,2024-01-01 00:00:00
P1885,10,83,2024-01-01 00:00:00
P1886,1,68,2024-01-01 00:00:00
P1886,2,62,2024-01-01 00:00:00
P1886,3,98,2024-01-01 00:00:00
P1886,4,71,2024-01-01 00:00:00
P1886,5,102,2024-01-01 00:00:00
P1886,6,61,2024-01-01 00:00:00
P1886,7,85,2024-01-01 00:00:00
P1886,8,100,2024-01-01 00:00:00
P1886,9,57,2024-01-01 00:00:00
P1886,10,67,2024-01-01 00:00:00
P1887,1,74,2024-01-01 00:00:00
P1887,2,76,2024-01-01 00:00:00
P1887,3,58,2024-01-01 00:00:00
P1887,4,87,2024-01-01 00:00:00
P1887,5,52,2024-01-01 00:00:00
P1887,6,74,2024-01-01 00:00:00
P1887,7,66,2024-01-01 00:00:00
P1887,8,97,2024-01-01 00:00:00
P1887,9,98,2024-01-01 00:00:00
P1887,10,76,2024-01-01 00:00:00
P1888,1,49,2024-01-01 00:00:00
P1888,2,45,2024-01-01 00:00:00
P1888,3,66,2024-01-01 00:00:00
P1888,4,46,2024-01-01 00:00:00
P1888,5,104,2024-01-01 00:00:00
P1888,6,47,2024-01-01 00:00:00
P1888,7,91,2024-01-01 00:00:00
P1888,8,75,2024-01-01 00:00:00
P1888,9,92,2024-01-01 00:00:00
P1888,10,74,2024-01-01 00:00:00
P1889,1,91,2024-01-01 00:00:00
P1889,2,52,2024-01-01 00:00:00
P1889,3,94,2024-01-01 00:00:00
P1889,4,74,2024-01-01 00:00:00
P1889,5,59,2024-01-01 00:00:00
P1889,6,48,2024-01-01 00:00:00
P1889,7,73,2024-01-01 00:00:00
P1889,8,87,2024-01-01 00:00:00
P1889,9,79,2024-01-01 00:00:00
P1889,10,51,2024-01-01 00:00:00
P1890,1,57,2024-01-01 00:00:00
P1890,2,89,2024-01-01 00:00:00
P1890,3,47,2024-01-01 00:00:00
P1890,4,51,2024-01-01 00:00:00
P1890,5,101,2024-01-01 00:00:00
P1890,6,101,2024-01-01 00:00:00
P1890,7,98,2024-01-01 00:00:00
P1890,8,48,2024-01-01 00:00:00
P1890,9,59,2024-01-01 00:00:00
P1890,10,67,2024-01-01 00:00:00
P1891,1,60,2024-01-01 00:00:00
P1891,2,102,2024-01-01 00:00:00
P1891,3,65,2024-01-01 00:00:00
P1891,4,90,2024-01-01 00:00:00
P1891,5,104,2024-01-01 00:00:00
P1891,6,64,2024-01-01 00:00:00
P1891,7,46,2024-01-01 00:00:00
P1891,8,93,2024-01-01 00:00:00
P1891,9,95,2024-01-01 00:00:00
P1891,10,60,2024-01-01 00:00:00
P1892,1,86,2024-01-01 00:00:00
P1892,2,73,2024-01-01 00:00:00
P1892,3,70,2024-01-01 00:00:00
P1892,4,99,2024-01-01 00:00:00
P1892,5,76,2024-01-01 00:00:00
P1892,6,93,2024-01-01 00:00:00
P1892,7,88,2024-01-01 00:00:00
P1892,8,79,2024-01-01 00:00:00
P1892,9,105,2024-01-01 00:00:00
P1892,10,70,2024-01-01 00:00:00
P1893,1,66,2024-01-01 00:00:00
P1893,2,51,2024-01-01 00:00:00
P1893,3,80,2024-01-01 00:00:00
P1893,4,87,2024-01-01 00:00:00
P1893,5,47,2024-01-01 00:00:00
P1893,6,69,2024-01-01 00:00:00
P1893,7,89,2024-01-01 00:00:00
P1893,8,81,2024-01-01 00:00:00
P1893,9,48,2024-01-01 00:00:00
P1893,10,66,2024-01-01 00:00:00
P1894,1,83,2024-01-01 00:00:00
P1894,2,83,2024-01-01 00:00:00
P1894,3,101,2024-01-01 00:00:00
P1894,4,57,2024-01-01 00:00:00
P1894,5,94,2024-01-01 00:00:00
P1894,6,83,2024-01-01 00:00:00
P1894,7,80,2024-01-01 00:00:00
P1894,8,51,2024-01-01 00:00:00
P1894,9,67,2024-01-01 00:00:00
P1894,10,51,2024-01-01 00:00:00
P1895,1,69,2024-01-01 00:00:00
P1895,2,95,2024-01-01 00:00:00
P1895,3,51,2024-01-01 00:00:00
P1895,4,77,2024-01-01 00:00:00
P1895,5,75,2024-01-01 00:00:00
P1895,6,47,2024-01-01 00:00:00
P1895,7,90,2024-01-01 00:00:00
P1895,8,52,2024-01-01 00:00:00
P1895,9,62,2024-01-01 00:00:00
P1895,10,101,2024-01-01 00:00:00
P1896,1,61,2024-01-01 00:00:00
P1896,2,82,2024-01-01 00:00:00
P1896,3,100,2024-01-01 00:00:00
P1896,4,54,2024-01-01 00:00:00
P1896,5,96,2024-01-01 00:00:00
P1896,6,59,2024-01-01 00:00:00
P1896,7,47,2024-01-01 00:00:00
P1896,8,93,2024-01-01 00:00:00
P1896,9,100,2024-01-01 00:00:00
P1896,10,84,2024-01-01 00:00:00
P1897,1,94,2024-01-01 00:00:00
P1897,2,55,2024-01-01 00:00:00
P1897,3,85,2024-01-01 00:00:00
P1897,4,101,2024-01-01 00:00:00
P1897,5,62,2024-01-01 00:00:00
P1897,6,104,2024-01-01 00:00:00
P1897,7,87,2024-01-01 00:00:00
P1897,8,54,2024-01-01 00:00:00
P1897,9,51,2024-01-01 00:00:00
P1897,10,81,2024-01-01 00:00:00
P1898,1,80,2024-01-01 00:00:00
P1898,2,86,2024-01-01 00:00:00
P1898,3,100,2024-01-01 00:00:00
P1898,4,56,2024-01-01 00:00:00
P1898,5,49,2024-01-01 00:00:00
P1898,6,91,2024-01-01 00:00:00
P1898,7,70,2024-01-01 00:00:00
P1898,8,75,2024-01-01 00:00:00
P1898,9,51,2024-01-01 00:00:00
P1898,10,84,2024-01-01 00:00:00
P1899,1,64,2024-01-01 00:00:00
P1899,2,91,2024-01-01 00:00:00
P1899,3,72,2024-01-01 00:00:00
P1899,4,57,2024-01-01 00:00:00
P1899,5,62,2024-01-01 00:00:00
P1899,6,97,2024-01-01 00:00:00
P1899,7,51,2024-01-01 00:00:00
P1899,8,53,2024-01-01 00:00:00
P1899,9,56,2024-01-01 00:00:00
P1899,10,58,2024-01-01 00:00:00
P1900,1,99,2024-01-01 00:00:00
P1900,2,81,2024-01-01 00:00:00
P1900,3,91,2024-01-01 00:00:00
P1900,4,118,2024-01-01 00:00:00
P1900,5,129,2024-01-01 00:00:00
P1900,6,98,2024-01-01 00:00:00
P1900,7,113,2024-01-01 00:00:00
P1900,8,124,2024-01-01 00:00:00
P1900,9,121,2024-01-01 00:00:00
P1900,10,76,2024-01-01 00:00:00
P1901,1,88,2024-01-01 00:00:00
P1901,2,72,2024-01-01 00:00:00
P1901,3,115,2024-01-01 00:00:00
P1901,4,127,2024-01-01 00:00:00
P1901,5,67,2024-01-01 00:00:00
P1901,6,84,2024-01-01 00:00:00
P1901,7,148,2024-01-01 00:00:00
P1901,8,128,2024-01-01 00:00:00
P1901,9,96,2024-01-01 00:00:00
P1901,10,113,2024-01-01 00:00:00
P1902,1,56,2024-01-01 00:00:00
P1902,2,59,2024-01-01 00:00:00
P1902,3,57,2024-01-01 00:00:00
P1902,4,85,2024-01-01 00:00:00
P1902,5,52,2024-01-01 00:00:00
P1902,6,50,2024-01-01 00:00:00
P1902,7,62,2024-01-01 00:00:00
P1902,8,86,2024-01-01 00:00:00
P1902,9,55,2024-01-01 00:00:00
P1902,10,73,2024-01-01 00:00:00
P1903,1,58,2024-01-01 00:00:00
P1903,2,68,2024-01-01 00:00:00
P1903,3,46,2024-01-01 00:00:00
P1903,4,66,2024-01-01 00:00:00
P1903,5,77,2024-01-01 00:00:00
P1903,6,75,2024-01-01 00:00:00
P1903,7,93,2024-01-01 00:00:00
P1903,8,100,2024-01-01 00:00:00
P1903,9,84,2024-01-01 00:00:00
P1903,10,52,2024-01-01 00:00:00
P1904,1,60,2024-01-01 00:00:00
P1904,2,91,2024-01-01 00:00:00
P1904,3,59,2024-01-01 00:00:00
P1904,4,46,2024-01-01 00:00:00
P1904,5,95,2024-01-01 00:00:00
P1904,6,80,2024-01-01 00:00:00
P1904,7,54,2024-01-01 00:00:00
P1904,8,64,2024-01-01 00:00:00
P1904,9,88,2024-01-01 00:00:00
P1904,10,77,2024-01-01 00:00:00
P1905,1,52,2024-01-01 00:00:00
P1905,2,73,2024-01-01 00:00:00
P1905,3,89,2024-01-01 00:00:00
P1905,4,89,2024-01-01 00:00:00
P1905,5,97,2024-01-01 00:00:00
P1905,6,80,2024-01-01 00:00:00
P1905,7,104,2024-01-01 00:00:00
P1905,8,71,2024-01-01 00:00:00
P1905,9,73,2024-01-01 00:00:00
P1905,10,85,2024-01-01 00:00:00
P1906,1,68,2024-01-01 00:00:00
P1906,2,63,2024-01-01 00:00:00
P1906,3,71,2024-01-01 00:00:00
P1906,4,59,2024-01-01 00:00:00
P1906,5,79,2024-01-01 00:00:00
P1906,6,79,2024-01-01 00:00:00
P1906,7,69,2024-01-01 00:00:00
P1906,8,63,2024-01-01 00:00:00
P1906,9,102,2024-01-01 00:00:00
P1906,10,103,2024-01-01 00:00:00
P1907,1,50,2024-01-01 00:00:00
P1907,2,61,2024-01-01 00:00:00
P1907,3,62,2024-01-01 00:00:00
P1907,4,85,2024-01-01 00:00:00
P1907,5,81,2024-01-01 00:00:00
P1907,6,64,2024-01-01 00:00:00
P1907,7,97,2024-01-01 00:00:00
P1907,8,83,2024-01-01 00:00:00
P1907,9,54,2024-01-01 00:00:00
P1907,10,50,2024-01-01 00:00:00
P1908,1,112,2024-01-01 00:00:00
P1908,2,83,2024-01-01 00:00:00
P1908,3,81,2024-01-01 00:00:00
P1908,4,54,2024-01-01 00:00:00
P1908,5,117,2024-01-01 00:00:00
P1908,6,107,2024-01-01 00:00:00
P1908,7,113,2024-01-01 00:00:00
P1908,8,84,2024-01-01 00:00:00
P1908,9,61,2024-01-01 00:00:00
P1908,10,119,2024-01-01 00:00:00
P1909,1,102,2024-01-01 00:00:00
P1909,2,67,2024-01-01 00:00:00
P1909,3,93,2024-01-01 00:00:00
P1909,4,96,2024-01-01 00:00:00
P1909,5,87,2024-01-01 00:00:00
P1909,6,98,2024-01-01 00:00:00
P1909,7,88,2024-01-01 00:00:00
P1909,8,66,2024-01-01 00:00:00
P1909,9,91,2024-01-01 00:00:00
P1909,10,63,2024-01-01 00:00:00
P1910,1,82,2024-01-01 00:00:00
P1910,2,126,2024-01-01 00:00:00
P1910,3,97,2024-01-01 00:00:00
P1910,4,84,2024-01-01 00:00:00
P1910,5,90,2024-01-01 00:00:00
P1910,6,164,2024-01-01 00:00:00
P1910,7,146,2024-01-01 00:00:00
P1910,8,161,2024-01-01 00:00:00
P1910,9,79,2024-01-01 00:00:00
P1910,10,102,2024-01-01 00:00:00
P1911,1,57,2024-01-01 00:00:00
P1911,2,104,2024-01-01 00:00:00
P1911,3,48,2024-01-01 00:00:00
P1911,4,100,2024-01-01 00:00:00
P1911,5,68,2024-01-01 00:00:00
P1911,6,58,2024-01-01 00:00:00
P1911,7,49,2024-01-01 00:00:00
P1911,8,48,2024-01-01 00:00:00
P1911,9,60,2024-01-01 00:00:00
P1911,10,95,2024-01-01 00:00:00
P1912,1,81,2024-01-01 00:00:00
P1912,2,80,2024-01-01 00:00:00
P1912,3,70,2024-01-01 00:00:00
P1912,4,109,2024-01-01 00:00:00
P1912,5,114,2024-01-01 00:00:00
P1912,6,79,2024-01-01 00:00:00
P1912,7,86,2024-01-01 00:00:00
P1912,8,109,2024-01-01 00:00:00
P1912,9,96,2024-01-01 00:00:00
P1912,10,62,2024-01-01 00:00:00
P1913,1,53,2024-01-01 00:00:00
P1913,2,65,2024-01-01 00:00:00
P1913,3,75,2024-01-01 00:00:00
P1913,4,80,2024-01-01 00:00:00
P1913,5,87,2024-01-01 00:00:00
P1913,6,72,2024-01-01 00:00:00
P1913,7,80,2024-01-01 00:00:00
P1913,8,74,2024-01-01 00:00:00
P1913,9,48,2024-01-01 00:00:00
P1913,10,100,2024-01-01 00:00:00
P1914,1,92,2024-01-01 00:00:00
P1914,2,116,2024-01-01 00:00:00
P1914,3,59,2024-01-01 00:00:00
P1914,4,76,2024-01-01 00:00:00
P1914,5,80,2024-01-01 00:00:00
P1914,6,106,2024-01-01 00:00:00
P1914,7,103,2024-01-01 00:00:00
P1914,8,62,2024-01-01 00:00:00
P1914,9,120,2024-01-01 00:00:00
P1914,10,85,2024-01-01 00:00:00
P1915,1,69,2024-01-01 00:00:00
P1915,2,46,2024-01-01 00:00:00
P1915,3,87,2024-01-01 00:00:00
P1915,4,98,2024-01-01 00:00:00
P1915,5,54,2024-01-01 00:00:00
P1915,6,74,2024-01-01 00:00:00
P1915,7,45,2024-01-01 00:00:00
P1915,8,65,2024-01-01 00:00:00
P1915,9,93,2024-01-01 00:00:00
P1915,10,68,2024-01-01 00:00:00
P1916,1,119,2024-01-01 00:00:00
P1916,2,63,2024-01-01 00:00:00
P1916,3,124,2024-01-01 00:00:00
P1916,4,63,2024-01-01 00:00:00
P1916,5,84,2024-01-01 00:00:00
P1916,6,125,2024-01-01 00:00:00
P1916,7,100,2024-01-01 00:00:00
P1916,8,61,2024-01-01 00:00:00
P1916,9,114,2024-01-01 00:00:00
P1916,10,114,2024-01-01 00:00:00
P1917,1,94,2024-01-01 00:00:00
P1917,2,91,2024-01-01 00:00:00
P1917,3,98,2024-01-01 00:00:00
P1917,4,72,2024-01-01 00:00:00
P1917,5,100,2024-01-01 00:00:00
P1917,6,112,2024-01-01 00:00:00
P1917,7,116,2024-01-01 00:00:00
P1917,8,70,2024-01-01 00:00:00
P1917,9,103,2024-01-01 00:00:00
P1917,10,58,2024-01-01 00:00:00
P1918,1,50,2024-01-01 00:00:00
P1918,2,100,2024-01-01 00:00:00
P1918,3,60,2024-01-01 00:00:00
P1918,4,60,2024-01-01 00:00:00
P1918,5,102,2024-01-01 00:00:00
P1918,6,55,2024-01-01 00:00:00
P1918,7,67,2024-01-01 00:00:00
P1918,8,104,2024-01-01 00:00:00
P1918,9,84,2024-01-01 00:00:00
P1918,10,45,2024-01-01 00:00:00
P1919,1,105,2024-01-01 00:00:00
P1919,2,85,2024-01-01 00:00:00
P1919,3,98,2024-01-01 00:00:00
P1919,4,61,2024-01-01 00:00:00
P1919,5,54,2024-01-01 00:00:00
P1919,6,56,2024-01-01 00:00:00
P1919,7,101,2024-01-01 00:00:00
P1919,8,71,2024-01-01 00:00:00
P1919,9,77,2024-01-01 00:00:00
P1919,10,65,2024-01-01 00:00:00
P1920,1,51,2024-01-01 00:00:00
P1920,2,52,2024-01-01 00:00:00
P1920,3,104,2024-01-01 00:00:00
P1920,4,96,2024-01-01 00:00:00
P1920,5,70,2024-01-01 00:00:00
P1920,6,56,2024-01-01 00:00:00
P1920,7,105,2024-01-01 00:00:00
P1920,8,75,2024-01-01 00:00:00
P1920,9,80,2024-01-01 00:00:00
P1920,10,105,2024-01-01 00:00:00
P1921,1,63,2024-01-01 00:00:00
P1921,2,48,2024-01-01 00:00:00
P1921,3,36,2024-01-01 00:00:00
P1921,4,64,2024-01-01 00:00:00
P1921,5,32,2024-01-01 00:00:00
P1921,6,66,2024-01-01 00:00:00
P1921,7,46,2024-01-01 00:00:00
P1921,8,64,2024-01-01 00:00:00
P1921,9,63,2024-01-01 00:00:00
P1921,10,50,2024-01-01 00:00:00
P1922,1,80,2024-01-01 00:00:00
P1922,2,82,2024-01-01 00:00:00
P1922,3,80,2024-01-01 00:00:00
P1922,4,105,2024-01-01 00:00:00
P1922,5,95,2024-01-01 00:00:00
P1922,6,66,2024-01-01 00:00:00
P1922,7,74,2024-01-01 00:00:00
P1922,8,62,2024-01-01 00:00:00
P1922,9,88,2024-01-01 00:00:00
P1922,10,103,2024-01-01 00:00:00
P1923,1,102,2024-01-01 00:00:00
P1923,2,99,2024-01-01 00:00:00
P1923,3,102,2024-01-01 00:00:00
P1923,4,46,2024-01-01 00:00:00
P1923,5,105,2024-01-01 00:00:00
P1923,6,102,2024-01-01 00:00:00
P1923,7,96,2024-01-01 00:00:00
P1923,8,72,2024-01-01 00:00:00
P1923,9,100,2024-01-01 00:00:00
P1923,10,88,2024-01-01 00:00:00
P1924,1,60,2024-01-01 00:00:00
P1924,2,69,2024-01-01 00:00:00
P1924,3,115,2024-01-01 00:00:00
P1924,4,91,2024-01-01 00:00:00
P1924,5,69,2024-01-01 00:00:00
P1924,6,129,2024-01-01 00:00:00
P1924,7,70,2024-01-01 00:00:00
P1924,8,131,2024-01-01 00:00:00
P1924,9,138,2024-01-01 00:00:00
P1924,10,61,2024-01-01 00:00:00
P1925,1,98,2024-01-01 00:00:00
P1925,2,76,2024-01-01 00:00:00
P1925,3,93,2024-01-01 00:00:00
P1925,4,106,2024-01-01 00:00:00
P1925,5,80,2024-01-01 00:00:00
P1925,6,87,2024-01-01 00:00:00
P1925,7,141,2024-01-01 00:00:00
P1925,8,78,2024-01-01 00:00:00
P1925,9,90,2024-01-01 00:00:00
P1925,10,156,2024-01-01 00:00:00
P1926,1,53,2024-01-01 00:00:00
P1926,2,104,2024-01-01 00:00:00
P1926,3,52,2024-01-01 00:00:00
P1926,4,100,2024-01-01 00:00:00
P1926,5,74,2024-01-01 00:00:00
P1926,6,54,2024-01-01 00:00:00
P1926,7,101,2024-01-01 00:00:00
P1926,8,100,2024-01-01 00:00:00
P1926,9,69,2024-01-01 00:00:00
P1926,10,69,2024-01-01 00:00:00
P1927,1,86,2024-01-01 00:00:00
P1927,2,141,2024-01-01 00:00:00
P1927,3,111,2024-01-01 00:00:00
P1927,4,150,2024-01-01 00:00:00
P1927,5,125,2024-01-01 00:00:00
P1927,6,134,2024-01-01 00:00:00
P1927,7,105,2024-01-01 00:00:00
P1927,8,115,2024-01-01 00:00:00
P1927,9,86,2024-01-01 00:00:00
P1927,10,85,2024-01-01 00:00:00
P1928,1,53,2024-01-01 00:00:00
P1928,2,96,2024-01-01 00:00:00
P1928,3,66,2024-01-01 00:00:00
P1928,4,60,2024-01-01 00:00:00
P1928,5,99,2024-01-01 00:00:00
P1928,6,77,2024-01-01 00:00:00
P1928,7,101,2024-01-01 00:00:00
P1928,8,63,2024-01-01 00:00:00
P1928,9,103,2024-01-01 00:00:00
P1928,10,64,2024-01-01 00:00:00
P1929,1,77,2024-01-01 00:00:00
P1929,2,54,2024-01-01 00:00:00
P1929,3,62,2024-01-01 00:00:00
P1929,4,52,2024-01-01 00:00:00
P1929,5,74,2024-01-01 00:00:00
P1929,6,39,2024-01-01 00:00:00
P1929,7,50,2024-01-01 00:00:00
P1929,8,49,2024-01-01 00:00:00
P1929,9,73,2024-01-01 00:00:00
P1929,10,79,2024-01-01 00:00:00
P1930,1,61,2024-01-01 00:00:00
P1930,2,71,2024-01-01 00:00:00
P1930,3,56,2024-01-01 00:00:00
P1930,4,91,2024-01-01 00:00:00
P1930,5,89,2024-01-01 00:00:00
P1930,6,52,2024-01-01 00:00:00
P1930,7,73,2024-01-01 00:00:00
P1930,8,59,2024-01-01 00:00:00
P1930,9,79,2024-01-01 00:00:00
P1930,10,84,2024-01-01 00:00:00
P1931,1,65,2024-01-01 00:00:00
P1931,2,35,2024-01-01 00:00:00
P1931,3,46,2024-01-01 00:00:00
P1931,4,30,2024-01-01 00:00:00
P1931,5,31,2024-01-01 00:00:00
P1931,6,64,2024-01-01 00:00:00
P1931,7,37,2024-01-01 00:00:00
P1931,8,40,2024-01-01 00:00:00
P1931,9,39,2024-01-01 00:00:00
P1931,10,29,2024-01-01 00:00:00
P1932,1,46,2024-01-01 00:00:00
P1932,2,68,2024-01-01 00:00:00
P1932,3,85,2024-01-01 00:00:00
P1932,4,104,2024-01-01 00:00:00
P1932,5,56,2024-01-01 00:00:00
P1932,6,69,2024-01-01 00:00:00
P1932,7,58,2024-01-01 00:00:00
P1932,8,73,2024-01-01 00:00:00
P1932,9,46,2024-01-01 00:00:00
P1932,10,47,2024-01-01 00:00:00
P1933,1,88,2024-01-01 00:00:00
P1933,2,138,2024-01-01 00:00:00
P1933,3,100,2024-01-01 00:00:00
P1933,4,104,2024-01-01 00:00:00
P1933,5,124,2024-01-01 00:00:00
P1933,6,84,2024-01-01 00:00:00
P1933,7,144,2024-01-01 00:00:00
P1933,8,120,2024-01-01 00:00:00
P1933,9,162,2024-01-01 00:00:00
P1933,10,147,2024-01-01 00:00:00
P1934,1,56,2024-01-01 00:00:00
P1934,2,116,2024-01-01 00:00:00
P1934,3,74,2024-01-01 00:00:00
P1934,4,65,2024-01-01 00:00:00
P1934,5,62,2024-01-01 00:00:00
P1934,6,77,2024-01-01 00:00:00
P1934,7,113,2024-01-01 00:00:00
P1934,8,114,2024-01-01 00:00:00
P1934,9,100,2024-01-01 00:00:00
P1934,10,98,2024-01-01 00:00:00
P1935,1,68,2024-01-01 00:00:00
P1935,2,86,2024-01-01 00:00:00
P1935,3,92,2024-01-01 00:00:00
P1935,4,48,2024-01-01 00:00:00
P1935,5,84,2024-01-01 00:00:00
P1935,6,70,2024-01-01 00:00:00
P1935,7,90,2024-01-01 00:00:00
P1935,8,61,2024-01-01 00:00:00
P1935,9,77,2024-01-01 00:00:00
P1935,10,76,2024-01-01 00:00:00
P1936,1,66,2024-01-01 00:00:00
P1936,2,86,2024-01-01 00:00:00
P1936,3,127,2024-01-01 00:00:00
P1936,4,87,2024-01-01 00:00:00
P1936,5,122,2024-01-01 00:00:00
P1936,6,93,2024-01-01 00:00:00
P1936,7,87,2024-01-01 00:00:00
P1936,8,114,2024-01-01 00:00:00
P1936,9,66,2024-01-01 00:00:00
P1936,10,67,2024-01-01 00:00:00
P1937,1,103,2024-01-01 00:00:00
P1937,2,101,2024-01-01 00:00:00
P1937,3,47,2024-01-01 00:00:00
P1937,4,75,2024-01-01 00:00:00
P1937,5,56,2024-01-01 00:00:00
P1937,6,101,2024-01-01 00:00:00
P1937,7,87,2024-01-01 00:00:00
P1937,8,102,2024-01-01 00:00:00
P1937,9,90,2024-01-01 00:00:00
P1937,10,74,2024-01-01 00:00:00
P1938,1,83,2024-01-01 00:00:00
P1938,2,91,2024-01-01 00:00:00
P1938,3,45,2024-01-01 00:00:00
P1938,4,70,2024-01-01 00:00:00
P1938,5,58,2024-01-01 00:00:00
P1938,6,47,2024-01-01 00:00:00
P1938,7,66,2024-01-01 00:00:00
P1938,8,88,2024-01-01 00:00:00
P1938,9,45,2024-01-01 00:00:00
P1938,10,49,2024-01-01 00:00:00
P1939,1,62,2024-01-01 00:00:00
P1939,2,61,2024-01-01 00:00:00
P1939,3,77,2024-01-01 00:00:00
P1939,4,94,2024-01-01 00:00:00
P1939,5,64,2024-01-01 00:00:00
P1939,6,99,2024-01-01 00:00:00
P1939,7,46,2024-01-01 00:00:00
P1939,8,93,2024-01-01 00:00:00
P1939,9,70,2024-01-01 00:00:00
P1939,10,81,2024-01-01 00:00:00
P1940,1,46,2024-01-01 00:00:00
P1940,2,63,2024-01-01 00:00:00
P1940,3,47,2024-01-01 00:00:00
P1940,4,76,2024-01-01 00:00:00
P1940,5,76,2024-01-01 00:00:00
P1940,6,59,2024-01-01 00:00:00
P1940,7,72,2024-01-01 00:00:00
P1940,8,67,2024-01-01 00:00:00
P1940,9,74,2024-01-01 00:00:00
P1940,10,38,2024-01-01 00:00:00
P1941,1,66,2024-01-01 00:00:00
P1941,2,77,2024-01-01 00:00:00
P1941,3,74,2024-01-01 00:00:00
P1941,4,70,2024-01-01 00:00:00
P1941,5,64,2024-01-01 00:00:00
P1941,6,92,2024-01-01 00:00:00
P1941,7,82,2024-01-01 00:00:00
P1941,8,47,2024-01-01 00:00:00
P1941,9,78,2024-01-01 00:00:00
P1941,10,65,2024-01-01 00:00:00
P1942,1,105,2024-01-01 00:00:00
P1942,2,69,2024-01-01 00:00:00
P1942,3,85,2024-01-01 00:00:00
P1942,4,71,2024-01-01 00:00:00
P1942,5,49,2024-01-01 00:00:00
P1942,6,98,2024-01-01 00:00:00
P1942,7,103,2024-01-01 00:00:00
P1942,8,102,2024-01-01 00:00:00
P1942,9,80,2024-01-01 00:00:00
P1942,10,45,2024-01-01 00:00:00
P1943,1,113,2024-01-01 00:00:00
P1943,2,88,2024-01-01 00:00:00
P1943,3,99,2024-01-01 00:00:00
P1943,4,130,2024-01-01 00:00:00
P1943,5,123,2024-01-01 00:00:00
P1943,6,70,2024-01-01 00:00:00
P1943,7,113,2024-01-01 00:00:00
P1943,8,98,2024-01-01 00:00:00
P1943,9,130,2024-01-01 00:00:00
P1943,10,75,2024-01-01 00:00:00
P1944,1,109,2024-01-01 00:00:00
P1944,2,152,2024-01-01 00:00:00
P1944,3,160,2024-01-01 00:00:00
P1944,4,101,2024-01-01 00:00:00
P1944,5,90,2024-01-01 00:00:00
P1944,6,148,2024-01-01 00:00:00
P1944,7,114,2024-01-01 00:00:00
P1944,8,93,2024-01-01 00:00:00
P1944,9,111,2024-01-01 00:00:00
P1944,10,86,2024-01-01 00:00:00
P1945,1,83,2024-01-01 00:00:00
P1945,2,93,2024-01-01 00:00:00
P1945,3,116,2024-01-01 00:00:00
P1945,4,96,2024-01-01 00:00:00
P1945,5,118,2024-01-01 00:00:00
P1945,6,76,2024-01-01 00:00:00
P1945,7,76,2024-01-01 00:00:00
P1945,8,138,2024-01-01 00:00:00
P1945,9,91,2024-01-01 00:00:00
P1945,10,119,2024-01-01 00:00:00
P1946,1,107,2024-01-01 00:00:00
P1946,2,137,2024-01-01 00:00:00
P1946,3,95,2024-01-01 00:00:00
P1946,4,92,2024-01-01 00:00:00
P1946,5,85,2024-01-01 00:00:00
P1946,6,134,2024-01-01 00:00:00
P1946,7,64,2024-01-01 00:00:00
P1946,8,88,2024-01-01 00:00:00
P1946,9,89,2024-01-01 00:00:00
P1946,10,104,2024-01-01 00:00:00
P1947,1,105,2024-01-01 00:00:00
P1947,2,143,2024-01-01 00:00:00
P1947,3,76,2024-01-01 00:00:00
P1947,4,150,2024-01-01 00:00:00
P1947,5,146,2024-01-01 00:00:00
P1947,6,82,2024-01-01 00:00:00
P1947,7,90,2024-01-01 00:00:00
P1947,8,83,2024-01-01 00:00:00
P1947,9,121,2024-01-01 00:00:00
P1947,10,140,2024-01-01 00:00:00
P1948,1,70,2024-01-01 00:00:00
P1948,2,88,2024-01-01 00:00:00
P1948,3,85,2024-01-01 00:00:00
P1948,4,86,2024-01-01 00:00:00
P1948,5,64,2024-01-01 00:00:00
P1948,6,128,2024-01-01 00:00:00
P1948,7,138,2024-01-01 00:00:00
P1948,8,114,2024-01-01 00:00:00
P1948,9,126,2024-01-01 00:00:00
P1948,10,70,2024-01-01 00:00:00
P1949,1,74,2024-01-01 00:00:00
P1949,2,71,2024-01-01 00:00:00
P1949,3,82,2024-01-01 00:00:00
P1949,4,50,2024-01-01 00:00:00
P1949,5,96,2024-01-01 00:00:00
P1949,6,63,2024-01-01 00:00:00
P1949,7,91,2024-01-01 00:00:00
P1949,8,55,2024-01-01 00:00:00
P1949,9,64,2024-01-01 00:00:00
P1949,10,93,2024-01-01 00:00:00
P1950,1,106,2024-01-01 00:00:00
P1950,2,167,2024-01-01 00:00:00
P1950,3,163,2024-01-01 00:00:00
P1950,4,75,2024-01-01 00:00:00
P1950,5,85,2024-01-01 00:00:00
P1950,6,147,2024-01-01 00:00:00
P1950,7,104,2024-01-01 00:00:00
P1950,8,159,2024-01-01 00:00:00
P1950,9,142,2024-01-01 00:00:00
P1950,10,163,2024-01-01 00:00:00
P1951,1,89,2024-01-01 00:00:00
P1951,2,160,2024-01-01 00:00:00
P1951,3,98,2024-01-01 00:00:00
P1951,4,156,2024-01-01 00:00:00
P1951,5,166,2024-01-01 00:00:00
P1951,6,96,2024-01-01 00:00:00
P1951,7,153,2024-01-01 00:00:00
P1951,8,142,2024-01-01 00:00:00
P1951,9,162,2024-01-01 00:00:00
P1951,10,107,2024-01-01 00:00:00
P1952,1,97,2024-01-01 00:00:00
P1952,2,128,2024-01-01 00:00:00
P1952,3,115,2024-01-01 00:00:00
P1952,4,100,2024-01-01 00:00:00
P1952,5,86,2024-01-01 00:00:00
P1952,6,130,2024-01-01 00:00:00
P1952,7,117,2024-01-01 00:00:00
P1952,8,120,2024-01-01 00:00:00
P1952,9,86,2024-01-01 00:00:00
P1952,10,154,2024-01-01 00:00:00
P1953,1,87,2024-01-01 00:00:00
P1953,2,140,2024-01-01 00:00:00
P1953,3,102,2024-01-01 00:00:00
P1953,4,76,2024-01-01 00:00:00
P1953,5,121,2024-01-01 00:00:00
P1953,6,126,2024-01-01 00:00:00
P1953,7,103,2024-01-01 00:00:00
P1953,8,121,2024-01-01 00:00:00
P1953,9,115,2024-01-01 00:00:00
P1953,10,94,2024-01-01 00:00:00
P1954,1,75,2024-01-01 00:00:00
P1954,2,80,2024-01-01 00:00:00
P1954,3,81,2024-01-01 00:00:00
P1954,4,133,2024-01-01 00:00:00
P1954,5,100,2024-01-01 00:00:00
P1954,6,82,2024-01-01 00:00:00
P1954,7,105,2024-01-01 00:00:00
P1954,8,96,2024-01-01 00:00:00
P1954,9,123,2024-01-01 00:00:00
P1954,10,135,2024-01-01 00:00:00
P1955,1,164,2024-01-01 00:00:00
P1955,2,104,2024-01-01 00:00:00
P1955,3,111,2024-01-01 00:00:00
P1955,4,106,2024-01-01 00:00:00
P1955,5,82,2024-01-01 00:00:00
P1955,6,119,2024-01-01 00:00:00
P1955,7,80,2024-01-01 00:00:00
P1955,8,90,2024-01-01 00:00:00
P1955,9,90,2024-01-01 00:00:00
P1955,10,127,2024-01-01 00:00:00
P1956,1,99,2024-01-01 00:00:00
P1956,2,106,2024-01-01 00:00:00
P1956,3,66,2024-01-01 00:00:00
P1956,4,128,2024-01-01 00:00:00
P1956,5,74,2024-01-01 00:00:00
P1956,6,114,2024-01-01 00:00:00
P1956,7,91,2024-01-01 00:00:00
P1956,8,104,2024-01-01 00:00:00
P1956,9,89,2024-01-01 00:00:00
P1956,10,131,2024-01-01 00:00:00
P1957,1,138,2024-01-01 00:00:00
P1957,2,95,2024-01-01 00:00:00
P1957,3,89,2024-01-01 00:00:00
P1957,4,82,2024-01-01 00:00:00
P1957,5,139,2024-01-01 00:00:00
P1957,6,140,2024-01-01 00:00:00
P1957,7,112,2024-01-01 00:00:00
P1957,8,138,2024-01-01 00:00:00
P1957,9,155,2024-01-01 00:00:00
P1957,10,111,2024-01-01 00:00:00
P1958,1,126,2024-01-01 00:00:00
P1958,2,96,2024-01-01 00:00:00
P1958,3,147,2024-01-01 00:00:00
P1958,4,156,2024-01-01 00:00:00
P1958,5,161,2024-01-01 00:00:00
P1958,6,88,2024-01-01 00:00:00
P1958,7,113,2024-01-01 00:00:00
P1958,8,162,2024-01-01 00:00:00
P1958,9,124,2024-01-01 00:00:00
P1958,10,124,2024-01-01 00:00:00
P1959,1,44,2024-01-01 00:00:00
P1959,2,65,2024-01-01 00:00:00
P1959,3,40,2024-01-01 00:00:00
P1959,4,41,2024-01-01 00:00:00
P1959,5,68,2024-01-01 00:00:00
P1959,6,65,2024-01-01 00:00:00
P1959,7,49,2024-01-01 00:00:00
P1959,8,58,2024-01-01 00:00:00
P1959,9,67,2024-01-01 00:00:00
P1959,10,67,2024-01-01 00:00:00
P1960,1,95,2024-01-01 00:00:00
P1960,2,144,2024-01-01 00:00:00
P1960,3,147,2024-01-01 00:00:00
P1960,4,113,2024-01-01 00:00:00
P1960,5,130,2024-01-01 00:00:00
P1960,6,152,2024-01-01 00:00:00
P1960,7,157,2024-01-01 00:00:00
P1960,8,127,2024-01-01 00:00:00
P1960,9,82,2024-01-01 00:00:00
P1960,10,72,2024-01-01 00:00:00
P1961,1,96,2024-01-01 00:00:00
P1961,2,90,2024-01-01 00:00:00
P1961,3,105,2024-01-01 00:00:00
P1961,4,101,2024-01-01 00:00:00
P1961,5,113,2024-01-01 00:00:00
P1961,6,110,2024-01-01 00:00:00
P1961,7,88,2024-01-01 00:00:00
P1961,8,111,2024-01-01 00:00:00
P1961,9,61,2024-01-01 00:00:00
P1961,10,63,2024-01-01 00:00:00
P1962,1,70,2024-01-01 00:00:00
P1962,2,45,2024-01-01 00:00:00
P1962,3,44,2024-01-01 00:00:00
P1962,4,72,2024-01-01 00:00:00
P1962,5,38,2024-01-01 00:00:00
P1962,6,66,2024-01-01 00:00:00
P1962,7,57,2024-01-01 00:00:00
P1962,8,33,2024-01-01 00:00:00
P1962,9,41,2024-01-01 00:00:00
P1962,10,62,2024-01-01 00:00:00
P1963,1,95,2024-01-01 00:00:00
P1963,2,111,2024-01-01 00:00:00
P1963,3,63,2024-01-01 00:00:00
P1963,4,72,2024-01-01 00:00:00
P1963,5,104,2024-01-01 00:00:00
P1963,6,75,2024-01-01 00:00:00
P1963,7,91,2024-01-01 00:00:00
P1963,8,108,2024-01-01 00:00:00
P1963,9,49,2024-01-01 00:00:00
P1963,10,51,2024-01-01 00:00:00
P1964,1,74,2024-01-01 00:00:00
P1964,2,107,2024-01-01 00:00:00
P1964,3,66,2024-01-01 00:00:00
P1964,4,57,2024-01-01 00:00:00
P1964,5,81,2024-01-01 00:00:00
P1964,6,67,2024-01-01 00:00:00
P1964,7,95,2024-01-01 00:00:00
P1964,8,107,2024-01-01 00:00:00
P1964,9,75,2024-01-01 00:00:00
P1964,10,59,2024-01-01 00:00:00
P1965,1,55,2024-01-01 00:00:00
P1965,2,61,2024-01-01 00:00:00
P1965,3,68,2024-01-01 00:00:00
P1965,4,59,2024-01-01 00:00:00
P1965,5,82,2024-01-01 00:00:00
P1965,6,56,2024-01-01 00:00:00
P1965,7,101,2024-01-01 00:00:00
P1965,8,67,2024-01-01 00:00:00
P1965,9,58,2024-01-01 00:00:00
P1965,10,54,2024-01-01 00:00:00
P1966,1,65,2024-01-01 00:00:00
P1966,2,74,2024-01-01 00:00:00
P1966,3,79,2024-01-01 00:00:00
P1966,4,50,2024-01-01 00:00:00
P1966,5,60,2024-01-01 00:00:00
P1966,6,91,2024-01-01 00:00:00
P1966,7,55,2024-01-01 00:00:00
P1966,8,74,2024-01-01 00:00:00
P1966,9,49,2024-01-01 00:00:00
P1966,10,67,2024-01-01 00:00:00
P1967,1,48,2024-01-01 00:00:00
P1967,2,70,2024-01-01 00:00:00
P1967,3,51,2024-01-01 00:00:00
P1967,4,95,2024-01-01 00:00:00
P1967,5,50,2024-01-01 00:00:00
P1967,6,72,2024-01-01 00:00:00
P1967,7,82,2024-01-01 00:00:00
P1967,8,63,2024-01-01 00:00:00
P1967,9,76,2024-01-01 00:00:00
P1967,10,61,2024-01-01 00:00:00
P1968,1,38,2024-01-01 00:00:00
P1968,2,28,2024-01-01 00:00:00
P1968,3,46,2024-01-01 00:00:00
P1968,4,46,2024-01-01 00:00:00
P1968,5,44,2024-01-01 00:00:00
P1968,6,50,2024-01-01 00:00:00
P1968,7,36,2024-01-01 00:00:00
P1968,8,30,2024-01-01 00:00:00
P1968,9,43,2024-01-01 00:00:00
P1968,10,32,2024-01-01 00:00:00
P1969,1,85,2024-01-01 00:00:00
P1969,2,70,2024-01-01 00:00:00
P1969,3,95,2024-01-01 00:00:00
P1969,4,71,2024-01-01 00:00:00
P1969,5,105,2024-01-01 00:00:00
P1969,6,60,2024-01-01 00:00:00
P1969,7,52,2024-01-01 00:00:00
P1969,8,101,2024-01-01 00:00:00
P1969,9,56,2024-01-01 00:00:00
P1969,10,89,2024-01-01 00:00:00
P1970,1,82,2024-01-01 00:00:00
P1970,2,63,2024-01-01 00:00:00
P1970,3,88,2024-01-01 00:00:00
P1970,4,49,2024-01-01 00:00:00
P1970,5,92,2024-01-01 00:00:00
P1970,6,65,2024-01-01 00:00:00
P1970,7,112,2024-01-01 00:00:00
P1970,8,62,2024-01-01 00:00:00
P1970,9,99,2024-01-01 00:00:00
P1970,10,86,2024-01-01 00:00:00
P1971,1,86,2024-01-01 00:00:00
P1971,2,71,2024-01-01 00:00:00
P1971,3,91,2024-01-01 00:00:00
P1971,4,50,2024-01-01 00:00:00
P1971,5,84,2024-01-01 00:00:00
P1971,6,65,2024-01-01 00:00:00
P1971,7,100,2024-01-01 00:00:00
P1971,8,113,2024-01-01 00:00:00
P1971,9,57,2024-01-01 00:00:00
P1971,10,102,2024-01-01 00:00:00
P1972,1,99,2024-01-01 00:00:00
P1972,2,104,2024-01-01 00:00:00
P1972,3,98,2024-01-01 00:00:00
P1972,4,92,2024-01-01 00:00:00
P1972,5,55,2024-01-01 00:00:00
P1972,6,53,2024-01-01 00:00:00
P1972,7,66,2024-01-01 00:00:00
P1972,8,80,2024-01-01 00:00:00
P1972,9,79,2024-01-01 00:00:00
P1972,10,97,2024-01-01 00:00:00
P1973,1,91,2024-01-01 00:00:00
P1973,2,91,2024-01-01 00:00:00
P1973,3,101,2024-01-01 00:00:00
P1973,4,46,2024-01-01 00:00:00
P1973,5,75,2024-01-01 00:00:00
P1973,6,65,2024-01-01 00:00:00
P1973,7,76,2024-01-01 00:00:00
P1973,8,99,2024-01-01 00:00:00
P1973,9,92,2024-01-01 00:00:00
P1973,10,87,2024-01-01 00:00:00
P1974,1,86,2024-01-01 00:00:00
P1974,2,98,2024-01-01 00:00:00
P1974,3,47,2024-01-01 00:00:00
P1974,4,95,2024-01-01 00:00:00
P1974,5,79,2024-01-01 00:00:00
P1974,6,93,2024-01-01 00:00:00
P1974,7,69,2024-01-01 00:00:00
P1974,8,51,2024-01-01 00:00:00
P1974,9,73,2024-01-01 00:00:00
P1974,10,57,2024-01-01 00:00:00
P1975,1,67,2024-01-01 00:00:00
P1975,2,113,2024-01-01 00:00:00
P1975,3,91,2024-01-01 00:00:00
P1975,4,88,2024-01-01 00:00:00
P1975,5,80,2024-01-01 00:00:00
P1975,6,102,2024-01-01 00:00:00
P1975,7,78,2024-01-01 00:00:00
P1975,8,59,2024-01-01 00:00:00
P1975,9,71,2024-01-01 00:00:00
P1975,10,59,2024-01-01 00:00:00
P1976,1,87,2024-01-01 00:00:00
P1976,2,59,2024-01-01 00:00:00
P1976,3,46,2024-01-01 00:00:00
P1976,4,90,2024-01-01 00:00:00
P1976,5,90,2024-01-01 00:00:00
P1976,6,52,2024-01-01 00:00:00
P1976,7,102,2024-01-01 00:00:00
P1976,8,69,2024-01-01 00:00:00
P1976,9,90,2024-01-01 00:00:00
P1976,10,46,2024-01-01 00:00:00
P1977,1,103,2024-01-01 00:00:00
P1977,2,83,2024-01-01 00:00:00
P1977,3,70,2024-01-01 00:00:00
P1977,4,101,2024-01-01 00:00:00
P1977,5,49,2024-01-01 00:00:00
P1977,6,86,2024-01-01 00:00:00
P1977,7,82,2024-01-01 00:00:00
P1977,8,80,2024-01-01 00:00:00
P1977,9,71,2024-01-01 00:00:00
P1977,10,86,2024-01-01 00:00:00
P1978,1,99,2024-01-01 00:00:00
P1978,2,73,2024-01-01 00:00:00
P1978,3,95,2024-01-01 00:00:00
P1978,4,64,2024-01-01 00:00:00
P1978,5,93,2024-01-01 00:00:00
P1978,6,71,2024-01-01 00:00:00
P1978,7,105,2024-01-01 00:00:00
P1978,8,61,2024-01-01 00:00:00
P1978,9,79,2024-01-01 00:00:00
P1978,10,100,2024-01-01 00:00:00
P1979,1,102,2024-01-01 00:00:00
P1979,2,67,2024-01-01 00:00:00
P1979,3,76,2024-01-01 00:00:00
P1979,4,62,2024-01-01 00:00:00
P1979,5,98,2024-01-01 00:00:00
P1979,6,88,2024-01-01 00:00:00
P1979,7,62,2024-01-01 00:00:00
P1979,8,79,2024-01-01 00:00:00
P1979,9,51,2024-01-01 00:00:00
P1979,10,46,2024-01-01 00:00:00
P1980,1,107,2024-01-01 00:00:00
P1980,2,57,2024-01-01 00:00:00
P1980,3,60,2024-01-01 00:00:00
P1980,4,74,2024-01-01 00:00:00
P1980,5,65,2024-01-01 00:00:00
P1980,6,91,2024-01-01 00:00:00
P1980,7,109,2024-01-01 00:00:00
P1980,8,110,2024-01-01 00:00:00
P1980,9,56,2024-01-01 00:00:00
P1980,10,54,2024-01-01 00:00:00
P1981,1,58,2024-01-01 00:00:00
P1981,2,71,2024-01-01 00:00:00
P1981,3,71,2024-01-01 00:00:00
P1981,4,40,2024-01-01 00:00:00
P1981,5,45,2024-01-01 00:00:00
P1981,6,68,2024-01-01 00:00:00
P1981,7,57,2024-01-01 00:00:00
P1981,8,42,2024-01-01 00:00:00
P1981,9,51,2024-01-01 00:00:00
P1981,10,41,2024-01-01 00:00:00
P1982,1,75,2024-01-01 00:00:00
P1982,2,76,2024-01-01 00:00:00
P1982,3,45,2024-01-01 00:00:00
P1982,4,74,2024-01-01 00:00:00
P1982,5,86,2024-01-01 00:00:00
P1982,6,101,2024-01-01 00:00:00
P1982,7,83,2024-01-01 00:00:00
P1982,8,103,2024-01-01 00:00:00
P1982,9,79,2024-01-01 00:00:00
P1982,10,72,2024-01-01 00:00:00
P1983,1,94,2024-01-01 00:00:00
P1983,2,103,2024-01-01 00:00:00
P1983,3,79,2024-01-01 00:00:00
P1983,4,97,2024-01-01 00:00:00
P1983,5,69,2024-01-01 00:00:00
P1983,6,76,2024-01-01 00:00:00
P1983,7,73,2024-01-01 00:00:00
P1983,8,54,2024-01-01 00:00:00
P1983,9,87,2024-01-01 00:00:00
P1983,10,55,2024-01-01 00:00:00
P1984,1,53,2024-01-01 00:00:00
P1984,2,78,2024-01-01 00:00:00
P1984,3,79,2024-01-01 00:00:00
P1984,4,45,2024-01-01 00:00:00
P1984,5,57,2024-01-01 00:00:00
P1984,6,49,2024-01-01 00:00:00
P1984,7,81,2024-01-01 00:00:00
P1984,8,90,2024-01-01 00:00:00
P1984,9,86,2024-01-01 00:00:00
P1984,10,61,2024-01-01 00:00:00
P1985,1,64,2024-01-01 00:00:00
P1985,2,44,2024-01-01 00:00:00
P1985,3,77,2024-01-01 00:00:00
P1985,4,68,2024-01-01 00:00:00
P1985,5,70,2024-01-01 00:00:00
P1985,6,46,2024-01-01 00:00:00
P1985,7,39,2024-01-01 00:00:00
P1985,8,57,2024-01-01 00:00:00
P1985,9,78,2024-01-01 00:00:00
P1985,10,42,2024-01-01 00:00:00
P1986,1,56,2024-01-01 00:00:00
P1986,2,88,2024-01-01 00:00:00
P1986,3,93,2024-01-01 00:00:00
P1986,4,104,2024-01-01 00:00:00
P1986,5,63,2024-01-01 00:00:00
P1986,6,76,2024-01-01 00:00:00
P1986,7,87,2024-01-01 00:00:00
P1986,8,50,2024-01-01 00:00:00
P1986,9,71,2024-01-01 00:00:00
P1986,10,53,2024-01-01 00:00:00
P1987,1,92,2024-01-01 00:00:00
P1987,2,86,2024-01-01 00:00:00
P1987,3,69,2024-01-01 00:00:00
P1987,4,59,2024-01-01 00:00:00
P1987,5,102,2024-01-01 00:00:00
P1987,6,76,2024-01-01 00:00:00
P1987,7,53,2024-01-01 00:00:00
P1987,8,54,2024-01-01 00:00:00
P1987,9,105,2024-01-01 00:00:00
P1987,10,88,2024-01-01 00:00:00
P1988,1,109,2024-01-01 00:00:00
P1988,2,58,2024-01-01 00:00:00
P1988,3,130,2024-01-01 00:00:00
P1988,4,66,2024-01-01 00:00:00
P1988,5,113,2024-01-01 00:00:00
P1988,6,64,2024-01-01 00:00:00
P1988,7,59,2024-01-01 00:00:00
P1988,8,137,2024-01-01 00:00:00
P1988,9,99,2024-01-01 00:00:00
P1988,10,82,2024-01-01 00:00:00
P1989,1,107,2024-01-01 00:00:00
P1989,2,83,2024-01-01 00:00:00
P1989,3,105,2024-01-01 00:00:00
P1989,4,61,2024-01-01 00:00:00
P1989,5,82,2024-01-01 00:00:00
P1989,6,72,2024-01-01 00:00:00
P1989,7,77,2024-01-01 00:00:00
P1989,8,74,2024-01-01 00:00:00
P1989,9,98,2024-01-01 00:00:00
P1989,10,99,2024-01-01 00:00:00
P1990,1,63,2024-01-01 00:00:00
P1990,2,44,2024-01-01 00:00:00
P1990,3,55,2024-01-01 00:00:00
P1990,4,60,2024-01-01 00:00:00
P1990,5,48,2024-01-01 00:00:00
P1990,6,42,2024-01-01 00:00:00
P1990,7,68,2024-01-01 00:00:00
P1990,8,54,2024-01-01 00:00:00
P1990,9,63,2024-01-01 00:00:00
P1990,10,42,2024-01-01 00:00:00
P1991,1,69,2024-01-01 00:00:00
P1991,2,39,2024-01-01 00:00:00
P1991,3,43,2024-01-01 00:00:00
P1991,4,72,2024-01-01 00:00:00
P1991,5,52,2024-01-01 00:00:00
P1991,6,63,2024-01-01 00:00:00
P1991,7,41,2024-01-01 00:00:00
P1991,8,33,2024-01-01 00:00:00
P1991,9,70,2024-01-01 00:00:00
P1991,10,50,2024-01-01 00:00:00
P1992,1,59,2024-01-01 00:00:00
P1992,2,27,2024-01-01 00:00:00
P1992,3,44,2024-01-01 00:00:00
P1992,4,27,2024-01-01 00:00:00
P1992,5,29,2024-01-01 00:00:00
P1992,6,40,2024-01-01 00:00:00
P1992,7,33,2024-01-01 00:00:00
P1992,8,43,2024-01-01 00:00:00
P1992,9,29,2024-01-01 00:00:00
P1992,10,44,2024-01-01 00:00:00
P1993,1,80,2024-01-01 00:00:00
P1993,2,102,2024-01-01 00:00:00
P1993,3,99,2024-01-01 00:00:00
P1993,4,84,2024-01-01 00:00:00
P1993,5,93,2024-01-01 00:00:00
P1993,6,56,2024-01-01 00:00:00
P1993,7,78,2024-01-01 00:00:00
P1993,8,74,2024-01-01 00:00:00
P1993,9,108,2024-01-01 00:00:00
P1993,10,61,2024-01-01 00:00:00
P1994,1,91,2024-01-01 00:00:00
P1994,2,77,2024-01-01 00:00:00
P1994,3,78,2024-01-01 00:00:00
P1994,4,87,2024-01-01 00:00:00
P1994,5,85,2024-01-01 00:00:00
P1994,6,74,2024-01-01 00:00:00
P1994,7,59,2024-01-01 00:00:00
P1994,8,59,2024-01-01 00:00:00
P1994,9,71,2024-01-01 00:00:00
P1994,10,104,2024-01-01 00:00:00
P1995,1,60,2024-01-01 00:00:00
P1995,2,54,2024-01-01 00:00:00
P1995,3,80,2024-01-01 00:00:00
P1995,4,72,2024-01-01 00:00:00
P1995,5,76,2024-01-01 00:00:00
P1995,6,116,2024-01-01 00:00:00
P1995,7,116,2024-01-01 00:00:00
P1995,8,93,2024-01-01 00:00:00
P1995,9,94,2024-01-01 00:00:00
P1995,10,80,2024-01-01 00:00:00
P1996,1,50,2024-01-01 00:00:00
P1996,2,51,2024-01-01 00:00:00
P1996,3,33,2024-01-01 00:00:00
P1996,4,38,2024-01-01 00:00:00
P1996,5,33,2024-01-01 00:00:00
P1996,6,50,2024-01-01 00:00:00
P1996,7,56,2024-01-01 00:00:00
P1996,8,63,2024-01-01 00:00:00
P1996,9,45,2024-01-01 00:00:00
P1996,10,57,2024-01-01 00:00:00
P1997,1,60,2024-01-01 00:00:00
P1997,2,54,2024-01-01 00:00:00
P1997,3,36,2024-01-01 00:00:00
P1997,4,56,2024-01-01 00:00:00
P1997,5,41,2024-01-01 00:00:00
P1997,6,33,2024-01-01 00:00:00
P1997,7,52,2024-01-01 00:00:00
P1997,8,58,2024-01-01 00:00:00
P1997,9,42,2024-01-01 00:00:00
P1997,10,52,2024-01-01 00:00:00
P1998,1,16,2024-01-01 00:00:00
P1998,2,20,2024-01-01 00:00:00
P1998,3,36,2024-01-01 00:00:00
P1998,4,17,2024-01-01 00:00:00
P1998,5,26,2024-01-01 00:00:00
P1998,6,34,2024-01-01 00:00:00
P1998,7,32,2024-01-01 00:00:00
P1998,8,24,2024-01-01 00:00:00
P1998,9,19,2024-01-01 00:00:00
P1998,10,31,2024-01-01 00:00:00
P1999,1,18,2024-01-01 00:00:00
P1999,2,21,2024-01-01 00:00:00
P1999,3,41,2024-01-01 00:00:00
P1999,4,34,2024-01-01 00:00:00
P1999,5,18,2024-01-01 00:00:00
P1999,6,24,2024-01-01 00:00:00
P1999,7,30,2024-01-01 00:00:00
P1999,8,37,2024-01-01 00:00:00
P1999,9,20,2024-01-01 00:00:00
P1999,10,37,2024-01-01 00:00:00
P2000,1,24,2024-01-01 00:00:00
P2000,2,26,2024-01-01 00:00:00
P2000,3,19,2024-01-01 00:00:00
P2000,4,33,2024-01-01 00:00:00
P2000,5,34,2024-01-01 00:00:00
P2000,6,21,2024-01-01 00:00:00
P2000,7,26,2024-01-01 00:00:00
P2000,8,26,2024-01-01 00:00:00
P2000,9,31,2024-01-01 00:00:00
P2000,10,21,2024-01-01 00:00:00
P2001,1,27,2024-01-01 00:00:00
P2001,2,34,2024-01-01 00:00:00
P2001,3,56,2024-01-01 00:00:00
P2001,4,59,2024-01-01 00:00:00
P2001,5,27,2024-01-01 00:00:00
P2001,6,35,2024-01-01 00:00:00
P2001,7,51,2024-01-01 00:00:00
P2001,8,50,2024-01-01 00:00:00
P2001,9,52,2024-01-01 00:00:00
P2001,10,47,2024-01-01 00:00:00
P2002,1,61,2024-01-01 00:00:00
P2002,2,115,2024-01-01 00:00:00
P2002,3,115,2024-01-01 00:00:00
P2002,4,64,2024-01-01 00:00:00
P2002,5,110,2024-01-01 00:00:00
P2002,6,70,2024-01-01 00:00:00
P2002,7,104,2024-01-01 00:00:00
P2002,8,68,2024-01-01 00:00:00
P2002,9,75,2024-01-01 00:00:00
P2002,10,97,2024-01-01 00:00:00
P2003,1,70,2024-01-01 00:00:00
P2003,2,80,2024-01-01 00:00:00
P2003,3,84,2024-01-01 00:00:00
P2003,4,52,2024-01-01 00:00:00
P2003,5,54,2024-01-01 00:00:00
P2003,6,85,2024-01-01 00:00:00
P2003,7,75,2024-01-01 00:00:00
P2003,8,47,2024-01-01 00:00:00
P2003,9,91,2024-01-01 00:00:00
P2003,10,101,2024-01-01 00:00:00
P2004,1,52,2024-01-01 00:00:00
P2004,2,54,2024-01-01 00:00:00
P2004,3,76,2024-01-01 00:00:00
P2004,4,101,2024-01-01 00:00:00
P2004,5,73,2024-01-01 00:00:00
P2004,6,76,2024-01-01 00:00:00
P2004,7,67,2024-01-01 00:00:00
P2004,8,49,2024-01-01 00:00:00
P2004,9,70,2024-01-01 00:00:00
P2004,10,78,2024-01-01 00:00:00
P2005,1,57,2024-01-01 00:00:00
P2005,2,50,2024-01-01 00:00:00
P2005,3,68,2024-01-01 00:00:00
P2005,4,36,2024-01-01 00:00:00
P2005,5,50,2024-01-01 00:00:00
P2005,6,65,2024-01-01 00:00:00
P2005,7,65,2024-01-01 00:00:00
P2005,8,69,2024-01-01 00:00:00
P2005,9,47,2024-01-01 00:00:00
P2005,10,63,2024-01-01 00:00:00
P2006,1,40,2024-01-01 00:00:00
P2006,2,46,2024-01-01 00:00:00
P2006,3,38,2024-01-01 00:00:00
P2006,4,52,2024-01-01 00:00:00
P2006,5,37,2024-01-01 00:00:00
P2006,6,42,2024-01-01 00:00:00
P2006,7,56,2024-01-01 00:00:00
P2006,8,38,2024-01-01 00:00:00
P2006,9,25,2024-01-01 00:00:00
P2006,10,52,2024-01-01 00:00:00
P2007,1,37,2024-01-01 00:00:00
P2007,2,50,2024-01-01 00:00:00
P2007,3,49,2024-01-01 00:00:00
P2007,4,32,2024-01-01 00:00:00
P2007,5,53,2024-01-01 00:00:00
P2007,6,75,2024-01-01 00:00:00
P2007,7,60,2024-01-01 00:00:00
P2007,8,69,2024-01-01 00:00:00
P2007,9,51,2024-01-01 00:00:00
P2007,10,69,2024-01-01 00:00:00
P2008,1,85,2024-01-01 00:00:00
P2008,2,62,2024-01-01 00:00:00
P2008,3,101,2024-01-01 00:00:00
P2008,4,96,2024-01-01 00:00:00
P2008,5,69,2024-01-01 00:00:00
P2008,6,90,2024-01-01 00:00:00
P2008,7,93,2024-01-01 00:00:00
P2008,8,83,2024-01-01 00:00:00
P2008,9,50,2024-01-01 00:00:00
P2008,10,75,2024-01-01 00:00:00
P2009,1,87,2024-01-01 00:00:00
P2009,2,71,2024-01-01 00:00:00
P2009,3,52,2024-01-01 00:00:00
P2009,4,72,2024-01-01 00:00:00
P2009,5,80,2024-01-01 00:00:00
P2009,6,47,2024-01-01 00:00:00
P2009,7,79,2024-01-01 00:00:00
P2009,8,95,2024-01-01 00:00:00
P2009,9,62,2024-01-01 00:00:00
P2009,10,91,2024-01-01 00:00:00
P2010,1,69,2024-01-01 00:00:00
P2010,2,46,2024-01-01 00:00:00
P2010,3,83,2024-01-01 00:00:00
P2010,4,104,2024-01-01 00:00:00
P2010,5,104,2024-01-01 00:00:00
P2010,6,97,2024-01-01 00:00:00
P2010,7,85,2024-01-01 00:00:00
P2010,8,82,2024-01-01 00:00:00
P2010,9,71,2024-01-01 00:00:00
P2010,10,59,2024-01-01 00:00:00
P2011,1,51,2024-01-01 00:00:00
P2011,2,73,2024-01-01 00:00:00
P2011,3,77,2024-01-01 00:00:00
P2011,4,87,2024-01-01 00:00:00
P2011,5,67,2024-01-01 00:00:00
P2011,6,76,2024-01-01 00:00:00
P2011,7,71,2024-01-01 00:00:00
P2011,8,63,2024-01-01 00:00:00
P2011,9,74,2024-01-01 00:00:00
P2011,10,94,2024-01-01 00:00:00
P2012,1,79,2024-01-01 00:00:00
P2012,2,72,2024-01-01 00:00:00
P2012,3,59,2024-01-01 00:00:00
P2012,4,55,2024-01-01 00:00:00
P2012,5,52,2024-01-01 00:00:00
P2012,6,100,2024-01-01 00:00:00
P2012,7,52,2024-01-01 00:00:00
P2012,8,75,2024-01-01 00:00:00
P2012,9,61,2024-01-01 00:00:00
P2012,10,97,2024-01-01 00:00:00
P2013,1,76,2024-01-01 00:00:00
P2013,2,98,2024-01-01 00:00:00
P2013,3,104,2024-01-01 00:00:00
P2013,4,72,2024-01-01 00:00:00
P2013,5,82,2024-01-01 00:00:00
P2013,6,55,2024-01-01 00:00:00
P2013,7,82,2024-01-01 00:00:00
P2013,8,61,2024-01-01 00:00:00
P2013,9,59,2024-01-01 00:00:00
P2013,10,60,2024-01-01 00:00:00
P2014,1,69,2024-01-01 00:00:00
P2014,2,60,2024-01-01 00:00:00
P2014,3,45,2024-01-01 00:00:00
P2014,4,101,2024-01-01 00:00:00
P2014,5,46,2024-01-01 00:00:00
P2014,6,73,2024-01-01 00:00:00
P2014,7,68,2024-01-01 00:00:00
P2014,8,78,2024-01-01 00:00:00
P2014,9,73,2024-01-01 00:00:00
P2014,10,86,2024-01-01 00:00:00
P2015,1,102,2024-01-01 00:00:00
P2015,2,93,2024-01-01 00:00:00
P2015,3,128,2024-01-01 00:00:00
P2015,4,93,2024-01-01 00:00:00
P2015,5,93,2024-01-01 00:00:00
P2015,6,108,2024-01-01 00:00:00
P2015,7,117,2024-01-01 00:00:00
P2015,8,105,2024-01-01 00:00:00
P2015,9,79,2024-01-01 00:00:00
P2015,10,105,2024-01-01 00:00:00
P2016,1,103,2024-01-01 00:00:00
P2016,2,120,2024-01-01 00:00:00
P2016,3,105,2024-01-01 00:00:00
P2016,4,144,2024-01-01 00:00:00
P2016,5,167,2024-01-01 00:00:00
P2016,6,117,2024-01-01 00:00:00
P2016,7,111,2024-01-01 00:00:00
P2016,8,122,2024-01-01 00:00:00
P2016,9,126,2024-01-01 00:00:00
P2016,10,148,2024-01-01 00:00:00
P2017,1,148,2024-01-01 00:00:00
P2017,2,137,2024-01-01 00:00:00
P2017,3,157,2024-01-01 00:00:00
P2017,4,155,2024-01-01 00:00:00
P2017,5,77,2024-01-01 00:00:00
P2017,6,158,2024-01-01 00:00:00
P2017,7,79,2024-01-01 00:00:00
P2017,8,129,2024-01-01 00:00:00
P2017,9,75,2024-01-01 00:00:00
P2017,10,116,2024-01-01 00:00:00
P2018,1,76,2024-01-01 00:00:00
P2018,2,49,2024-01-01 00:00:00
P2018,3,63,2024-01-01 00:00:00
P2018,4,51,2024-01-01 00:00:00
P2018,5,65,2024-01-01 00:00:00
P2018,6,92,2024-01-01 00:00:00
P2018,7,95,2024-01-01 00:00:00
P2018,8,56,2024-01-01 00:00:00
P2018,9,50,2024-01-01 00:00:00
P2018,10,94,2024-01-01 00:00:00
P2019,1,48,2024-01-01 00:00:00
P2019,2,26,2024-01-01 00:00:00
P2019,3,48,2024-01-01 00:00:00
P2019,4,51,2024-01-01 00:00:00
P2019,5,32,2024-01-01 00:00:00
P2019,6,57,2024-01-01 00:00:00
P2019,7,49,2024-01-01 00:00:00
P2019,8,38,2024-01-01 00:00:00
P2019,9,46,2024-01-01 00:00:00
P2019,10,35,2024-01-01 00:00:00
P2020,1,63,2024-01-01 00:00:00
P2020,2,104,2024-01-01 00:00:00
P2020,3,125,2024-01-01 00:00:00
P2020,4,110,2024-01-01 00:00:00
P2020,5,75,2024-01-01 00:00:00
P2020,6,129,2024-01-01 00:00:00
P2020,7,88,2024-01-01 00:00:00
P2020,8,104,2024-01-01 00:00:00
P2020,9,109,2024-01-01 00:00:00
P2020,10,85,2024-01-01 00:00:00
P2021,1,66,2024-01-01 00:00:00
P2021,2,70,2024-01-01 00:00:00
P2021,3,89,2024-01-01 00:00:00
P2021,4,98,2024-01-01 00:00:00
P2021,5,105,2024-01-01 00:00:00
P2021,6,75,2024-01-01 00:00:00
P2021,7,117,2024-01-01 00:00:00
P2021,8,92,2024-01-01 00:00:00
P2021,9,83,2024-01-01 00:00:00
P2021,10,77,2024-01-01 00:00:00
P2022,1,57,2024-01-01 00:00:00
P2022,2,87,2024-01-01 00:00:00
P2022,3,80,2024-01-01 00:00:00
P2022,4,89,2024-01-01 00:00:00
P2022,5,67,2024-01-01 00:00:00
P2022,6,46,2024-01-01 00:00:00
P2022,7,102,2024-01-01 00:00:00
P2022,8,66,2024-01-01 00:00:00
P2022,9,70,2024-01-01 00:00:00
P2022,10,52,2024-01-01 00:00:00
P2023,1,105,2024-01-01 00:00:00
P2023,2,108,2024-01-01 00:00:00
P2023,3,111,2024-01-01 00:00:00
P2023,4,61,2024-01-01 00:00:00
P2023,5,69,2024-01-01 00:00:00
P2023,6,94,2024-01-01 00:00:00
P2023,7,59,2024-01-01 00:00:00
P2023,8,94,2024-01-01 00:00:00
P2023,9,55,2024-01-01 00:00:00
P2023,10,78,2024-01-01 00:00:00
P2024,1,109,2024-01-01 00:00:00
P2024,2,105,2024-01-01 00:00:00
P2024,3,122,2024-01-01 00:00:00
P2024,4,112,2024-01-01 00:00:00
P2024,5,70,2024-01-01 00:00:00
P2024,6,101,2024-01-01 00:00:00
P2024,7,64,2024-01-01 00:00:00
P2024,8,60,2024-01-01 00:00:00
P2024,9,110,2024-01-01 00:00:00
P2024,10,61,2024-01-01 00:00:00
P2025,1,70,2024-01-01 00:00:00
P2025,2,115,2024-01-01 00:00:00
P2025,3,75,2024-01-01 00:00:00
P2025,4,93,2024-01-01 00:00:00
P2025,5,113,2024-01-01 00:00:00
P2025,6,106,2024-01-01 00:00:00
P2025,7,126,2024-01-01 00:00:00
P2025,8,65,2024-01-01 00:00:00
P2025,9,101,2024-01-01 00:00:00
P2025,10,120,2024-01-01 00:00:00
P2026,1,76,2024-01-01 00:00:00
P2026,2,75,2024-01-01 00:00:00
P2026,3,86,2024-01-01 00:00:00
P2026,4,81,2024-01-01 00:00:00
P2026,5,84,2024-01-01 00:00:00
P2026,6,51,2024-01-01 00:00:00
P2026,7,86,2024-01-01 00:00:00
P2026,8,62,2024-01-01 00:00:00
P2026,9,86,2024-01-01 00:00:00
P2026,10,79,2024-01-01 00:00:00
P2027,1,84,2024-01-01 00:00:00
P2027,2,57,2024-01-01 00:00:00
P2027,3,88,2024-01-01 00:00:00
P2027,4,94,2024-01-01 00:00:00
P2027,5,51,2024-01-01 00:00:00
P2027,6,64,2024-01-01 00:00:00
P2027,7,87,2024-01-01 00:00:00
P2027,8,64,2024-01-01 00:00:00
P2027,9,73,2024-01-01 00:00:00
P2027,10,48,2024-01-01 00:00:00
P2028,1,95,2024-01-01 00:00:00
P2028,2,143,2024-01-01 00:00:00
P2028,3,85,2024-01-01 00:00:00
P2028,4,150,2024-01-01 00:00:00
P2028,5,164,2024-01-01 00:00:00
P2028,6,122,2024-01-01 00:00:00
P2028,7,163,2024-01-01 00:00:00
P2028,8,96,2024-01-01 00:00:00
P2028,9,80,2024-01-01 00:00:00
P2028,10,128,2024-01-01 00:00:00
P2029,1,130,2024-01-01 00:00:00
P2029,2,109,2024-01-01 00:00:00
P2029,3,124,2024-01-01 00:00:00
P2029,4,116,2024-01-01 00:00:00
P2029,5,100,2024-01-01 00:00:00
P2029,6,126,2024-01-01 00:00:00
P2029,7,68,2024-01-01 00:00:00
P2029,8,83,2024-01-01 00:00:00
P2029,9,83,2024-01-01 00:00:00
P2029,10,58,2024-01-01 00:00:00
P2030,1,130,2024-01-01 00:00:00
P2030,2,86,2024-01-01 00:00:00
P2030,3,113,2024-01-01 00:00:00
P2030,4,152,2024-01-01 00:00:00
P2030,5,137,2024-01-01 00:00:00
P2030,6,151,2024-01-01 00:00:00
P2030,7,98,2024-01-01 00:00:00
P2030,8,123,2024-01-01 00:00:00
P2030,9,127,2024-01-01 00:00:00
P2030,10,102,2024-01-01 00:00:00
P2031,1,105,2024-01-01 00:00:00
P2031,2,64,2024-01-01 00:00:00
P2031,3,75,2024-01-01 00:00:00
P2031,4,68,2024-01-01 00:00:00
P2031,5,104,2024-01-01 00:00:00
P2031,6,46,2024-01-01 00:00:00
P2031,7,70,2024-01-01 00:00:00
P2031,8,75,2024-01-01 00:00:00
P2031,9,45,2024-01-01 00:00:00
P2031,10,95,2024-01-01 00:00:00
P2032,1,66,2024-01-01 00:00:00
P2032,2,68,2024-01-01 00:00:00
P2032,3,62,2024-01-01 00:00:00
P2032,4,51,2024-01-01 00:00:00
P2032,5,85,2024-01-01 00:00:00
P2032,6,75,2024-01-01 00:00:00
P2032,7,103,2024-01-01 00:00:00
P2032,8,67,2024-01-01 00:00:00
P2032,9,65,2024-01-01 00:00:00
P2032,10,85,2024-01-01 00:00:00
P2033,1,106,2024-01-01 00:00:00
P2033,2,113,2024-01-01 00:00:00
P2033,3,127,2024-01-01 00:00:00
P2033,4,114,2024-01-01 00:00:00
P2033,5,83,2024-01-01 00:00:00
P2033,6,122,2024-01-01 00:00:00
P2033,7,115,2024-01-01 00:00:00
P2033,8,76,2024-01-01 00:00:00
P2033,9,75,2024-01-01 00:00:00
P2033,10,85,2024-01-01 00:00:00
P2034,1,77,2024-01-01 00:00:00
P2034,2,78,2024-01-01 00:00:00
P2034,3,80,2024-01-01 00:00:00
P2034,4,96,2024-01-01 00:00:00
P2034,5,53,2024-01-01 00:00:00
P2034,6,50,2024-01-01 00:00:00
P2034,7,80,2024-01-01 00:00:00
P2034,8,48,2024-01-01 00:00:00
P2034,9,99,2024-01-01 00:00:00
P2034,10,77,2024-01-01 00:00:00
P2035,1,100,2024-01-01 00:00:00
P2035,2,105,2024-01-01 00:00:00
P2035,3,102,2024-01-01 00:00:00
P2035,4,79,2024-01-01 00:00:00
P2035,5,101,2024-01-01 00:00:00
P2035,6,48,2024-01-01 00:00:00
P2035,7,72,2024-01-01 00:00:00
P2035,8,103,2024-01-01 00:00:00
P2035,9,87,2024-01-01 00:00:00
P2035,10,84,2024-01-01 00:00:00
P2036,1,89,2024-01-01 00:00:00
P2036,2,97,2024-01-01 00:00:00
P2036,3,102,2024-01-01 00:00:00
P2036,4,96,2024-01-01 00:00:00
P2036,5,69,2024-01-01 00:00:00
P2036,6,94,2024-01-01 00:00:00
P2036,7,86,2024-01-01 00:00:00
P2036,8,101,2024-01-01 00:00:00
P2036,9,102,2024-01-01 00:00:00
P2036,10,49,2024-01-01 00:00:00
P2037,1,101,2024-01-01 00:00:00
P2037,2,67,2024-01-01 00:00:00
P2037,3,69,2024-01-01 00:00:00
P2037,4,45,2024-01-01 00:00:00
P2037,5,91,2024-01-01 00:00:00
P2037,6,78,2024-01-01 00:00:00
P2037,7,83,2024-01-01 00:00:00
P2037,8,62,2024-01-01 00:00:00
P2037,9,105,2024-01-01 00:00:00
P2037,10,45,2024-01-01 00:00:00
P2038,1,101,2024-01-01 00:00:00
P2038,2,121,2024-01-01 00:00:00
P2038,3,141,2024-01-01 00:00:00
P2038,4,172,2024-01-01 00:00:00
P2038,5,102,2024-01-01 00:00:00
P2038,6,99,2024-01-01 00:00:00
P2038,7,95,2024-01-01 00:00:00
P2038,8,102,2024-01-01 00:00:00
P2038,9,82,2024-01-01 00:00:00
P2038,10,113,2024-01-01 00:00:00
P2039,1,64,2024-01-01 00:00:00
P2039,2,87,2024-01-01 00:00:00
P2039,3,100,2024-01-01 00:00:00
P2039,4,62,2024-01-01 00:00:00
P2039,5,78,2024-01-01 00:00:00
P2039,6,103,2024-01-01 00:00:00
P2039,7,86,2024-01-01 00:00:00
P2039,8,90,2024-01-01 00:00:00
P2039,9,46,2024-01-01 00:00:00
P2039,10,95,2024-01-01 00:00:00
P2040,1,63,2024-01-01 00:00:00
P2040,2,79,2024-01-01 00:00:00
P2040,3,61,2024-01-01 00:00:00
P2040,4,46,2024-01-01 00:00:00
P2040,5,86,2024-01-01 00:00:00
P2040,6,74,2024-01-01 00:00:00
P2040,7,67,2024-01-01 00:00:00
P2040,8,92,2024-01-01 00:00:00
P2040,9,49,2024-01-01 00:00:00
P2040,10,58,2024-01-01 00:00:00
P2041,1,59,2024-01-01 00:00:00
P2041,2,65,2024-01-01 00:00:00
P2041,3,87,2024-01-01 00:00:00
P2041,4,84,2024-01-01 00:00:00
P2041,5,64,2024-01-01 00:00:00
P2041,6,82,2024-01-01 00:00:00
P2041,7,70,2024-01-01 00:00:00
P2041,8,51,2024-01-01 00:00:00
P2041,9,45,2024-01-01 00:00:00
P2041,10,105,2024-01-01 00:00:00
P2042,1,49,2024-01-01 00:00:00
P2042,2,70,2024-01-01 00:00:00
P2042,3,66,2024-01-01 00:00:00
P2042,4,102,2024-01-01 00:00:00
P2042,5,98,2024-01-01 00:00:00
P2042,6,91,2024-01-01 00:00:00
P2042,7,80,2024-01-01 00:00:00
P2042,8,84,2024-01-01 00:00:00
P2042,9,102,2024-01-01 00:00:00
P2042,10,99,2024-01-01 00:00:00
P2043,1,53,2024-01-01 00:00:00
P2043,2,99,2024-01-01 00:00:00
P2043,3,45,2024-01-01 00:00:00
P2043,4,88,2024-01-01 00:00:00
P2043,5,80,2024-01-01 00:00:00
P2043,6,49,2024-01-01 00:00:00
P2043,7,69,2024-01-01 00:00:00
P2043,8,51,2024-01-01 00:00:00
P2043,9,70,2024-01-01 00:00:00
P2043,10,103,2024-01-01 00:00:00
P2044,1,88,2024-01-01 00:00:00
P2044,2,90,2024-01-01 00:00:00
P2044,3,95,2024-01-01 00:00:00
P2044,4,84,2024-01-01 00:00:00
P2044,5,109,2024-01-01 00:00:00
P2044,6,123,2024-01-01 00:00:00
P2044,7,118,2024-01-01 00:00:00
P2044,8,63,2024-01-01 00:00:00
P2044,9,134,2024-01-01 00:00:00
P2044,10,114,2024-01-01 00:00:00
P2045,1,47,2024-01-01 00:00:00
P2045,2,102,2024-01-01 00:00:00
P2045,3,88,2024-01-01 00:00:00
P2045,4,56,2024-01-01 00:00:00
P2045,5,67,2024-01-01 00:00:00
P2045,6,79,2024-01-01 00:00:00
P2045,7,89,2024-01-01 00:00:00
P2045,8,65,2024-01-01 00:00:00
P2045,9,99,2024-01-01 00:00:00
P2045,10,80,2024-01-01 00:00:00
P2046,1,66,2024-01-01 00:00:00
P2046,2,66,2024-01-01 00:00:00
P2046,3,79,2024-01-01 00:00:00
P2046,4,65,2024-01-01 00:00:00
P2046,5,120,2024-01-01 00:00:00
P2046,6,96,2024-01-01 00:00:00
P2046,7,127,2024-01-01 00:00:00
P2046,8,97,2024-01-01 00:00:00
P2046,9,103,2024-01-01 00:00:00
P2046,10,67,2024-01-01 00:00:00
P2047,1,97,2024-01-01 00:00:00
P2047,2,89,2024-01-01 00:00:00
P2047,3,91,2024-01-01 00:00:00
P2047,4,60,2024-01-01 00:00:00
P2047,5,103,2024-01-01 00:00:00
P2047,6,55,2024-01-01 00:00:00
P2047,7,55,2024-01-01 00:00:00
P2047,8,71,2024-01-01 00:00:00
P2047,9,61,2024-01-01 00:00:00
P2047,10,55,2024-01-01 00:00:00
P2048,1,76,2024-01-01 00:00:00
P2048,2,71,2024-01-01 00:00:00
P2048,3,97,2024-01-01 00:00:00
P2048,4,59,2024-01-01 00:00:00
P2048,5,94,2024-01-01 00:00:00
P2048,6,103,2024-01-01 00:00:00
P2048,7,78,2024-01-01 00:00:00
P2048,8,54,2024-01-01 00:00:00
P2048,9,93,2024-01-01 00:00:00
P2048,10,92,2024-01-01 00:00:00
P2049,1,91,2024-01-01 00:00:00
P2049,2,56,2024-01-01 00:00:00
P2049,3,52,2024-01-01 00:00:00
P2049,4,61,2024-01-01 00:00:00
P2049,5,52,2024-01-01 00:00:00
P2049,6,84,2024-01-01 00:00:00
P2049,7,90,2024-01-01 00:00:00
P2049,8,76,2024-01-01 00:00:00
P2049,9,55,2024-01-01 00:00:00
P2049,10,99,2024-01-01 00:00:00
P2050,1,65,2024-01-01 00:00:00
P2050,2,93,2024-01-01 00:00:00
P2050,3,47,2024-01-01 00:00:00
P2050,4,81,2024-01-01 00:00:00
P2050,5,102,2024-01-01 00:00:00
P2050,6,53,2024-01-01 00:00:00
P2050,7,62,2024-01-01 00:00:00
P2050,8,69,2024-01-01 00:00:00
P2050,9,101,2024-01-01 00:00:00
P2050,10,52,2024-01-01 00:00:00
P2051,1,50,2024-01-01 00:00:00
P2051,2,57,2024-01-01 00:00:00
P2051,3,85,2024-01-01 00:00:00
P2051,4,98,2024-01-01 00:00:00
P2051,5,105,2024-01-01 00:00:00
P2051,6,63,2024-01-01 00:00:00
P2051,7,57,2024-01-01 00:00:00
P2051,8,46,2024-01-01 00:00:00
P2051,9,94,2024-01-01 00:00:00
P2051,10,63,2024-01-01 00:00:00
P2052,1,57,2024-01-01 00:00:00
P2052,2,103,2024-01-01 00:00:00
P2052,3,83,2024-01-01 00:00:00
P2052,4,104,2024-01-01 00:00:00
P2052,5,88,2024-01-01 00:00:00
P2052,6,86,2024-01-01 00:00:00
P2052,7,64,2024-01-01 00:00:00
P2052,8,73,2024-01-01 00:00:00
P2052,9,49,2024-01-01 00:00:00
P2052,10,57,2024-01-01 00:00:00
P2053,1,74,2024-01-01 00:00:00
P2053,2,84,2024-01-01 00:00:00
P2053,3,105,2024-01-01 00:00:00
P2053,4,96,2024-01-01 00:00:00
P2053,5,47,2024-01-01 00:00:00
P2053,6,63,2024-01-01 00:00:00
P2053,7,64,2024-01-01 00:00:00
P2053,8,101,2024-01-01 00:00:00
P2053,9,88,2024-01-01 00:00:00
P2053,10,64,2024-01-01 00:00:00
P2054,1,97,2024-01-01 00:00:00
P2054,2,104,2024-01-01 00:00:00
P2054,3,58,2024-01-01 00:00:00
P2054,4,52,2024-01-01 00:00:00
P2054,5,81,2024-01-01 00:00:00
P2054,6,97,2024-01-01 00:00:00
P2054,7,68,2024-01-01 00:00:00
P2054,8,69,2024-01-01 00:00:00
P2054,9,89,2024-01-01 00:00:00
P2054,10,45,2024-01-01 00:00:00
P2055,1,94,2024-01-01 00:00:00
P2055,2,100,2024-01-01 00:00:00
P2055,3,48,2024-01-01 00:00:00
P2055,4,77,2024-01-01 00:00:00
P2055,5,82,2024-01-01 00:00:00
P2055,6,45,2024-01-01 00:00:00
P2055,7,71,2024-01-01 00:00:00
P2055,8,48,2024-01-01 00:00:00
P2055,9,58,2024-01-01 00:00:00
P2055,10,105,2024-01-01 00:00:00
P2056,1,51,2024-01-01 00:00:00
P2056,2,82,2024-01-01 00:00:00
P2056,3,62,2024-01-01 00:00:00
P2056,4,62,2024-01-01 00:00:00
P2056,5,85,2024-01-01 00:00:00
P2056,6,52,2024-01-01 00:00:00
P2056,7,70,2024-01-01 00:00:00
P2056,8,73,2024-01-01 00:00:00
P2056,9,93,2024-01-01 00:00:00
P2056,10,96,2024-01-01 00:00:00
P2057,1,89,2024-01-01 00:00:00
P2057,2,97,2024-01-01 00:00:00
P2057,3,136,2024-01-01 00:00:00
P2057,4,94,2024-01-01 00:00:00
P2057,5,58,2024-01-01 00:00:00
P2057,6,73,2024-01-01 00:00:00
P2057,7,113,2024-01-01 00:00:00
P2057,8,59,2024-01-01 00:00:00
P2057,9,66,2024-01-01 00:00:00
P2057,10,135,2024-01-01 00:00:00
P2058,1,122,2024-01-01 00:00:00
P2058,2,116,2024-01-01 00:00:00
P2058,3,61,2024-01-01 00:00:00
P2058,4,115,2024-01-01 00:00:00
P2058,5,78,2024-01-01 00:00:00
P2058,6,98,2024-01-01 00:00:00
P2058,7,80,2024-01-01 00:00:00
P2058,8,96,2024-01-01 00:00:00
P2058,9,108,2024-01-01 00:00:00
P2058,10,113,2024-01-01 00:00:00
P2059,1,95,2024-01-01 00:00:00
P2059,2,59,2024-01-01 00:00:00
P2059,3,72,2024-01-01 00:00:00
P2059,4,70,2024-01-01 00:00:00
P2059,5,57,2024-01-01 00:00:00
P2059,6,80,2024-01-01 00:00:00
P2059,7,61,2024-01-01 00:00:00
P2059,8,90,2024-01-01 00:00:00
P2059,9,97,2024-01-01 00:00:00
P2059,10,53,2024-01-01 00:00:00
P2060,1,48,2024-01-01 00:00:00
P2060,2,103,2024-01-01 00:00:00
P2060,3,59,2024-01-01 00:00:00
P2060,4,75,2024-01-01 00:00:00
P2060,5,74,2024-01-01 00:00:00
P2060,6,105,2024-01-01 00:00:00
P2060,7,74,2024-01-01 00:00:00
P2060,8,64,2024-01-01 00:00:00
P2060,9,99,2024-01-01 00:00:00
P2060,10,98,2024-01-01 00:00:00
P2061,1,67,2024-01-01 00:00:00
P2061,2,47,2024-01-01 00:00:00
P2061,3,74,2024-01-01 00:00:00
P2061,4,76,2024-01-01 00:00:00
P2061,5,77,2024-01-01 00:00:00
P2061,6,65,2024-01-01 00:00:00
P2061,7,48,2024-01-01 00:00:00
P2061,8,87,2024-01-01 00:00:00
P2061,9,64,2024-01-01 00:00:00
P2061,10,91,2024-01-01 00:00:00
P2062,1,53,2024-01-01 00:00:00
P2062,2,104,2024-01-01 00:00:00
P2062,3,74,2024-01-01 00:00:00
P2062,4,53,2024-01-01 00:00:00
P2062,5,81,2024-01-01 00:00:00
P2062,6,48,2024-01-01 00:00:00
P2062,7,68,2024-01-01 00:00:00
P2062,8,59,2024-01-01 00:00:00
P2062,9,73,2024-01-01 00:00:00
P2062,10,68,2024-01-01 00:00:00
P2063,1,48,2024-01-01 00:00:00
P2063,2,103,2024-01-01 00:00:00
P2063,3,58,2024-01-01 00:00:00
P2063,4,84,2024-01-01 00:00:00
P2063,5,59,2024-01-01 00:00:00
P2063,6,60,2024-01-01 00:00:00
P2063,7,99,2024-01-01 00:00:00
P2063,8,78,2024-01-01 00:00:00
P2063,9,79,2024-01-01 00:00:00
P2063,10,73,2024-01-01 00:00:00
P2064,1,97,2024-01-01 00:00:00
P2064,2,90,2024-01-01 00:00:00
P2064,3,104,2024-01-01 00:00:00
P2064,4,65,2024-01-01 00:00:00
P2064,5,60,2024-01-01 00:00:00
P2064,6,62,2024-01-01 00:00:00
P2064,7,95,2024-01-01 00:00:00
P2064,8,103,2024-01-01 00:00:00
P2064,9,86,2024-01-01 00:00:00
P2064,10,53,2024-01-01 00:00:00
P2065,1,70,2024-01-01 00:00:00
P2065,2,83,2024-01-01 00:00:00
P2065,3,94,2024-01-01 00:00:00
P2065,4,86,2024-01-01 00:00:00
P2065,5,62,2024-01-01 00:00:00
P2065,6,95,2024-01-01 00:00:00
P2065,7,104,2024-01-01 00:00:00
P2065,8,80,2024-01-01 00:00:00
P2065,9,96,2024-01-01 00:00:00
P2065,10,76,2024-01-01 00:00:00
P2066,1,60,2024-01-01 00:00:00
P2066,2,64,2024-01-01 00:00:00
P2066,3,99,2024-01-01 00:00:00
P2066,4,50,2024-01-01 00:00:00
P2066,5,93,2024-01-01 00:00:00
P2066,6,76,2024-01-01 00:00:00
P2066,7,92,2024-01-01 00:00:00
P2066,8,55,2024-01-01 00:00:00
P2066,9,79,2024-01-01 00:00:00
P2066,10,70,2024-01-01 00:00:00
P2067,1,69,2024-01-01 00:00:00
P2067,2,89,2024-01-01 00:00:00
P2067,3,89,2024-01-01 00:00:00
P2067,4,61,2024-01-01 00:00:00
P2067,5,90,2024-01-01 00:00:00
P2067,6,54,2024-01-01 00:00:00
P2067,7,45,2024-01-01 00:00:00
P2067,8,78,2024-01-01 00:00:00
P2067,9,63,2024-01-01 00:00:00
P2067,10,74,2024-01-01 00:00:00
P2068,1,68,2024-01-01 00:00:00
P2068,2,91,2024-01-01 00:00:00
P2068,3,59,2024-01-01 00:00:00
P2068,4,97,2024-01-01 00:00:00
P2068,5,97,2024-01-01 00:00:00
P2068,6,76,2024-01-01 00:00:00
P2068,7,48,2024-01-01 00:00:00
P2068,8,88,2024-01-01 00:00:00
P2068,9,49,2024-01-01 00:00:00
P2068,10,62,2024-01-01 00:00:00
P2069,1,59,2024-01-01 00:00:00
P2069,2,60,2024-01-01 00:00:00
P2069,3,86,2024-01-01 00:00:00
P2069,4,98,2024-01-01 00:00:00
P2069,5,78,2024-01-01 00:00:00
P2069,6,87,2024-01-01 00:00:00
P2069,7,102,2024-01-01 00:00:00
P2069,8,90,2024-01-01 00:00:00
P2069,9,72,2024-01-01 00:00:00
P2069,10,71,2024-01-01 00:00:00
P2070,1,67,2024-01-01 00:00:00
P2070,2,86,2024-01-01 00:00:00
P2070,3,47,2024-01-01 00:00:00
P2070,4,65,2024-01-01 00:00:00
P2070,5,73,2024-01-01 00:00:00
P2070,6,86,2024-01-01 00:00:00
P2070,7,61,2024-01-01 00:00:00
P2070,8,99,2024-01-01 00:00:00
P2070,9,97,2024-01-01 00:00:00
P2070,10,78,2024-01-01 00:00:00
P2071,1,53,2024-01-01 00:00:00
P2071,2,58,2024-01-01 00:00:00
P2071,3,90,2024-01-01 00:00:00
P2071,4,59,2024-01-01 00:00:00
P2071,5,85,2024-01-01 00:00:00
P2071,6,64,2024-01-01 00:00:00
P2071,7,95,2024-01-01 00:00:00
P2071,8,85,2024-01-01 00:00:00
P2071,9,48,2024-01-01 00:00:00
P2071,10,59,2024-01-01 00:00:00
P2072,1,67,2024-01-01 00:00:00
P2072,2,64,2024-01-01 00:00:00
P2072,3,99,2024-01-01 00:00:00
P2072,4,49,2024-01-01 00:00:00
P2072,5,94,2024-01-01 00:00:00
P2072,6,95,2024-01-01 00:00:00
P2072,7,100,2024-01-01 00:00:00
P2072,8,86,2024-01-01 00:00:00
P2072,9,48,2024-01-01 00:00:00
P2072,10,49,2024-01-01 00:00:00
P2073,1,56,2024-01-01 00:00:00
P2073,2,100,2024-01-01 00:00:00
P2073,3,67,2024-01-01 00:00:00
P2073,4,83,2024-01-01 00:00:00
P2073,5,105,2024-01-01 00:00:00
P2073,6,68,2024-01-01 00:00:00
P2073,7,63,2024-01-01 00:00:00
P2073,8,89,2024-01-01 00:00:00
P2073,9,48,2024-01-01 00:00:00
P2073,10,86,2024-01-01 00:00:00
P2074,1,78,2024-01-01 00:00:00
P2074,2,92,2024-01-01 00:00:00
P2074,3,82,2024-01-01 00:00:00
P2074,4,68,2024-01-01 00:00:00
P2074,5,45,2024-01-01 00:00:00
P2074,6,71,2024-01-01 00:00:00
P2074,7,77,2024-01-01 00:00:00
P2074,8,62,2024-01-01 00:00:00
P2074,9,52,2024-01-01 00:00:00
P2074,10,82,2024-01-01 00:00:00
P2075,1,74,2024-01-01 00:00:00
P2075,2,78,2024-01-01 00:00:00
P2075,3,61,2024-01-01 00:00:00
P2075,4,108,2024-01-01 00:00:00
P2075,5,65,2024-01-01 00:00:00
P2075,6,65,2024-01-01 00:00:00
P2075,7,84,2024-01-01 00:00:00
P2075,8,82,2024-01-01 00:00:00
P2075,9,75,2024-01-01 00:00:00
P2075,10,61,2024-01-01 00:00:00
P2076,1,63,2024-01-01 00:00:00
P2076,2,50,2024-01-01 00:00:00
P2076,3,105,2024-01-01 00:00:00
P2076,4,82,2024-01-01 00:00:00
P2076,5,59,2024-01-01 00:00:00
P2076,6,69,2024-01-01 00:00:00
P2076,7,105,2024-01-01 00:00:00
P2076,8,96,2024-01-01 00:00:00
P2076,9,53,2024-01-01 00:00:00
P2076,10,55,2024-01-01 00:00:00
P2077,1,96,2024-01-01 00:00:00
P2077,2,90,2024-01-01 00:00:00
P2077,3,103,2024-01-01 00:00:00
P2077,4,60,2024-01-01 00:00:00
P2077,5,90,2024-01-01 00:00:00
P2077,6,69,2024-01-01 00:00:00
P2077,7,54,2024-01-01 00:00:00
P2077,8,96,2024-01-01 00:00:00
P2077,9,54,2024-01-01 00:00:00
P2077,10,74,2024-01-01 00:00:00
P2078,1,113,2024-01-01 00:00:00
P2078,2,63,2024-01-01 00:00:00
P2078,3,133,2024-01-01 00:00:00
P2078,4,128,2024-01-01 00:00:00
P2078,5,137,2024-01-01 00:00:00
P2078,6,89,2024-01-01 00:00:00
P2078,7,124,2024-01-01 00:00:00
P2078,8,115,2024-01-01 00:00:00
P2078,9,88,2024-01-01 00:00:00
P2078,10,114,2024-01-01 00:00:00
P2079,1,59,2024-01-01 00:00:00
P2079,2,70,2024-01-01 00:00:00
P2079,3,63,2024-01-01 00:00:00
P2079,4,96,2024-01-01 00:00:00
P2079,5,60,2024-01-01 00:00:00
P2079,6,53,2024-01-01 00:00:00
P2079,7,111,2024-01-01 00:00:00
P2079,8,72,2024-01-01 00:00:00
P2079,9,102,2024-01-01 00:00:00
P2079,10,92,2024-01-01 00:00:00
P2080,1,102,2024-01-01 00:00:00
P2080,2,102,2024-01-01 00:00:00
P2080,3,57,2024-01-01 00:00:00
P2080,4,93,2024-01-01 00:00:00
P2080,5,53,2024-01-01 00:00:00
P2080,6,90,2024-01-01 00:00:00
P2080,7,53,2024-01-01 00:00:00
P2080,8,73,2024-01-01 00:00:00
P2080,9,65,2024-01-01 00:00:00
P2080,10,59,2024-01-01 00:00:00
P2081,1,59,2024-01-01 00:00:00
P2081,2,76,2024-01-01 00:00:00
P2081,3,121,2024-01-01 00:00:00
P2081,4,83,2024-01-01 00:00:00
P2081,5,80,2024-01-01 00:00:00
P2081,6,129,2024-01-01 00:00:00
P2081,7,120,2024-01-01 00:00:00
P2081,8,107,2024-01-01 00:00:00
P2081,9,115,2024-01-01 00:00:00
P2081,10,80,2024-01-01 00:00:00
P2082,1,73,2024-01-01 00:00:00
P2082,2,114,2024-01-01 00:00:00
P2082,3,50,2024-01-01 00:00:00
P2082,4,82,2024-01-01 00:00:00
P2082,5,81,2024-01-01 00:00:00
P2082,6,76,2024-01-01 00:00:00
P2082,7,94,2024-01-01 00:00:00
P2082,8,82,2024-01-01 00:00:00
P2082,9,67,2024-01-01 00:00:00
P2082,10,59,2024-01-01 00:00:00
P2083,1,72,2024-01-01 00:00:00
P2083,2,55,2024-01-01 00:00:00
P2083,3,85,2024-01-01 00:00:00
P2083,4,74,2024-01-01 00:00:00
P2083,5,71,2024-01-01 00:00:00
P2083,6,51,2024-01-01 00:00:00
P2083,7,67,2024-01-01 00:00:00
P2083,8,47,2024-01-01 00:00:00
P2083,9,95,2024-01-01 00:00:00
P2083,10,94,2024-01-01 00:00:00
P2084,1,99,2024-01-01 00:00:00
P2084,2,105,2024-01-01 00:00:00
P2084,3,90,2024-01-01 00:00:00
P2084,4,106,2024-01-01 00:00:00
P2084,5,62,2024-01-01 00:00:00
P2084,6,73,2024-01-01 00:00:00
P2084,7,98,2024-01-01 00:00:00
P2084,8,70,2024-01-01 00:00:00
P2084,9,124,2024-01-01 00:00:00
P2084,10,119,2024-01-01 00:00:00
P2085,1,107,2024-01-01 00:00:00
P2085,2,100,2024-01-01 00:00:00
P2085,3,102,2024-01-01 00:00:00
P2085,4,77,2024-01-01 00:00:00
P2085,5,60,2024-01-01 00:00:00
P2085,6,137,2024-01-01 00:00:00
P2085,7,93,2024-01-01 00:00:00
P2085,8,86,2024-01-01 00:00:00
P2085,9,112,2024-01-01 00:00:00
P2085,10,97,2024-01-01 00:00:00
P2086,1,66,2024-01-01 00:00:00
P2086,2,57,2024-01-01 00:00:00
P2086,3,64,2024-01-01 00:00:00
P2086,4,57,2024-01-01 00:00:00
P2086,5,65,2024-01-01 00:00:00
P2086,6,61,2024-01-01 00:00:00
P2086,7,72,2024-01-01 00:00:00
P2086,8,66,2024-01-01 00:00:00
P2086,9,95,2024-01-01 00:00:00
P2086,10,78,2024-01-01 00:00:00
P2087,1,73,2024-01-01 00:00:00
P2087,2,71,2024-01-01 00:00:00
P2087,3,56,2024-01-01 00:00:00
P2087,4,61,2024-01-01 00:00:00
P2087,5,54,2024-01-01 00:00:00
P2087,6,76,2024-01-01 00:00:00
P2087,7,64,2024-01-01 00:00:00
P2087,8,66,2024-01-01 00:00:00
P2087,9,92,2024-01-01 00:00:00
P2087,10,96,2024-01-01 00:00:00
P2088,1,56,2024-01-01 00:00:00
P2088,2,84,2024-01-01 00:00:00
P2088,3,71,2024-01-01 00:00:00
P2088,4,78,2024-01-01 00:00:00
P2088,5,89,2024-01-01 00:00:00
P2088,6,55,2024-01-01 00:00:00
P2088,7,112,2024-01-01 00:00:00
P2088,8,78,2024-01-01 00:00:00
P2088,9,82,2024-01-01 00:00:00
P2088,10,88,2024-01-01 00:00:00
P2089,1,74,2024-01-01 00:00:00
P2089,2,131,2024-01-01 00:00:00
P2089,3,70,2024-01-01 00:00:00
P2089,4,99,2024-01-01 00:00:00
P2089,5,86,2024-01-01 00:00:00
P2089,6,60,2024-01-01 00:00:00
P2089,7,80,2024-01-01 00:00:00
P2089,8,78,2024-01-01 00:00:00
P2089,9,87,2024-01-01 00:00:00
P2089,10,104,2024-01-01 00:00:00
P2090,1,110,2024-01-01 00:00:00
P2090,2,99,2024-01-01 00:00:00
P2090,3,55,2024-01-01 00:00:00
P2090,4,120,2024-01-01 00:00:00
P2090,5,58,2024-01-01 00:00:00
P2090,6,80,2024-01-01 00:00:00
P2090,7,102,2024-01-01 00:00:00
P2090,8,116,2024-01-01 00:00:00
P2090,9,102,2024-01-01 00:00:00
P2090,10,65,2024-01-01 00:00:00
P2091,1,90,2024-01-01 00:00:00
P2091,2,76,2024-01-01 00:00:00
P2091,3,147,2024-01-01 00:00:00
P2091,4,107,2024-01-01 00:00:00
P2091,5,156,2024-01-01 00:00:00
P2091,6,148,2024-01-01 00:00:00
P2091,7,87,2024-01-01 00:00:00
P2091,8,73,2024-01-01 00:00:00
P2091,9,134,2024-01-01 00:00:00
P2091,10,76,2024-01-01 00:00:00
P2092,1,78,2024-01-01 00:00:00
P2092,2,58,2024-01-01 00:00:00
P2092,3,77,2024-01-01 00:00:00
P2092,4,84,2024-01-01 00:00:00
P2092,5,73,2024-01-01 00:00:00
P2092,6,71,2024-01-01 00:00:00
P2092,7,100,2024-01-01 00:00:00
P2092,8,52,2024-01-01 00:00:00
P2092,9,63,2024-01-01 00:00:00
P2092,10,44,2024-01-01 00:00:00
P2093,1,102,2024-01-01 00:00:00
P2093,2,69,2024-01-01 00:00:00
P2093,3,82,2024-01-01 00:00:00
P2093,4,111,2024-01-01 00:00:00
P2093,5,78,2024-01-01 00:00:00
P2093,6,50,2024-01-01 00:00:00
P2093,7,93,2024-01-01 00:00:00
P2093,8,71,2024-01-01 00:00:00
P2093,9,92,2024-01-01 00:00:00
P2093,10,99,2024-01-01 00:00:00
P2094,1,70,2024-01-01 00:00:00
P2094,2,84,2024-01-01 00:00:00
P2094,3,119,2024-01-01 00:00:00
P2094,4,81,2024-01-01 00:00:00
P2094,5,104,2024-01-01 00:00:00
P2094,6,124,2024-01-01 00:00:00
P2094,7,68,2024-01-01 00:00:00
P2094,8,79,2024-01-01 00:00:00
P2094,9,76,2024-01-01 00:00:00
P2094,10,110,2024-01-01 00:00:00
P2095,1,97,2024-01-01 00:00:00
P2095,2,103,2024-01-01 00:00:00
P2095,3,121,2024-01-01 00:00:00
P2095,4,97,2024-01-01 00:00:00
P2095,5,77,2024-01-01 00:00:00
P2095,6,81,2024-01-01 00:00:00
P2095,7,68,2024-01-01 00:00:00
P2095,8,101,2024-01-01 00:00:00
P2095,9,85,2024-01-01 00:00:00
P2095,10,64,2024-01-01 00:00:00
P2096,1,56,2024-01-01 00:00:00
P2096,2,93,2024-01-01 00:00:00
P2096,3,83,2024-01-01 00:00:00
P2096,4,58,2024-01-01 00:00:00
P2096,5,112,2024-01-01 00:00:00
P2096,6,113,2024-01-01 00:00:00
P2096,7,125,2024-01-01 00:00:00
P2096,8,118,2024-01-01 00:00:00
P2096,9,81,2024-01-01 00:00:00
P2096,10,93,2024-01-01 00:00:00
P2097,1,123,2024-01-01 00:00:00
P2097,2,138,2024-01-01 00:00:00
P2097,3,88,2024-01-01 00:00:00
P2097,4,133,2024-01-01 00:00:00
P2097,5,120,2024-01-01 00:00:00
P2097,6,78,2024-01-01 00:00:00
P2097,7,84,2024-01-01 00:00:00
P2097,8,159,2024-01-01 00:00:00
P2097,9,85,2024-01-01 00:00:00
P2097,10,156,2024-01-01 00:00:00
P2098,1,130,2024-01-01 00:00:00
P2098,2,100,2024-01-01 00:00:00
P2098,3,95,2024-01-01 00:00:00
P2098,4,99,2024-01-01 00:00:00
P2098,5,83,2024-01-01 00:00:00
P2098,6,64,2024-01-01 00:00:00
P2098,7,63,2024-01-01 00:00:00
P2098,8,113,2024-01-01 00:00:00
P2098,9,121,2024-01-01 00:00:00
P2098,10,114,2024-01-01 00:00:00
P2099,1,102,2024-01-01 00:00:00
P2099,2,48,2024-01-01 00:00:00
P2099,3,68,2024-01-01 00:00:00
P2099,4,66,2024-01-01 00:00:00
P2099,5,63,2024-01-01 00:00:00
P2099,6,49,2024-01-01 00:00:00
P2099,7,54,2024-01-01 00:00:00
P2099,8,101,2024-01-01 00:00:00
P2099,9,57,2024-01-01 00:00:00
P2099,10,98,2024-01-01 00:00:00
P2100,1,82,2024-01-01 00:00:00
P2100,2,68,2024-01-01 00:00:00
P2100,3,78,2024-01-01 00:00:00
P2100,4,48,2024-01-01 00:00:00
P2100,5,95,2024-01-01 00:00:00
P2100,6,65,2024-01-01 00:00:00
P2100,7,96,2024-01-01 00:00:00
P2100,8,56,2024-01-01 00:00:00
P2100,9,72,2024-01-01 00:00:00
P2100,10,95,2024-01-01 00:00:00
P2101,1,75,2024-01-01 00:00:00
P2101,2,45,2024-01-01 00:00:00
P2101,3,49,2024-01-01 00:00:00
P2101,4,52,2024-01-01 00:00:00
P2101,5,57,2024-01-01 00:00:00
P2101,6,100,2024-01-01 00:00:00
P2101,7,91,2024-01-01 00:00:00
P2101,8,83,2024-01-01 00:00:00
P2101,9,97,2024-01-01 00:00:00
P2101,10,56,2024-01-01 00:00:00
P2102,1,50,2024-01-01 00:00:00
P2102,2,47,2024-01-01 00:00:00
P2102,3,98,2024-01-01 00:00:00
P2102,4,54,2024-01-01 00:00:00
P2102,5,66,2024-01-01 00:00:00
P2102,6,54,2024-01-01 00:00:00
P2102,7,79,2024-01-01 00:00:00
P2102,8,99,2024-01-01 00:00:00
P2102,9,94,2024-01-01 00:00:00
P2102,10,99,2024-01-01 00:00:00
P2103,1,84,2024-01-01 00:00:00
P2103,2,77,2024-01-01 00:00:00
P2103,3,73,2024-01-01 00:00:00
P2103,4,71,2024-01-01 00:00:00
P2103,5,69,2024-01-01 00:00:00
P2103,6,94,2024-01-01 00:00:00
P2103,7,65,2024-01-01 00:00:00
P2103,8,91,2024-01-01 00:00:00
P2103,9,85,2024-01-01 00:00:00
P2103,10,53,2024-01-01 00:00:00
P2104,1,75,2024-01-01 00:00:00
P2104,2,48,2024-01-01 00:00:00
P2104,3,87,2024-01-01 00:00:00
P2104,4,103,2024-01-01 00:00:00
P2104,5,89,2024-01-01 00:00:00
P2104,6,92,2024-01-01 00:00:00
P2104,7,104,2024-01-01 00:00:00
P2104,8,70,2024-01-01 00:00:00
P2104,9,64,2024-01-01 00:00:00
P2104,10,78,2024-01-01 00:00:00
P2105,1,66,2024-01-01 00:00:00
P2105,2,144,2024-01-01 00:00:00
P2105,3,79,2024-01-01 00:00:00
P2105,4,77,2024-01-01 00:00:00
P2105,5,67,2024-01-01 00:00:00
P2105,6,123,2024-01-01 00:00:00
P2105,7,107,2024-01-01 00:00:00
P2105,8,74,2024-01-01 00:00:00
P2105,9,80,2024-01-01 00:00:00
P2105,10,143,2024-01-01 00:00:00
P2106,1,82,2024-01-01 00:00:00
P2106,2,90,2024-01-01 00:00:00
P2106,3,118,2024-01-01 00:00:00
P2106,4,144,2024-01-01 00:00:00
P2106,5,134,2024-01-01 00:00:00
P2106,6,119,2024-01-01 00:00:00
P2106,7,117,2024-01-01 00:00:00
P2106,8,157,2024-01-01 00:00:00
P2106,9,128,2024-01-01 00:00:00
P2106,10,76,2024-01-01 00:00:00
P2107,1,92,2024-01-01 00:00:00
P2107,2,137,2024-01-01 00:00:00
P2107,3,86,2024-01-01 00:00:00
P2107,4,86,2024-01-01 00:00:00
P2107,5,131,2024-01-01 00:00:00
P2107,6,75,2024-01-01 00:00:00
P2107,7,67,2024-01-01 00:00:00
P2107,8,105,2024-01-01 00:00:00
P2107,9,93,2024-01-01 00:00:00
P2107,10,64,2024-01-01 00:00:00
P2108,1,170,2024-01-01 00:00:00
P2108,2,115,2024-01-01 00:00:00
P2108,3,122,2024-01-01 00:00:00
P2108,4,171,2024-01-01 00:00:00
P2108,5,175,2024-01-01 00:00:00
P2108,6,112,2024-01-01 00:00:00
P2108,7,173,2024-01-01 00:00:00
P2108,8,96,2024-01-01 00:00:00
P2108,9,110,2024-01-01 00:00:00
P2108,10,142,2024-01-01 00:00:00
P2109,1,78,2024-01-01 00:00:00
P2109,2,145,2024-01-01 00:00:00
P2109,3,161,2024-01-01 00:00:00
P2109,4,159,2024-01-01 00:00:00
P2109,5,157,2024-01-01 00:00:00
P2109,6,81,2024-01-01 00:00:00
P2109,7,102,2024-01-01 00:00:00
P2109,8,111,2024-01-01 00:00:00
P2109,9,119,2024-01-01 00:00:00
P2109,10,124,2024-01-01 00:00:00
P2110,1,90,2024-01-01 00:00:00
P2110,2,44,2024-01-01 00:00:00
P2110,3,55,2024-01-01 00:00:00
P2110,4,61,2024-01-01 00:00:00
P2110,5,94,2024-01-01 00:00:00
P2110,6,56,2024-01-01 00:00:00
P2110,7,80,2024-01-01 00:00:00
P2110,8,69,2024-01-01 00:00:00
P2110,9,47,2024-01-01 00:00:00
P2110,10,67,2024-01-01 00:00:00
P2111,1,27,2024-01-01 00:00:00
P2111,2,59,2024-01-01 00:00:00
P2111,3,60,2024-01-01 00:00:00
P2111,4,34,2024-01-01 00:00:00
P2111,5,59,2024-01-01 00:00:00
P2111,6,30,2024-01-01 00:00:00
P2111,7,44,2024-01-01 00:00:00
P2111,8,60,2024-01-01 00:00:00
P2111,9,27,2024-01-01 00:00:00
P2111,10,32,2024-01-01 00:00:00
P2112,1,19,2024-01-01 00:00:00
P2112,2,32,2024-01-01 00:00:00
P2112,3,42,2024-01-01 00:00:00
P2112,4,35,2024-01-01 00:00:00
P2112,5,27,2024-01-01 00:00:00
P2112,6,23,2024-01-01 00:00:00
P2112,7,18,2024-01-01 00:00:00
P2112,8,27,2024-01-01 00:00:00
P2112,9,27,2024-01-01 00:00:00
P2112,10,42,2024-01-01 00:00:00
P2113,1,28,2024-01-01 00:00:00
P2113,2,36,2024-01-01 00:00:00
P2113,3,27,2024-01-01 00:00:00
P2113,4,16,2024-01-01 00:00:00
P2113,5,16,2024-01-01 00:00:00
P2113,6,22,2024-01-01 00:00:00
P2113,7,26,2024-01-01 00:00:00
P2113,8,29,2024-01-01 00:00:00
P2113,9,24,2024-01-01 00:00:00
P2113,10,38,2024-01-01 00:00:00
P2114,1,79,2024-01-01 00:00:00
P2114,2,56,2024-01-01 00:00:00
P2114,3,55,2024-01-01 00:00:00
P2114,4,82,2024-01-01 00:00:00
P2114,5,102,2024-01-01 00:00:00
P2114,6,55,2024-01-01 00:00:00
P2114,7,56,2024-01-01 00:00:00
P2114,8,60,2024-01-01 00:00:00
P2114,9,51,2024-01-01 00:00:00
P2114,10,105,2024-01-01 00:00:00
P2115,1,81,2024-01-01 00:00:00
P2115,2,95,2024-01-01 00:00:00
P2115,3,51,2024-01-01 00:00:00
P2115,4,83,2024-01-01 00:00:00
P2115,5,68,2024-01-01 00:00:00
P2115,6,97,2024-01-01 00:00:00
P2115,7,85,2024-01-01 00:00:00
P2115,8,64,2024-01-01 00:00:00
P2115,9,53,2024-01-01 00:00:00
P2115,10,63,2024-01-01 00:00:00
P2116,1,91,2024-01-01 00:00:00
P2116,2,54,2024-01-01 00:00:00
P2116,3,48,2024-01-01 00:00:00
P2116,4,66,2024-01-01 00:00:00
P2116,5,74,2024-01-01 00:00:00
P2116,6,76,2024-01-01 00:00:00
P2116,7,73,2024-01-01 00:00:00
P2116,8,104,2024-01-01 00:00:00
P2116,9,81,2024-01-01 00:00:00
P2116,10,59,2024-01-01 00:00:00
P2117,1,50,2024-01-01 00:00:00
P2117,2,100,2024-01-01 00:00:00
P2117,3,45,2024-01-01 00:00:00
P2117,4,97,2024-01-01 00:00:00
P2117,5,95,2024-01-01 00:00:00
P2117,6,59,2024-01-01 00:00:00
P2117,7,59,2024-01-01 00:00:00
P2117,8,81,2024-01-01 00:00:00
P2117,9,47,2024-01-01 00:00:00
P2117,10,96,2024-01-01 00:00:00
P2118,1,69,2024-01-01 00:00:00
P2118,2,45,2024-01-01 00:00:00
P2118,3,55,2024-01-01 00:00:00
P2118,4,67,2024-01-01 00:00:00
P2118,5,97,2024-01-01 00:00:00
P2118,6,72,2024-01-01 00:00:00
P2118,7,73,2024-01-01 00:00:00
P2118,8,87,2024-01-01 00:00:00
P2118,9,50,2024-01-01 00:00:00
P2118,10,100,2024-01-01 00:00:00
P2119,1,98,2024-01-01 00:00:00
P2119,2,75,2024-01-01 00:00:00
P2119,3,96,2024-01-01 00:00:00
P2119,4,64,2024-01-01 00:00:00
P2119,5,66,2024-01-01 00:00:00
P2119,6,83,2024-01-01 00:00:00
P2119,7,99,2024-01-01 00:00:00
P2119,8,93,2024-01-01 00:00:00
P2119,9,73,2024-01-01 00:00:00
P2119,10,82,2024-01-01 00:00:00
P2120,1,81,2024-01-01 00:00:00
P2120,2,103,2024-01-01 00:00:00
P2120,3,61,2024-01-01 00:00:00
P2120,4,74,2024-01-01 00:00:00
P2120,5,45,2024-01-01 00:00:00
P2120,6,48,2024-01-01 00:00:00
P2120,7,100,2024-01-01 00:00:00
P2120,8,47,2024-01-01 00:00:00
P2120,9,84,2024-01-01 00:00:00
P2120,10,62,2024-01-01 00:00:00
P2121,1,85,2024-01-01 00:00:00
P2121,2,104,2024-01-01 00:00:00
P2121,3,73,2024-01-01 00:00:00
P2121,4,73,2024-01-01 00:00:00
P2121,5,75,2024-01-01 00:00:00
P2121,6,80,2024-01-01 00:00:00
P2121,7,69,2024-01-01 00:00:00
P2121,8,71,2024-01-01 00:00:00
P2121,9,65,2024-01-01 00:00:00
P2121,10,71,2024-01-01 00:00:00
P2122,1,78,2024-01-01 00:00:00
P2122,2,100,2024-01-01 00:00:00
P2122,3,75,2024-01-01 00:00:00
P2122,4,68,2024-01-01 00:00:00
P2122,5,96,2024-01-01 00:00:00
P2122,6,52,2024-01-01 00:00:00
P2122,7,67,2024-01-01 00:00:00
P2122,8,88,2024-01-01 00:00:00
P2122,9,78,2024-01-01 00:00:00
P2122,10,45,2024-01-01 00:00:00
P2123,1,46,2024-01-01 00:00:00
P2123,2,86,2024-01-01 00:00:00
P2123,3,91,2024-01-01 00:00:00
P2123,4,100,2024-01-01 00:00:00
P2123,5,56,2024-01-01 00:00:00
P2123,6,61,2024-01-01 00:00:00
P2123,7,100,2024-01-01 00:00:00
P2123,8,97,2024-01-01 00:00:00
P2123,9,73,2024-01-01 00:00:00
P2123,10,98,2024-01-01 00:00:00
P2124,1,64,2024-01-01 00:00:00
P2124,2,99,2024-01-01 00:00:00
P2124,3,66,2024-01-01 00:00:00
P2124,4,87,2024-01-01 00:00:00
P2124,5,76,2024-01-01 00:00:00
P2124,6,49,2024-01-01 00:00:00
P2124,7,86,2024-01-01 00:00:00
P2124,8,52,2024-01-01 00:00:00
P2124,9,68,2024-01-01 00:00:00
P2124,10,54,2024-01-01 00:00:00
P2125,1,68,2024-01-01 00:00:00
P2125,2,79,2024-01-01 00:00:00
P2125,3,69,2024-01-01 00:00:00
P2125,4,63,2024-01-01 00:00:00
P2125,5,75,2024-01-01 00:00:00
P2125,6,104,2024-01-01 00:00:00
P2125,7,49,2024-01-01 00:00:00
P2125,8,68,2024-01-01 00:00:00
P2125,9,48,2024-01-01 00:00:00
P2125,10,78,2024-01-01 00:00:00
P2126,1,100,2024-01-01 00:00:00
P2126,2,80,2024-01-01 00:00:00
P2126,3,53,2024-01-01 00:00:00
P2126,4,104,2024-01-01 00:00:00
P2126,5,105,2024-01-01 00:00:00
P2126,6,91,2024-01-01 00:00:00
P2126,7,45,2024-01-01 00:00:00
P2126,8,101,2024-01-01 00:00:00
P2126,9,94,2024-01-01 00:00:00
P2126,10,68,2024-01-01 00:00:00
P2127,1,74,2024-01-01 00:00:00
P2127,2,65,2024-01-01 00:00:00
P2127,3,75,2024-01-01 00:00:00
P2127,4,87,2024-01-01 00:00:00
P2127,5,80,2024-01-01 00:00:00
P2127,6,82,2024-01-01 00:00:00
P2127,7,52,2024-01-01 00:00:00
P2127,8,103,2024-01-01 00:00:00
P2127,9,58,2024-01-01 00:00:00
P2127,10,50,2024-01-01 00:00:00
P2128,1,93,2024-01-01 00:00:00
P2128,2,47,2024-01-01 00:00:00
P2128,3,76,2024-01-01 00:00:00
P2128,4,74,2024-01-01 00:00:00
P2128,5,99,2024-01-01 00:00:00
P2128,6,101,2024-01-01 00:00:00
P2128,7,59,2024-01-01 00:00:00
P2128,8,64,2024-01-01 00:00:00
P2128,9,83,2024-01-01 00:00:00
P2128,10,58,2024-01-01 00:00:00
P2129,1,81,2024-01-01 00:00:00
P2129,2,66,2024-01-01 00:00:00
P2129,3,93,2024-01-01 00:00:00
P2129,4,71,2024-01-01 00:00:00
P2129,5,90,2024-01-01 00:00:00
P2129,6,100,2024-01-01 00:00:00
P2129,7,53,2024-01-01 00:00:00
P2129,8,104,2024-01-01 00:00:00
P2129,9,54,2024-01-01 00:00:00
P2129,10,95,2024-01-01 00:00:00
P2130,1,75,2024-01-01 00:00:00
P2130,2,94,2024-01-01 00:00:00
P2130,3,102,2024-01-01 00:00:00
P2130,4,45,2024-01-01 00:00:00
P2130,5,73,2024-01-01 00:00:00
P2130,6,62,2024-01-01 00:00:00
P2130,7,83,2024-01-01 00:00:00
P2130,8,60,2024-01-01 00:00:00
P2130,9,90,2024-01-01 00:00:00
P2130,10,52,2024-01-01 00:00:00
P2131,1,50,2024-01-01 00:00:00
P2131,2,51,2024-01-01 00:00:00
P2131,3,45,2024-01-01 00:00:00
P2131,4,91,2024-01-01 00:00:00
P2131,5,69,2024-01-01 00:00:00
P2131,6,83,2024-01-01 00:00:00
P2131,7,102,2024-01-01 00:00:00
P2131,8,46,2024-01-01 00:00:00
P2131,9,97,2024-01-01 00:00:00
P2131,10,47,2024-01-01 00:00:00
P2132,1,104,2024-01-01 00:00:00
P2132,2,55,2024-01-01 00:00:00
P2132,3,67,2024-01-01 00:00:00
P2132,4,53,2024-01-01 00:00:00
P2132,5,85,2024-01-01 00:00:00
P2132,6,58,2024-01-01 00:00:00
P2132,7,52,2024-01-01 00:00:00
P2132,8,84,2024-01-01 00:00:00
P2132,9,89,2024-01-01 00:00:00
P2132,10,99,2024-01-01 00:00:00
P2133,1,105,2024-01-01 00:00:00
P2133,2,62,2024-01-01 00:00:00
P2133,3,105,2024-01-01 00:00:00
P2133,4,79,2024-01-01 00:00:00
P2133,5,49,2024-01-01 00:00:00
P2133,6,92,2024-01-01 00:00:00
P2133,7,92,2024-01-01 00:00:00
P2133,8,92,2024-01-01 00:00:00
P2133,9,72,2024-01-01 00:00:00
P2133,10,67,2024-01-01 00:00:00
P2134,1,62,2024-01-01 00:00:00
P2134,2,84,2024-01-01 00:00:00
P2134,3,89,2024-01-01 00:00:00
P2134,4,93,2024-01-01 00:00:00
P2134,5,95,2024-01-01 00:00:00
P2134,6,63,2024-01-01 00:00:00
P2134,7,82,2024-01-01 00:00:00
P2134,8,57,2024-01-01 00:00:00
P2134,9,97,2024-01-01 00:00:00
P2134,10,78,2024-01-01 00:00:00
P2135,1,52,2024-01-01 00:00:00
P2135,2,77,2024-01-01 00:00:00
P2135,3,48,2024-01-01 00:00:00
P2135,4,95,2024-01-01 00:00:00
P2135,5,80,2024-01-01 00:00:00
P2135,6,60,2024-01-01 00:00:00
P2135,7,72,2024-01-01 00:00:00
P2135,8,83,2024-01-01 00:00:00
P2135,9,87,2024-01-01 00:00:00
P2135,10,73,2024-01-01 00:00:00
P2136,1,88,2024-01-01 00:00:00
P2136,2,64,2024-01-01 00:00:00
P2136,3,74,2024-01-01 00:00:00
P2136,4,94,2024-01-01 00:00:00
P2136,5,84,2024-01-01 00:00:00
P2136,6,81,2024-01-01 00:00:00
P2136,7,68,2024-01-01 00:00:00
P2136,8,69,2024-01-01 00:00:00
P2136,9,71,2024-01-01 00:00:00
P2136,10,99,2024-01-01 00:00:00
P2137,1,55,2024-01-01 00:00:00
P2137,2,68,2024-01-01 00:00:00
P2137,3,88,2024-01-01 00:00:00
P2137,4,78,2024-01-01 00:00:00
P2137,5,86,2024-01-01 00:00:00
P2137,6,86,2024-01-01 00:00:00
P2137,7,89,2024-01-01 00:00:00
P2137,8,63,2024-01-01 00:00:00
P2137,9,72,2024-01-01 00:00:00
P2137,10,72,2024-01-01 00:00:00
P2138,1,56,2024-01-01 00:00:00
P2138,2,59,2024-01-01 00:00:00
P2138,3,95,2024-01-01 00:00:00
P2138,4,77,2024-01-01 00:00:00
P2138,5,99,2024-01-01 00:00:00
P2138,6,57,2024-01-01 00:00:00
P2138,7,85,2024-01-01 00:00:00
P2138,8,62,2024-01-01 00:00:00
P2138,9,65,2024-01-01 00:00:00
P2138,10,93,2024-01-01 00:00:00
P2139,1,67,2024-01-01 00:00:00
P2139,2,60,2024-01-01 00:00:00
P2139,3,69,2024-01-01 00:00:00
P2139,4,95,2024-01-01 00:00:00
P2139,5,50,2024-01-01 00:00:00
P2139,6,101,2024-01-01 00:00:00
P2139,7,98,2024-01-01 00:00:00
P2139,8,52,2024-01-01 00:00:00
P2139,9,84,2024-01-01 00:00:00
P2139,10,77,2024-01-01 00:00:00
P2140,1,67,2024-01-01 00:00:00
P2140,2,47,2024-01-01 00:00:00
P2140,3,64,2024-01-01 00:00:00
P2140,4,47,2024-01-01 00:00:00
P2140,5,65,2024-01-01 00:00:00
P2140,6,97,2024-01-01 00:00:00
P2140,7,62,2024-01-01 00:00:00
P2140,8,93,2024-01-01 00:00:00
P2140,9,68,2024-01-01 00:00:00
P2140,10,77,2024-01-01 00:00:00
P2141,1,59,2024-01-01 00:00:00
P2141,2,99,2024-01-01 00:00:00
P2141,3,60,2024-01-01 00:00:00
P2141,4,66,2024-01-01 00:00:00
P2141,5,85,2024-01-01 00:00:00
P2141,6,59,2024-01-01 00:00:00
P2141,7,52,2024-01-01 00:00:00
P2141,8,98,2024-01-01 00:00:00
P2141,9,61,2024-01-01 00:00:00
P2141,10,50,2024-01-01 00:00:00
P2142,1,74,2024-01-01 00:00:00
P2142,2,54,2024-01-01 00:00:00
P2142,3,50,2024-01-01 00:00:00
P2142,4,51,2024-01-01 00:00:00
P2142,5,87,2024-01-01 00:00:00
P2142,6,46,2024-01-01 00:00:00
P2142,7,58,2024-01-01 00:00:00
P2142,8,73,2024-01-01 00:00:00
P2142,9,60,2024-01-01 00:00:00
P2142,10,54,2024-01-01 00:00:00
P2143,1,105,2024-01-01 00:00:00
P2143,2,59,2024-01-01 00:00:00
P2143,3,68,2024-01-01 00:00:00
P2143,4,88,2024-01-01 00:00:00
P2143,5,72,2024-01-01 00:00:00
P2143,6,96,2024-01-01 00:00:00
P2143,7,66,2024-01-01 00:00:00
P2143,8,45,2024-01-01 00:00:00
P2143,9,50,2024-01-01 00:00:00
P2143,10,52,2024-01-01 00:00:00
P2144,1,86,2024-01-01 00:00:00
P2144,2,103,2024-01-01 00:00:00
P2144,3,89,2024-01-01 00:00:00
P2144,4,131,2024-01-01 00:00:00
P2144,5,140,2024-01-01 00:00:00
P2144,6,67,2024-01-01 00:00:00
P2144,7,135,2024-01-01 00:00:00
P2144,8,145,2024-01-01 00:00:00
P2144,9,139,2024-01-01 00:00:00
P2144,10,72,2024-01-01 00:00:00
P2145,1,110,2024-01-01 00:00:00
P2145,2,144,2024-01-01 00:00:00
P2145,3,81,2024-01-01 00:00:00
P2145,4,103,2024-01-01 00:00:00
P2145,5,63,2024-01-01 00:00:00
P2145,6,68,2024-01-01 00:00:00
P2145,7,144,2024-01-01 00:00:00
P2145,8,86,2024-01-01 00:00:00
P2145,9,93,2024-01-01 00:00:00
P2145,10,88,2024-01-01 00:00:00
P2146,1,28,2024-01-01 00:00:00
P2146,2,25,2024-01-01 00:00:00
P2146,3,20,2024-01-01 00:00:00
P2146,4,24,2024-01-01 00:00:00
P2146,5,28,2024-01-01 00:00:00
P2146,6,20,2024-01-01 00:00:00
P2146,7,12,2024-01-01 00:00:00
P2146,8,24,2024-01-01 00:00:00
P2146,9,26,2024-01-01 00:00:00
P2146,10,13,2024-01-01 00:00:00
P2147,1,16,2024-01-01 00:00:00
P2147,2,19,2024-01-01 00:00:00
P2147,3,21,2024-01-01 00:00:00
P2147,4,22,2024-01-01 00:00:00
P2147,5,28,2024-01-01 00:00:00
P2147,6,23,2024-01-01 00:00:00
P2147,7,31,2024-01-01 00:00:00
P2147,8,35,2024-01-01 00:00:00
P2147,9,23,2024-01-01 00:00:00
P2147,10,28,2024-01-01 00:00:00
P2148,1,52,2024-01-01 00:00:00
P2148,2,55,2024-01-01 00:00:00
P2148,3,55,2024-01-01 00:00:00
P2148,4,51,2024-01-01 00:00:00
P2148,5,32,2024-01-01 00:00:00
P2148,6,35,2024-01-01 00:00:00
P2148,7,50,2024-01-01 00:00:00
P2148,8,38,2024-01-01 00:00:00
P2148,9,28,2024-01-01 00:00:00
P2148,10,48,2024-01-01 00:00:00
P2149,1,90,2024-01-01 00:00:00
P2149,2,97,2024-01-01 00:00:00
P2149,3,102,2024-01-01 00:00:00
P2149,4,76,2024-01-01 00:00:00
P2149,5,81,2024-01-01 00:00:00
P2149,6,100,2024-01-01 00:00:00
P2149,7,93,2024-01-01 00:00:00
P2149,8,72,2024-01-01 00:00:00
P2149,9,48,2024-01-01 00:00:00
P2149,10,71,2024-01-01 00:00:00
P2150,1,36,2024-01-01 00:00:00
P2150,2,30,2024-01-01 00:00:00
P2150,3,59,2024-01-01 00:00:00
P2150,4,36,2024-01-01 00:00:00
P2150,5,65,2024-01-01 00:00:00
P2150,6,53,2024-01-01 00:00:00
P2150,7,31,2024-01-01 00:00:00
P2150,8,39,2024-01-01 00:00:00
P2150,9,41,2024-01-01 00:00:00
P2150,10,68,2024-01-01 00:00:00
P2151,1,98,2024-01-01 00:00:00
P2151,2,57,2024-01-01 00:00:00
P2151,3,97,2024-01-01 00:00:00
P2151,4,62,2024-01-01 00:00:00
P2151,5,83,2024-01-01 00:00:00
P2151,6,72,2024-01-01 00:00:00
P2151,7,112,2024-01-01 00:00:00
P2151,8,50,2024-01-01 00:00:00
P2151,9,68,2024-01-01 00:00:00
P2151,10,95,2024-01-01 00:00:00
P2152,1,31,2024-01-01 00:00:00
P2152,2,15,2024-01-01 00:00:00
P2152,3,27,2024-01-01 00:00:00
P2152,4,24,2024-01-01 00:00:00
P2152,5,29,2024-01-01 00:00:00
P2152,6,21,2024-01-01 00:00:00
P2152,7,23,2024-01-01 00:00:00
P2152,8,21,2024-01-01 00:00:00
P2152,9,24,2024-01-01 00:00:00
P2152,10,27,2024-01-01 00:00:00
P2153,1,58,2024-01-01 00:00:00
P2153,2,82,2024-01-01 00:00:00
P2153,3,49,2024-01-01 00:00:00
P2153,4,103,2024-01-01 00:00:00
P2153,5,83,2024-01-01 00:00:00
P2153,6,68,2024-01-01 00:00:00
P2153,7,80,2024-01-01 00:00:00
P2153,8,59,2024-01-01 00:00:00
P2153,9,61,2024-01-01 00:00:00
P2153,10,56,2024-01-01 00:00:00
P2154,1,44,2024-01-01 00:00:00
P2154,2,21,2024-01-01 00:00:00
P2154,3,46,2024-01-01 00:00:00
P2154,4,27,2024-01-01 00:00:00
P2154,5,20,2024-01-01 00:00:00
P2154,6,22,2024-01-01 00:00:00
P2154,7,24,2024-01-01 00:00:00
P2154,8,20,2024-01-01 00:00:00
P2154,9,45,2024-01-01 00:00:00
P2154,10,30,2024-01-01 00:00:00
P2155,1,80,2024-01-01 00:00:00
P2155,2,92,2024-01-01 00:00:00
P2155,3,83,2024-01-01 00:00:00
P2155,4,55,2024-01-01 00:00:00
P2155,5,46,2024-01-01 00:00:00
P2155,6,72,2024-01-01 00:00:00
P2155,7,99,2024-01-01 00:00:00
P2155,8,93,2024-01-01 00:00:00
P2155,9,76,2024-01-01 00:00:00
P2155,10,60,2024-01-01 00:00:00
P2156,1,39,2024-01-01 00:00:00
P2156,2,58,2024-01-01 00:00:00
P2156,3,53,2024-01-01 00:00:00
P2156,4,87,2024-01-01 00:00:00
P2156,5,59,2024-01-01 00:00:00
P2156,6,82,2024-01-01 00:00:00
P2156,7,77,2024-01-01 00:00:00
P2156,8,92,2024-01-01 00:00:00
P2156,9,64,2024-01-01 00:00:00
P2156,10,81,2024-01-01 00:00:00
P2157,1,22,2024-01-01 00:00:00
P2157,2,49,2024-01-01 00:00:00
P2157,3,39,2024-01-01 00:00:00
P2157,4,32,2024-01-01 00:00:00
P2157,5,45,2024-01-01 00:00:00
P2157,6,36,2024-01-01 00:00:00
P2157,7,47,2024-01-01 00:00:00
P2157,8,27,2024-01-01 00:00:00
P2157,9,37,2024-01-01 00:00:00
P2157,10,42,2024-01-01 00:00:00
P2158,1,82,2024-01-01 00:00:00
P2158,2,68,2024-01-01 00:00:00
P2158,3,73,2024-01-01 00:00:00
P2158,4,79,2024-01-01 00:00:00
P2158,5,50,2024-01-01 00:00:00
P2158,6,68,2024-01-01 00:00:00
P2158,7,86,2024-01-01 00:00:00
P2158,8,40,2024-01-01 00:00:00
P2158,9,41,2024-01-01 00:00:00
P2158,10,47,2024-01-01 00:00:00
P2159,1,67,2024-01-01 00:00:00
P2159,2,49,2024-01-01 00:00:00
P2159,3,84,2024-01-01 00:00:00
P2159,4,76,2024-01-01 00:00:00
P2159,5,65,2024-01-01 00:00:00
P2159,6,86,2024-01-01 00:00:00
P2159,7,67,2024-01-01 00:00:00
P2159,8,48,2024-01-01 00:00:00
P2159,9,57,2024-01-01 00:00:00
P2159,10,81,2024-01-01 00:00:00
P2160,1,92,2024-01-01 00:00:00
P2160,2,97,2024-01-01 00:00:00
P2160,3,102,2024-01-01 00:00:00
P2160,4,94,2024-01-01 00:00:00
P2160,5,93,2024-01-01 00:00:00
P2160,6,68,2024-01-01 00:00:00
P2160,7,81,2024-01-01 00:00:00
P2160,8,60,2024-01-01 00:00:00
P2160,9,54,2024-01-01 00:00:00
P2160,10,74,2024-01-01 00:00:00
P2161,1,102,2024-01-01 00:00:00
P2161,2,106,2024-01-01 00:00:00
P2161,3,110,2024-01-01 00:00:00
P2161,4,115,2024-01-01 00:00:00
P2161,5,80,2024-01-01 00:00:00
P2161,6,101,2024-01-01 00:00:00
P2161,7,62,2024-01-01 00:00:00
P2161,8,84,2024-01-01 00:00:00
P2161,9,59,2024-01-01 00:00:00
P2161,10,75,2024-01-01 00:00:00
P2162,1,136,2024-01-01 00:00:00
P2162,2,97,2024-01-01 00:00:00
P2162,3,139,2024-01-01 00:00:00
P2162,4,69,2024-01-01 00:00:00
P2162,5,124,2024-01-01 00:00:00
P2162,6,121,2024-01-01 00:00:00
P2162,7,82,2024-01-01 00:00:00
P2162,8,104,2024-01-01 00:00:00
P2162,9,125,2024-01-01 00:00:00
P2162,10,102,2024-01-01 00:00:00
P2163,1,83,2024-01-01 00:00:00
P2163,2,94,2024-01-01 00:00:00
P2163,3,58,2024-01-01 00:00:00
P2163,4,63,2024-01-01 00:00:00
P2163,5,72,2024-01-01 00:00:00
P2163,6,83,2024-01-01 00:00:00
P2163,7,62,2024-01-01 00:00:00
P2163,8,77,2024-01-01 00:00:00
P2163,9,48,2024-01-01 00:00:00
P2163,10,94,2024-01-01 00:00:00
P2164,1,87,2024-01-01 00:00:00
P2164,2,63,2024-01-01 00:00:00
P2164,3,80,2024-01-01 00:00:00
P2164,4,106,2024-01-01 00:00:00
P2164,5,85,2024-01-01 00:00:00
P2164,6,78,2024-01-01 00:00:00
P2164,7,74,2024-01-01 00:00:00
P2164,8,60,2024-01-01 00:00:00
P2164,9,127,2024-01-01 00:00:00
P2164,10,76,2024-01-01 00:00:00
P2165,1,66,2024-01-01 00:00:00
P2165,2,81,2024-01-01 00:00:00
P2165,3,68,2024-01-01 00:00:00
P2165,4,78,2024-01-01 00:00:00
P2165,5,58,2024-01-01 00:00:00
P2165,6,87,2024-01-01 00:00:00
P2165,7,54,2024-01-01 00:00:00
P2165,8,63,2024-01-01 00:00:00
P2165,9,61,2024-01-01 00:00:00
P2165,10,83,2024-01-01 00:00:00
P2166,1,76,2024-01-01 00:00:00
P2166,2,48,2024-01-01 00:00:00
P2166,3,48,2024-01-01 00:00:00
P2166,4,73,2024-01-01 00:00:00
P2166,5,85,2024-01-01 00:00:00
P2166,6,65,2024-01-01 00:00:00
P2166,7,69,2024-01-01 00:00:00
P2166,8,65,2024-01-01 00:00:00
P2166,9,67,2024-01-01 00:00:00
P2166,10,61,2024-01-01 00:00:00
P2167,1,52,2024-01-01 00:00:00
P2167,2,97,2024-01-01 00:00:00
P2167,3,56,2024-01-01 00:00:00
P2167,4,82,2024-01-01 00:00:00
P2167,5,79,2024-01-01 00:00:00
P2167,6,76,2024-01-01 00:00:00
P2167,7,71,2024-01-01 00:00:00
P2167,8,51,2024-01-01 00:00:00
P2167,9,57,2024-01-01 00:00:00
P2167,10,62,2024-01-01 00:00:00
P2168,1,94,2024-01-01 00:00:00
P2168,2,50,2024-01-01 00:00:00
P2168,3,61,2024-01-01 00:00:00
P2168,4,47,2024-01-01 00:00:00
P2168,5,93,2024-01-01 00:00:00
P2168,6,52,2024-01-01 00:00:00
P2168,7,59,2024-01-01 00:00:00
P2168,8,85,2024-01-01 00:00:00
P2168,9,56,2024-01-01 00:00:00
P2168,10,63,2024-01-01 00:00:00
P2169,1,60,2024-01-01 00:00:00
P2169,2,70,2024-01-01 00:00:00
P2169,3,98,2024-01-01 00:00:00
P2169,4,100,2024-01-01 00:00:00
P2169,5,45,2024-01-01 00:00:00
P2169,6,83,2024-01-01 00:00:00
P2169,7,70,2024-01-01 00:00:00
P2169,8,101,2024-01-01 00:00:00
P2169,9,72,2024-01-01 00:00:00
P2169,10,50,2024-01-01 00:00:00
P2170,1,54,2024-01-01 00:00:00
P2170,2,48,2024-01-01 00:00:00
P2170,3,48,2024-01-01 00:00:00
P2170,4,46,2024-01-01 00:00:00
P2170,5,31,2024-01-01 00:00:00
P2170,6,42,2024-01-01 00:00:00
P2170,7,59,2024-01-01 00:00:00
P2170,8,63,2024-01-01 00:00:00
P2170,9,41,2024-01-01 00:00:00
P2170,10,59,2024-01-01 00:00:00
P2171,1,50,2024-01-01 00:00:00
P2171,2,103,2024-01-01 00:00:00
P2171,3,110,2024-01-01 00:00:00
P2171,4,47,2024-01-01 00:00:00
P2171,5,62,2024-01-01 00:00:00
P2171,6,83,2024-01-01 00:00:00
P2171,7,103,2024-01-01 00:00:00
P2171,8,56,2024-01-01 00:00:00
P2171,9,62,2024-01-01 00:00:00
P2171,10,72,2024-01-01 00:00:00
P2172,1,54,2024-01-01 00:00:00
P2172,2,42,2024-01-01 00:00:00
P2172,3,68,2024-01-01 00:00:00
P2172,4,49,2024-01-01 00:00:00
P2172,5,62,2024-01-01 00:00:00
P2172,6,55,2024-01-01 00:00:00
P2172,7,59,2024-01-01 00:00:00
P2172,8,36,2024-01-01 00:00:00
P2172,9,65,2024-01-01 00:00:00
P2172,10,72,2024-01-01 00:00:00
P2173,1,54,2024-01-01 00:00:00
P2173,2,56,2024-01-01 00:00:00
P2173,3,79,2024-01-01 00:00:00
P2173,4,45,2024-01-01 00:00:00
P2173,5,73,2024-01-01 00:00:00
P2173,6,40,2024-01-01 00:00:00
P2173,7,36,2024-01-01 00:00:00
P2173,8,49,2024-01-01 00:00:00
P2173,9,49,2024-01-01 00:00:00
P2173,10,41,2024-01-01 00:00:00
P2174,1,110,2024-01-01 00:00:00
P2174,2,92,2024-01-01 00:00:00
P2174,3,100,2024-01-01 00:00:00
P2174,4,59,2024-01-01 00:00:00
P2174,5,65,2024-01-01 00:00:00
P2174,6,82,2024-01-01 00:00:00
P2174,7,101,2024-01-01 00:00:00
P2174,8,59,2024-01-01 00:00:00
P2174,9,51,2024-01-01 00:00:00
P2174,10,83,2024-01-01 00:00:00
P2175,1,20,2024-01-01 00:00:00
P2175,2,29,2024-01-01 00:00:00
P2175,3,19,2024-01-01 00:00:00
P2175,4,33,2024-01-01 00:00:00
P2175,5,29,2024-01-01 00:00:00
P2175,6,26,2024-01-01 00:00:00
P2175,7,23,2024-01-01 00:00:00
P2175,8,33,2024-01-01 00:00:00
P2175,9,31,2024-01-01 00:00:00
P2175,10,24,2024-01-01 00:00:00
P2176,1,14,2024-01-01 00:00:00
P2176,2,30,2024-01-01 00:00:00
P2176,3,14,2024-01-01 00:00:00
P2176,4,23,2024-01-01 00:00:00
P2176,5,29,2024-01-01 00:00:00
P2176,6,31,2024-01-01 00:00:00
P2176,7,24,2024-01-01 00:00:00
P2176,8,31,2024-01-01 00:00:00
P2176,9,18,2024-01-01 00:00:00
P2176,10,19,2024-01-01 00:00:00
P2177,1,48,2024-01-01 00:00:00
P2177,2,55,2024-01-01 00:00:00
P2177,3,44,2024-01-01 00:00:00
P2177,4,40,2024-01-01 00:00:00
P2177,5,52,2024-01-01 00:00:00
P2177,6,49,2024-01-01 00:00:00
P2177,7,54,2024-01-01 00:00:00
P2177,8,25,2024-01-01 00:00:00
P2177,9,35,2024-01-01 00:00:00
P2177,10,37,2024-01-01 00:00:00
P2178,1,23,2024-01-01 00:00:00
P2178,2,26,2024-01-01 00:00:00
P2178,3,19,2024-01-01 00:00:00
P2178,4,40,2024-01-01 00:00:00
P2178,5,29,2024-01-01 00:00:00
P2178,6,30,2024-01-01 00:00:00
P2178,7,33,2024-01-01 00:00:00
P2178,8,20,2024-01-01 00:00:00
P2178,9,42,2024-01-01 00:00:00
P2178,10,35,2024-01-01 00:00:00
P2179,1,14,2024-01-01 00:00:00
P2179,2,15,2024-01-01 00:00:00
P2179,3,12,2024-01-01 00:00:00
P2179,4,12,2024-01-01 00:00:00
P2179,5,11,2024-01-01 00:00:00
P2179,6,10,2024-01-01 00:00:00
P2179,7,17,2024-01-01 00:00:00
P2179,8,13,2024-01-01 00:00:00
P2179,9,15,2024-01-01 00:00:00
P2179,10,10,2024-01-01 00:00:00
P2180,1,21,2024-01-01 00:00:00
P2180,2,19,2024-01-01 00:00:00
P2180,3,12,2024-01-01 00:00:00
P2180,4,22,2024-01-01 00:00:00
P2180,5,26,2024-01-01 00:00:00
P2180,6,22,2024-01-01 00:00:00
P2180,7,22,2024-01-01 00:00:00
P2180,8,25,2024-01-01 00:00:00
P2180,9,19,2024-01-01 00:00:00
P2180,10,24,2024-01-01 00:00:00
P2181,1,35,2024-01-01 00:00:00
P2181,2,29,2024-01-01 00:00:00
P2181,3,27,2024-01-01 00:00:00
P2181,4,43,2024-01-01 00:00:00
P2181,5,42,2024-01-01 00:00:00
P2181,6,28,2024-01-01 00:00:00
P2181,7,21,2024-01-01 00:00:00
P2181,8,24,2024-01-01 00:00:00
P2181,9,41,2024-01-01 00:00:00
P2181,10,40,2024-01-01 00:00:00
P2182,1,79,2024-01-01 00:00:00
P2182,2,61,2024-01-01 00:00:00
P2182,3,102,2024-01-01 00:00:00
P2182,4,59,2024-01-01 00:00:00
P2182,5,102,2024-01-01 00:00:00
P2182,6,48,2024-01-01 00:00:00
P2182,7,98,2024-01-01 00:00:00
P2182,8,56,2024-01-01 00:00:00
P2182,9,53,2024-01-01 00:00:00
P2182,10,70,2024-01-01 00:00:00
P2183,1,86,2024-01-01 00:00:00
P2183,2,50,2024-01-01 00:00:00
P2183,3,70,2024-01-01 00:00:00
P2183,4,81,2024-01-01 00:00:00
P2183,5,54,2024-01-01 00:00:00
P2183,6,56,2024-01-01 00:00:00
P2183,7,96,2024-01-01 00:00:00
P2183,8,87,2024-01-01 00:00:00
P2183,9,91,2024-01-01 00:00:00
P2183,10,60,2024-01-01 00:00:00
P2184,1,19,2024-01-01 00:00:00
P2184,2,39,2024-01-01 00:00:00
P2184,3,20,2024-01-01 00:00:00
P2184,4,24,2024-01-01 00:00:00
P2184,5,29,2024-01-01 00:00:00
P2184,6,18,2024-01-01 00:00:00
P2184,7,25,2024-01-01 00:00:00
P2184,8,35,2024-01-01 00:00:00
P2184,9,18,2024-01-01 00:00:00
P2184,10,20,2024-01-01 00:00:00
P2185,1,67,2024-01-01 00:00:00
P2185,2,55,2024-01-01 00:00:00
P2185,3,52,2024-01-01 00:00:00
P2185,4,34,2024-01-01 00:00:00
P2185,5,59,2024-01-01 00:00:00
P2185,6,62,2024-01-01 00:00:00
P2185,7,68,2024-01-01 00:00:00
P2185,8,39,2024-01-01 00:00:00
P2185,9,32,2024-01-01 00:00:00
P2185,10,55,2024-01-01 00:00:00
P2186,1,54,2024-01-01 00:00:00
P2186,2,52,2024-01-01 00:00:00
P2186,3,49,2024-01-01 00:00:00
P2186,4,35,2024-01-01 00:00:00
P2186,5,34,2024-01-01 00:00:00
P2186,6,49,2024-01-01 00:00:00
P2186,7,40,2024-01-01 00:00:00
P2186,8,49,2024-01-01 00:00:00
P2186,9,51,2024-01-01 00:00:00
P2186,10,44,2024-01-01 00:00:00
P2187,1,32,2024-01-01 00:00:00
P2187,2,28,2024-01-01 00:00:00
P2187,3,21,2024-01-01 00:00:00
P2187,4,39,2024-01-01 00:00:00
P2187,5,32,2024-01-01 00:00:00
P2187,6,37,2024-01-01 00:00:00
P2187,7,47,2024-01-01 00:00:00
P2187,8,44,2024-01-01 00:00:00
P2187,9,25,2024-01-01 00:00:00
P2187,10,36,2024-01-01 00:00:00
P2188,1,77,2024-01-01 00:00:00
P2188,2,68,2024-01-01 00:00:00
P2188,3,74,2024-01-01 00:00:00
P2188,4,66,2024-01-01 00:00:00
P2188,5,36,2024-01-01 00:00:00
P2188,6,40,2024-01-01 00:00:00
P2188,7,67,2024-01-01 00:00:00
P2188,8,70,2024-01-01 00:00:00
P2188,9,64,2024-01-01 00:00:00
P2188,10,38,2024-01-01 00:00:00
P2189,1,11,2024-01-01 00:00:00
P2189,2,10,2024-01-01 00:00:00
P2189,3,10,2024-01-01 00:00:00
P2189,4,10,2024-01-01 00:00:00
P2189,5,12,2024-01-01 00:00:00
P2189,6,11,2024-01-01 00:00:00
P2189,7,10,2024-01-01 00:00:00
P2189,8,10,2024-01-01 00:00:00
P2189,9,12,2024-01-01 00:00:00
P2189,10,10,2024-01-01 00:00:00
P2190,1,22,2024-01-01 00:00:00
P2190,2,34,2024-01-01 00:00:00
P2190,3,33,2024-01-01 00:00:00
P2190,4,34,2024-01-01 00:00:00
P2190,5,18,2024-01-01 00:00:00
P2190,6,31,2024-01-01 00:00:00
P2190,7,20,2024-01-01 00:00:00
P2190,8,26,2024-01-01 00:00:00
P2190,9,19,2024-01-01 00:00:00
P2190,10,30,2024-01-01 00:00:00
P2191,1,93,2024-01-01 00:00:00
P2191,2,93,2024-01-01 00:00:00
P2191,3,77,2024-01-01 00:00:00
P2191,4,84,2024-01-01 00:00:00
P2191,5,73,2024-01-01 00:00:00
P2191,6,89,2024-01-01 00:00:00
P2191,7,81,2024-01-01 00:00:00
P2191,8,58,2024-01-01 00:00:00
P2191,9,68,2024-01-01 00:00:00
P2191,10,59,2024-01-01 00:00:00
P2192,1,43,2024-01-01 00:00:00
P2192,2,32,2024-01-01 00:00:00
P2192,3,49,2024-01-01 00:00:00
P2192,4,52,2024-01-01 00:00:00
P2192,5,57,2024-01-01 00:00:00
P2192,6,28,2024-01-01 00:00:00
P2192,7,60,2024-01-01 00:00:00
P2192,8,57,2024-01-01 00:00:00
P2192,9,33,2024-01-01 00:00:00
P2192,10,38,2024-01-01 00:00:00
P2193,1,56,2024-01-01 00:00:00
P2193,2,65,2024-01-01 00:00:00
P2193,3,57,2024-01-01 00:00:00
P2193,4,50,2024-01-01 00:00:00
P2193,5,66,2024-01-01 00:00:00
P2193,6,79,2024-01-01 00:00:00
P2193,7,88,2024-01-01 00:00:00
P2193,8,98,2024-01-01 00:00:00
P2193,9,81,2024-01-01 00:00:00
P2193,10,75,2024-01-01 00:00:00
P2194,1,50,2024-01-01 00:00:00
P2194,2,45,2024-01-01 00:00:00
P2194,3,24,2024-01-01 00:00:00
P2194,4,41,2024-01-01 00:00:00
P2194,5,40,2024-01-01 00:00:00
P2194,6,56,2024-01-01 00:00:00
P2194,7,24,2024-01-01 00:00:00
P2194,8,57,2024-01-01 00:00:00
P2194,9,29,2024-01-01 00:00:00
P2194,10,56,2024-01-01 00:00:00
P2195,1,49,2024-01-01 00:00:00
P2195,2,49,2024-01-01 00:00:00
P2195,3,58,2024-01-01 00:00:00
P2195,4,67,2024-01-01 00:00:00
P2195,5,50,2024-01-01 00:00:00
P2195,6,68,2024-01-01 00:00:00
P2195,7,34,2024-01-01 00:00:00
P2195,8,59,2024-01-01 00:00:00
P2195,9,43,2024-01-01 00:00:00
P2195,10,61,2024-01-01 00:00:00
P2196,1,85,2024-01-01 00:00:00
P2196,2,77,2024-01-01 00:00:00
P2196,3,93,2024-01-01 00:00:00
P2196,4,95,2024-01-01 00:00:00
P2196,5,56,2024-01-01 00:00:00
P2196,6,61,2024-01-01 00:00:00
P2196,7,104,2024-01-01 00:00:00
P2196,8,81,2024-01-01 00:00:00
P2196,9,49,2024-01-01 00:00:00
P2196,10,100,2024-01-01 00:00:00
P2197,1,30,2024-01-01 00:00:00
P2197,2,36,2024-01-01 00:00:00
P2197,3,31,2024-01-01 00:00:00
P2197,4,36,2024-01-01 00:00:00
P2197,5,45,2024-01-01 00:00:00
P2197,6,31,2024-01-01 00:00:00
P2197,7,27,2024-01-01 00:00:00
P2197,8,53,2024-01-01 00:00:00
P2197,9,54,2024-01-01 00:00:00
P2197,10,42,2024-01-01 00:00:00
P2198,1,90,2024-01-01 00:00:00
P2198,2,85,2024-01-01 00:00:00
P2198,3,80,2024-01-01 00:00:00
P2198,4,70,2024-01-01 00:00:00
P2198,5,97,2024-01-01 00:00:00
P2198,6,79,2024-01-01 00:00:00
P2198,7,77,2024-01-01 00:00:00
P2198,8,84,2024-01-01 00:00:00
P2198,9,89,2024-01-01 00:00:00
P2198,10,102,2024-01-01 00:00:00
P2199,1,55,2024-01-01 00:00:00
P2199,2,49,2024-01-01 00:00:00
P2199,3,66,2024-01-01 00:00:00
P2199,4,72,2024-01-01 00:00:00
P2199,5,103,2024-01-01 00:00:00
P2199,6,78,2024-01-01 00:00:00
P2199,7,99,2024-01-01 00:00:00
P2199,8,74,2024-01-01 00:00:00
P2199,9,83,2024-01-01 00:00:00
P2199,10,50,2024-01-01 00:00:00
P2200,1,52,2024-01-01 00:00:00
P2200,2,55,2024-01-01 00:00:00
P2200,3,45,2024-01-01 00:00:00
P2200,4,88,2024-01-01 00:00:00
P2200,5,105,2024-01-01 00:00:00
P2200,6,66,2024-01-01 00:00:00
P2200,7,55,2024-01-01 00:00:00
P2200,8,59,2024-01-01 00:00:00
P2200,9,58,2024-01-01 00:00:00
P2200,10,79,2024-01-01 00:00:00
P2201,1,103,2024-01-01 00:00:00
P2201,2,45,2024-01-01 00:00:00
P2201,3,67,2024-01-01 00:00:00
P2201,4,50,2024-01-01 00:00:00
P2201,5,55,2024-01-01 00:00:00
P2201,6,53,2024-01-01 00:00:00
P2201,7,65,2024-01-01 00:00:00
P2201,8,59,2024-01-01 00:00:00
P2201,9,93,2024-01-01 00:00:00
P2201,10,57,2024-01-01 00:00:00
P2202,1,74,2024-01-01 00:00:00
P2202,2,102,2024-01-01 00:00:00
P2202,3,56,2024-01-01 00:00:00
P2202,4,74,2024-01-01 00:00:00
P2202,5,92,2024-01-01 00:00:00
P2202,6,73,2024-01-01 00:00:00
P2202,7,105,2024-01-01 00:00:00
P2202,8,52,2024-01-01 00:00:00
P2202,9,71,2024-01-01 00:00:00
P2202,10,86,2024-01-01 00:00:00
P2203,1,64,2024-01-01 00:00:00
P2203,2,73,2024-01-01 00:00:00
P2203,3,57,2024-01-01 00:00:00
P2203,4,99,2024-01-01 00:00:00
P2203,5,72,2024-01-01 00:00:00
P2203,6,81,2024-01-01 00:00:00
P2203,7,50,2024-01-01 00:00:00
P2203,8,77,2024-01-01 00:00:00
P2203,9,56,2024-01-01 00:00:00
P2203,10,56,2024-01-01 00:00:00
P2204,1,54,2024-01-01 00:00:00
P2204,2,47,2024-01-01 00:00:00
P2204,3,94,2024-01-01 00:00:00
P2204,4,51,2024-01-01 00:00:00
P2204,5,84,2024-01-01 00:00:00
P2204,6,94,2024-01-01 00:00:00
P2204,7,74,2024-01-01 00:00:00
P2204,8,74,2024-01-01 00:00:00
P2204,9,64,2024-01-01 00:00:00
P2204,10,94,2024-01-01 00:00:00
P2205,1,66,2024-01-01 00:00:00
P2205,2,68,2024-01-01 00:00:00
P2205,3,57,2024-01-01 00:00:00
P2205,4,84,2024-01-01 00:00:00
P2205,5,54,2024-01-01 00:00:00
P2205,6,84,2024-01-01 00:00:00
P2205,7,76,2024-01-01 00:00:00
P2205,8,60,2024-01-01 00:00:00
P2205,9,72,2024-01-01 00:00:00
P2205,10,58,2024-01-01 00:00:00
P2206,1,56,2024-01-01 00:00:00
P2206,2,92,2024-01-01 00:00:00
P2206,3,91,2024-01-01 00:00:00
P2206,4,103,2024-01-01 00:00:00
P2206,5,87,2024-01-01 00:00:00
P2206,6,89,2024-01-01 00:00:00
P2206,7,46,2024-01-01 00:00:00
P2206,8,70,2024-01-01 00:00:00
P2206,9,58,2024-01-01 00:00:00
P2206,10,54,2024-01-01 00:00:00
P2207,1,63,2024-01-01 00:00:00
P2207,2,65,2024-01-01 00:00:00
P2207,3,80,2024-01-01 00:00:00
P2207,4,58,2024-01-01 00:00:00
P2207,5,60,2024-01-01 00:00:00
P2207,6,46,2024-01-01 00:00:00
P2207,7,56,2024-01-01 00:00:00
P2207,8,99,2024-01-01 00:00:00
P2207,9,48,2024-01-01 00:00:00
P2207,10,57,2024-01-01 00:00:00
P2208,1,58,2024-01-01 00:00:00
P2208,2,46,2024-01-01 00:00:00
P2208,3,46,2024-01-01 00:00:00
P2208,4,75,2024-01-01 00:00:00
P2208,5,61,2024-01-01 00:00:00
P2208,6,66,2024-01-01 00:00:00
P2208,7,87,2024-01-01 00:00:00
P2208,8,90,2024-01-01 00:00:00
P2208,9,57,2024-01-01 00:00:00
P2208,10,78,2024-01-01 00:00:00
P2209,1,87,2024-01-01 00:00:00
P2209,2,98,2024-01-01 00:00:00
P2209,3,63,2024-01-01 00:00:00
P2209,4,66,2024-01-01 00:00:00
P2209,5,67,2024-01-01 00:00:00
P2209,6,45,2024-01-01 00:00:00
P2209,7,101,2024-01-01 00:00:00
P2209,8,76,2024-01-01 00:00:00
P2209,9,104,2024-01-01 00:00:00
P2209,10,67,2024-01-01 00:00:00
P2210,1,79,2024-01-01 00:00:00
P2210,2,97,2024-01-01 00:00:00
P2210,3,55,2024-01-01 00:00:00
P2210,4,103,2024-01-01 00:00:00
P2210,5,46,2024-01-01 00:00:00
P2210,6,69,2024-01-01 00:00:00
P2210,7,47,2024-01-01 00:00:00
P2210,8,50,2024-01-01 00:00:00
P2210,9,61,2024-01-01 00:00:00
P2210,10,57,2024-01-01 00:00:00
P2211,1,47,2024-01-01 00:00:00
P2211,2,87,2024-01-01 00:00:00
P2211,3,62,2024-01-01 00:00:00
P2211,4,93,2024-01-01 00:00:00
P2211,5,60,2024-01-01 00:00:00
P2211,6,87,2024-01-01 00:00:00
P2211,7,79,2024-01-01 00:00:00
P2211,8,66,2024-01-01 00:00:00
P2211,9,81,2024-01-01 00:00:00
P2211,10,92,2024-01-01 00:00:00
P2212,1,48,2024-01-01 00:00:00
P2212,2,50,2024-01-01 00:00:00
P2212,3,75,2024-01-01 00:00:00
P2212,4,100,2024-01-01 00:00:00
P2212,5,101,2024-01-01 00:00:00
P2212,6,78,2024-01-01 00:00:00
P2212,7,53,2024-01-01 00:00:00
P2212,8,77,2024-01-01 00:00:00
P2212,9,55,2024-01-01 00:00:00
P2212,10,70,2024-01-01 00:00:00
P2213,1,68,2024-01-01 00:00:00
P2213,2,62,2024-01-01 00:00:00
P2213,3,88,2024-01-01 00:00:00
P2213,4,88,2024-01-01 00:00:00
P2213,5,91,2024-01-01 00:00:00
P2213,6,57,2024-01-01 00:00:00
P2213,7,55,2024-01-01 00:00:00
P2213,8,92,2024-01-01 00:00:00
P2213,9,75,2024-01-01 00:00:00
P2213,10,95,2024-01-01 00:00:00
P2214,1,87,2024-01-01 00:00:00
P2214,2,51,2024-01-01 00:00:00
P2214,3,90,2024-01-01 00:00:00
P2214,4,48,2024-01-01 00:00:00
P2214,5,45,2024-01-01 00:00:00
P2214,6,54,2024-01-01 00:00:00
P2214,7,48,2024-01-01 00:00:00
P2214,8,45,2024-01-01 00:00:00
P2214,9,45,2024-01-01 00:00:00
P2214,10,55,2024-01-01 00:00:00
P2215,1,90,2024-01-01 00:00:00
P2215,2,73,2024-01-01 00:00:00
P2215,3,90,2024-01-01 00:00:00
P2215,4,83,2024-01-01 00:00:00
P2215,5,52,2024-01-01 00:00:00
P2215,6,57,2024-01-01 00:00:00
P2215,7,67,2024-01-01 00:00:00
P2215,8,63,2024-01-01 00:00:00
P2215,9,88,2024-01-01 00:00:00
P2215,10,71,2024-01-01 00:00:00
P2216,1,64,2024-01-01 00:00:00
P2216,2,92,2024-01-01 00:00:00
P2216,3,51,2024-01-01 00:00:00
P2216,4,79,2024-01-01 00:00:00
P2216,5,91,2024-01-01 00:00:00
P2216,6,48,2024-01-01 00:00:00
P2216,7,68,2024-01-01 00:00:00
P2216,8,84,2024-01-01 00:00:00
P2216,9,71,2024-01-01 00:00:00
P2216,10,48,2024-01-01 00:00:00
P2217,1,60,2024-01-01 00:00:00
P2217,2,64,2024-01-01 00:00:00
P2217,3,51,2024-01-01 00:00:00
P2217,4,59,2024-01-01 00:00:00
P2217,5,63,2024-01-01 00:00:00
P2217,6,83,2024-01-01 00:00:00
P2217,7,61,2024-01-01 00:00:00
P2217,8,56,2024-01-01 00:00:00
P2217,9,95,2024-01-01 00:00:00
P2217,10,89,2024-01-01 00:00:00
P2218,1,94,2024-01-01 00:00:00
P2218,2,93,2024-01-01 00:00:00
P2218,3,83,2024-01-01 00:00:00
P2218,4,84,2024-01-01 00:00:00
P2218,5,76,2024-01-01 00:00:00
P2218,6,73,2024-01-01 00:00:00
P2218,7,75,2024-01-01 00:00:00
P2218,8,51,2024-01-01 00:00:00
P2218,9,96,2024-01-01 00:00:00
P2218,10,83,2024-01-01 00:00:00
P2219,1,72,2024-01-01 00:00:00
P2219,2,69,2024-01-01 00:00:00
P2219,3,56,2024-01-01 00:00:00
P2219,4,47,2024-01-01 00:00:00
P2219,5,101,2024-01-01 00:00:00
P2219,6,92,2024-01-01 00:00:00
P2219,7,88,2024-01-01 00:00:00
P2219,8,61,2024-01-01 00:00:00
P2219,9,47,2024-01-01 00:00:00
P2219,10,53,2024-01-01 00:00:00
P2220,1,84,2024-01-01 00:00:00
P2220,2,99,2024-01-01 00:00:00
P2220,3,87,2024-01-01 00:00:00
P2220,4,78,2024-01-01 00:00:00
P2220,5,76,2024-01-01 00:00:00
P2220,6,72,2024-01-01 00:00:00
P2220,7,78,2024-01-01 00:00:00
P2220,8,70,2024-01-01 00:00:00
P2220,9,68,2024-01-01 00:00:00
P2220,10,79,2024-01-01 00:00:00
P2221,1,93,2024-01-01 00:00:00
P2221,2,49,2024-01-01 00:00:00
P2221,3,70,2024-01-01 00:00:00
P2221,4,86,2024-01-01 00:00:00
P2221,5,78,2024-01-01 00:00:00
P2221,6,45,2024-01-01 00:00:00
P2221,7,56,2024-01-01 00:00:00
P2221,8,65,2024-01-01 00:00:00
P2221,9,97,2024-01-01 00:00:00
P2221,10,67,2024-01-01 00:00:00
P2222,1,64,2024-01-01 00:00:00
P2222,2,52,2024-01-01 00:00:00
P2222,3,82,2024-01-01 00:00:00
P2222,4,49,2024-01-01 00:00:00
P2222,5,53,2024-01-01 00:00:00
P2222,6,45,2024-01-01 00:00:00
P2222,7,73,2024-01-01 00:00:00
P2222,8,96,2024-01-01 00:00:00
P2222,9,101,2024-01-01 00:00:00
P2222,10,95,2024-01-01 00:00:00
P2223,1,102,2024-01-01 00:00:00
P2223,2,50,2024-01-01 00:00:00
P2223,3,71,2024-01-01 00:00:00
P2223,4,103,2024-01-01 00:00:00
P2223,5,85,2024-01-01 00:00:00
P2223,6,67,2024-01-01 00:00:00
P2223,7,63,2024-01-01 00:00:00
P2223,8,75,2024-01-01 00:00:00
P2223,9,102,2024-01-01 00:00:00
P2223,10,95,2024-01-01 00:00:00
P2224,1,57,2024-01-01 00:00:00
P2224,2,86,2024-01-01 00:00:00
P2224,3,62,2024-01-01 00:00:00
P2224,4,94,2024-01-01 00:00:00
P2224,5,58,2024-01-01 00:00:00
P2224,6,63,2024-01-01 00:00:00
P2224,7,81,2024-01-01 00:00:00
P2224,8,79,2024-01-01 00:00:00
P2224,9,73,2024-01-01 00:00:00
P2224,10,59,2024-01-01 00:00:00
P2225,1,64,2024-01-01 00:00:00
P2225,2,72,2024-01-01 00:00:00
P2225,3,89,2024-01-01 00:00:00
P2225,4,45,2024-01-01 00:00:00
P2225,5,52,2024-01-01 00:00:00
P2225,6,45,2024-01-01 00:00:00
P2225,7,53,2024-01-01 00:00:00
P2225,8,60,2024-01-01 00:00:00
P2225,9,69,2024-01-01 00:00:00
P2225,10,99,2024-01-01 00:00:00
P2226,1,61,2024-01-01 00:00:00
P2226,2,103,2024-01-01 00:00:00
P2226,3,61,2024-01-01 00:00:00
P2226,4,105,2024-01-01 00:00:00
P2226,5,100,2024-01-01 00:00:00
P2226,6,98,2024-01-01 00:00:00
P2226,7,48,2024-01-01 00:00:00
P2226,8,55,2024-01-01 00:00:00
P2226,9,88,2024-01-01 00:00:00
P2226,10,88,2024-01-01 00:00:00
P2227,1,103,2024-01-01 00:00:00
P2227,2,66,2024-01-01 00:00:00
P2227,3,60,2024-01-01 00:00:00
P2227,4,96,2024-01-01 00:00:00
P2227,5,92,2024-01-01 00:00:00
P2227,6,76,2024-01-01 00:00:00
P2227,7,91,2024-01-01 00:00:00
P2227,8,97,2024-01-01 00:00:00
P2227,9,98,2024-01-01 00:00:00
P2227,10,76,2024-01-01 00:00:00
P2228,1,105,2024-01-01 00:00:00
P2228,2,47,2024-01-01 00:00:00
P2228,3,71,2024-01-01 00:00:00
P2228,4,61,2024-01-01 00:00:00
P2228,5,104,2024-01-01 00:00:00
P2228,6,85,2024-01-01 00:00:00
P2228,7,80,2024-01-01 00:00:00
P2228,8,56,2024-01-01 00:00:00
P2228,9,55,2024-01-01 00:00:00
P2228,10,47,2024-01-01 00:00:00
P2229,1,61,2024-01-01 00:00:00
P2229,2,90,2024-01-01 00:00:00
P2229,3,74,2024-01-01 00:00:00
P2229,4,57,2024-01-01 00:00:00
P2229,5,68,2024-01-01 00:00:00
P2229,6,101,2024-01-01 00:00:00
P2229,7,50,2024-01-01 00:00:00
P2229,8,101,2024-01-01 00:00:00
P2229,9,79,2024-01-01 00:00:00
P2229,10,72,2024-01-01 00:00:00
P2230,1,78,2024-01-01 00:00:00
P2230,2,104,2024-01-01 00:00:00
P2230,3,54,2024-01-01 00:00:00
P2230,4,69,2024-01-01 00:00:00
P2230,5,91,2024-01-01 00:00:00
P2230,6,54,2024-01-01 00:00:00
P2230,7,55,2024-01-01 00:00:00
P2230,8,72,2024-01-01 00:00:00
P2230,9,65,2024-01-01 00:00:00
P2230,10,92,2024-01-01 00:00:00
P2231,1,69,2024-01-01 00:00:00
P2231,2,80,2024-01-01 00:00:00
P2231,3,61,2024-01-01 00:00:00
P2231,4,88,2024-01-01 00:00:00
P2231,5,60,2024-01-01 00:00:00
P2231,6,98,2024-01-01 00:00:00
P2231,7,99,2024-01-01 00:00:00
P2231,8,81,2024-01-01 00:00:00
P2231,9,50,2024-01-01 00:00:00
P2231,10,91,2024-01-01 00:00:00
P2232,1,36,2024-01-01 00:00:00
P2232,2,49,2024-01-01 00:00:00
P2232,3,44,2024-01-01 00:00:00
P2232,4,36,2024-01-01 00:00:00
P2232,5,42,2024-01-01 00:00:00
P2232,6,22,2024-01-01 00:00:00
P2232,7,37,2024-01-01 00:00:00
P2232,8,43,2024-01-01 00:00:00
P2232,9,38,2024-01-01 00:00:00
P2232,10,24,2024-01-01 00:00:00
P2233,1,22,2024-01-01 00:00:00
P2233,2,37,2024-01-01 00:00:00
P2233,3,42,2024-01-01 00:00:00
P2233,4,28,2024-01-01 00:00:00
P2233,5,36,2024-01-01 00:00:00
P2233,6,25,2024-01-01 00:00:00
P2233,7,33,2024-01-01 00:00:00
P2233,8,41,2024-01-01 00:00:00
P2233,9,39,2024-01-01 00:00:00
P2233,10,41,2024-01-01 00:00:00
P2234,1,10,2024-01-01 00:00:00
P2234,2,10,2024-01-01 00:00:00
P2234,3,10,2024-01-01 00:00:00
P2234,4,10,2024-01-01 00:00:00
P2234,5,10,2024-01-01 00:00:00
P2234,6,10,2024-01-01 00:00:00
P2234,7,10,2024-01-01 00:00:00
P2234,8,10,2024-01-01 00:00:00
P2234,9,10,2024-01-01 00:00:00
P2234,10,10,2024-01-01 00:00:00
P2235,1,87,2024-01-01 00:00:00
P2235,2,87,2024-01-01 00:00:00
P2235,3,54,2024-01-01 00:00:00
P2235,4,62,2024-01-01 00:00:00
P2235,5,93,2024-01-01 00:00:00
P2235,6,70,2024-01-01 00:00:00
P2235,7,53,2024-01-01 00:00:00
P2235,8,56,2024-01-01 00:00:00
P2235,9,45,2024-01-01 00:00:00
P2235,10,94,2024-01-01 00:00:00
P2236,1,20,2024-01-01 00:00:00
P2236,2,33,2024-01-01 00:00:00
P2236,3,39,2024-01-01 00:00:00
P2236,4,30,2024-01-01 00:00:00
P2236,5,18,2024-01-01 00:00:00
P2236,6,26,2024-01-01 00:00:00
P2236,7,40,2024-01-01 00:00:00
P2236,8,25,2024-01-01 00:00:00
P2236,9,34,2024-01-01 00:00:00
P2236,10,36,2024-01-01 00:00:00
P2237,1,35,2024-01-01 00:00:00
P2237,2,29,2024-01-01 00:00:00
P2237,3,23,2024-01-01 00:00:00
P2237,4,46,2024-01-01 00:00:00
P2237,5,30,2024-01-01 00:00:00
P2237,6,50,2024-01-01 00:00:00
P2237,7,40,2024-01-01 00:00:00
P2237,8,43,2024-01-01 00:00:00
P2237,9,30,2024-01-01 00:00:00
P2237,10,30,2024-01-01 00:00:00
P2238,1,90,2024-01-01 00:00:00
P2238,2,53,2024-01-01 00:00:00
P2238,3,70,2024-01-01 00:00:00
P2238,4,57,2024-01-01 00:00:00
P2238,5,77,2024-01-01 00:00:00
P2238,6,99,2024-01-01 00:00:00
P2238,7,99,2024-01-01 00:00:00
P2238,8,47,2024-01-01 00:00:00
P2238,9,59,2024-01-01 00:00:00
P2238,10,74,2024-01-01 00:00:00
P2239,1,40,2024-01-01 00:00:00
P2239,2,72,2024-01-01 00:00:00
P2239,3,52,2024-01-01 00:00:00
P2239,4,47,2024-01-01 00:00:00
P2239,5,75,2024-01-01 00:00:00
P2239,6,68,2024-01-01 00:00:00
P2239,7,35,2024-01-01 00:00:00
P2239,8,59,2024-01-01 00:00:00
P2239,9,55,2024-01-01 00:00:00
P2239,10,56,2024-01-01 00:00:00
P2240,1,89,2024-01-01 00:00:00
P2240,2,83,2024-01-01 00:00:00
P2240,3,77,2024-01-01 00:00:00
P2240,4,68,2024-01-01 00:00:00
P2240,5,48,2024-01-01 00:00:00
P2240,6,94,2024-01-01 00:00:00
P2240,7,45,2024-01-01 00:00:00
P2240,8,73,2024-01-01 00:00:00
P2240,9,83,2024-01-01 00:00:00
P2240,10,95,2024-01-01 00:00:00
P2241,1,27,2024-01-01 00:00:00
P2241,2,36,2024-01-01 00:00:00
P2241,3,37,2024-01-01 00:00:00
P2241,4,20,2024-01-01 00:00:00
P2241,5,42,2024-01-01 00:00:00
P2241,6,20,2024-01-01 00:00:00
P2241,7,27,2024-01-01 00:00:00
P2241,8,23,2024-01-01 00:00:00
P2241,9,31,2024-01-01 00:00:00
P2241,10,31,2024-01-01 00:00:00
P2242,1,37,2024-01-01 00:00:00
P2242,2,58,2024-01-01 00:00:00
P2242,3,36,2024-01-01 00:00:00
P2242,4,51,2024-01-01 00:00:00
P2242,5,57,2024-01-01 00:00:00
P2242,6,55,2024-01-01 00:00:00
P2242,7,61,2024-01-01 00:00:00
P2242,8,45,2024-01-01 00:00:00
P2242,9,42,2024-01-01 00:00:00
P2242,10,35,2024-01-01 00:00:00
P2243,1,88,2024-01-01 00:00:00
P2243,2,51,2024-01-01 00:00:00
P2243,3,99,2024-01-01 00:00:00
P2243,4,53,2024-01-01 00:00:00
P2243,5,97,2024-01-01 00:00:00
P2243,6,60,2024-01-01 00:00:00
P2243,7,68,2024-01-01 00:00:00
P2243,8,101,2024-01-01 00:00:00
P2243,9,104,2024-01-01 00:00:00
P2243,10,80,2024-01-01 00:00:00
P2244,1,44,2024-01-01 00:00:00
P2244,2,29,2024-01-01 00:00:00
P2244,3,39,2024-01-01 00:00:00
P2244,4,65,2024-01-01 00:00:00
P2244,5,66,2024-01-01 00:00:00
P2244,6,41,2024-01-01 00:00:00
P2244,7,63,2024-01-01 00:00:00
P2244,8,36,2024-01-01 00:00:00
P2244,9,66,2024-01-01 00:00:00
P2244,10,43,2024-01-01 00:00:00
P2245,1,81,2024-01-01 00:00:00
P2245,2,87,2024-01-01 00:00:00
P2245,3,49,2024-01-01 00:00:00
P2245,4,53,2024-01-01 00:00:00
P2245,5,55,2024-01-01 00:00:00
P2245,6,85,2024-01-01 00:00:00
P2245,7,52,2024-01-01 00:00:00
P2245,8,78,2024-01-01 00:00:00
P2245,9,86,2024-01-01 00:00:00
P2245,10,96,2024-01-01 00:00:00
P2246,1,82,2024-01-01 00:00:00
P2246,2,73,2024-01-01 00:00:00
P2246,3,81,2024-01-01 00:00:00
P2246,4,49,2024-01-01 00:00:00
P2246,5,43,2024-01-01 00:00:00
P2246,6,79,2024-01-01 00:00:00
P2246,7,61,2024-01-01 00:00:00
P2246,8,59,2024-01-01 00:00:00
P2246,9,93,2024-01-01 00:00:00
P2246,10,44,2024-01-01 00:00:00
P2247,1,68,2024-01-01 00:00:00
P2247,2,66,2024-01-01 00:00:00
P2247,3,92,2024-01-01 00:00:00
P2247,4,71,2024-01-01 00:00:00
P2247,5,84,2024-01-01 00:00:00
P2247,6,79,2024-01-01 00:00:00
P2247,7,91,2024-01-01 00:00:00
P2247,8,83,2024-01-01 00:00:00
P2247,9,45,2024-01-01 00:00:00
P2247,10,53,2024-01-01 00:00:00
P2248,1,15,2024-01-01 00:00:00
P2248,2,12,2024-01-01 00:00:00
P2248,3,10,2024-01-01 00:00:00
P2248,4,10,2024-01-01 00:00:00
P2248,5,10,2024-01-01 00:00:00
P2248,6,10,2024-01-01 00:00:00
P2248,7,14,2024-01-01 00:00:00
P2248,8,14,2024-01-01 00:00:00
P2248,9,11,2024-01-01 00:00:00
P2248,10,11,2024-01-01 00:00:00
P2249,1,76,2024-01-01 00:00:00
P2249,2,56,2024-01-01 00:00:00
P2249,3,84,2024-01-01 00:00:00
P2249,4,78,2024-01-01 00:00:00
P2249,5,88,2024-01-01 00:00:00
P2249,6,45,2024-01-01 00:00:00
P2249,7,56,2024-01-01 00:00:00
P2249,8,104,2024-01-01 00:00:00
P2249,9,82,2024-01-01 00:00:00
P2249,10,69,2024-01-01 00:00:00
P2250,1,105,2024-01-01 00:00:00
P2250,2,60,2024-01-01 00:00:00
P2250,3,57,2024-01-01 00:00:00
P2250,4,85,2024-01-01 00:00:00
P2250,5,100,2024-01-01 00:00:00
P2250,6,63,2024-01-01 00:00:00
P2250,7,76,2024-01-01 00:00:00
P2250,8,105,2024-01-01 00:00:00
P2250,9,101,2024-01-01 00:00:00
P2250,10,72,2024-01-01 00:00:00
P2251,1,93,2024-01-01 00:00:00
P2251,2,78,2024-01-01 00:00:00
P2251,3,45,2024-01-01 00:00:00
P2251,4,97,2024-01-01 00:00:00
P2251,5,63,2024-01-01 00:00:00
P2251,6,48,2024-01-01 00:00:00
P2251,7,100,2024-01-01 00:00:00
P2251,8,95,2024-01-01 00:00:00
P2251,9,62,2024-01-01 00:00:00
P2251,10,86,2024-01-01 00:00:00
P2252,1,58,2024-01-01 00:00:00
P2252,2,80,2024-01-01 00:00:00
P2252,3,58,2024-01-01 00:00:00
P2252,4,68,2024-01-01 00:00:00
P2252,5,98,2024-01-01 00:00:00
P2252,6,79,2024-01-01 00:00:00
P2252,7,45,2024-01-01 00:00:00
P2252,8,91,2024-01-01 00:00:00
P2252,9,56,2024-01-01 00:00:00
P2252,10,88,2024-01-01 00:00:00
P2253,1,89,2024-01-01 00:00:00
P2253,2,85,2024-01-01 00:00:00
P2253,3,47,2024-01-01 00:00:00
P2253,4,72,2024-01-01 00:00:00
P2253,5,96,2024-01-01 00:00:00
P2253,6,82,2024-01-01 00:00:00
P2253,7,71,2024-01-01 00:00:00
P2253,8,55,2024-01-01 00:00:00
P2253,9,96,2024-01-01 00:00:00
P2253,10,59,2024-01-01 00:00:00
P2254,1,49,2024-01-01 00:00:00
P2254,2,45,2024-01-01 00:00:00
P2254,3,102,2024-01-01 00:00:00
P2254,4,48,2024-01-01 00:00:00
P2254,5,104,2024-01-01 00:00:00
P2254,6,87,2024-01-01 00:00:00
P2254,7,64,2024-01-01 00:00:00
P2254,8,93,2024-01-01 00:00:00
P2254,9,74,2024-01-01 00:00:00
P2254,10,76,2024-01-01 00:00:00
P2255,1,50,2024-01-01 00:00:00
P2255,2,80,2024-01-01 00:00:00
P2255,3,81,2024-01-01 00:00:00
P2255,4,91,2024-01-01 00:00:00
P2255,5,88,2024-01-01 00:00:00
P2255,6,70,2024-01-01 00:00:00
P2255,7,65,2024-01-01 00:00:00
P2255,8,83,2024-01-01 00:00:00
P2255,9,103,2024-01-01 00:00:00
P2255,10,50,2024-01-01 00:00:00
P2256,1,63,2024-01-01 00:00:00
P2256,2,79,2024-01-01 00:00:00
P2256,3,54,2024-01-01 00:00:00
P2256,4,80,2024-01-01 00:00:00
P2256,5,85,2024-01-01 00:00:00
P2256,6,105,2024-01-01 00:00:00
P2256,7,71,2024-01-01 00:00:00
P2256,8,57,2024-01-01 00:00:00
P2256,9,69,2024-01-01 00:00:00
P2256,10,46,2024-01-01 00:00:00
P2257,1,23,2024-01-01 00:00:00
P2257,2,20,2024-01-01 00:00:00
P2257,3,21,2024-01-01 00:00:00
P2257,4,37,2024-01-01 00:00:00
P2257,5,23,2024-01-01 00:00:00
P2257,6,35,2024-01-01 00:00:00
P2257,7,30,2024-01-01 00:00:00
P2257,8,16,2024-01-01 00:00:00
P2257,9,16,2024-01-01 00:00:00
P2257,10,31,2024-01-01 00:00:00
